"SWOT.Cats","Negotiation.phase","msg.number","Message"
"W II","IGC",1,"fisheries"
"W II","IGC",1,"discussed"
"W II","IGC",1,"undermine"
"W II","IGC",1,"existing"
"W II","IGC",1,"legal"
"W II","IGC",1,"instrumentst"
"O II","IGC",2,"strenghten"
"O II","IGC",2,"regional"
"O II","IGC",2,"sectoral"
"O II","IGC",2,"bodies"
"O II","IGC",2,"generate"
"O II","IGC",2,"cooperation"
"W II","IGC",3,"legal"
"W II","IGC",3,"governance"
"W II","IGC",3,"gaps"
"W II","IGC",3,"remain"
"W II","IGC",4,"limitations"
"W II","IGC",4,"existing"
"W II","IGC",4,"governance"
"W II","IGC",4,"framework"
"W II","IGC",4,"gaps"
"W II","IGC",4,"coverage"
"W II","IGC",4,"seas"
"W II","IGC",4,"activities"
"W I","IGC",5,"practical"
"W I","IGC",5,"function"
"W I","IGC",5,"scientific"
"W I","IGC",5,"technical"
"W I","IGC",5,"body"
"W I","IGC",5,"remains"
"W I","IGC",5,"elusive"
"O II","IGC",6,"strengthen"
"O II","IGC",6,"international"
"O II","IGC",6,"agreements"
"W II","IGC",7,"connection"
"W II","IGC",7,"coastal"
"W II","IGC",7,"abnj"
"W II","IGC",7,"reflected"
"S I","IGC",8,"convergence"
"S I","IGC",8,"science"
"S I","IGC",8,"traditional"
"S I","IGC",8,"knowledge"
"S I","IGC",8,"application"
"S I","IGC",8,"precautionary"
"S I","IGC",8,"approach"
"S I","IGC",8,"ecosystem"
"S I","IGC",8,"approach"
"S I","IGC",8,"basis"
"S I","IGC",8,"identified"
"S I","IGC",8,"proposals"
"S I","IGC",8,"formulated"
"S III","IGC",9,"inclusion"
"S III","IGC",9,"provisions"
"S III","IGC",9,"adjacent"
"S III","IGC",9,"coastal"
"S III","IGC",9,"provided"
"S I","IGC",10,"references"
"S I","IGC",10,"relevant"
"S I","IGC",10,"traditional"
"S I","IGC",10,"knowledge"
"W II","IGC",11,"current"
"W II","IGC",11,"decides"
"W II","IGC",11,"reach"
"W II","IGC",11,"substantive"
"W II","IGC",11,"matters"
"W II","IGC",11,"consensus"
"O II","IGC",12,"build"
"O II","IGC",12,"addressing"
"O II","IGC",12,"based"
"O II","IGC",12,"management"
"O II","IGC",12,"cross"
"O II","IGC",12,"sectoral"
"O II","IGC",12,"sector"
"O II","IGC",12,"based"
"O III","IGC",13,"abnj"
"O III","IGC",13,"protected"
"O III","IGC",13,"networked"
"O III","IGC",13,"create"
"O III","IGC",13,"stepping"
"O III","IGC",13,"stones"
"O III","IGC",13,"facilitate"
"O III","IGC",13,"species"
"O III","IGC",13,"ecosystem"
"O III","IGC",13,"migration"
"W V","IGC",14,"negotiations"
"W V","IGC",14,"covered"
"W V","IGC",14,"forms"
"W V","IGC",14,"explicit"
"W V","IGC",14,"criteria"
"W V","IGC",14,"broad"
"W V","IGC",14,"participation"
"W V","IGC",14,"active"
"W V","IGC",14,"involvement"
"S II","IGC",15,"primary"
"S II","IGC",15,"goal"
"S II","IGC",15,"support"
"S II","IGC",15,"international"
"S II","IGC",15,"standard"
"S II","IGC",15,"behaviour"
"S II","IGC",15,"norm"
"S II","IGC",15,"irresponsible"
"S II","IGC",15,"harmful"
"S II","IGC",15,"exploitation"
"S II","IGC",15,"marine"
"S II","IGC",15,"biodiversity"
"S II","IGC",15,"abnj"
"W I","IGC",16,"questions"
"W I","IGC",16,"establishment"
"W I","IGC",16,"ordination"
"W I","IGC",16,"scales"
"W I","IGC",16,"governance"
"W I","IGC",16,"abmts"
"W I","IGC",16,"including"
"W I","IGC",16,"mpas"
"W I","IGC",16,"remain"
"W I","IGC",16,"unanswered"
"S II","IGC",17,"actors"
"S II","IGC",17,"exhaust"
"S II","IGC",17,"effort"
"S II","IGC",17,"reach"
"S II","IGC",17,"substantive"
"S II","IGC",17,"matters"
"S II","IGC",17,"consensus"
"W II","IGC",18,"indigenous"
"W II","IGC",18,"peoples"
"W II","IGC",18,"local"
"W II","IGC",18,"communities"
"W II","IGC",18,"iplcs"
"W II","IGC",18,"underrepresented"
"W II","IGC",18,"debate"
"W II","IGC",18,"governance"
"W II","IGC",18,"abnj"
"S II","IGC",19,"duty"
"S II","IGC",19,"cooperate"
"S II","IGC",19,"substantive"
"S II","IGC",19,"obligation"
"S II","IGC",19,"central"
"S III","IGC",20,"parties"
"S III","IGC",20,"ensure"
"S III","IGC",20,"activities"
"S III","IGC",20,"abmts"
"S III","IGC",20,"conducted"
"S III","IGC",20,"consistently"
"S III","IGC",20,"decisions"
"S III","IGC",20,"adopted"
"S I","IGC",21,"commitment"
"S I","IGC",21,"chm"
"S I","IGC",21,"principle"
"S I","IGC",21,"developing"
"S I","IGC",21,"evident"
"S I","IGC",21,"issue"
"S I","IGC",21,"specific"
"S I","IGC",21,"discussions"
"S I","IGC",21,"revised"
"S I","IGC",21,"text"
"S I","IGC",21,"includes"
"O II","IGC",22,"unprecedented"
"O II","IGC",22,"possibilities"
"O II","IGC",22,"bilateral"
"O II","IGC",22,"regional"
"O II","IGC",22,"cooperation"
"O II","IGC",22,"identification"
"O II","IGC",22,"design"
"O II","IGC",22,"management"
"O II","IGC",22,"sites"
"O II","IGC",22,"resolution"
"O II","IGC",22,"mapping"
"O III","IGC",23,"instrument"
"O III","IGC",23,"enable"
"O III","IGC",23,"creation"
"O III","IGC",23,"highly"
"O III","IGC",23,"protected"
"O III","IGC",23,"mpas"
"O III","IGC",23,"safeguard"
"O III","IGC",23,"vulnerable"
"O III","IGC",23,"habitats"
"O III","IGC",23,"wildlife"
"O III","IGC",23,"promote"
"O III","IGC",23,"ecosystem"
"O III","IGC",23,"resilience"
"O II","IGC",24,"potential"
"O II","IGC",24,"strengthen"
"O II","IGC",24,"complement"
"O II","IGC",24,"existing"
"O II","IGC",24,"instruments"
"O II","IGC",24,"support"
"O II","IGC",24,"organizations"
"O II","IGC",24,"protecting"
"O II","IGC",24,"marine"
"O II","IGC",24,"ecosystem"
"O V","IGC",25,"capacity"
"O V","IGC",25,"address"
"O V","IGC",25,"issues"
"O V","IGC",25,"governance"
"O V","IGC",25,"seas"
"O V","IGC",25,"enhance"
"O V","IGC",25,"implementation"
"O V","IGC",25,"informed"
"O V","IGC",25,"coordinated"
"O V","IGC",25,"decisions"
"O V","IGC",25,"sustainable"
"O V","IGC",25,"marine"
"O V","IGC",25,"resources"
"O V","IGC",25,"i.e"
"O V","IGC",25,"marine"
"O V","IGC",25,"spatial"
"O V","IGC",25,"planning"
"O V","IGC",25,"including"
"O V","IGC",25,"tools"
"O V","IGC",25,"data"
"O V","IGC",25,"dynamic"
"O V","IGC",25,"management"
"O II","IGC",26,"benefit"
"O II","IGC",26,"vulneralble"
"O II","IGC",26,"marine"
"O II","IGC",26,"ecosystems"
"O II","IGC",26,"vme"
"O II","IGC",26,"development"
"O II","IGC",26,"regional"
"O II","IGC",26,"plans"
"O II","IGC",26,"standardized"
"O II","IGC",26,"assessment"
"O II","IGC",26,"approaches"
"O II","IGC",26,"harmonization"
"O II","IGC",26,"wide"
"O II","IGC",26,"range"
"O II","IGC",26,"party"
"O II","IGC",26,"agreements"
"S VI","IGC",27,"openess"
"S VI","IGC",27,"inclusion"
"S VI","IGC",27,"reviewing"
"S VI","IGC",27,"priorities"
"S VI","IGC",27,"developing"
"S VI","IGC",27,"parties"
"S VI","IGC",27,"terms"
"S VI","IGC",27,"capacity"
"S VI","IGC",27,"building"
"S VI","IGC",27,"transfer"
"S VI","IGC",27,"marine"
"S VI","IGC",27,"technology"
"W I","IGC",28,"undermine"
"W I","IGC",28,"context"
"W I","IGC",28,"reveals"
"W I","IGC",28,"soft"
"W I","IGC",28,"terms"
"W I","IGC",28,"level"
"W I","IGC",28,"precision"
"W I","IGC",28,"obligation"
"W I","IGC",28,"delegation"
"W I","IGC",28,"found"
"W I","IGC",28,"instrument"
"W I","IGC",29,"clarification"
"W I","IGC",29,"principles"
"W I","IGC",29,"unclos"
"W I","IGC",29,"freedom"
"W I","IGC",29,"seas"
"W I","IGC",29,"responsibility"
"W I","IGC",29,"protect"
"W I","IGC",29,"preserve"
"W I","IGC",29,"marine"
"W I","IGC",29,"environment"
"W I","IGC",29,"suit"
"W I","IGC",29,"circumstances"
"S III","IGC",30,"draft"
"S III","IGC",30,"text"
"S III","IGC",30,"specific"
"S III","IGC",30,"objectives"
"S III","IGC",30,"abmts"
"S III","IGC",30,"include"
"S III","IGC",30,"rehabilitating"
"S III","IGC",30,"restoring"
"S III","IGC",30,"biodiversity"
"S III","IGC",30,"ecosystems"
"S III","IGC",30,"enhancing"
"S III","IGC",30,"productivity"
"S III","IGC",30,"health"
"S III","IGC",30,"building"
"S III","IGC",30,"resilience"
"S III","IGC",30,"stressors"
"S III","IGC",30,"including"
"S III","IGC",30,"related"
"S III","IGC",30,"climate"
"S III","IGC",30,"change"
"S III","IGC",30,"ocean"
"S III","IGC",30,"acidification"
"S III","IGC",30,"marine"
"S III","IGC",30,"pollution"
"O II","IGC",31,"equalize"
"O II","IGC",31,"fisheries"
"O II","IGC",31,"benefits"
"O II","IGC",31,"distribution"
"O II","IGC",31,"low"
"O II","IGC",31,"income"
"O II","IGC",32,"treaty"
"O II","IGC",32,"process"
"O II","IGC",32,"opportunity"
"O II","IGC",32,"create"
"O II","IGC",32,"empowered"
"O II","IGC",32,"international"
"O II","IGC",32,"organization"
"O II","IGC",32,"dedicated"
"O II","IGC",32,"holistic"
"O II","IGC",32,"approach"
"O II","IGC",32,"protecting"
"O II","IGC",32,"preserving"
"O II","IGC",32,"ocean"
"O II","IGC",32,"life"
"O II","IGC",32,"services"
"O II","IGC",32,"humankind"
"W III","IGC",33,"elements"
"W III","IGC",33,"package"
"W III","IGC",33,"consideration"
"W III","IGC",33,"require"
"W III","IGC",33,"institutional"
"W III","IGC",33,"responses"
"O II","IGC",34,"ensure"
"O II","IGC",34,"sectoral"
"O II","IGC",34,"activities"
"O II","IGC",34,"abnj"
"O II","IGC",34,"managed"
"O II","IGC",34,"equitably"
"O II","IGC",34,"direct"
"O II","IGC",34,"economic"
"O II","IGC",34,"activity"
"S I","IGC",35,"unclos"
"S I","IGC",35,"guidance"
"S I","IGC",35,"confirming"
"S I","IGC",35,"impose"
"S I","IGC",35,"additional"
"S I","IGC",35,"obligations"
"S I","IGC",35,"respect"
"S I","IGC",35,"protection"
"S I","IGC",35,"preservation"
"S I","IGC",35,"marine"
"S I","IGC",35,"environment"
"S II","IGC",36,"implementation"
"S II","IGC",36,"consent"
"S II","IGC",36,"existing"
"S II","IGC",36,"bodies"
"S II","IGC",36,"ensure"
"S II","IGC",36,"undermining"
"S II","IGC",36,"conflict"
"S III","IGC",37,"parties"
"S III","IGC",37,"affirmative"
"S III","IGC",37,"duty"
"S III","IGC",37,"ensure"
"S III","IGC",37,"activities"
"S III","IGC",37,"jurisdiction"
"S III","IGC",37,"control"
"S III","IGC",37,"conducted"
"S III","IGC",37,"manner"
"S III","IGC",37,"significant"
"S III","IGC",37,"adverse"
"S III","IGC",37,"impacts"
"S III","IGC",37,"threats"
"S III","IGC",37,"due"
"S III","IGC",37,"transboundary"
"S III","IGC",37,"pollution"
"O V","IGC",38,"concept"
"O V","IGC",38,"maritime"
"O V","IGC",38,"policy"
"O V","IGC",38,"provide"
"O V","IGC",38,"direction"
"O V","IGC",38,"utilization"
"O V","IGC",38,"preservation"
"W I","IGC",39,"definition"
"W I","IGC",39,"mpas"
"S II","IGC",40,"recognition"
"S II","IGC",40,"iportance"
"S II","IGC",40,"equitable"
"S II","IGC",40,"transparent"
"S II","IGC",40,"stakeholder"
"S II","IGC",40,"engagement"
"S II","IGC",40,"participation"
"O VI","PrepCom",41,"develop"
"O VI","PrepCom",41,"logistics"
"O VI","PrepCom",41,"surrounding"
"O VI","PrepCom",41,"capacity"
"O VI","PrepCom",41,"building"
"O VI","PrepCom",41,"financial"
"O VI","PrepCom",41,"mechanisms"
"O VI","PrepCom",41,"developing"
"O VI","PrepCom",41,"countries"
"O VI","PrepCom",41,"sids"
"O III","PrepCom",42,"promote"
"O III","PrepCom",42,"fast"
"O III","PrepCom",42,"action"
"O III","PrepCom",42,"global"
"O III","PrepCom",42,"plastic"
"O III","PrepCom",42,"management"
"W II","PrepCom",43,"solve"
"W II","PrepCom",43,"freedom"
"W II","PrepCom",43,"seas"
"W II","PrepCom",43,"issue"
"W II","PrepCom",43,"support"
"W II","PrepCom",43,"implementing"
"W II","PrepCom",43,"mpas"
"W II","PrepCom",43,"abnj"
"W II","PrepCom",43,"unwilling"
"W II","PrepCom",43,"accept"
"W II","PrepCom",43,"designations"
"W II","PrepCom",43,"bound"
"S VI","PrepCom",44,"ensure"
"S VI","PrepCom",44,"developing"
"S VI","PrepCom",44,"countries"
"S VI","PrepCom",44,"capacity"
"S VI","PrepCom",44,"actions"
"S VI","PrepCom",44,"conservation"
"S VI","PrepCom",44,"biological"
"S VI","PrepCom",44,"diversity"
"S VI","PrepCom",44,"abnj"
"S II","PrepCom",45,"embracing"
"S II","PrepCom",45,"rfmos"
"S II","PrepCom",45,"key"
"S II","PrepCom",45,"institutions"
"S II","PrepCom",45,"represents"
"S II","PrepCom",45,"strong"
"S II","PrepCom",45,"possibility"
"S II","PrepCom",45,"cooperation"
"O I","PrepCom",46,"term"
"O I","PrepCom",46,"undermine"
"O I","PrepCom",46,"broad"
"O I","PrepCom",46,"positive"
"O I","PrepCom",46,"interpretation"
"O I","PrepCom",46,"strengthen"
"O I","PrepCom",46,"role"
"O I","PrepCom",46,"existing"
"O I","PrepCom",46,"institutions"
"O II","PrepCom",47,"clarify"
"O II","PrepCom",47,"relationship"
"O II","PrepCom",47,"unclos"
"O II","PrepCom",47,"antarctic"
"O II","PrepCom",47,"treaty"
"O II","PrepCom",47,"system"
"S II","PrepCom",48,"coastal"
"S II","PrepCom",48,"required"
"S II","PrepCom",48,"due"
"S II","PrepCom",48,"regard"
"S II","PrepCom",48,"rights"
"S II","PrepCom",48,"obligations"
"S II","PrepCom",48,"carrying"
"S II","PrepCom",48,"activities"
"S II","PrepCom",48,"abnj"
"O III","PrepCom",49,"identify"
"O III","PrepCom",49,"lessons"
"O III","PrepCom",49,"previous"
"O III","PrepCom",49,"planning"
"O III","PrepCom",49,"negotiation"
"O III","PrepCom",49,"processes"
"O III","PrepCom",49,"establish"
"O III","PrepCom",49,"mpas"
"O III","PrepCom",49,"abnj"
"W I","PrepCom",50,"understand"
"W I","PrepCom",50,"term"
"W I","PrepCom",50,"undermine"
"W I","PrepCom",50,"remarkably"
"W I","PrepCom",50,"effects"
"S II","PrepCom",51,"unclos"
"S II","PrepCom",51,"framework"
"S II","PrepCom",51,"international"
"S II","PrepCom",51,"cooperation"
"S II","PrepCom",51,"scientific"
"S II","PrepCom",51,"research"
"S II","PrepCom",51,"development"
"S II","PrepCom",51,"transfer"
"S II","PrepCom",51,"technology"
"S I","PrepCom",52,"principle"
"S I","PrepCom",52,"responsibility"
"S I","PrepCom",52,"stewards"
"S I","PrepCom",52,"global"
"S I","PrepCom",52,"marine"
"S I","PrepCom",52,"environment"
"S I","PrepCom",52,"core"
"S I","PrepCom",52,"operating"
"S I","PrepCom",52,"principle"
"S I","PrepCom",53,"mechanisms"
"S I","PrepCom",53,"consideration"
"S I","PrepCom",53,"coastal"
"S I","PrepCom",53,"interfere"
"S I","PrepCom",53,"rights"
"W III","PrepCom",54,"address"
"W III","PrepCom",54,"conservation"
"W III","PrepCom",54,"sustainable"
"W III","PrepCom",54,"marine"
"W III","PrepCom",54,"biodiversity"
"W III","PrepCom",54,"whilst"
"W III","PrepCom",54,"time"
"W III","PrepCom",54,"undermine"
"W III","PrepCom",54,"current"
"W III","PrepCom",54,"fisheries"
"W III","PrepCom",54,"governance"
"W III","PrepCom",54,"framework"
"S II","PrepCom",55,"governance"
"S II","PrepCom",55,"approach"
"S II","PrepCom",55,"coordination"
"S II","PrepCom",55,"integration"
"S II","PrepCom",55,"abnj"
"S II","PrepCom",55,"whilst"
"S II","PrepCom",55,"remaining"
"S II","PrepCom",55,"sufficiently"
"S II","PrepCom",55,"flexible"
"S II","PrepCom",55,"respond"
"S II","PrepCom",55,"involved"
"O III","PrepCom",56,"strengthen"
"O III","PrepCom",56,"revive"
"O III","PrepCom",56,"regional"
"O III","PrepCom",56,"institutions"
"O III","PrepCom",56,"initiatives"
"O III","PrepCom",56,"biodiversity"
"O III","PrepCom",56,"conservation"
"O III","PrepCom",56,"national"
"O III","PrepCom",56,"jurisdiction"
"O II","PrepCom",57,"institutional"
"O II","PrepCom",57,"task"
"O II","PrepCom",57,"force"
"O II","PrepCom",57,"develop"
"O II","PrepCom",57,"coordinat"
"O II","PrepCom",57,"common"
"O II","PrepCom",57,"approaches"
"O II","PrepCom",57,"establishment"
"O II","PrepCom",57,"implementation"
"O II","PrepCom",57,"elements"
"O II","PrepCom",57,"programmes"
"O II","PrepCom",57,"scientific"
"O II","PrepCom",57,"criteria"
"O II","PrepCom",57,"monitoring"
"O II","PrepCom",57,"schemes"
"O II","PrepCom",57,"management"
"O II","PrepCom",57,"plans"
"W I","PrepCom",58,"questions"
"W I","PrepCom",58,"remain"
"W I","PrepCom",58,"development"
"W I","PrepCom",58,"deal"
"W I","PrepCom",58,"existing"
"W I","PrepCom",58,"arrangements"
"W I","PrepCom",59,"concept"
"W I","PrepCom",59,"abnj"
"W I","PrepCom",59,"defined"
"W I","PrepCom",59,"unclos"
"W I","PrepCom",59,"instrument"
"W I","PrepCom",59,"ilbi"
"W I","PrepCom",60,"inclusion"
"W I","PrepCom",60,"impacts"
"W I","PrepCom",60,"fisheries"
"W I","PrepCom",60,"biodiversity"
"W I","PrepCom",60,"question"
"W I","PrepCom",61,"single"
"W I","PrepCom",61,"universally"
"W I","PrepCom",61,"recognized"
"W I","PrepCom",61,"notion"
"W I","PrepCom",61,"mpa"
"W I","PrepCom",61,"related"
"W I","PrepCom",61,"concepts"
"W I","PrepCom",61,"definitions"
"O III","PrepCom",62,"ensure"
"O III","PrepCom",62,"species"
"O III","PrepCom",62,"habitat"
"O III","PrepCom",62,"conservation"
"O III","PrepCom",62,"integrated"
"S III","PrepCom",63,"delegations"
"S III","PrepCom",63,"agreed"
"S III","PrepCom",63,"poorly"
"S III","PrepCom",63,"regulated"
"S III","PrepCom",63,"fishing"
"S III","PrepCom",63,"main"
"S III","PrepCom",63,"threat"
"S III","PrepCom",63,"marine"
"S III","PrepCom",63,"biodiversity"
"S III","PrepCom",63,"abnj"
"O I","PrepCom",64,"enhance"
"O I","PrepCom",64,"scientific"
"O I","PrepCom",64,"exploration"
"O I","PrepCom",64,"research"
"O I","PrepCom",64,"knowledge"
"S VI","PrepCom",65,"development"
"S VI","PrepCom",65,"indonesia"
"S VI","PrepCom",65,"fair"
"S VI","PrepCom",65,"share"
"S VI","PrepCom",65,"marine"
"S VI","PrepCom",65,"resources"
"S II","PrepCom",66,"abmts"
"S II","PrepCom",66,"including"
"S II","PrepCom",66,"mpas"
"S II","PrepCom",66,"ensure"
"S II","PrepCom",66,"conservation"
"S II","PrepCom",66,"carry"
"S II","PrepCom",66,"implications"
"S II","PrepCom",66,"diverse"
"S II","PrepCom",66,"range"
"S II","PrepCom",66,"activities"
"S II","PrepCom",66,"encompassing"
"S II","PrepCom",66,"fisheries"
"S II","PrepCom",66,"sector"
"S II","PrepCom",66,"seabed"
"S II","PrepCom",66,"mining"
"S II","PrepCom",66,"pharmaceutical"
"S II","PrepCom",66,"research"
"S II","PrepCom",66,"focused"
"S II","PrepCom",66,"mgrs"
"S II","PrepCom",66,"maritime"
"S II","PrepCom",66,"cargo"
"S II","PrepCom",66,"shipping"
"S VI","PrepCom",67,"efforts"
"S VI","PrepCom",67,"promote"
"S VI","PrepCom",67,"participation"
"S VI","PrepCom",67,"sids"
"S VI","PrepCom",67,"ldcs"
"S VI","PrepCom",67,"negotiations"
"S VI","PrepCom",67,"including"
"S VI","PrepCom",67,"voluntary"
"S VI","PrepCom",67,"trust"
"S VI","PrepCom",67,"fund"
"S VI","PrepCom",67,"support"
"S VI","PrepCom",67,"attendance"
"S VI","PrepCom",67,"countries"
"S III","BBNJ WG",68,"coordination"
"S III","BBNJ WG",68,"establish"
"S III","BBNJ WG",68,"mpas"
"S III","BBNJ WG",68,"existing"
"S III","BBNJ WG",68,"mechanisms"
"S III","BBNJ WG",68,"organizations"
"S II","BBNJ WG",69,"replace"
"S II","BBNJ WG",69,"rfmos"
"S II","BBNJ WG",69,"directly"
"S II","BBNJ WG",69,"regulate"
"S II","BBNJ WG",69,"fisheries"
"O II","BBNJ WG",70,"incorporate"
"O II","BBNJ WG",70,"measures"
"O II","BBNJ WG",70,"compliance"
"O II","BBNJ WG",70,"control"
"O II","BBNJ WG",71,"fill"
"O II","BBNJ WG",71,"existing"
"O II","BBNJ WG",71,"gaps"
"O II","BBNJ WG",71,"strengthen"
"O II","BBNJ WG",71,"effectiveness"
"O II","BBNJ WG",71,"regional"
"O II","BBNJ WG",71,"organizations"
"O II","BBNJ WG",71,"address"
"O II","BBNJ WG",71,"abnj"
"O II","BBNJ WG",71,"issues"
"S I","BBNJ WG",72,"provide"
"S I","BBNJ WG",72,"ground"
"S I","BBNJ WG",72,"build"
"S I","BBNJ WG",72,"global"
"S I","BBNJ WG",72,"consensus"
"S I","BBNJ WG",72,"conservation"
"S I","BBNJ WG",72,"sustainable"
"S I","BBNJ WG",72,"biological"
"S I","BBNJ WG",72,"diversity"
"S I","BBNJ WG",72,"abnj"
"O I","BBNJ WG",73,"operationalize"
"O I","BBNJ WG",73,"management"
"O I","BBNJ WG",73,"principles"
"O I","BBNJ WG",73,"ecosystem"
"O I","BBNJ WG",73,"based"
"O I","BBNJ WG",73,"precautionary"
"O I","BBNJ WG",73,"management"
"S I","BBNJ WG",74,"multiple"
"S I","BBNJ WG",74,"reasons"
"S I","BBNJ WG",74,"objectives"
"S I","BBNJ WG",74,"including"
"S I","BBNJ WG",74,"abmts"
"S I","BBNJ WG",74,"conservation"
"S I","BBNJ WG",74,"biodiversity"
"S I","BBNJ WG",74,"abnj"
"S I","BBNJ WG",74,"highlighted"
"S III","BBNJ WG",75,"recognition"
"S III","BBNJ WG",75,"determine"
"S III","BBNJ WG",75,"legal"
"S III","BBNJ WG",75,"basis"
"S III","BBNJ WG",75,"designating"
"S III","BBNJ WG",75,"mpas"
"S III","BBNJ WG",75,"consistent"
"S III","BBNJ WG",75,"unclos"
"W III","BBNJ WG",76,"start"
"W III","BBNJ WG",76,"implement"
"W III","BBNJ WG",76,"party"
"W III","BBNJ WG",76,"entered"
"W III","BBNJ WG",76,"force"
"O II","BBNJ WG",77,"obtain"
"O II","BBNJ WG",77,"broad"
"O II","BBNJ WG",77,"international"
"O II","BBNJ WG",77,"support"
"O II","BBNJ WG",77,"provisions"
"O II","BBNJ WG",77,"mpa"
"O II","BBNJ WG",77,"networks"
"O I","BBNJ WG",78,"incorporate"
"O I","BBNJ WG",78,"operationalise"
"O I","BBNJ WG",78,"modern"
"O I","BBNJ WG",78,"management"
"O I","BBNJ WG",78,"principles"
"O I","BBNJ WG",78,"precaution"
"O I","BBNJ WG",78,"ecosystem"
"O I","BBNJ WG",78,"based"
"O I","BBNJ WG",78,"management"
"O I","BBNJ WG",78,"integration"
"S I","BBNJ WG",79,"mpas"
"S I","BBNJ WG",79,"highlighted"
"S I","BBNJ WG",79,"key"
"S I","BBNJ WG",79,"conservation"
"S I","BBNJ WG",79,"tool"
"S I","BBNJ WG",79,"marine"
"S I","BBNJ WG",79,"protection"
"S I","BBNJ WG",79,"abnj"
"T II","BBNJ WG",80,"divisions"
"T II","BBNJ WG",80,"opinion"
"T II","BBNJ WG",80,"exist"
"T II","BBNJ WG",80,"countries"
"T II","BBNJ WG",80,"effective"
"T II","BBNJ WG",80,"governance"
"O II","IGC",81,"complement"
"O II","IGC",81,"conservation"
"O II","IGC",81,"aspects"
"O II","IGC",81,"rmfos"
"T II","IGC",82,"economic"
"T II","IGC",82,"prevailing"
"T II","IGC",82,"exploitation"
"T II","IGC",82,"mesopelagic"
"T II","IGC",82,"fish"
"T II","IGC",83,"shipping"
"T II","IGC",83,"mining"
"T II","IGC",83,"governed"
"T II","IGC",83,"global"
"T II","IGC",83,"level"
"T II","IGC",83,"obligations"
"T II","IGC",83,"mechanisms"
"T II","IGC",83,"cooperating"
"T II","IGC",83,"sectoral"
"T II","IGC",83,"governance"
"T II","IGC",83,"bodies"
"O IV","IGC",84,"improve"
"O IV","IGC",84,"development"
"O IV","IGC",84,"abmt"
"O IV","IGC",84,"proposals"
"O IV","IGC",84,"implementation"
"O IV","IGC",84,"monitoring"
"W II","IGC",85,"lack"
"W II","IGC",85,"harmonization"
"W II","IGC",85,"sectoral"
"W II","IGC",85,"management"
"W II","IGC",85,"bodies"
"W II","IGC",85,"results"
"W II","IGC",85,"response"
"W II","IGC",85,"sectoral"
"W II","IGC",85,"cross"
"W II","IGC",85,"sectoral"
"W II","IGC",85,"impacts"
"T II","IGC",86,"duplication"
"T II","IGC",86,"mandates"
"T II","IGC",86,"existing"
"T II","IGC",86,"bodies"
"W III","IGC",87,"negotiations"
"W III","IGC",87,"treated"
"W III","IGC",87,"elements"
"W III","IGC",87,"marine"
"W III","IGC",87,"genetic"
"W III","IGC",87,"resources"
"W III","IGC",87,"based"
"W III","IGC",87,"management"
"W III","IGC",87,"tools"
"W III","IGC",87,"capacity"
"W III","IGC",87,"building"
"W III","IGC",87,"technology"
"W III","IGC",87,"transfer"
"W III","IGC",87,"environmental"
"W III","IGC",87,"impact"
"W III","IGC",87,"assessments"
"W III","IGC",87,"distinct"
"W III","IGC",87,"unrelated"
"W III","IGC",87,"issues"
"T II","IGC",88,"lack"
"T II","IGC",88,"draft"
"T II","IGC",88,"provisions"
"S II","IGC",89,"coastal"
"S II","IGC",89,"relevant"
"S II","IGC",89,"future"
"S II","IGC",89,"provisions"
"W I","IGC",90,"current"
"W I","IGC",90,"revised"
"W I","IGC",90,"draft"
"W I","IGC",90,"text"
"W I","IGC",90,"provide"
"W I","IGC",90,"guidance"
"W I","IGC",90,"holders"
"W I","IGC",90,"relevant"
"W I","IGC",90,"traditional"
"W I","IGC",90,"knowledge"
"W I","IGC",90,"identified"
"W I","IGC",90,"designated"
"W I","IGC",90,"ensure"
"W I","IGC",90,"holders"
"W I","IGC",90,"legitimate"
"W I","IGC",91,"term"
"W I","IGC",91,"undermine"
"W I","IGC",91,"ambiguous"
"O III","IGC",92,"cbtt"
"O III","IGC",92,"goal"
"O III","IGC",92,"holistic"
"O III","IGC",92,"ecosystem"
"O III","IGC",92,"based"
"O III","IGC",92,"ocean"
"O III","IGC",92,"management"
"O III","IGC",92,"connecting"
"O III","IGC",92,"actions"
"O III","IGC",92,"coastal"
"O III","IGC",92,"offshore"
"O III","IGC",92,"abnj"
"O III","IGC",93,"proximity"
"O III","IGC",93,"potential"
"O III","IGC",93,"abnj"
"O III","IGC",93,"mpas"
"O III","IGC",93,"eezs"
"O III","IGC",93,"advantageous"
"O III","IGC",93,"mpa"
"O III","IGC",93,"enforcement"
"O III","IGC",94,"strong"
"O III","IGC",94,"protection"
"O III","IGC",94,"measures"
"O III","IGC",94,"types"
"O III","IGC",94,"based"
"O III","IGC",94,"conservation"
"O III","IGC",94,"tools"
"O III","IGC",94,"larger"
"O III","IGC",94,"seascape"
"O III","IGC",94,"planning"
"O III","IGC",94,"initiatives"
"O III","IGC",94,"promote"
"O III","IGC",94,"diversity"
"O III","IGC",94,"redundancy"
"O III","IGC",94,"mpas"
"S VI","IGC",95,"international"
"S VI","IGC",95,"organizations"
"S VI","IGC",95,"ngos"
"S VI","IGC",95,"forefront"
"S VI","IGC",95,"defining"
"S VI","IGC",95,"issues"
"S VI","IGC",95,"proposing"
"S VI","IGC",95,"solutions"
"O II","IGC",96,"significant"
"O II","IGC",96,"potential"
"O II","IGC",96,"increase"
"O II","IGC",96,"operation"
"O II","IGC",96,"existing"
"O II","IGC",96,"marine"
"O II","IGC",96,"governance"
"O II","IGC",96,"organizations"
"O I","IGC",97,"science"
"O I","IGC",97,"based"
"O I","IGC",97,"management"
"O I","IGC",97,"operationalised"
"O I","IGC",97,"enhancing"
"O I","IGC",97,"existing"
"O I","IGC",97,"system"
"O I","IGC",97,"effective"
"O I","IGC",97,"science"
"O I","IGC",97,"policy"
"O I","IGC",97,"interface"
"O I","IGC",97,"dissemination"
"O I","IGC",97,"knowledge"
"O I","IGC",98,"indigenous"
"O I","IGC",98,"caring"
"O I","IGC",98,"environment"
"O I","IGC",98,"based"
"O I","IGC",98,"specific"
"O I","IGC",98,"wordlviews"
"O I","IGC",98,"practices"
"O I","IGC",98,"information"
"O I","IGC",98,"foster"
"O I","IGC",98,"insights"
"O I","IGC",98,"governance"
"W I","IGC",99,"term"
"W I","IGC",99,"undermine"
"W I","IGC",99,"interpreted"
"W I","IGC",99,"excluding"
"W I","IGC",99,"fishing"
"W I","IGC",99,"fishing"
"W I","IGC",99,"related"
"W I","IGC",99,"issues"
"W I","IGC",99,"handled"
"W I","IGC",99,"rmfos"
"S II","IGC",100,"unclos"
"S II","IGC",100,"concept"
"S II","IGC",100,"due"
"S II","IGC",100,"regard"
"S II","IGC",100,"benchmark"
"S II","IGC",100,"addressing"
"S II","IGC",100,"relationship"
"S II","IGC",100,"coastal"
"S II","IGC",100,"carrying"
"S II","IGC",100,"activities"
"S II","IGC",100,"abnj"
"S I","IGC",101,"includes"
"S I","IGC",101,"time"
"S I","IGC",101,"duration"
"S I","IGC",101,"proposed"
"S I","IGC",101,"measures"
"S I","IGC",101,"proposals"
"S I","IGC",101,"scientific"
"S I","IGC",101,"technical"
"S I","IGC",101,"body’s"
"S I","IGC",101,"role"
"S I","IGC",101,"reviewing"
"S I","IGC",101,"proposals"
"O I","IGC",102,"ilbi"
"O I","IGC",102,"expected"
"O I","IGC",102,"include"
"O I","IGC",102,"provisions"
"O I","IGC",102,"establish"
"O I","IGC",102,"integral"
"O I","IGC",102,"mpas"
"O I","IGC",102,"incorporating"
"O I","IGC",102,"biotic"
"O I","IGC",102,"abiotic"
"O I","IGC",102,"components"
"O I","IGC",102,"benthic"
"O I","IGC",102,"pelagic"
"O I","IGC",102,"mpas"
"O III","IGC",103,"incorporating"
"O III","IGC",103,"robust"
"O III","IGC",103,"transparent"
"O III","IGC",103,"mechanism"
"O III","IGC",103,"instrument"
"O III","IGC",103,"establish"
"O III","IGC",103,"effective"
"O III","IGC",103,"abmts"
"O III","IGC",103,"complementary"
"O III","IGC",103,"measures"
"O III","IGC",103,"surrounding"
"O III","IGC",103,"align"
"O III","IGC",103,"management"
"O III","IGC",103,"sectors"
"O III","IGC",103,"address"
"O III","IGC",103,"cumulative"
"O III","IGC",103,"impacts"
"O II","IGC",104,"negotiations"
"O II","IGC",104,"provide"
"O II","IGC",104,"opportunity"
"O II","IGC",104,"rfmos"
"O II","IGC",104,"actively"
"O II","IGC",104,"engage"
"O II","IGC",104,"international"
"O II","IGC",104,"fora"
"O II","IGC",104,"demonstrate"
"O II","IGC",104,"willingness"
"O II","IGC",104,"improve"
"O IV","IGC",105,"art"
"O IV","IGC",105,"technology"
"O IV","IGC",105,"conserve"
"O IV","IGC",105,"sustain"
"O IV","IGC",105,"marine"
"O IV","IGC",105,"biodiversity"
"O IV","IGC",105,"clarify"
"O IV","IGC",105,"level"
"O IV","IGC",105,"protection"
"O IV","IGC",105,"afforded"
"O IV","IGC",105,"abmts"
"O IV","IGC",105,"scales"
"O IV","IGC",105,"days"
"O IV","IGC",105,"local"
"O IV","IGC",105,"global"
"S III","IGC",106,"resilience"
"S III","IGC",106,"related"
"S III","IGC",106,"concepts"
"S III","IGC",106,"included"
"S III","IGC",106,"text"
"T I","IGC",107,"vagueness"
"T I","IGC",107,"flexibility"
"T I","IGC",107,"undermine"
"T I","IGC",107,"concept"
"T I","IGC",107,"leaves"
"T I","IGC",107,"broader"
"T I","IGC",107,"debate"
"T I","IGC",107,"nature"
"T I","IGC",107,"institutional"
"T I","IGC",107,"architecture"
"O I","IGC",108,"adoption"
"O I","IGC",108,"global"
"O I","IGC",108,"model"
"O I","IGC",108,"standards"
"O I","IGC",108,"guidelines"
"O I","IGC",108,"restrictions"
"O I","IGC",108,"freedoms"
"O I","IGC",108,"seas"
"S III","IGC",109,"concepts"
"S III","IGC",109,"restoration"
"S III","IGC",109,"remediation"
"S III","IGC",109,"reinstatement"
"S III","IGC",109,"referred"
"S III","IGC",109,"draft"
"S III","IGC",109,"text"
"O VI","IGC",110,"create"
"O VI","IGC",110,"funds"
"O VI","IGC",110,"assist"
"O VI","IGC",110,"developed"
"O VI","IGC",110,"countries"
"O VI","IGC",110,"attending"
"O VI","IGC",110,"preparatory"
"O VI","IGC",110,"meetings"
"W III","IGC",111,"fishing"
"W III","IGC",111,"activities"
"W III","IGC",111,"addressed"
"O VI","IGC",112,"vulnerable"
"O VI","IGC",112,"communities"
"O VI","IGC",112,"dependent"
"O VI","IGC",112,"marine"
"O VI","IGC",112,"resources"
"O VI","IGC",112,"properly"
"O VI","IGC",112,"account"
"O VI","IGC",112,"benefit"
"O VI","IGC",112,"conservation"
"O VI","IGC",112,"sustainable"
"O VI","IGC",112,"marine"
"O VI","IGC",112,"biodiversity"
"O VI","IGC",112,"abnj"
"S II","IGC",113,"action"
"S II","IGC",113,"premised"
"S II","IGC",113,"pillars"
"S II","IGC",113,"due"
"S II","IGC",113,"regard"
"S II","IGC",113,"sovereignty"
"S II","IGC",113,"recognition"
"S II","IGC",113,"ocean"
"S II","IGC",113,"space"
"S II","IGC",113,"closely"
"S II","IGC",113,"interrelated"
"S II","IGC",113,"considered"
"W III","IGC",114,"absence"
"W III","IGC",114,"entity"
"W III","IGC",114,"capable"
"W III","IGC",114,"driving"
"W III","IGC",114,"implementation"
"W III","IGC",114,"forward"
"W III","IGC",114,"existing"
"W III","IGC",114,"governance"
"W III","IGC",114,"gaps"
"W III","IGC",114,"persist"
"S I","IGC",115,"parties"
"S I","IGC",115,"obligation"
"S I","IGC",115,"employ"
"S I","IGC",115,"practice"
"S I","IGC",115,"standards"
"S I","IGC",115,"based"
"S I","IGC",115,"scientific"
"S I","IGC",115,"evidence"
"S I","IGC",115,"decision"
"S I","IGC",115,"management"
"S I","IGC",115,"enhanced"
"S I","IGC",115,"protection"
"S I","IGC",115,"designation"
"S I","IGC",115,"mpas"
"T VI","IGC",116,"facilitated"
"T VI","IGC",116,"access"
"T VI","IGC",116,"utilization"
"T VI","IGC",116,"seas"
"T VI","IGC",116,"negative"
"T VI","IGC",116,"impacts"
"W I","IGC",117,"lack"
"W I","IGC",117,"unified"
"W I","IGC",117,"criteria"
"W I","IGC",117,"implementation"
"W I","IGC",117,"mpas"
"W III","IGC",118,"marine"
"W III","IGC",118,"plastic"
"W III","IGC",118,"pollution"
"W III","IGC",118,"ocean"
"W III","IGC",118,"acidification"
"W III","IGC",118,"barely"
"W III","IGC",118,"mentioned"
"W III","IGC",118,"session"
"O VI","PrepCom",119,"evaluate"
"O VI","PrepCom",119,"enhance"
"O VI","PrepCom",119,"capacity"
"O VI","PrepCom",119,"building"
"O VI","PrepCom",119,"apparatus"
"O VI","PrepCom",119,"ocean"
"O VI","PrepCom",119,"management"
"O V","PrepCom",120,"relevant"
"O V","PrepCom",120,"regional"
"O V","PrepCom",120,"organizations"
"O V","PrepCom",120,"mandate"
"O V","PrepCom",120,"identify"
"O V","PrepCom",120,"submit"
"O V","PrepCom",120,"mpa"
"O V","PrepCom",120,"proposals"
"O V","PrepCom",120,"management"
"O V","PrepCom",120,"responsibility"
"O V","PrepCom",120,"remaining"
"O V","PrepCom",120,"regional"
"O V","PrepCom",120,"level"
"O II","PrepCom",121,"augment"
"O II","PrepCom",121,"ecosystem"
"O II","PrepCom",121,"based"
"O II","PrepCom",121,"management"
"O II","PrepCom",121,"fisheries"
"O II","PrepCom",121,"abnj"
"O II","PrepCom",121,"definition"
"O II","PrepCom",121,"common"
"O II","PrepCom",121,"purpose"
"O II","PrepCom",121,"provision"
"O II","PrepCom",121,"agreed"
"O II","PrepCom",121,"governance"
"O II","PrepCom",121,"principles"
"O II","PrepCom",121,"formation"
"O II","PrepCom",121,"collaborative"
"O II","PrepCom",121,"institutional"
"O II","PrepCom",121,"arrangements"
"O II","PrepCom",121,"development"
"O II","PrepCom",121,"review"
"O II","PrepCom",121,"reporting"
"O II","PrepCom",121,"process"
"O II","PrepCom",121,"provision"
"O II","PrepCom",121,"default"
"O II","PrepCom",121,"management"
"O II","PrepCom",121,"regime"
"O II","PrepCom",121,"gaps"
"O II","PrepCom",121,"geographical"
"O II","PrepCom",121,"coverage"
"O II","PrepCom",121,"rfmos"
"O II","PrepCom",121,"remain"
"O III","PrepCom",122,"promote"
"O III","PrepCom",122,"sustainable"
"O III","PrepCom",122,"seas"
"O III","PrepCom",122,"ecosystems"
"O III","PrepCom",122,"linking"
"O III","PrepCom",122,"resource"
"O III","PrepCom",122,"management"
"O III","PrepCom",122,"conservation"
"O II","PrepCom",123,"develop"
"O II","PrepCom",123,"science"
"O II","PrepCom",123,"diplomacy"
"O II","PrepCom",123,"ensure"
"O II","PrepCom",123,"ocean"
"O II","PrepCom",123,"science"
"O II","PrepCom",123,"unifying"
"O II","PrepCom",123,"focus"
"O III","PrepCom",124,"resolve"
"O III","PrepCom",124,"conflicts"
"O III","PrepCom",124,"involving"
"O III","PrepCom",124,"ccamlr"
"O III","PrepCom",124,"iuu"
"O III","PrepCom",124,"fishing"
"S III","PrepCom",125,"primary"
"S III","PrepCom",125,"responsibility"
"S III","PrepCom",125,"dealing"
"S III","PrepCom",125,"mpas"
"S III","PrepCom",125,"abnj"
"S III","PrepCom",125,"rests"
"S III","PrepCom",125,"jurisdiction"
"S III","PrepCom",125,"control"
"S III","PrepCom",125,"activities"
"S III","PrepCom",125,"affecting"
"S III","PrepCom",125,"biodiversity"
"S III","PrepCom",125,"abnj"
"O II","PrepCom",126,"achieve"
"O II","PrepCom",126,"unifying"
"O II","PrepCom",126,"focus"
"O II","PrepCom",126,"science"
"O II","PrepCom",126,"diplomacy"
"O II","PrepCom",127,"promote"
"O II","PrepCom",127,"coherence"
"O II","PrepCom",127,"complement"
"O II","PrepCom",127,"existing"
"O II","PrepCom",127,"relevant"
"O II","PrepCom",127,"legal"
"O II","PrepCom",127,"instruments"
"O II","PrepCom",127,"frameworks"
"O II","PrepCom",127,"relevant"
"O II","PrepCom",127,"global"
"O II","PrepCom",127,"regional"
"O II","PrepCom",127,"sectoral"
"O II","PrepCom",127,"bodies"
"S II","PrepCom",128,"duty"
"S II","PrepCom",128,"cooperate"
"S II","PrepCom",128,"marine"
"S II","PrepCom",128,"scientific"
"S II","PrepCom",128,"research"
"S II","PrepCom",128,"wide"
"S II","PrepCom",128,"range"
"S II","PrepCom",128,"purposes"
"S II","PrepCom",128,"including"
"S II","PrepCom",128,"protecting"
"S II","PrepCom",128,"preserving"
"S II","PrepCom",128,"marine"
"S II","PrepCom",128,"environment"
"S II","PrepCom",128,"funding"
"S II","PrepCom",128,"ocean"
"S II","PrepCom",128,"science"
"O I","PrepCom",129,"environmental"
"O I","PrepCom",129,"stewardship"
"O I","PrepCom",129,"ensure"
"O I","PrepCom",129,"balance"
"O I","PrepCom",129,"international"
"O I","PrepCom",129,"community"
"O I","PrepCom",129,"interfering"
"O I","PrepCom",129,"existing"
"O I","PrepCom",129,"legitimate"
"W I","PrepCom",130,"concept"
"W I","PrepCom",130,"sedentary"
"W I","PrepCom",130,"species"
"W I","PrepCom",130,"contained"
"W I","PrepCom",130,"unclos"
"W I","PrepCom",130,"inconsistent"
"W I","PrepCom",130,"focus"
"W I","PrepCom",130,"protection"
"W I","PrepCom",130,"biodiversity"
"W III","PrepCom",131,"context"
"W III","PrepCom",131,"mpas"
"W III","PrepCom",131,"provisions"
"W III","PrepCom",131,"unclos"
"W III","PrepCom",131,"conservation"
"W III","PrepCom",131,"marine"
"W III","PrepCom",131,"living"
"W III","PrepCom",131,"resources"
"W III","PrepCom",131,"including"
"W III","PrepCom",131,"fisheries"
"W III","PrepCom",131,"nature"
"W V","PrepCom",132,"undermine"
"W V","PrepCom",132,"existing"
"W V","PrepCom",132,"structures"
"W V","PrepCom",132,"offer"
"W V","PrepCom",132,"partial"
"W V","PrepCom",132,"solutions"
"W V","PrepCom",132,"ensuing"
"W V","PrepCom",132,"fragmentation"
"W V","PrepCom",132,"seas"
"W V","PrepCom",132,"fisheries"
"O I","PrepCom",133,"international"
"O I","PrepCom",133,"law"
"O I","PrepCom",133,"principles"
"O I","PrepCom",133,"standards"
"O I","PrepCom",133,"conservation"
"O I","PrepCom",133,"sustainable"
"O I","PrepCom",133,"marine"
"O I","PrepCom",133,"biodiversity"
"O I","PrepCom",133,"abnj"
"O I","PrepCom",133,"applicable"
"O I","PrepCom",133,"parties"
"O II","PrepCom",134,"colaborative"
"O II","PrepCom",134,"framework"
"O II","PrepCom",134,"regional"
"O II","PrepCom",134,"institutions"
"W I","PrepCom",135,"term"
"W I","PrepCom",135,"undermine"
"W I","PrepCom",135,"ambiguous"
"O VI","PrepCom",136,"strengths"
"O VI","PrepCom",136,"antartic"
"O VI","PrepCom",136,"treaty"
"O VI","PrepCom",136,"system’s"
"O VI","PrepCom",136,"approach"
"O VI","PrepCom",136,"spatial"
"O VI","PrepCom",136,"conservation"
"O VI","PrepCom",136,"management"
"O VI","PrepCom",136,"examples"
"O VI","PrepCom",136,"preparatory"
"O VI","PrepCom",136,"committee"
"O VI","PrepCom",136,"refer"
"O VI","PrepCom",136,"development"
"O VI","PrepCom",136,"ilbi"
"O VI","PrepCom",137,"views"
"O VI","PrepCom",137,"developing"
"O VI","PrepCom",137,"unclos"
"O VI","PrepCom",137,"implemented"
"O VI","PrepCom",137,"revitalize"
"O VI","PrepCom",137,"concepts"
"O VI","PrepCom",137,"developed"
"O VI","PrepCom",137,"unclos"
"O II","PrepCom",138,"include"
"O II","PrepCom",138,"funding"
"O II","PrepCom",138,"mechanisms"
"O II","PrepCom",138,"institutional"
"O II","PrepCom",138,"arrangements"
"O II","PrepCom",138,"ensure"
"O II","PrepCom",138,"effectiveness"
"O III","PrepCom",139,"implement"
"O III","PrepCom",139,"strong"
"O III","PrepCom",139,"complementary"
"O III","PrepCom",139,"protection"
"O III","PrepCom",139,"measures"
"O III","PrepCom",139,"mpa"
"O III","PrepCom",139,"boundaries"
"O III","PrepCom",139,"dynamic"
"O III","PrepCom",139,"management"
"O III","PrepCom",139,"effective"
"O III","PrepCom",139,"fisheries"
"O III","PrepCom",139,"regulation"
"O III","PrepCom",139,"increasingly"
"O III","PrepCom",139,"precautionary"
"O III","PrepCom",139,"regulation"
"O III","PrepCom",139,"emerging"
"O III","PrepCom",139,"activities"
"O III","PrepCom",139,"mobile"
"O III","PrepCom",139,"species"
"S III","PrepCom",140,"integrated"
"S III","PrepCom",140,"approach"
"S III","PrepCom",140,"mandate"
"S III","PrepCom",140,"prepcom"
"O I","PrepCom",141,"mandate"
"O I","PrepCom",141,"science"
"O II","PrepCom",142,"involve"
"O II","PrepCom",142,"stakeholders"
"O II","PrepCom",142,"ranging"
"O II","PrepCom",142,"public"
"O II","PrepCom",142,"law"
"O II","PrepCom",142,"sea"
"O II","PrepCom",142,"experts"
"O II","PrepCom",142,"intellectual"
"O II","PrepCom",142,"property"
"O II","PrepCom",142,"rights"
"O II","PrepCom",142,"experts"
"O II","PrepCom",142,"comprehensive"
"O II","PrepCom",142,"view"
"O II","PrepCom",142,"national"
"S III","PrepCom",143,"potential"
"S III","PrepCom",143,"establishment"
"S III","PrepCom",143,"mpas"
"S III","PrepCom",143,"overlapping"
"S III","PrepCom",143,"spawning"
"S III","PrepCom",143,"sites"
"S III","PrepCom",143,"straddling"
"S III","PrepCom",143,"highly"
"S III","PrepCom",143,"migratory"
"S III","PrepCom",143,"fish"
"S III","PrepCom",143,"stock"
"S III","PrepCom",143,"positive"
"S III","PrepCom",143,"spillover"
"S III","PrepCom",143,"effects"
"S III","PrepCom",143,"respective"
"S III","PrepCom",143,"fisheries"
"W VI","PrepCom",144,"ldcs"
"W VI","PrepCom",144,"sids"
"W VI","PrepCom",144,"entering"
"W VI","PrepCom",144,"negotiation"
"W VI","PrepCom",144,"considerable"
"W VI","PrepCom",144,"disadvantage"
"W VI","PrepCom",144,"relation"
"W VI","PrepCom",144,"oecd"
"W VI","PrepCom",144,"active"
"W VI","PrepCom",144,"abnj"
"O V","BBNJ WG",145,"bring"
"O V","BBNJ WG",145,"decision"
"O V","BBNJ WG",145,"establishment"
"O V","BBNJ WG",145,"mpas"
"O V","BBNJ WG",145,"relevant"
"O V","BBNJ WG",145,"organizations"
"O V","BBNJ WG",145,"request"
"O V","BBNJ WG",145,"cooperation"
"O II","BBNJ WG",146,"include"
"O II","BBNJ WG",146,"incorporate"
"O II","BBNJ WG",146,"concerns"
"O II","BBNJ WG",146,"international"
"O II","BBNJ WG",146,"community"
"O II","BBNJ WG",146,"setting"
"O II","BBNJ WG",146,"humanity"
"O II","BBNJ WG",146,"cooperate"
"O II","BBNJ WG",146,"safeguard"
"O II","BBNJ WG",146,"global"
"O II","BBNJ WG",146,"commons"
"O I","BBNJ WG",147,"identify"
"O I","BBNJ WG",147,"convergence"
"O I","BBNJ WG",147,"regulatory"
"O I","BBNJ WG",147,"gaps"
"O I","BBNJ WG",147,"implementation"
"O I","BBNJ WG",147,"gaps"
"O II","BBNJ WG",148,"facilitate"
"O II","BBNJ WG",148,"de"
"O II","BBNJ WG",148,"international"
"O II","BBNJ WG",148,"recognition"
"O II","BBNJ WG",148,"mpas"
"O II","BBNJ WG",148,"regulatory"
"O II","BBNJ WG",148,"measures"
"O II","BBNJ WG",148,"abnj"
"S I","BBNJ WG",149,"precautionary"
"S I","BBNJ WG",149,"principle"
"S I","BBNJ WG",149,"ecosystem"
"S I","BBNJ WG",149,"approach"
"S I","BBNJ WG",149,"fundamental"
"S I","BBNJ WG",149,"principles"
"O I","BBNJ WG",150,"set"
"O I","BBNJ WG",150,"explicit"
"O I","BBNJ WG",150,"goals"
"O I","BBNJ WG",150,"objectives"
"O I","BBNJ WG",150,"targets"
"O I","BBNJ WG",150,"protection"
"O I","BBNJ WG",150,"biodiversity"
"O I","BBNJ WG",150,"marine"
"O I","BBNJ WG",150,"environment"
"O I","BBNJ WG",150,"alongside"
"O I","BBNJ WG",150,"sustainable"
"O I","BBNJ WG",150,"resources"
"O III","BBNJ WG",151,"provide"
"O III","BBNJ WG",151,"basis"
"O III","BBNJ WG",151,"integrated"
"O III","BBNJ WG",151,"legal"
"O III","BBNJ WG",151,"institutional"
"O III","BBNJ WG",151,"framework"
"O III","BBNJ WG",151,"implement"
"O III","BBNJ WG",151,"key"
"O III","BBNJ WG",151,"provisions"
"O III","BBNJ WG",151,"unclos"
"O III","BBNJ WG",151,"protection"
"O III","BBNJ WG",151,"preservation"
"O III","BBNJ WG",151,"marine"
"O III","BBNJ WG",151,"environment"
"O I","BBNJ WG",152,"provide"
"O I","BBNJ WG",152,"basis"
"O I","BBNJ WG",152,"integrated"
"O I","BBNJ WG",152,"legal"
"O I","BBNJ WG",152,"institutional"
"O I","BBNJ WG",152,"framework"
"O I","BBNJ WG",152,"implement"
"O I","BBNJ WG",152,"key"
"O I","BBNJ WG",152,"provisions"
"O I","BBNJ WG",152,"unclos"
"O I","BBNJ WG",152,"protection"
"O I","BBNJ WG",152,"preservation"
"O I","BBNJ WG",152,"marine"
"O I","BBNJ WG",152,"environment"
"O V","BBNJ WG",153,"adopt"
"O V","BBNJ WG",153,"unanimity"
"O V","BBNJ WG",153,"overwhelming"
"O V","BBNJ WG",153,"majority"
"O V","BBNJ WG",153,"considerable"
"O V","BBNJ WG",153,"authority"
"O I","BBNJ WG",154,"conduct"
"O I","BBNJ WG",154,"investigations"
"O I","BBNJ WG",154,"initiate"
"O I","BBNJ WG",154,"judicial"
"O I","BBNJ WG",154,"proceedings"
"O I","BBNJ WG",154,"expeditious"
"O I","BBNJ WG",154,"basis"
"O I","BBNJ WG",154,"apply"
"O I","BBNJ WG",154,"sanctions"
"O I","BBNJ WG",154,"respect"
"O I","BBNJ WG",154,"violations"
"O I","BBNJ WG",154,"adequate"
"O I","BBNJ WG",154,"severity"
"O I","BBNJ WG",154,"secure"
"O I","BBNJ WG",154,"compliance"
"O I","BBNJ WG",154,"discourage"
"O I","BBNJ WG",154,"violations"
"O I","BBNJ WG",155,"enable"
"O I","BBNJ WG",155,"tools"
"O I","BBNJ WG",155,"mpas"
"O I","BBNJ WG",155,"cumulative"
"O I","BBNJ WG",155,"impact"
"O I","BBNJ WG",155,"assessments"
"O I","BBNJ WG",155,"strategic"
"O I","BBNJ WG",155,"planning"
"O I","BBNJ WG",155,"combining"
"O I","BBNJ WG",155,"overarching"
"O I","BBNJ WG",155,"framework"
"O I","BBNJ WG",155,"provided"
"O I","BBNJ WG",155,"unclos"
"O III","BBNJ WG",156,"promote"
"O III","BBNJ WG",156,"close"
"O III","BBNJ WG",156,"cooperation"
"O III","BBNJ WG",156,"coordination"
"O III","BBNJ WG",156,"coastal"
"O III","BBNJ WG",156,"regional"
"O III","BBNJ WG",156,"organisation"
"O III","BBNJ WG",156,"designation"
"O III","BBNJ WG",156,"mpas"
"T II","IGC",157,"impose"
"T II","IGC",157,"direct"
"T II","IGC",157,"controls"
"T II","IGC",157,"fishing"
"T II","IGC",157,"activities"
"T III","IGC",158,"impact"
"T III","IGC",158,"fisheries"
"T III","IGC",158,"fish"
"T III","IGC",158,"biodiversity"
"T III","IGC",158,"fish"
"T III","IGC",158,"species"
"T III","IGC",158,"fall"
"T III","IGC",158,"existing"
"T III","IGC",158,"instruments"
"T III","IGC",158,"remain"
"T III","IGC",158,"assessed"
"T II","IGC",159,"disagreement"
"T II","IGC",159,"related"
"T II","IGC",159,"functions"
"T II","IGC",159,"powers"
"T II","IGC",159,"conference"
"T II","IGC",159,"parties"
"T II","IGC",159,"cop"
"O IV","IGC",160,"strengthen"
"O IV","IGC",160,"existing"
"O IV","IGC",160,"obligations"
"O IV","IGC",160,"cooperation"
"O IV","IGC",160,"reporting"
"O I","IGC",161,"abmts"
"O I","IGC",161,"abnj"
"O I","IGC",161,"adaptable"
"O I","IGC",161,"respond"
"O I","IGC",161,"dynamic"
"O I","IGC",161,"ocean"
"O I","IGC",161,"conditions"
"O I","IGC",161,"impacts"
"O I","IGC",161,"climate"
"O I","IGC",161,"change"
"T II","IGC",162,"undermine"
"T II","IGC",162,"effectiveness"
"T II","IGC",162,"objectives"
"T II","IGC",162,"existing"
"T II","IGC",162,"bodies"
"T II","IGC",162,"instruments"
"O VI","IGC",163,"provide"
"O VI","IGC",163,"common"
"O VI","IGC",163,"vision"
"O VI","IGC",163,"international"
"O VI","IGC",163,"community"
"O VI","IGC",163,"collaborate"
"O VI","IGC",163,"stewards"
"O VI","IGC",163,"conservation"
"O VI","IGC",163,"sustainable"
"T II","IGC",164,"countries"
"T II","IGC",164,"continue"
"T II","IGC",164,"diverge"
"T II","IGC",164,"roles"
"T II","IGC",164,"decision"
"T II","IGC",164,"functions"
"T II","IGC",164,"bodies"
"T II","IGC",164,"relevant"
"T II","IGC",164,"global"
"T II","IGC",164,"regional"
"T II","IGC",164,"sectoral"
"T II","IGC",164,"bodies"
"W III","IGC",165,"adjacency"
"W III","IGC",165,"draft"
"W III","IGC",165,"text"
"W III","IGC",165,"related"
"W III","IGC",165,"geographical"
"W III","IGC",165,"sense"
"W III","IGC",165,"word"
"W III","IGC",165,"adjacent"
"W III","IGC",165,"coastal"
"W III","IGC",165,"ecological"
"W III","IGC",165,"sense"
"O I","IGC",166,"growing"
"O I","IGC",166,"consensus"
"O I","IGC",166,"relevance"
"O I","IGC",166,"traditional"
"O I","IGC",166,"knowledge"
"O III","IGC",167,"ensuring"
"O III","IGC",167,"cost"
"O III","IGC",167,"effectiveness"
"O III","IGC",167,"addressing"
"O III","IGC",167,"disputes"
"O II","IGC",168,"bring"
"O II","IGC",168,"ocean"
"O II","IGC",168,"users"
"O II","IGC",168,"stakeholders"
"O II","IGC",168,"create"
"O II","IGC",168,"richer"
"O II","IGC",168,"dialogue"
"O II","IGC",168,"tools"
"O II","IGC",168,"approaches"
"O II","IGC",168,"balance"
"O II","IGC",168,"conservation"
"O II","IGC",168,"sustainable"
"O III","IGC",169,"connectivity"
"O III","IGC",169,"candidate"
"O III","IGC",169,"abnj"
"O III","IGC",169,"mpas"
"O III","IGC",169,"adjoining"
"O III","IGC",169,"eezs"
"O III","IGC",169,"ensure"
"O III","IGC",169,"major"
"O III","IGC",169,"types"
"O III","IGC",169,"services"
"O III","IGC",169,"mpas"
"O III","IGC",169,"provide"
"O III","IGC",169,"maximized"
"O III","IGC",169,"benefit"
"O III","IGC",169,"coastal"
"O I","IGC",170,"management"
"O I","IGC",170,"bodies"
"O I","IGC",170,"overlapping"
"O I","IGC",170,"mandates"
"O I","IGC",170,"participants"
"O I","IGC",170,"cooperate"
"O I","IGC",170,"providing"
"O I","IGC",170,"perspectives"
"O I","IGC",170,"expertise"
"O I","IGC",170,"respective"
"O I","IGC",170,"fields"
"O I","IGC",170,"leading"
"O I","IGC",170,"resilient"
"O I","IGC",170,"system"
"O I","IGC",170,"governance"
"O I","IGC",170,"abnj"
"S II","IGC",171,"existing"
"S II","IGC",171,"regional"
"S II","IGC",171,"practices"
"S II","IGC",171,"implementation"
"S II","IGC",171,"proposed"
"S II","IGC",171,"international"
"S II","IGC",171,"legal"
"S II","IGC",171,"instrument"
"W II","IGC",172,"fishing"
"W II","IGC",172,"excluded"
"W II","IGC",172,"discussions"
"O V","IGC",173,"science"
"O V","IGC",173,"neutral"
"O V","IGC",173,"platform"
"O V","IGC",173,"remove"
"O V","IGC",173,"political"
"O V","IGC",173,"barriers"
"O V","IGC",173,"hinder"
"O V","IGC",173,"science"
"O V","IGC",173,"based"
"O V","IGC",173,"management"
"T I","IGC",174,"countries"
"T I","IGC",174,"struggle"
"T I","IGC",174,"accept"
"T I","IGC",174,"relevance"
"T I","IGC",174,"iplcs"
"T I","IGC",174,"knowledge"
"T I","IGC",174,"seas"
"T I","IGC",174,"governance"
"T I","IGC",174,"contribute"
"O II","IGC",175,"institutional"
"O II","IGC",175,"cooperation"
"O II","IGC",175,"structures"
"O II","IGC",175,"processes"
"O II","IGC",175,"created"
"O II","IGC",175,"address"
"O II","IGC",175,"sources"
"O II","IGC",175,"conflict"
"S II","IGC",176,"parties"
"S II","IGC",176,"strength"
"S II","IGC",176,"enhancw"
"S II","IGC",176,"cooperation"
"S II","IGC",176,"relevant"
"S II","IGC",176,"legal"
"S II","IGC",176,"instruments"
"S II","IGC",176,"frameworks"
"S II","IGC",176,"relevant"
"S II","IGC",176,"global"
"S II","IGC",176,"regional"
"S II","IGC",176,"subregional"
"S II","IGC",176,"sectoral"
"S II","IGC",176,"bodies"
"S III","IGC",177,"undermine"
"S III","IGC",177,"relevant"
"S III","IGC",177,"existing"
"S III","IGC",177,"frameworks"
"S III","IGC",177,"bodies"
"S III","IGC",177,"instruments"
"T I","IGC",178,"networks"
"T I","IGC",178,"seamounts"
"T I","IGC",178,"considered"
"T I","IGC",178,"legal"
"T I","IGC",178,"zoning"
"T I","IGC",178,"based"
"T I","IGC",178,"management"
"T I","IGC",178,"tools"
"T I","IGC",178,"abmts"
"T I","IGC",179,"term"
"T I","IGC",179,"undermine"
"T I","IGC",179,"remains"
"T I","IGC",179,"unclear"
"T I","IGC",179,"interpreted"
"T I","IGC",179,"support"
"T I","IGC",179,"improvement"
"T I","IGC",179,"status"
"T I","IGC",179,"quo"
"S III","IGC",180,"aims"
"S III","IGC",180,"adaptive"
"S III","IGC",180,"capacity"
"T I","IGC",181,"undermine"
"T I","IGC",181,"commitment"
"T I","IGC",181,"undermining"
"T I","IGC",181,"process"
"O II","IGC",182,"soft"
"O II","IGC",182,"law"
"O II","IGC",182,"clauses"
"O II","IGC",182,"promote"
"O II","IGC",182,"seas"
"O II","IGC",182,"mpas"
"O II","IGC",182,"build"
"O II","IGC",182,"consensus"
"O II","IGC",182,"guide"
"O II","IGC",182,"action"
"S III","IGC",183,"proposes"
"S III","IGC",183,"application"
"S III","IGC",183,"integrated"
"S III","IGC",183,"approach"
"S III","IGC",183,"approach"
"S III","IGC",183,"builds"
"S III","IGC",183,"ecosystem"
"S III","IGC",183,"resilience"
"S III","IGC",183,"restores"
"S III","IGC",183,"ecosystem"
"S III","IGC",183,"integrity"
"O V","IGC",184,"potential"
"O V","IGC",184,"consortiums"
"O V","IGC",184,"governmental"
"O V","IGC",184,"influence"
"O V","IGC",184,"international"
"O V","IGC",184,"policy"
"O V","IGC",184,"favoring"
"O V","IGC",184,"inclusive"
"O V","IGC",184,"equitable"
"O V","IGC",184,"decisions"
"W IV","IGC",185,"lack"
"W IV","IGC",185,"effective"
"W IV","IGC",185,"mechanisms"
"W IV","IGC",185,"ensure"
"W IV","IGC",185,"successful"
"W IV","IGC",185,"implementation"
"W III","IGC",186,"regional"
"W III","IGC",186,"model"
"W III","IGC",186,"effectively"
"W III","IGC",186,"viewed"
"W III","IGC",186,"status"
"W III","IGC",186,"quo"
"W III","IGC",186,"ocean"
"W III","IGC",186,"governance"
"W III","IGC",187,"instrument"
"W III","IGC",187,"limited"
"W III","IGC",187,"covered"
"W III","IGC",187,"existing"
"W III","IGC",187,"institutions"
"W III","IGC",187,"offer"
"W III","IGC",187,"ad"
"W III","IGC",187,"hoc"
"W III","IGC",187,"approach"
"W III","IGC",187,"gap"
"W III","IGC",187,"filling"
"W III","IGC",187,"result"
"W III","IGC",187,"unnecessary"
"W III","IGC",187,"complexity"
"W III","IGC",187,"fragmentation"
"O I","IGC",188,"appliy"
"O I","IGC",188,"practices"
"O I","IGC",188,"address"
"O I","IGC",188,"anthropogenic"
"O I","IGC",188,"underwater"
"O I","IGC",188,"noise"
"O I","IGC",188,"pollution"
"O I","IGC",188,"project"
"O I","IGC",188,"eia"
"O I","IGC",188,"sea"
"O I","IGC",188,"continuous"
"O I","IGC",188,"basis"
"O I","IGC",188,"abmts"
"O I","IGC",189,"coordinate"
"O I","IGC",189,"existing"
"O I","IGC",189,"criteria"
"O I","IGC",189,"draw"
"O I","IGC",189,"lessons"
"O I","IGC",189,"regional"
"O I","IGC",189,"practice"
"O I","IGC",189,"providing"
"O I","IGC",189,"set"
"O I","IGC",189,"comprehensive"
"O I","IGC",189,"unified"
"O I","IGC",189,"selection"
"O I","IGC",189,"criteria"
"O I","IGC",189,"seas"
"O I","IGC",189,"mpas"
"O III","IGC",190,"create"
"O III","IGC",190,"global"
"O III","IGC",190,"authority"
"O III","IGC",190,"charge"
"O III","IGC",190,"designing"
"O III","IGC",190,"implementing"
"O III","IGC",190,"abmt"
"O III","IGC",190,"improve"
"O III","IGC",190,"coherence"
"O III","IGC",190,"abmts"
"O III","IGC",190,"sharing"
"O III","IGC",190,"practices"
"O III","IGC",190,"proposing"
"O III","IGC",190,"sites"
"O III","IGC",190,"sectoral"
"O III","IGC",190,"organizations"
"O III","IGC",190,"implement"
"O II","PrepCom",191,"establish"
"O II","PrepCom",191,"financial"
"O II","PrepCom",191,"mechanism"
"O II","PrepCom",191,"capable"
"O II","PrepCom",191,"mobilizing"
"O II","PrepCom",191,"ocean"
"O II","PrepCom",191,"funds"
"O II","PrepCom",191,"range"
"O II","PrepCom",191,"sources"
"O II","PrepCom",191,"including"
"O II","PrepCom",191,"public"
"O II","PrepCom",191,"national"
"O II","PrepCom",191,"governments"
"O II","PrepCom",191,"multilateral"
"O II","PrepCom",191,"organizations"
"O II","PrepCom",191,"philanthropic"
"O II","PrepCom",191,"donors"
"O II","PrepCom",191,"innovative"
"O II","PrepCom",191,"avenues"
"O II","PrepCom",191,"including"
"O II","PrepCom",191,"public"
"O II","PrepCom",191,"private"
"O II","PrepCom",191,"partnerships"
"O I","PrepCom",192,"create"
"O I","PrepCom",192,"global"
"O I","PrepCom",192,"scientific"
"O I","PrepCom",192,"body"
"O I","PrepCom",192,"tasked"
"O I","PrepCom",192,"developing"
"O I","PrepCom",192,"proposals"
"O I","PrepCom",192,"mpas"
"O I","PrepCom",192,"line"
"O I","PrepCom",192,"existing"
"O I","PrepCom",192,"processes"
"O I","PrepCom",193,"holistic"
"O I","PrepCom",193,"apporach"
"O I","PrepCom",193,"conservation"
"O I","PrepCom",193,"sustainable"
"O III","PrepCom",194,"mpas"
"O III","PrepCom",194,"installed"
"O III","PrepCom",194,"adjacent"
"O III","PrepCom",194,"jurisdictions"
"O III","PrepCom",194,"carry"
"O III","PrepCom",194,"benefits"
"O III","PrepCom",194,"rfmos"
"O III","PrepCom",194,"closures"
"O III","PrepCom",194,"spillover"
"O III","PrepCom",194,"effects"
"O V","PrepCom",195,"adopt"
"O V","PrepCom",195,"environmental"
"O V","PrepCom",195,"stewardship"
"O V","PrepCom",195,"intellectual"
"O V","PrepCom",195,"basis"
"O V","PrepCom",195,"effective"
"O V","PrepCom",195,"governance"
"O V","PrepCom",195,"framework"
"O V","PrepCom",195,"meaningfully"
"O V","PrepCom",195,"balance"
"O V","PrepCom",195,"competing"
"O V","PrepCom",195,"values"
"T II","PrepCom",196,"divergent"
"T II","PrepCom",196,"views"
"T II","PrepCom",196,"regulation"
"T II","PrepCom",196,"scientific"
"T II","PrepCom",196,"research"
"W I","PrepCom",197,"lack"
"W I","PrepCom",197,"elaboration"
"W I","PrepCom",197,"concepts"
"W I","PrepCom",197,"addressing"
"W I","PrepCom",197,"role"
"W I","PrepCom",197,"designation"
"W I","PrepCom",197,"mpas"
"W I","PrepCom",197,"abnj"
"W I","PrepCom",197,"due"
"W I","PrepCom",197,"regard"
"W I","PrepCom",197,"adjacency"
"W I","PrepCom",197,"compatibility"
"W I","PrepCom",197,"sovereignty"
"O II","PrepCom",198,"emphasise"
"O II","PrepCom",198,"cross"
"O II","PrepCom",198,"cutting"
"O II","PrepCom",198,"nature"
"O II","PrepCom",198,"science"
"O II","PrepCom",198,"role"
"O II","PrepCom",198,"diplomacy"
"O II","PrepCom",198,"promoting"
"O II","PrepCom",198,"science"
"O II","PrepCom",198,"mechanism"
"O II","PrepCom",198,"galvanize"
"O II","PrepCom",198,"international"
"O II","PrepCom",198,"cooperation"
"O I","PrepCom",199,"term"
"O I","PrepCom",199,"undermine"
"O I","PrepCom",199,"potential"
"O I","PrepCom",199,"deliver"
"O I","PrepCom",199,"effective"
"O I","PrepCom",199,"protections"
"O I","PrepCom",199,"biodiversity"
"O I","PrepCom",199,"achieve"
"O I","PrepCom",199,"heavily"
"O I","PrepCom",199,"globally"
"O I","PrepCom",199,"focused"
"O I","PrepCom",199,"approach"
"W I","PrepCom",200,"concept"
"W I","PrepCom",200,"single"
"W I","PrepCom",200,"scientific"
"W I","PrepCom",200,"community"
"W I","PrepCom",200,"challenging"
"W I","PrepCom",200,"identify"
"W I","PrepCom",200,"breadth"
"W I","PrepCom",200,"issues"
"W I","PrepCom",200,"relating"
"O II","PrepCom",201,"ensure"
"O II","PrepCom",201,"integrated"
"O II","PrepCom",201,"approach"
"O II","PrepCom",201,"recognizing"
"O II","PrepCom",201,"diverse"
"O II","PrepCom",201,"nature"
"O II","PrepCom",201,"rights"
"O II","PrepCom",201,"equitable"
"O II","PrepCom",201,"balancing"
"O II","PrepCom",201,"rights"
"W I","PrepCom",202,"concept"
"W I","PrepCom",202,"biodiversity"
"W I","PrepCom",202,"dramatically"
"W I","PrepCom",202,"unclos’s"
"W I","PrepCom",202,"allocation"
"W I","PrepCom",202,"rights"
"W I","PrepCom",202,"resources"
"O I","PrepCom",203,"introduce"
"O I","PrepCom",203,"sound"
"O I","PrepCom",203,"legal"
"O I","PrepCom",203,"basis"
"O I","PrepCom",203,"adopting"
"O I","PrepCom",203,"abmts"
"O I","PrepCom",203,"including"
"O I","PrepCom",203,"mpas"
"O I","PrepCom",203,"seas"
"W I","PrepCom",204,"exact"
"W I","PrepCom",204,"meaning"
"W I","PrepCom",204,"scope"
"W I","PrepCom",204,"undermining"
"W I","PrepCom",204,"undecided"
"O II","PrepCom",205,"enhance"
"O II","PrepCom",205,"lift"
"O II","PrepCom",205,"performance"
"O II","PrepCom",205,"existing"
"O II","PrepCom",205,"governance"
"O II","PrepCom",205,"frameworks"
"O II","PrepCom",205,"biodiversity"
"O II","PrepCom",205,"conservation"
"O II","PrepCom",205,"sustainable"
"O II","PrepCom",205,"southern"
"O II","PrepCom",205,"hemisphere"
"O III","PrepCom",206,"foster"
"O III","PrepCom",206,"coherence"
"O III","PrepCom",206,"forge"
"O III","PrepCom",206,"constructive"
"O III","PrepCom",206,"links"
"O III","PrepCom",206,"existing"
"O III","PrepCom",206,"oceans"
"O III","PrepCom",206,"governance"
"O III","PrepCom",206,"framework"
"O III","PrepCom",206,"south"
"O III","PrepCom",206,"west"
"O III","PrepCom",206,"pacific"
"T II","PrepCom",207,"antarctic"
"T II","PrepCom",207,"treaty"
"T II","PrepCom",207,"system"
"T II","PrepCom",207,"unclos"
"T II","PrepCom",207,"compatible"
"T II","PrepCom",207,"possibly"
"T II","PrepCom",207,"affecting"
"T II","PrepCom",207,"relationship"
"T II","PrepCom",207,"antarctic"
"T II","PrepCom",207,"treaty"
"T II","PrepCom",207,"system"
"O III","PrepCom",208,"develop"
"O III","PrepCom",208,"dynamics"
"O III","PrepCom",208,"reform"
"O III","PrepCom",208,"processes"
"O III","PrepCom",208,"conservation"
"O III","PrepCom",208,"sustainable"
"O III","PrepCom",208,"marine"
"O III","PrepCom",208,"biodiversity"
"O III","PrepCom",208,"national"
"O III","PrepCom",208,"jurisdiction"
"O III","PrepCom",208,"regional"
"O III","PrepCom",208,"level"
"O II","PrepCom",209,"development"
"O II","PrepCom",209,"coordination"
"O II","PrepCom",209,"mechanisms"
"O II","PrepCom",209,"existing"
"O II","PrepCom",209,"organizations"
"O II","PrepCom",210,"ensure"
"O II","PrepCom",210,"comprehensive"
"O II","PrepCom",210,"strategic"
"O II","PrepCom",210,"management"
"O II","PrepCom",210,"sectors"
"W II","PrepCom",211,"absence"
"W II","PrepCom",211,"detailed"
"W II","PrepCom",211,"provisions"
"W II","PrepCom",211,"abmts"
"W II","PrepCom",211,"means"
"W II","PrepCom",211,"treaty"
"W II","PrepCom",211,"generate"
"W II","PrepCom",211,"acute"
"W II","PrepCom",211,"legal"
"W II","PrepCom",211,"conflicts"
"W II","PrepCom",211,"existing"
"W II","PrepCom",211,"legal"
"W II","PrepCom",211,"arrangements"
"O III","PrepCom",212,"integrate"
"O III","PrepCom",212,"existing"
"O III","PrepCom",212,"criteria"
"O III","PrepCom",212,"tools"
"O III","PrepCom",212,"recognizing"
"O II","PrepCom",213,"account"
"O II","PrepCom",213,"international"
"O II","PrepCom",213,"instruments"
"O II","PrepCom",213,"cbd"
"O II","PrepCom",213,"achieve"
"O II","PrepCom",213,"comprehensive"
"O II","PrepCom",213,"mechanism"
"S I","PrepCom",214,"identify"
"S I","PrepCom",214,"examine"
"S I","PrepCom",214,"salient"
"S I","PrepCom",214,"issues"
"S I","PrepCom",214,"perspectives"
"W III","PrepCom",215,"delegations"
"W III","PrepCom",215,"strategically"
"W III","PrepCom",215,"focusing"
"W III","PrepCom",215,"issues"
"W III","PrepCom",215,"potential"
"W III","PrepCom",215,"generate"
"W III","PrepCom",215,"tangible"
"W III","PrepCom",215,"economic"
"W III","PrepCom",215,"benefits"
"W III","PrepCom",215,"obligations"
"W III","PrepCom",215,"short"
"W III","PrepCom",215,"medium"
"W III","PrepCom",215,"term"
"O I","BBNJ WG",216,"include"
"O I","BBNJ WG",216,"impacts"
"O I","BBNJ WG",216,"activities"
"O I","BBNJ WG",216,"regulated"
"O I","BBNJ WG",216,"organizations"
"O I","BBNJ WG",216,"including"
"O I","BBNJ WG",216,"rfmos"
"O I","BBNJ WG",216,"views"
"O I","BBNJ WG",216,"organizations"
"O I","BBNJ WG",216,"recommendation"
"O I","BBNJ WG",216,"establish"
"O I","BBNJ WG",216,"mpas"
"O III","BBNJ WG",217,"establish"
"O III","BBNJ WG",217,"global"
"O III","BBNJ WG",217,"framework"
"O III","BBNJ WG",217,"existing"
"O III","BBNJ WG",217,"instruments"
"O III","BBNJ WG",217,"mandate"
"O III","BBNJ WG",217,"act"
"O III","BBNJ WG",217,"cooperate"
"O III","BBNJ WG",217,"coordinate"
"O III","BBNJ WG",217,"abnj"
"T V","BBNJ WG",218,"structural"
"T V","BBNJ WG",218,"issues"
"T V","BBNJ WG",218,"design"
"T V","BBNJ WG",218,"governing"
"T V","BBNJ WG",218,"principles"
"T V","BBNJ WG",218,"institutional"
"T V","BBNJ WG",218,"architecture"
"T V","BBNJ WG",218,"implementation"
"W I","BBNJ WG",219,"coordination"
"W I","BBNJ WG",219,"process"
"W I","BBNJ WG",219,"built"
"W I","BBNJ WG",219,"unframed"
"W I","BBNJ WG",219,"elements"
"W I","BBNJ WG",219,"set"
"W I","BBNJ WG",219,"regulatory"
"W I","BBNJ WG",219,"building"
"W I","BBNJ WG",219,"blocks"
"W I","BBNJ WG",219,"easily"
"W I","BBNJ WG",219,"incorporated"
"O II","BBNJ WG",220,"establish"
"O II","BBNJ WG",220,"conference"
"O II","BBNJ WG",220,"parties"
"O II","BBNJ WG",220,"secretariat"
"O II","BBNJ WG",220,"facilitate"
"O II","BBNJ WG",220,"coordination"
"O II","BBNJ WG",220,"enhance"
"O II","BBNJ WG",220,"coherence"
"O II","BBNJ WG",220,"promote"
"O II","BBNJ WG",220,"compliance"
"O II","BBNJ WG",220,"global"
"O II","BBNJ WG",220,"level"
"O II","BBNJ WG",220,"review"
"O II","BBNJ WG",220,"assistance"
"O I","BBNJ WG",221,"determine"
"O I","BBNJ WG",221,"legal"
"O I","BBNJ WG",221,"basis"
"O I","BBNJ WG",221,"designating"
"O I","BBNJ WG",221,"mpas"
"O I","BBNJ WG",221,"manner"
"O I","BBNJ WG",221,"consistent"
"O I","BBNJ WG",221,"unclos"
"O III","BBNJ WG",222,"develop"
"O III","BBNJ WG",222,"effectively"
"O III","BBNJ WG",222,"managed"
"O III","BBNJ WG",222,"ecologically"
"O III","BBNJ WG",222,"representative"
"O III","BBNJ WG",222,"connected"
"O III","BBNJ WG",222,"system"
"O III","BBNJ WG",222,"mpas"
"O III","BBNJ WG",222,"abnj"
"T II","BBNJ WG",223,"implementation"
"T II","BBNJ WG",223,"legally"
"T II","BBNJ WG",223,"binding"
"T II","BBNJ WG",223,"obligations"
"T II","BBNJ WG",223,"subject"
"T II","BBNJ WG",223,"dispute"
"T II","BBNJ WG",223,"settlement"
"T II","BBNJ WG",223,"procedures"
"O III","BBNJ WG",224,"provide"
"O III","BBNJ WG",224,"procedure"
"O III","BBNJ WG",224,"designating"
"O III","BBNJ WG",224,"mpas"
"O III","BBNJ WG",224,"including"
"O III","BBNJ WG",224,"science"
"O III","BBNJ WG",224,"based"
"O III","BBNJ WG",224,"process"
"O III","BBNJ WG",224,"design"
"O III","BBNJ WG",224,"representative"
"O III","BBNJ WG",224,"networks"
"O III","BBNJ WG",224,"mpas"
"O III","BBNJ WG",224,"allocation"
"O III","BBNJ WG",224,"responsibilities"
"O III","BBNJ WG",224,"framework"
"O III","BBNJ WG",224,"development"
"O III","BBNJ WG",224,"regional"
"O III","BBNJ WG",224,"msp"
"O I","BBNJ WG",225,"enable"
"O I","BBNJ WG",225,"unclos"
"O I","BBNJ WG",225,"maintained"
"O I","BBNJ WG",225,"flexible"
"O I","BBNJ WG",225,"robust"
"O I","BBNJ WG",225,"framework"
"O I","BBNJ WG",225,"confronting"
"O I","BBNJ WG",225,"escalating"
"O I","BBNJ WG",225,"challenges"
"O I","BBNJ WG",225,"global"
"O I","BBNJ WG",225,"ocean"
"O I","BBNJ WG",225,"management"
"O I","BBNJ WG",225,"30"
"O I","BBNJ WG",226,"address"
"O I","BBNJ WG",226,"issues"
"O I","BBNJ WG",226,"relating"
"O I","BBNJ WG",226,"navigation"
"O I","BBNJ WG",226,"fishing"
"O I","BBNJ WG",226,"framework"
"O I","BBNJ WG",226,"mpas"
"T VI","IGC",227,"existing"
"T VI","IGC",227,"governance"
"T VI","IGC",227,"organizations"
"T VI","IGC",227,"equipped"
"T VI","IGC",227,"carry"
"T VI","IGC",227,"elements"
"T VI","IGC",227,"mpas"
"O IV","IGC",228,"ensure"
"O IV","IGC",228,"compliance"
"O IV","IGC",228,"aspects"
"O IV","IGC",228,"treaty"
"O II","IGC",229,"development"
"O II","IGC",229,"legal"
"O II","IGC",229,"framework"
"O II","IGC",229,"includes"
"O II","IGC",229,"integrated"
"O II","IGC",229,"planning"
"O II","IGC",229,"management"
"O II","IGC",229,"abmts"
"O II","IGC",229,"sectors"
"O II","IGC",229,"regions"
"O I","IGC",230,"precautionary"
"O I","IGC",230,"ecosystem"
"O I","IGC",230,"approaches"
"O I","IGC",230,"operationalized"
"O V","IGC",231,"shifting"
"O V","IGC",231,"focus"
"O V","IGC",231,"nomenclature"
"O V","IGC",231,"function"
"O V","IGC",231,"negotiators"
"O V","IGC",231,"communicate"
"O V","IGC",231,"vision"
"O V","IGC",231,"institutional"
"O V","IGC",231,"arrangements"
"W I","IGC",232,"rights"
"W I","IGC",232,"coastal"
"W I","IGC",232,"satisfactory"
"O II","IGC",233,"maintaining"
"O II","IGC",233,"balance"
"O II","IGC",233,"relevant"
"T II","IGC",234,"marine"
"T II","IGC",234,"planning"
"T II","IGC",234,"processes"
"T II","IGC",234,"follow"
"T II","IGC",234,"model"
"T II","IGC",234,"avoid"
"T II","IGC",234,"heavily"
"T II","IGC",234,"fishing"
"T II","IGC",234,"establishing"
"T II","IGC",234,"mpas"
"O II","IGC",235,"scientific"
"O II","IGC",235,"technical"
"O II","IGC",235,"body"
"O II","IGC",235,"hand"
"O II","IGC",235,"hand"
"O II","IGC",235,"multinational"
"O II","IGC",235,"initiatives"
"O II","IGC",235,"decision"
"O II","IGC",235,"body"
"O II","IGC",235,"implement"
"O II","IGC",235,"knowledge"
"O II","IGC",235,"decision"
"O II","IGC",235,"processes"
"O II","IGC",235,"contribute"
"O II","IGC",235,"relevant"
"O II","IGC",235,"policy"
"O II","IGC",235,"suggestions"
"W II","IGC",236,"disagreement"
"W II","IGC",236,"elements"
"W II","IGC",236,"proposed"
"W II","IGC",236,"legal"
"W II","IGC",236,"instrument"
"O I","IGC",237,"science"
"O I","IGC",237,"based"
"O I","IGC",237,"management"
"O I","IGC",237,"bottom"
"O I","IGC",237,"approach"
"O I","IGC",237,"account"
"O I","IGC",237,"socio"
"O I","IGC",237,"economic"
"O I","IGC",237,"priorities"
"O V","IGC",238,"strategic"
"O V","IGC",238,"environmental"
"O V","IGC",238,"assessments"
"O V","IGC",238,"identify"
"O V","IGC",238,"term"
"O V","IGC",238,"pathways"
"O V","IGC",238,"mutually"
"O V","IGC",238,"productive"
"O V","IGC",238,"stewardship"
"O V","IGC",238,"ocean"
"S I","IGC",239,"marine"
"S I","IGC",239,"genetic"
"S I","IGC",239,"resources"
"S I","IGC",239,"addressed"
"S I","IGC",239,"including"
"S I","IGC",239,"questions"
"S I","IGC",239,"sharing"
"S I","IGC",239,"benefits"
"S I","IGC",239,"abmts"
"S I","IGC",239,"eias"
"S I","IGC",239,"capacity"
"S I","IGC",239,"building"
"S I","IGC",239,"transfer"
"S I","IGC",239,"marine"
"S I","IGC",239,"technology"
"W I","IGC",240,"relationship"
"W I","IGC",240,"abmts"
"W I","IGC",240,"mpas"
"W I","IGC",240,"categories"
"W I","IGC",240,"ambiguity"
"S II","IGC",241,"international"
"S II","IGC",241,"organizations"
"S II","IGC",241,"ngos"
"S II","IGC",241,"attended"
"S II","IGC",241,"prepcom"
"S II","IGC",241,"igc"
"S II","IGC",241,"meetings"
"S II","IGC",241,"allowed"
"S II","IGC",241,"interventions"
"O III","IGC",242,"existing"
"O III","IGC",242,"arrangements"
"O III","IGC",242,"processes"
"O III","IGC",242,"designating"
"O III","IGC",242,"abmts"
"O III","IGC",242,"national"
"O III","IGC",242,"jurisdiction"
"O III","IGC",242,"fundamental"
"O II","IGC",243,"balance"
"O II","IGC",243,"parties"
"O II","IGC",243,"gradually"
"O II","IGC",243,"improve"
"O II","IGC",243,"global"
"O II","IGC",243,"governance"
"O II","IGC",243,"mechanism"
"O II","IGC",243,"set"
"O II","IGC",243,"limitations"
"O II","IGC",243,"freedom"
"O II","IGC",243,"seas"
"S III","IGC",244,"consistent"
"S III","IGC",244,"unclos"
"S III","IGC",244,"provision"
"S III","IGC",244,"undermine"
"S III","IGC",244,"existing"
"S III","IGC",244,"legal"
"S III","IGC",244,"instruments"
"S III","IGC",244,"frameworks"
"S III","IGC",244,"bodies"
"T II","IGC",245,"industrialized"
"T II","IGC",245,"economy"
"T II","IGC",245,"unwilling"
"T II","IGC",245,"abandon"
"T II","IGC",245,"unclos"
"T II","IGC",245,"freedom"
"T II","IGC",245,"seas"
"T II","IGC",245,"principle"
"T II","IGC",245,"fish"
"T II","IGC",245,"commodities"
"W III","IGC",246,"limited"
"W III","IGC",246,"expressing"
"W III","IGC",246,"global"
"W III","IGC",246,"principles"
"W III","IGC",246,"fail"
"W III","IGC",246,"accomplish"
"W III","IGC",246,"goal"
"W III","IGC",246,"representative"
"W III","IGC",246,"global"
"W III","IGC",246,"network"
"W III","IGC",246,"mpas"
"W I","IGC",247,"fundamental"
"W I","IGC",247,"components"
"W I","IGC",247,"unclos"
"W I","IGC",247,"scientific"
"W I","IGC",247,"research"
"W I","IGC",247,"international"
"W I","IGC",247,"cooperation"
"W I","IGC",247,"technology"
"W I","IGC",247,"development"
"W I","IGC",247,"transfer"
"W I","IGC",247,"relevant"
"W I","IGC",247,"poorly"
"W I","IGC",247,"implemented"
"O I","IGC",248,"precise"
"O I","IGC",248,"meaning"
"O I","IGC",248,"term"
"O I","IGC",248,"undermine"
"O I","IGC",248,"ambiguous"
"O I","IGC",248,"captured"
"O I","IGC",248,"range"
"O I","IGC",248,"views"
"O I","IGC",248,"potential"
"O I","IGC",248,"relationship"
"O I","IGC",248,"instrument"
"O I","IGC",248,"existing"
"O I","IGC",248,"regimes"
"O I","IGC",248,"abnj"
"O IV","IGC",249,"recommendations"
"O IV","IGC",249,"falling"
"O IV","IGC",249,"practices"
"O IV","IGC",249,"include"
"O IV","IGC",249,"mitigation"
"O IV","IGC",249,"impacts"
"O IV","IGC",249,"noise"
"O IV","IGC",249,"ongoing"
"O IV","IGC",249,"monitoring"
"O IV","IGC",249,"measures"
"O IV","IGC",249,"reduce"
"O IV","IGC",249,"incidental"
"O IV","IGC",249,"acoustic"
"O IV","IGC",249,"emissions"
"T II","IGC",250,"consensus"
"T II","IGC",250,"reached"
"T II","IGC",250,"establishment"
"T II","IGC",250,"scientific"
"T II","IGC",250,"body"
"T II","IGC",250,"global"
"T II","IGC",250,"level.to"
"T II","IGC",250,"decide"
"T II","IGC",250,"proposed"
"T II","IGC",250,"mpas"
"T III","IGC",251,"tools"
"T III","IGC",251,"abmts"
"T III","IGC",251,"abnj"
"T III","IGC",251,"fall"
"T III","IGC",251,"sectorial"
"T III","IGC",251,"organizations"
"T III","IGC",251,"rfmos"
"T III","IGC",251,"isa"
"T III","IGC",251,"imo"
"O V","PrepCom",252,"implement"
"O V","PrepCom",252,"institutional"
"O V","PrepCom",252,"framework"
"O V","PrepCom",252,"consultation"
"O V","PrepCom",252,"collective"
"O V","PrepCom",252,"decision"
"O V","PrepCom",252,"policy"
"O V","PrepCom",252,"ordination"
"O V","PrepCom",252,"management"
"O III","PrepCom",253,"initiate"
"O III","PrepCom",253,"broader"
"O III","PrepCom",253,"framework"
"O III","PrepCom",253,"integrated"
"O III","PrepCom",253,"spatial"
"O III","PrepCom",253,"planning"
"O III","PrepCom",253,"management"
"O III","PrepCom",253,"coordinating"
"O III","PrepCom",253,"efforts"
"O III","PrepCom",253,"regional"
"O III","PrepCom",253,"sectoral"
"O III","PrepCom",253,"organizations"
"W I","PrepCom",254,"recognition"
"W I","PrepCom",254,"special"
"W I","PrepCom",254,"role"
"W I","PrepCom",254,"coastal"
"W I","PrepCom",254,"respect"
"W I","PrepCom",254,"adjacency"
"O VI","PrepCom",255,"adopt"
"O VI","PrepCom",255,"environmental"
"O VI","PrepCom",255,"stewardship"
"O VI","PrepCom",255,"intellectual"
"O VI","PrepCom",255,"basis"
"O VI","PrepCom",255,"effective"
"O VI","PrepCom",255,"governance"
"O VI","PrepCom",255,"framework"
"O VI","PrepCom",255,"balance"
"O VI","PrepCom",255,"competing"
"O VI","PrepCom",255,"values"
"O III","PrepCom",256,"align"
"O III","PrepCom",256,"measures"
"O III","PrepCom",256,"instrument"
"O III","PrepCom",256,"existing"
"O III","PrepCom",256,"architecture"
"O III","PrepCom",256,"purpose"
"O III","PrepCom",256,"coherence"
"O III","PrepCom",256,"coordination"
"O III","PrepCom",256,"efforts"
"O I","PrepCom",257,"provide"
"O I","PrepCom",257,"solutions"
"O I","PrepCom",257,"science"
"O I","PrepCom",257,"diplomacy"
"O I","PrepCom",258,"establish"
"O I","PrepCom",258,"clearing"
"O I","PrepCom",258,"house"
"O I","PrepCom",258,"information"
"O I","PrepCom",258,"marine"
"O I","PrepCom",258,"scientific"
"O I","PrepCom",258,"research"
"O I","PrepCom",258,"conducted"
"O I","PrepCom",258,"abnj"
"O I","PrepCom",258,"data"
"O I","PrepCom",258,"information"
"O I","PrepCom",258,"marine"
"O I","PrepCom",258,"genetic"
"O I","PrepCom",258,"resources"
"O III","PrepCom",259,"clarify"
"O III","PrepCom",259,"responsibilities"
"O III","PrepCom",259,"coastal"
"O III","PrepCom",259,"vessels"
"O III","PrepCom",259,"operating"
"O III","PrepCom",259,"waters"
"O III","PrepCom",259,"continental"
"O III","PrepCom",259,"shelf"
"O III","PrepCom",259,"encouraging"
"O III","PrepCom",259,"cooperation"
"O III","PrepCom",259,"effective"
"O III","PrepCom",259,"management"
"O III","PrepCom",259,"activities"
"O I","PrepCom",260,"envisage"
"O I","PrepCom",260,"goals"
"O I","PrepCom",260,"criteria"
"O I","PrepCom",260,"future"
"O I","PrepCom",260,"abmts"
"O I","PrepCom",260,"including"
"O I","PrepCom",260,"mpas"
"O II","PrepCom",261,"develop"
"O II","PrepCom",261,"holistic"
"O II","PrepCom",261,"governance"
"O II","PrepCom",261,"approach"
"O II","PrepCom",261,"implies"
"O II","PrepCom",261,"global"
"O II","PrepCom",261,"geographical"
"O II","PrepCom",261,"coverage"
"O II","PrepCom",261,"consideration"
"O II","PrepCom",261,"fields"
"O II","PrepCom",261,"sectors"
"O V","PrepCom",262,"provide"
"O V","PrepCom",262,"focal"
"O V","PrepCom",262,"global"
"O V","PrepCom",262,"regional"
"O V","PrepCom",262,"sectoral"
"O V","PrepCom",262,"organisations"
"O V","PrepCom",262,"responsibilities"
"O V","PrepCom",262,"conservation"
"O V","PrepCom",262,"sustainable"
"O V","PrepCom",262,"marine"
"O V","PrepCom",262,"biodiversity"
"O V","PrepCom",262,"abnj"
"O II","PrepCom",263,"support"
"O II","PrepCom",263,"cooperation"
"O II","PrepCom",263,"existing"
"O II","PrepCom",263,"regional"
"O II","PrepCom",263,"ocean"
"O II","PrepCom",263,"governance"
"O II","PrepCom",263,"framework"
"T III","PrepCom",264,"antarctic"
"T III","PrepCom",264,"treaty"
"T III","PrepCom",264,"system"
"T III","PrepCom",264,"recognize"
"T III","PrepCom",264,"national"
"T III","PrepCom",264,"jurisdiction"
"T III","PrepCom",264,"southern"
"T III","PrepCom",264,"ocean"
"O II","PrepCom",265,"strengthen"
"O II","PrepCom",265,"regional"
"O II","PrepCom",265,"oceans"
"O II","PrepCom",265,"governance"
"O II","PrepCom",265,"multi"
"O II","PrepCom",265,"sectoral"
"O II","PrepCom",265,"coordination"
"O II","PrepCom",265,"establishment"
"O II","PrepCom",265,"regional"
"O II","PrepCom",265,"oceans"
"O II","PrepCom",265,"governance"
"O II","PrepCom",265,"bodies"
"O III","PrepCom",266,"current"
"O III","PrepCom",266,"consistency"
"O III","PrepCom",266,"multilateral"
"O III","PrepCom",266,"regional"
"O III","PrepCom",266,"institutions"
"O III","PrepCom",266,"legal"
"O III","PrepCom",266,"instruments"
"O II","PrepCom",267,"unify"
"O II","PrepCom",267,"existing"
"O II","PrepCom",267,"regulatory"
"O II","PrepCom",267,"governance"
"O II","PrepCom",267,"mechanisms"
"O II","PrepCom",267,"fill"
"O II","PrepCom",267,"gaps"
"O II","PrepCom",267,"exist"
"W III","PrepCom",268,"approach"
"W III","PrepCom",268,"fisheries"
"W III","PrepCom",268,"building"
"W III","PrepCom",268,"complementary"
"W III","PrepCom",268,"existing"
"W III","PrepCom",268,"measures"
"W III","PrepCom",268,"preferred"
"W III","PrepCom",268,"radical"
"W III","PrepCom",268,"approaches"
"O IV","PrepCom",269,"strengthen"
"O IV","PrepCom",269,"requirements"
"O IV","PrepCom",269,"monitoring"
"O IV","PrepCom",269,"compliance"
"O IV","PrepCom",269,"enforcement"
"T II","PrepCom",270,"lack"
"T II","PrepCom",270,"consensus"
"T II","PrepCom",270,"developing"
"T II","PrepCom",270,"developed"
"T II","PrepCom",270,"abnj"
"T II","PrepCom",270,"governed"
"T II","PrepCom",270,"principle"
"T II","PrepCom",270,"common"
"T II","PrepCom",270,"heritage"
"T II","PrepCom",270,"mankind"
"T II","PrepCom",270,"freedom"
"T II","PrepCom",270,"seas"
"S II","PrepCom",271,"options"
"S II","PrepCom",271,"approaches"
"S II","PrepCom",271,"promote"
"S II","PrepCom",271,"international"
"S II","PrepCom",271,"cooperation"
"S II","PrepCom",271,"coordination"
"S II","PrepCom",271,"conservation"
"S II","PrepCom",271,"sustainable"
"S II","PrepCom",271,"abnj"
"W VI","PrepCom",272,"developing"
"W VI","PrepCom",272,"lack"
"W VI","PrepCom",272,"means"
"W VI","PrepCom",272,"access"
"W VI","PrepCom",272,"resources"
"W VI","PrepCom",272,"abnj"
"W VI","PrepCom",272,"benefit"
"W VI","PrepCom",272,"exploitation"
"O I","BBNJ WG",273,"effect"
"O I","BBNJ WG",273,"environmental"
"O I","BBNJ WG",273,"obligations"
"O I","BBNJ WG",273,"constraining"
"O I","BBNJ WG",273,"extent"
"O I","BBNJ WG",273,"freedom"
"O I","BBNJ WG",273,"seas"
"O III","BBNJ WG",274,"provide"
"O III","BBNJ WG",274,"regulatory"
"O III","BBNJ WG",274,"regime"
"O III","BBNJ WG",274,"default"
"O III","BBNJ WG",274,"functioning"
"O III","BBNJ WG",274,"rfmos"
"O III","BBNJ WG",274,"addressing"
"O III","BBNJ WG",274,"biodiversity"
"O III","BBNJ WG",274,"concerns"
"W I","BBNJ WG",275,"reference"
"W I","BBNJ WG",275,"sustainable"
"W I","BBNJ WG",275,"requires"
"W I","BBNJ WG",275,"broader"
"W I","BBNJ WG",275,"reflection"
"W I","BBNJ WG",275,"strategies"
"W I","BBNJ WG",275,"achieve"
"W I","BBNJ WG",275,"sustainable"
"W I","BBNJ WG",275,"development"
"O V","BBNJ WG",276,"establish"
"O V","BBNJ WG",276,"legal"
"O V","BBNJ WG",276,"mandate"
"O V","BBNJ WG",276,"procedure"
"O V","BBNJ WG",276,"incorporating"
"O V","BBNJ WG",276,"systematic"
"O V","BBNJ WG",276,"approach"
"O V","BBNJ WG",276,"management"
"O V","BBNJ WG",276,"planning"
"O V","BBNJ WG",276,"decision"
"O III","BBNJ WG",277,"develop"
"O III","BBNJ WG",277,"effectively"
"O III","BBNJ WG",277,"managed"
"O III","BBNJ WG",277,"ecologically"
"O III","BBNJ WG",277,"representative"
"O III","BBNJ WG",277,"connected"
"O III","BBNJ WG",277,"system"
"O III","BBNJ WG",277,"mpas"
"O III","BBNJ WG",277,"abnj"
"O I","BBNJ WG",278,"define"
"O I","BBNJ WG",278,"criteria"
"O I","BBNJ WG",278,"conservation"
"O I","BBNJ WG",278,"objectives"
"O I","BBNJ WG",278,"processes"
"O I","BBNJ WG",278,"submitting"
"O I","BBNJ WG",278,"mpa"
"O I","BBNJ WG",278,"proposals"
"O I","BBNJ WG",278,"agreeing"
"O I","BBNJ WG",278,"management"
"O I","BBNJ WG",278,"measures"
"O I","BBNJ WG",278,"procedures"
"O I","BBNJ WG",278,"scientific"
"O I","BBNJ WG",278,"review"
"O I","BBNJ WG",278,"endorsement"
"O IV","BBNJ WG",279,"set"
"O IV","BBNJ WG",279,"objectives"
"O IV","BBNJ WG",279,"priorities"
"O IV","BBNJ WG",279,"time"
"O IV","BBNJ WG",279,"frames"
"O IV","BBNJ WG",279,"process"
"O IV","BBNJ WG",279,"review"
"O IV","BBNJ WG",279,"progress"
"O IV","BBNJ WG",279,"enhance"
"O IV","BBNJ WG",279,"cross"
"O IV","BBNJ WG",279,"sectoral"
"O IV","BBNJ WG",279,"cooperation"
"T III","BBNJ WG",280,"concern"
"T III","BBNJ WG",280,"absence"
"T III","BBNJ WG",280,"multilaterally"
"T III","BBNJ WG",280,"agreed"
"T III","BBNJ WG",280,"regime"
"T III","BBNJ WG",280,"mpas"
"T III","BBNJ WG",280,"reservations"
"T III","BBNJ WG",280,"legitimacy"
"T III","BBNJ WG",280,"mpas"
"T III","BBNJ WG",280,"designated"
"T III","BBNJ WG",280,"unilaterally"
"T II","IGC",281,"lack"
"T II","IGC",281,"implementation"
"T II","IGC",281,"monitoring"
"T II","IGC",281,"controling"
"T II","IGC",281,"surveillance"
"T II","IGC",281,"rules"
"T II","IGC",281,"due"
"T II","IGC",281,"insufficient"
"T II","IGC",281,"capital"
"T II","IGC",281,"investment"
"T II","IGC",281,"governance"
"O II","IGC",282,"create"
"O II","IGC",282,"common"
"O II","IGC",282,"platform"
"O II","IGC",282,"adoption"
"O II","IGC",282,"cross"
"O II","IGC",282,"sectoral"
"O II","IGC",282,"abmts"
"O II","IGC",282,"global"
"O II","IGC",282,"ocean"
"O II","IGC",282,"basin"
"O II","IGC",282,"level"
"O II","IGC",282,"enable"
"O II","IGC",282,"wider"
"O II","IGC",282,"marine"
"O II","IGC",282,"assessment"
"O II","IGC",282,"planning"
"O II","IGC",282,"boundaries"
"O II","IGC",282,"ensure"
"O II","IGC",282,"activities"
"O II","IGC",282,"affect"
"O II","IGC",282,"ocean"
"O II","IGC",282,"health"
"O II","IGC",282,"integrity"
"O II","IGC",282,"mpas"
"O I","IGC",283,"adjacency"
"O I","IGC",283,"limited"
"O I","IGC",283,"effects"
"O I","IGC",283,"term"
"O I","IGC",283,"potentially"
"O I","IGC",283,"affected"
"T III","IGC",284,"fishing"
"T III","IGC",284,"included"
"O V","IGC",285,"decision"
"O V","IGC",285,"body"
"O V","IGC",285,"provide"
"O V","IGC",285,"avenues"
"O V","IGC",285,"participation"
"O V","IGC",285,"ngos"
"O V","IGC",285,"igos"
"O V","IGC",285,"private"
"O V","IGC",285,"sector"
"O V","IGC",285,"scientific"
"O V","IGC",285,"community"
"O V","IGC",285,"academia"
"O V","IGC",285,"youth"
"O V","IGC",285,"women"
"O V","IGC",285,"indigenous"
"O V","IGC",285,"local"
"O V","IGC",285,"communities"
"O I","IGC",286,"suggestions"
"O I","IGC",286,"address"
"O I","IGC",286,"conceptual"
"O I","IGC",286,"ambiguities"
"O I","IGC",286,"institutional"
"O I","IGC",286,"gaps"
"O I","IGC",286,"implementation"
"O I","IGC",286,"abmts"
"O III","IGC",287,"marine"
"O III","IGC",287,"spatial"
"O III","IGC",287,"planning"
"O III","IGC",287,"main"
"O III","IGC",287,"approach"
"O V","IGC",288,"future"
"O V","IGC",288,"provide"
"O V","IGC",288,"international"
"O V","IGC",288,"tribunal"
"O V","IGC",288,"law"
"O V","IGC",288,"sea"
"O V","IGC",288,"itlos"
"O V","IGC",288,"advisory"
"O V","IGC",288,"jurisdiction"
"W II","IGC",289,"due"
"W II","IGC",289,"principle"
"W II","IGC",289,"exclusive"
"W II","IGC",289,"flag"
"W II","IGC",289,"jurisdiction"
"W II","IGC",289,"seas"
"W II","IGC",289,"implementation"
"W II","IGC",289,"tools"
"W II","IGC",289,"mpas"
"W II","IGC",289,"compromised"
"W III","IGC",290,"issue"
"W III","IGC",290,"adjacency"
"W III","IGC",290,"remains"
"W III","IGC",290,"contentious"
"W III","IGC",290,"issues"
"W III","IGC",290,"related"
"W III","IGC",290,"adoption"
"W III","IGC",290,"implementation"
"W III","IGC",290,"abmts"
"W III","IGC",290,"mpas"
"W III","IGC",290,"adjacent"
"W III","IGC",290,"maritime"
"W III","IGC",290,"territories"
"W I","IGC",291,"include"
"W I","IGC",291,"flexibilty"
"W I","IGC",291,"deal"
"T II","IGC",292,"disagreements"
"T II","IGC",292,"criteria"
"T II","IGC",292,"include"
"T II","IGC",292,"criteria"
"T II","IGC",292,"linked"
"T II","IGC",292,"adverse"
"T II","IGC",292,"impacts"
"T II","IGC",292,"climate"
"T II","IGC",292,"change"
"T II","IGC",292,"ocean"
"T II","IGC",292,"acidification"
"T II","IGC",292,"cumulative"
"T II","IGC",292,"transboundary"
"T II","IGC",292,"impacts"
"T II","IGC",292,"designing"
"T II","IGC",292,"abmts"
"T II","IGC",293,"establishment"
"T II","IGC",293,"seas"
"T II","IGC",293,"mpas"
"T II","IGC",293,"rise"
"T II","IGC",293,"conflicts"
"T II","IGC",293,"freedom"
"T II","IGC",293,"seas"
"W I","IGC",294,"explicit"
"W I","IGC",294,"environmental"
"W I","IGC",294,"damage"
"W I","IGC",294,"extent"
"W I","IGC",294,"liability"
"W I","IGC",294,"purpose"
"W I","IGC",294,"physical"
"W I","IGC",294,"remediation"
"W I","IGC",294,"restoration"
"W I","IGC",294,"marine"
"W I","IGC",294,"ecosystem"
"W I","IGC",294,"services"
"T II","IGC",295,"divergence"
"T II","IGC",295,"lower"
"T II","IGC",295,"income"
"O II","IGC",296,"create"
"O II","IGC",296,"reporting"
"O II","IGC",296,"obligations"
"O II","IGC",296,"paties"
"O II","IGC",296,"regional"
"O II","IGC",296,"sectoral"
"O II","IGC",296,"bodies"
"W I","IGC",297,"suggested"
"W I","IGC",297,"phrase"
"W I","IGC",297,"undermine"
"W I","IGC",297,"chosen"
"W I","IGC",297,"political"
"W I","IGC",297,"malleability"
"W I","IGC",297,"precise"
"W I","IGC",297,"understanding"
"W I","IGC",297,"meaning"
"O II","IGC",298,"system"
"O II","IGC",298,"oriented"
"O II","IGC",298,"joint"
"O II","IGC",298,"interplay"
"O II","IGC",298,"management"
"O II","IGC",298,"encourage"
"O II","IGC",298,"equal"
"O II","IGC",298,"bodies"
"O II","IGC",298,"engage"
"O II","IGC",298,"structured"
"O II","IGC",298,"communication"
"O II","IGC",298,"synergistic"
"O II","IGC",298,"collaboration"
"O III","IGC",299,"management"
"O III","IGC",299,"plans"
"O III","IGC",299,"protected"
"O III","IGC",299,"vulnerable"
"O III","IGC",299,"species"
"O III","IGC",299,"ecosystems"
"T V","IGC",300,"divisions"
"T V","IGC",300,"establish"
"T V","IGC",300,"decision"
"T V","IGC",300,"body"
"T V","IGC",300,"entitle"
"T V","IGC",300,"existing"
"T V","IGC",300,"regional"
"T V","IGC",300,"institutions"
"T V","IGC",300,"decide"
"T V","IGC",300,"mpas"
"T V","IGC",300,"proposals"
"O II","PrepCom",301,"encourage"
"O II","PrepCom",301,"inter"
"O II","PrepCom",301,"sectoral"
"O II","PrepCom",301,"inter"
"O II","PrepCom",301,"agency"
"O II","PrepCom",301,"coordination"
"O II","PrepCom",301,"abnj"
"O III","PrepCom",302,"create"
"O III","PrepCom",302,"additional"
"O III","PrepCom",302,"criteria"
"O III","PrepCom",302,"defining"
"O III","PrepCom",302,"ebsas"
"O III","PrepCom",302,"protect"
"O III","PrepCom",302,"ecosystems"
"O III","PrepCom",302,"developing"
"O III","PrepCom",302,"threats"
"W III","PrepCom",303,"adjacent"
"W III","PrepCom",303,"coastal"
"W III","PrepCom",303,"included"
"W III","PrepCom",303,"subcategory"
"O III","PrepCom",304,"benefit"
"O III","PrepCom",304,"experience"
"O III","PrepCom",304,"gained"
"O III","PrepCom",304,"existing"
"O III","PrepCom",304,"regional"
"O III","PrepCom",304,"global"
"O III","PrepCom",304,"approaches"
"O II","PrepCom",305,"broad"
"O II","PrepCom",305,"interpretation"
"O II","PrepCom",305,"term"
"O II","PrepCom",305,"undermine"
"O II","PrepCom",305,"facilitate"
"O II","PrepCom",305,"efforts"
"O II","PrepCom",305,"abilities"
"O II","PrepCom",305,"existing"
"O II","PrepCom",305,"bodies"
"O I","PrepCom",306,"provide"
"O I","PrepCom",306,"unifying"
"O I","PrepCom",306,"focus"
"O I","PrepCom",306,"science"
"O I","PrepCom",306,"collaboration"
"O I","PrepCom",306,"generate"
"O I","PrepCom",306,"knowledge"
"O I","PrepCom",306,"technology"
"O I","PrepCom",306,"transfer"
"O I","PrepCom",306,"capacity"
"O I","PrepCom",306,"development"
"O I","PrepCom",306,"enable"
"O I","PrepCom",306,"application"
"O I","PrepCom",306,"knowledge"
"O VI","PrepCom",307,"facilitate"
"O VI","PrepCom",307,"participation"
"O VI","PrepCom",307,"research"
"O VI","PrepCom",307,"programmes"
"O III","PrepCom",308,"consult"
"O III","PrepCom",308,"coastal"
"O III","PrepCom",308,"abmts"
"O III","PrepCom",308,"proposed"
"O III","PrepCom",308,"extended"
"O III","PrepCom",308,"continental"
"O III","PrepCom",308,"shelf"
"O IV","PrepCom",309,"build"
"O IV","PrepCom",309,"follow"
"O IV","PrepCom",309,"requirements"
"O IV","PrepCom",309,"surveillance"
"O IV","PrepCom",309,"effects"
"O IV","PrepCom",309,"permitted"
"O IV","PrepCom",309,"activities"
"O IV","PrepCom",309,"including"
"O IV","PrepCom",309,"fisheries"
"O II","PrepCom",310,"establish"
"O II","PrepCom",310,"regular"
"O II","PrepCom",310,"opposed"
"O II","PrepCom",310,"ad"
"O II","PrepCom",310,"hoc"
"O II","PrepCom",310,"cooperation"
"O II","PrepCom",310,"mechanisms"
"O II","PrepCom",310,"rfmos"
"O II","PrepCom",310,"global"
"O II","PrepCom",310,"regional"
"O II","PrepCom",310,"organisations"
"O II","PrepCom",310,"international"
"O II","PrepCom",310,"maritime"
"O II","PrepCom",310,"organization"
"O II","PrepCom",310,"imo"
"O II","PrepCom",310,"international"
"O II","PrepCom",310,"seabed"
"O II","PrepCom",310,"authority"
"O II","PrepCom",310,"isa"
"O II","PrepCom",310,"regional"
"O II","PrepCom",310,"seas"
"O II","PrepCom",310,"organizations"
"T III","PrepCom",311,"situation"
"T III","PrepCom",311,"antarctic"
"T III","PrepCom",311,"terrestrial"
"T III","PrepCom",311,"sovereignty"
"T III","PrepCom",311,"antarctic"
"T III","PrepCom",311,"treaty"
"T III","PrepCom",311,"southern"
"T III","PrepCom",311,"ocean"
"T III","PrepCom",311,"ilbi"
"T III","PrepCom",311,"apply"
"T III","PrepCom",311,"identified"
"O III","PrepCom",312,"update"
"O III","PrepCom",312,"develop"
"O III","PrepCom",312,"regime"
"O III","PrepCom",312,"seas"
"O III","PrepCom",312,"fisheries"
"O III","PrepCom",312,"contained"
"O III","PrepCom",312,"unclos"
"O III","PrepCom",312,"fish"
"O III","PrepCom",312,"stocks"
"O III","PrepCom",312,"southern"
"O III","PrepCom",312,"ocean"
"O III","PrepCom",313,"rights"
"O III","PrepCom",313,"duties"
"O III","PrepCom",313,"national"
"O III","PrepCom",313,"jurisdiction"
"O III","PrepCom",314,"move"
"O III","PrepCom",314,"sectoral"
"O III","PrepCom",314,"fragmented"
"O III","PrepCom",314,"abnj"
"O III","PrepCom",314,"management"
"O III","PrepCom",314,"system"
"O III","PrepCom",314,"holistic"
"O III","PrepCom",314,"based"
"O III","PrepCom",314,"ecosystem"
"O III","PrepCom",314,"approach"
"W III","PrepCom",315,"adoption"
"W III","PrepCom",315,"resolve"
"W III","PrepCom",315,"gaps"
"W III","PrepCom",315,"rfmo"
"W III","PrepCom",315,"coverage"
"W III","PrepCom",315,"secures"
"W III","PrepCom",315,"universal"
"W III","PrepCom",315,"participation"
"O I","PrepCom",316,"articulate"
"O I","PrepCom",316,"practice"
"O I","PrepCom",316,"standards"
"O I","PrepCom",316,"eias"
"O I","PrepCom",316,"seas"
"O I","PrepCom",316,"msp"
"W II","PrepCom",317,"preparatory"
"W II","PrepCom",317,"committee"
"W II","PrepCom",317,"reach"
"W II","PrepCom",317,"substantive"
"W II","PrepCom",317,"matters"
"W II","PrepCom",317,"consensus"
"O II","PrepCom",318,"harmonize"
"O II","PrepCom",318,"enhance"
"O II","PrepCom",318,"existing"
"O II","PrepCom",318,"governance"
"O II","PrepCom",318,"mechanisms"
"O II","BBNJ WG",319,"recognize"
"O II","BBNJ WG",319,"role"
"O II","BBNJ WG",319,"organizations"
"O II","BBNJ WG",319,"rfmos"
"O II","BBNJ WG",319,"deferring"
"O I","BBNJ WG",320,"provide"
"O I","BBNJ WG",320,"harmonised"
"O I","BBNJ WG",320,"mandates"
"O I","BBNJ WG",320,"rigorous"
"O I","BBNJ WG",320,"performance"
"O I","BBNJ WG",320,"standards"
"O I","BBNJ WG",320,"sectors"
"O I","BBNJ WG",320,"regions"
"W I","BBNJ WG",321,"sets"
"W I","BBNJ WG",321,"list"
"W I","BBNJ WG",321,"highly"
"W I","BBNJ WG",321,"complex"
"W I","BBNJ WG",321,"mechanisms"
"W I","BBNJ WG",321,"tools"
"W I","BBNJ WG",321,"procedural"
"W I","BBNJ WG",321,"nature"
"W I","BBNJ WG",321,"require"
"W I","BBNJ WG",321,"legal"
"W I","BBNJ WG",321,"structuring"
"O I","BBNJ WG",322,"designate"
"O I","BBNJ WG",322,"create"
"O I","BBNJ WG",322,"science"
"O I","BBNJ WG",322,"body"
"O I","BBNJ WG",322,"inform"
"O I","BBNJ WG",322,"systematic"
"O I","BBNJ WG",322,"planning"
"O I","BBNJ WG",322,"efforts"
"O I","BBNJ WG",323,"define"
"O I","BBNJ WG",323,"criteria"
"O I","BBNJ WG",323,"conservation"
"O I","BBNJ WG",323,"objectives"
"O I","BBNJ WG",323,"processes"
"O I","BBNJ WG",323,"submitting"
"O I","BBNJ WG",323,"mpa"
"O I","BBNJ WG",323,"proposals"
"O I","BBNJ WG",323,"agreeing"
"O I","BBNJ WG",323,"management"
"O I","BBNJ WG",323,"measures"
"O I","BBNJ WG",323,"procedures"
"O I","BBNJ WG",323,"scientific"
"O I","BBNJ WG",323,"review"
"O I","BBNJ WG",323,"endorsement"
"O III","BBNJ WG",324,"oblige"
"O III","BBNJ WG",324,"parties"
"O III","BBNJ WG",324,"comply"
"O III","BBNJ WG",324,"agreed"
"O III","BBNJ WG",324,"mpa"
"O III","BBNJ WG",324,"management"
"O III","BBNJ WG",324,"measures"
"O III","BBNJ WG",324,"authorise"
"O III","BBNJ WG",324,"undertake"
"O III","BBNJ WG",324,"activities"
"O III","BBNJ WG",324,"contrary"
"O III","BBNJ WG",324,"objectives"
"O III","BBNJ WG",324,"mpa"
"O III","BBNJ WG",324,"established"
"O III","BBNJ WG",325,"ensure"
"O III","BBNJ WG",325,"marine"
"O III","BBNJ WG",325,"abnj"
"O III","BBNJ WG",325,"benefit"
"O III","BBNJ WG",325,"baseline"
"O III","BBNJ WG",325,"level"
"O III","BBNJ WG",325,"protection"
"O III","BBNJ WG",325,"ecologically"
"O III","BBNJ WG",325,"biologically"
"O III","BBNJ WG",325,"significant"
"O III","BBNJ WG",325,"encompassed"
"O III","BBNJ WG",325,"mpa"
"O III","BBNJ WG",325,"networks"
"O III","BBNJ WG",325,"protected"
"T II","BBNJ WG",326,"reluctance"
"T II","BBNJ WG",326,"organisations"
"T II","BBNJ WG",326,"mpas"
"T II","BBNJ WG",326,"tool"
"T II","BBNJ WG",326,"restricting"
"T II","BBNJ WG",326,"activities"
"T II","BBNJ WG",326,"covered"
"T II","BBNJ WG",326,"freedom"
"T II","BBNJ WG",326,"seas"
"T II","BBNJ WG",326,"navigation"
"T II","BBNJ WG",326,"fishing"
"O I","IGC",327,"broadening"
"O I","IGC",327,"existing"
"O I","IGC",327,"concepts"
"O I","IGC",327,"reflect"
"O I","IGC",327,"interconnectivity"
"O I","IGC",327,"intrinsic"
"O I","IGC",327,"nature"
"O III","IGC",328,"abmts"
"O III","IGC",328,"compatible"
"O III","IGC",328,"conservation"
"O III","IGC",328,"sustainable"
"O III","IGC",328,"measures"
"O III","IGC",328,"national"
"O III","IGC",328,"jurisdiction"
"O II","IGC",329,"possibility"
"O II","IGC",329,"apply"
"O II","IGC",329,"polycentric"
"O II","IGC",329,"approach"
"O II","IGC",329,"abnj"
"O II","IGC",329,"governance"
"O II","IGC",329,"spatial"
"O II","IGC",329,"division"
"O II","IGC",329,"global"
"O II","IGC",329,"ocean"
"O II","IGC",329,"scale"
"O II","IGC",329,"regional"
"O II","IGC",329,"clusters"
"O II","IGC",329,"enhance"
"O II","IGC",329,"cooperation"
"O II","IGC",329,"coordination"
"O II","IGC",329,"coherence"
"O II","IGC",330,"integration"
"O II","IGC",330,"spatial"
"O II","IGC",330,"planning"
"O II","IGC",330,"stakeholder"
"O II","IGC",330,"cooperation"
"O II","IGC",330,"based"
"O II","IGC",330,"management"
"O II","IGC",330,"tools"
"O II","IGC",330,"abmts"
"O II","IGC",330,"achieve"
"O II","IGC",330,"agreament"
"O II","IGC",330,"objectives"
"O II","IGC",331,"engage"
"O II","IGC",331,"actors"
"O II","IGC",331,"granting"
"O II","IGC",331,"observer"
"O II","IGC",331,"status"
"O II","IGC",331,"civil"
"O II","IGC",331,"society"
"O II","IGC",331,"organizations"
"O II","IGC",331,"accompanied"
"O II","IGC",331,"strong"
"O II","IGC",331,"support"
"O II","IGC",331,"participation"
"W III","IGC",332,"lack"
"W III","IGC",332,"discussion"
"W III","IGC",332,"create"
"W III","IGC",332,"robust"
"W III","IGC",332,"effective"
"W III","IGC",332,"institutional"
"W III","IGC",332,"coordination"
"W III","IGC",332,"competent"
"W III","IGC",332,"international"
"W III","IGC",332,"regional"
"W III","IGC",332,"bodies"
"W I","IGC",333,"include"
"W I","IGC",333,"explicit"
"W I","IGC",333,"reference"
"W I","IGC",333,"freedom"
"W I","IGC",333,"seas"
"W I","IGC",333,"common"
"W I","IGC",333,"heritage"
"W I","IGC",333,"mankind"
"W I","IGC",333,"principles"
"W III","IGC",334,"complexity"
"W III","IGC",334,"basic"
"W III","IGC",334,"characteristics"
"W III","IGC",334,"social"
"W III","IGC",334,"ecological"
"W III","IGC",334,"systems"
"W III","IGC",334,"addressed"
"W III","IGC",334,"draft"
"W III","IGC",334,"text"
"T I","IGC",335,"evidence"
"T I","IGC",335,"lead"
"T I","IGC",335,"differences"
"T I","IGC",335,"evidence"
"T I","IGC",335,"identify"
"T I","IGC",335,"site"
"T I","IGC",335,"versus"
"T I","IGC",335,"designate"
"T I","IGC",336,"accurate"
"T I","IGC",336,"definition"
"T I","IGC",336,"seas"
"T I","IGC",336,"mpas"
"T I","IGC",336,"international"
"T I","IGC",336,"community"
"W I","IGC",337,"detailed"
"W I","IGC",337,"elaboration"
"W I","IGC",337,"due"
"W I","IGC",337,"diligence"
"W I","IGC",337,"responsibilities"
"W I","IGC",337,"flag"
"W I","IGC",337,"entities"
"W I","IGC",337,"relation"
"W I","IGC",337,"activities"
"W I","IGC",337,"public"
"W I","IGC",337,"private"
"W I","IGC",337,"actors"
"W I","IGC",337,"damage"
"W I","IGC",337,"biodiversity"
"W I","IGC",337,"abnj"
"T V","IGC",338,"economically"
"T V","IGC",338,"powerful"
"T V","IGC",338,"ability"
"T V","IGC",338,"poorer"
"T V","IGC",338,"dictate"
"T V","IGC",338,"regulatory"
"T V","IGC",338,"content"
"T V","IGC",338,"international"
"T V","IGC",338,"policy"
"T V","IGC",338,"negotiations"
"T V","IGC",338,"congruent"
"T V","IGC",338,"economic"
"O III","IGC",339,"include"
"O III","IGC",339,"obligations"
"O III","IGC",339,"parties"
"O III","IGC",339,"address"
"O III","IGC",339,"issues"
"O III","IGC",339,"national"
"O III","IGC",339,"level"
"O III","IGC",339,"required"
"O III","IGC",339,"ensure"
"O III","IGC",339,"agreement's"
"O III","IGC",339,"proper"
"O III","IGC",339,"implementation"
"W II","IGC",340,"absence"
"W II","IGC",340,"institutional"
"W II","IGC",340,"mechanism"
"W II","IGC",340,"standards"
"W II","IGC",340,"recommended"
"W II","IGC",340,"practices"
"W II","IGC",340,"procedures"
"W II","IGC",340,"empower"
"W II","IGC",340,"implement"
"W II","IGC",340,"duties"
"W II","IGC",340,"protect"
"W II","IGC",340,"conserve"
"W II","IGC",340,"collectively"
"W II","IGC",340,"sectoral"
"W II","IGC",340,"lens"
"W II","IGC",340,"global"
"W II","IGC",340,"regional"
"W II","IGC",340,"level"
"O III","IGC",341,"rulemaking"
"O III","IGC",341,"body"
"O III","IGC",341,"framework"
"O III","IGC",341,"provide"
"O III","IGC",341,"backfilling"
"O III","IGC",341,"function"
"O III","IGC",341,"existing"
"O III","IGC",341,"mandates"
"O III","IGC",341,"insufficient"
"O III","IGC",341,"address"
"O III","IGC",341,"activities"
"O I","IGC",342,"definition"
"O I","IGC",342,"transboundary"
"O I","IGC",342,"pollution"
"O II","PrepCom",343,"create"
"O II","PrepCom",343,"regional"
"O II","PrepCom",343,"committees"
"O II","PrepCom",343,"composed"
"O II","PrepCom",343,"stake"
"O II","PrepCom",343,"abnj"
"O II","PrepCom",343,"localities"
"O II","PrepCom",343,"sectoral"
"O II","PrepCom",343,"management"
"O II","PrepCom",343,"bodies"
"O III","PrepCom",344,"integrate"
"O III","PrepCom",344,"formal"
"O III","PrepCom",344,"explicit"
"O III","PrepCom",344,"operationalization"
"O III","PrepCom",344,"precautionary"
"O III","PrepCom",344,"principle"
"O III","PrepCom",344,"criteria"
"O III","PrepCom",344,"mpas"
"O III","PrepCom",344,"abnj"
"W I","PrepCom",345,"lack"
"W I","PrepCom",345,"convergence"
"W I","PrepCom",345,"delegations"
"O II","PrepCom",346,"positive"
"O II","PrepCom",346,"interpretation"
"O II","PrepCom",346,"term"
"O II","PrepCom",346,"undermine"
"O II","PrepCom",346,"strengthen"
"O II","PrepCom",346,"role"
"O II","PrepCom",346,"existing"
"O II","PrepCom",346,"institutions"
"T I","PrepCom",347,"term"
"T I","PrepCom",347,"undermine"
"T I","PrepCom",347,"ambiguous"
"O II","PrepCom",348,"improve"
"O II","PrepCom",348,"implementation"
"O II","PrepCom",348,"duty"
"O II","PrepCom",348,"cooperate"
"O II","PrepCom",348,"science"
"O II","PrepCom",348,"technology"
"O VI","PrepCom",349,"establishment"
"O VI","PrepCom",349,"trust"
"O VI","PrepCom",349,"fund"
"O VI","PrepCom",349,"conservation"
"O VI","PrepCom",349,"management"
"O VI","PrepCom",349,"marine"
"O VI","PrepCom",349,"biodiversity"
"O VI","PrepCom",349,"abnj"
"O VI","PrepCom",349,"capacity"
"O VI","PrepCom",349,"building"
"O VI","PrepCom",349,"developing"
"O VI","PrepCom",349,"countries"
"O VI","PrepCom",349,"ensuring"
"O VI","PrepCom",349,"ethic"
"O VI","PrepCom",349,"environmental"
"O VI","PrepCom",349,"stewardship"
"O III","PrepCom",350,"define"
"O III","PrepCom",350,"obligations"
"O III","PrepCom",350,"cooperate"
"O III","PrepCom",350,"coastal"
"O IV","PrepCom",351,"comprehensive"
"O IV","PrepCom",351,"analysis"
"O IV","PrepCom",351,"marine"
"O IV","PrepCom",351,"environment"
"O IV","PrepCom",351,"assessing"
"O IV","PrepCom",351,"fishing"
"O IV","PrepCom",351,"activities"
"O IV","PrepCom",351,"due"
"O IV","PrepCom",351,"timing"
"O IV","PrepCom",351,"methods"
"O IV","PrepCom",351,"gear"
"O IV","PrepCom",351,"stocks"
"O IV","PrepCom",351,"targeted"
"O IV","PrepCom",351,"reasons"
"O IV","PrepCom",351,"harm"
"O II","PrepCom",352,"strengthen"
"O II","PrepCom",352,"governance"
"O II","PrepCom",352,"shared"
"O II","PrepCom",352,"fisheries"
"O II","PrepCom",352,"cooperating"
"O II","PrepCom",352,"rfmos"
"O II","PrepCom",352,"enhancing"
"O II","PrepCom",352,"role"
"O V","PrepCom",353,"provide"
"O V","PrepCom",353,"collaborative"
"O V","PrepCom",353,"forum"
"O V","PrepCom",353,"potential"
"O V","PrepCom",353,"financial"
"O V","PrepCom",353,"support"
"O V","PrepCom",353,"global"
"O V","PrepCom",353,"regional"
"O V","PrepCom",353,"organizations"
"O V","PrepCom",353,"coordinate"
"O V","PrepCom",353,"efforts"
"O V","PrepCom",353,"conservation"
"O V","PrepCom",353,"sustainable"
"O V","PrepCom",353,"marine"
"O V","PrepCom",353,"biodiversity"
"O V","PrepCom",353,"abnj"
"O I","PrepCom",354,"implement"
"O I","PrepCom",354,"clarify"
"O I","PrepCom",354,"regime"
"O I","PrepCom",354,"applicable"
"O I","PrepCom",354,"extended"
"O I","PrepCom",354,"continental"
"O I","PrepCom",354,"shelf"
"O III","PrepCom",355,"achieve"
"O III","PrepCom",355,"consistency"
"O III","PrepCom",355,"previously"
"O III","PrepCom",355,"examined"
"O III","PrepCom",355,"rights"
"O III","PrepCom",355,"sovereignty"
"O III","PrepCom",355,"jurisdiction"
"O III","PrepCom",355,"coastal"
"O III","PrepCom",355,"sustainable"
"O III","PrepCom",355,"ocean"
"O III","PrepCom",355,"governance"
"O III","PrepCom",356,"influence"
"O III","PrepCom",356,"shape"
"O III","PrepCom",356,"future"
"O III","PrepCom",356,"mandates"
"O III","PrepCom",356,"rfmos"
"O III","PrepCom",356,"filling"
"O III","PrepCom",356,"addressing"
"O III","PrepCom",356,"governance"
"O III","PrepCom",356,"gaps"
"O I","PrepCom",357,"ensure"
"O I","PrepCom",357,"public"
"O I","PrepCom",357,"engagement"
"O IV","PrepCom",358,"implement"
"O IV","PrepCom",358,"combination"
"O IV","PrepCom",358,"monitoring"
"O IV","PrepCom",358,"enforcement"
"O IV","PrepCom",358,"measures"
"O VI","PrepCom",359,"push"
"O VI","PrepCom",359,"equitable"
"O VI","PrepCom",359,"sharing"
"O VI","PrepCom",359,"benefits"
"O VI","PrepCom",359,"human"
"O VI","PrepCom",359,"activities"
"O VI","PrepCom",359,"abnj"
"O I","BBNJ WG",360,"provide"
"O I","BBNJ WG",360,"detail"
"O I","BBNJ WG",360,"environmental"
"O I","BBNJ WG",360,"protection"
"O I","BBNJ WG",360,"obligations"
"O I","BBNJ WG",360,"institutional"
"O I","BBNJ WG",360,"framework"
"O I","BBNJ WG",360,"implementation"
"O II","BBNJ WG",361,"aprovide"
"O II","BBNJ WG",361,"scope"
"O II","BBNJ WG",361,"external"
"O II","BBNJ WG",361,"review"
"O II","BBNJ WG",361,"global"
"O II","BBNJ WG",361,"community"
"O II","BBNJ WG",361,"representing"
"O II","BBNJ WG",361,"broader"
"O II","BBNJ WG",361,"range"
"O I","BBNJ WG",362,"identify"
"O I","BBNJ WG",362,"overarching"
"O I","BBNJ WG",362,"principles"
"O I","BBNJ WG",362,"applicable"
"O I","BBNJ WG",362,"biodiversity"
"O I","BBNJ WG",362,"abnj"
"O I","BBNJ WG",362,"emphasizing"
"O I","BBNJ WG",362,"ecosystem"
"O I","BBNJ WG",362,"precautionary"
"O I","BBNJ WG",362,"approaches"
"O I","BBNJ WG",362,"scientific"
"O I","BBNJ WG",362,"information"
"O III","BBNJ WG",363,"oblige"
"O III","BBNJ WG",363,"parties"
"O III","BBNJ WG",363,"comply"
"O III","BBNJ WG",363,"agreed"
"O III","BBNJ WG",363,"mpa"
"O III","BBNJ WG",363,"management"
"O III","BBNJ WG",363,"measures"
"O III","BBNJ WG",363,"authorise"
"O III","BBNJ WG",363,"undertake"
"O III","BBNJ WG",363,"activities"
"O III","BBNJ WG",363,"contrary"
"O III","BBNJ WG",363,"objectives"
"O III","BBNJ WG",363,"mpa"
"O III","BBNJ WG",363,"established"
"O III","BBNJ WG",364,"develop"
"O III","BBNJ WG",364,"process"
"O III","BBNJ WG",364,"spatial"
"O III","BBNJ WG",364,"planning"
"O III","BBNJ WG",364,"designed"
"O III","BBNJ WG",364,"foster"
"O III","BBNJ WG",364,"integrated"
"O III","BBNJ WG",364,"ecosystem"
"O III","BBNJ WG",364,"based"
"O III","BBNJ WG",364,"planning"
"O III","BBNJ WG",364,"management"
"O III","BBNJ WG",364,"includes"
"O III","BBNJ WG",364,"establishment"
"O III","BBNJ WG",364,"system"
"O III","BBNJ WG",364,"mpas"
"O III","BBNJ WG",364,"abnj"
"O II","BBNJ WG",365,"parties"
"O II","BBNJ WG",365,"agree"
"O II","BBNJ WG",365,"recognize"
"O II","BBNJ WG",365,"importance"
"O II","BBNJ WG",365,"environmentally"
"O II","BBNJ WG",365,"significant"
"O II","BBNJ WG",365,"authorize"
"O II","BBNJ WG",365,"undertake"
"O II","BBNJ WG",365,"activities"
"O II","BBNJ WG",365,"contrary"
"O II","BBNJ WG",365,"conservation"
"O II","BBNJ WG",365,"objectives"
"T II","BBNJ WG",366,"traditional"
"T II","BBNJ WG",366,"isolation"
"T II","BBNJ WG",366,"fisheries"
"T II","BBNJ WG",366,"management"
"T II","BBNJ WG",366,"oceans"
"T II","BBNJ WG",366,"governance"
"T II","BBNJ WG",366,"exacerbates"
"T II","BBNJ WG",366,"tension"
"T II","BBNJ WG",366,"fisheries"
"T II","BBNJ WG",366,"mpas"
"O VI","IGC",367,"individual"
"O VI","IGC",367,"decision"
"O VI","IGC",367,"makers"
"O VI","IGC",367,"ocean"
"O VI","IGC",367,"users"
"O VI","IGC",367,"actors"
"O VI","IGC",367,"considered"
"O VI","IGC",367,"duty"
"O VI","IGC",367,"access"
"O VI","IGC",367,"forms"
"O VI","IGC",367,"knowledge"
"T III","IGC",368,"coastal"
"T III","IGC",368,"required"
"T III","IGC",368,"ensure"
"T III","IGC",368,"activities"
"T III","IGC",368,"jurisdiction"
"T III","IGC",368,"undermine"
"T III","IGC",368,"effectiveness"
"T III","IGC",368,"measures"
"T III","IGC",368,"abmt"
"O III","IGC",369,"integrative"
"O III","IGC",369,"approaches"
"O III","IGC",369,"consideration"
"O III","IGC",369,"ecological"
"O III","IGC",369,"connectivity"
"O III","IGC",369,"vital"
"O III","IGC",369,"meet"
"O III","IGC",369,"conservation"
"O III","IGC",369,"sustainable"
"O III","IGC",369,"objectives"
"W III","IGC",370,"address"
"W III","IGC",370,"fishing"
"W III","IGC",370,"issues"
"W III","IGC",370,"contribute"
"W III","IGC",370,"iuu"
"W III","IGC",370,"fishing"
"W I","IGC",371,"battle"
"W I","IGC",371,"mare"
"W I","IGC",371,"liberum"
"W I","IGC",371,"chm"
"W I","IGC",371,"threaten"
"W I","IGC",371,"treaty"
"W I","IGC",371,"effort"
"W I","IGC",371,"governance"
"W I","IGC",371,"oceans"
"T II","IGC",372,"maritime"
"T II","IGC",372,"powers"
"T II","IGC",372,"united"
"T II","IGC",372,"united"
"T II","IGC",372,"kingdom"
"T II","IGC",372,"soviet"
"T II","IGC",372,"union"
"T II","IGC",372,"preferred"
"T II","IGC",372,"application"
"T II","IGC",372,"freedom"
"T II","IGC",372,"seas"
"T II","IGC",372,"principle"
"T II","IGC",372,"continue"
"T II","IGC",372,"exploiting"
"T II","IGC",372,"ocean"
"T II","IGC",372,"spaces"
"T II","IGC",372,"resources"
"W I","IGC",373,"lacks"
"W I","IGC",373,"elaboration"
"W I","IGC",373,"principles"
"W I","IGC",373,"operationalized"
"T II","IGC",374,"divergences"
"T II","IGC",374,"traditional"
"T II","IGC",374,"knowledge"
"T II","IGC",374,"designate"
"T II","IGC",374,"mpas"
"T II","IGC",375,"continue"
"T II","IGC",375,"express"
"T II","IGC",375,"reservations"
"T II","IGC",375,"instrument"
"T II","IGC",375,"arguing"
"T II","IGC",375,"strengthening"
"T II","IGC",375,"implementation"
"T II","IGC",375,"existing"
"T II","IGC",375,"instruments"
"T II","IGC",375,"sufficient"
"O III","IGC",376,"included"
"O III","IGC",376,"solid"
"O III","IGC",376,"legal"
"O III","IGC",376,"basis"
"O III","IGC",376,"establishment"
"O III","IGC",376,"sui"
"O III","IGC",376,"generis"
"O III","IGC",376,"liability"
"O III","IGC",376,"compensation"
"O III","IGC",376,"regime"
"O III","IGC",376,"aligned"
"O III","IGC",376,"proposed"
"O III","IGC",376,"rules"
"O III","IGC",376,"abmts"
"O III","IGC",376,"eias"
"T VI","IGC",377,"reputable"
"T VI","IGC",377,"environmental"
"T VI","IGC",377,"organizations"
"O V","IGC",378,"implementation"
"O V","IGC",378,"decision"
"O V","IGC",378,"body"
"O V","IGC",378,"role"
"O V","IGC",378,"interpretation"
"O V","IGC",378,"application"
"O V","IGC",378,"unclos"
"O II","IGC",379,"regular"
"O II","IGC",379,"conference"
"O II","IGC",379,"parties"
"O II","IGC",379,"overcome"
"O II","IGC",379,"obstacles"
"O II","IGC",379,"cooperation"
"O II","IGC",379,"allowing"
"O II","IGC",379,"delineate"
"O II","IGC",379,"precisely"
"O II","IGC",379,"party"
"O II","IGC",379,"expected"
"O II","IGC",379,"provide"
"O II","IGC",379,"clarity"
"O II","IGC",379,"applicable"
"O II","IGC",379,"norms"
"O II","IGC",379,"encourage"
"O II","IGC",379,"countries"
"O II","IGC",379,"cooperate"
"O IV","IGC",380,"provide"
"O IV","IGC",380,"alternative"
"O IV","IGC",380,"forum"
"O IV","IGC",380,"addressing"
"O IV","IGC",380,"environmental"
"O IV","IGC",380,"issues"
"O IV","IGC",380,"affecting"
"O IV","IGC",380,"abnj"
"O IV","IGC",380,"offer"
"O IV","IGC",380,"complementary"
"O IV","IGC",380,"additional"
"O IV","IGC",380,"opportunities"
"O IV","IGC",380,"habitat"
"O IV","IGC",380,"conservation"
"O III","IGC",381,"threats"
"O III","IGC",381,"transboundary"
"O III","IGC",381,"pollution"
"O III","IGC",381,"implementation"
"O III","IGC",381,"based"
"O III","IGC",381,"management"
"O III","IGC",381,"tools"
"O III","IGC",381,"including"
"O III","IGC",381,"mpas"
"O III","PrepCom",382,"learn"
"O III","PrepCom",382,"regional"
"O III","PrepCom",382,"experiences"
"O III","PrepCom",382,"implement"
"O III","PrepCom",382,"abmts"
"O III","PrepCom",382,"mpas"
"O III","PrepCom",382,"abnj"
"W V","PrepCom",383,"options"
"W V","PrepCom",383,"decision"
"W V","PrepCom",383,"issues"
"W V","PrepCom",383,"mpas"
"W V","PrepCom",383,"completely"
"T II","PrepCom",384,"conflict"
"T II","PrepCom",384,"common"
"T II","PrepCom",384,"heritage"
"T II","PrepCom",384,"mankind"
"T II","PrepCom",384,"freedom"
"T II","PrepCom",384,"seas"
"T II","PrepCom",384,"resolved"
"O II","PrepCom",385,"engage"
"O II","PrepCom",385,"cross"
"O II","PrepCom",385,"disciplinary"
"O II","PrepCom",385,"scientific"
"O II","PrepCom",385,"communities"
"O II","PrepCom",385,"legal"
"O II","PrepCom",385,"experts"
"O II","PrepCom",385,"enable"
"O II","PrepCom",385,"science"
"O II","PrepCom",385,"cooperation"
"O II","PrepCom",385,"basis"
"O II","PrepCom",385,"mutual"
"O II","PrepCom",385,"benefit"
"O II","PrepCom",385,"benefit"
"O II","PrepCom",385,"mankind"
"T II","PrepCom",386,"conflicting"
"T II","PrepCom",386,"opinions"
"T II","PrepCom",386,"governance"
"T II","PrepCom",386,"framework"
"O II","PrepCom",387,"create"
"O II","PrepCom",387,"dispute"
"O II","PrepCom",387,"settlement"
"O II","PrepCom",387,"process"
"O II","PrepCom",387,"resolve"
"O II","PrepCom",387,"disagreements"
"O II","PrepCom",387,"levels"
"O II","PrepCom",387,"environmental"
"O II","PrepCom",387,"protection"
"O V","PrepCom",388,"establish"
"O V","PrepCom",388,"institutionalized"
"O V","PrepCom",388,"approach"
"O V","PrepCom",388,"including"
"O V","PrepCom",388,"monitoring"
"O V","PrepCom",388,"scientific"
"O V","PrepCom",388,"body"
"O II","PrepCom",389,"balance"
"O II","PrepCom",389,"individual"
"O II","PrepCom",389,"stakeholders"
"O II","PrepCom",389,"common"
"O I","PrepCom",390,"gather"
"O I","PrepCom",390,"scientific"
"O I","PrepCom",390,"information"
"O I","PrepCom",390,"marine"
"O I","PrepCom",390,"biodiversity"
"O I","PrepCom",390,"abnj"
"O I","PrepCom",390,"wider"
"O I","PrepCom",390,"global"
"O I","PrepCom",390,"regional"
"O I","PrepCom",390,"sectoral"
"O I","PrepCom",390,"organizations"
"O I","PrepCom",390,"share"
"O I","PrepCom",390,"information"
"O I","PrepCom",390,"parties"
"O VI","PrepCom",391,"guided"
"O VI","PrepCom",391,"principles"
"O VI","PrepCom",391,"realism"
"O VI","PrepCom",391,"effectiveness"
"O VI","PrepCom",391,"responsibility"
"O VI","PrepCom",391,"characteristics"
"O VI","PrepCom",391,"developing"
"O VI","PrepCom",391,"countries"
"O VI","PrepCom",391,"lack"
"O VI","PrepCom",391,"scientific"
"O VI","PrepCom",391,"data"
"O VI","PrepCom",391,"information"
"O III","PrepCom",392,"include"
"O III","PrepCom",392,"mpas"
"O III","PrepCom",392,"marine"
"O III","PrepCom",392,"spatial"
"O III","PrepCom",392,"planning"
"O III","PrepCom",392,"intrinsically"
"O III","PrepCom",392,"linked"
"O II","PrepCom",393,"enhance"
"O II","PrepCom",393,"cooperation"
"O II","PrepCom",393,"existing"
"O II","PrepCom",393,"mechanisms"
"O II","PrepCom",393,"protection"
"O II","PrepCom",393,"marine"
"O II","PrepCom",393,"environment"
"O VI","PrepCom",394,"create"
"O VI","PrepCom",394,"targeted"
"O VI","PrepCom",394,"funding"
"O VI","PrepCom",394,"innovative"
"O VI","PrepCom",394,"finance"
"O VI","PrepCom",394,"mechanisms"
"O VI","PrepCom",395,"strengthen"
"O VI","PrepCom",395,"unclos"
"O VI","PrepCom",395,"capacity"
"O VI","PrepCom",395,"building"
"O VI","PrepCom",395,"foster"
"O VI","PrepCom",395,"conservation"
"O VI","PrepCom",395,"sustainable"
"T I","PrepCom",396,"undermining"
"T I","PrepCom",396,"existing"
"T I","PrepCom",396,"organizations"
"T I","PrepCom",396,"challenge"
"T I","PrepCom",396,"context"
"T I","PrepCom",396,"patchwork"
"T I","PrepCom",396,"relevant"
"T I","PrepCom",396,"sectoral"
"T I","PrepCom",396,"regulations"
"T I","PrepCom",396,"guidelines"
"T I","PrepCom",396,"spread"
"T I","PrepCom",396,"international"
"T I","PrepCom",396,"bodies"
"O II","BBNJ WG",397,"allowing"
"O II","BBNJ WG",397,"rfmos"
"O II","BBNJ WG",397,"submit"
"O II","BBNJ WG",397,"proposals"
"O II","BBNJ WG",397,"mpas"
"O II","BBNJ WG",397,"attendant"
"O II","BBNJ WG",397,"measures"
"O II","BBNJ WG",397,"decision"
"O II","BBNJ WG",397,"bodies"
"O II","BBNJ WG",397,"enhance"
"O II","BBNJ WG",397,"possibility"
"O II","BBNJ WG",397,"compliance"
"O II","BBNJ WG",397,"decision"
"O II","BBNJ WG",397,"establish"
"O II","BBNJ WG",397,"mpa"
"O II","BBNJ WG",397,"proposed"
"O III","BBNJ WG",398,"include"
"O III","BBNJ WG",398,"provisions"
"O III","BBNJ WG",398,"requiring"
"O III","BBNJ WG",398,"exercise"
"O III","BBNJ WG",398,"adequate"
"O III","BBNJ WG",398,"control"
"O III","BBNJ WG",398,"flag"
"O III","BBNJ WG",398,"vessels"
"O III","BBNJ WG",398,"beneficial"
"O III","BBNJ WG",398,"owners"
"O III","BBNJ WG",398,"nationals"
"O III","BBNJ WG",398,"private"
"O III","BBNJ WG",398,"public"
"O II","BBNJ WG",399,"adoption"
"O II","BBNJ WG",399,"modern"
"O II","BBNJ WG",399,"principles"
"O II","BBNJ WG",399,"ocean"
"O II","BBNJ WG",399,"conservation"
"O II","BBNJ WG",399,"management"
"O II","BBNJ WG",399,"improve"
"O II","BBNJ WG",399,"implementation"
"O II","BBNJ WG",399,"existing"
"O II","BBNJ WG",399,"regulatory"
"O II","BBNJ WG",399,"framework"
"O I","BBNJ WG",400,"designate"
"O I","BBNJ WG",400,"global"
"O I","BBNJ WG",400,"scientific"
"O I","BBNJ WG",400,"body"
"O I","BBNJ WG",400,"develop"
"O I","BBNJ WG",400,"proposals"
"O I","BBNJ WG",400,"mpas"
"O I","BBNJ WG",400,"approved"
"O I","BBNJ WG",400,"review"
"O I","BBNJ WG",400,"assisted"
"O I","BBNJ WG",400,"global"
"O I","BBNJ WG",400,"level"
"O I","BBNJ WG",400,"managed"
"O I","BBNJ WG",400,"regional"
"O I","BBNJ WG",400,"processes"
"O III","BBNJ WG",401,"require"
"O III","BBNJ WG",401,"parties"
"O III","BBNJ WG",401,"competent"
"O III","BBNJ WG",401,"regional"
"O III","BBNJ WG",401,"sectoral"
"O III","BBNJ WG",401,"organisations"
"O III","BBNJ WG",401,"coordinate"
"O III","BBNJ WG",401,"sectoral"
"O III","BBNJ WG",401,"based"
"O III","BBNJ WG",401,"measures"
"O III","BBNJ WG",401,"integrate"
"O III","BBNJ WG",401,"plans"
"O III","BBNJ WG",401,"achieve"
"O III","BBNJ WG",401,"healthy"
"O III","BBNJ WG",401,"oceans"
"O III","BBNJ WG",401,"marine"
"O III","BBNJ WG",401,"ecosystems"
"O III","BBNJ WG",401,"minimal"
"O III","BBNJ WG",401,"loss"
"O III","BBNJ WG",401,"adverse"
"O III","BBNJ WG",401,"impacts"
"O III","BBNJ WG",401,"marine"
"O III","BBNJ WG",401,"biodiversity"
"O III","BBNJ WG",401,"abnj"
"O II","BBNJ WG",402,"parties"
"O II","BBNJ WG",402,"commit"
"O II","BBNJ WG",402,"adopt"
"O II","BBNJ WG",402,"measures"
"O II","BBNJ WG",402,"encourage"
"O II","BBNJ WG",402,"compliance"
"O II","BBNJ WG",402,"guarantee"
"O II","BBNJ WG",402,"stakeholder"
"O II","BBNJ WG",402,"engages"
"O II","BBNJ WG",402,"activities"
"O II","BBNJ WG",402,"contrary"
"O II","BBNJ WG",402,"principles"
"O II","BBNJ WG",402,"purposes"
"O V","IGC",403,"creation"
"O V","IGC",403,"council"
"O V","IGC",403,"ocean"
"O V","IGC",403,"custodians"
"O V","IGC",403,"provide"
"O V","IGC",403,"voice"
"O V","IGC",403,"ocean"
"O V","IGC",403,"abnj"
"T II","IGC",404,"lack"
"T II","IGC",404,"responsability"
"T II","IGC",404,"coastal"
"T II","IGC",404,"guarantee"
"T II","IGC",404,"effectivesses"
"T II","IGC",404,"actions"
"T II","IGC",404,"abmt"
"T II","IGC",404,"create"
"T II","IGC",404,"gaps"
"T II","IGC",404,"conservation"
"T II","IGC",404,"actions"
"O II","IGC",405,"identifying"
"O II","IGC",405,"stakeholder"
"O II","IGC",405,"conflict"
"O II","IGC",405,"underlying"
"O II","IGC",405,"causation"
"O II","IGC",405,"aid"
"O II","IGC",405,"achieving"
"O II","IGC",405,"mutually"
"O II","IGC",405,"agreeable"
"O II","IGC",405,"abideable"
"O II","IGC",405,"middle"
"O II","IGC",405,"ground"
"O II","IGC",405,"management"
"O II","IGC",405,"options"
"W III","IGC",406,"implementation"
"W III","IGC",406,"abmts"
"W III","IGC",406,"mpas"
"W III","IGC",406,"seas"
"W III","IGC",406,"depend"
"W III","IGC",406,"exclusively"
"W III","IGC",406,"flag"
"W III","IGC",406,"exercising"
"W III","IGC",406,"freedoms"
"W III","IGC",406,"seas"
"W III","IGC",406,"relevant"
"W III","IGC",406,"mpas"
"W III","IGC",406,"parties"
"W III","IGC",406,"relevant"
"W III","IGC",406,"regional"
"W III","IGC",406,"instrument"
"W III","IGC",406,"body"
"T I","IGC",407,"delegates"
"T I","IGC",407,"continued"
"T I","IGC",407,"struggle"
"T I","IGC",407,"define"
"T I","IGC",407,"abmts"
"T I","IGC",407,"mpas"
"T I","IGC",407,"related"
"W I","IGC",408,"suggestions"
"W I","IGC",408,"information"
"W I","IGC",408,"related"
"W I","IGC",408,"relevant"
"W I","IGC",408,"stakeholder"
"W I","IGC",408,"act"
"W I","IGC",408,"results"
"W I","IGC",408,"reviewing"
"W I","IGC",408,"mechanisms"
"T II","IGC",409,"elements"
"T II","IGC",409,"pre"
"T II","IGC",409,"existing"
"T II","IGC",409,"ocean"
"T II","IGC",409,"governance"
"T II","IGC",409,"regime"
"T II","IGC",409,"political"
"T II","IGC",409,"geography"
"T II","IGC",409,"oceans"
"T II","IGC",409,"borders"
"T II","IGC",409,"undefined"
"T II","IGC",409,"contested"
"T IV","IGC",410,"divergences"
"T IV","IGC",410,"management"
"T IV","IGC",410,"measures"
"T IV","IGC",410,"supervisory"
"T IV","IGC",410,"measures"
"T IV","IGC",410,"seas"
"T IV","IGC",410,"mpas"
"O II","IGC",411,"igc"
"O II","IGC",411,"strive"
"O II","IGC",411,"ensure"
"O II","IGC",411,"universal"
"O II","IGC",411,"support"
"O II","IGC",411,"including"
"O II","IGC",411,"provisions"
"O II","IGC",411,"responsibility"
"O II","IGC",411,"liability"
"O II","IGC",412,"undermine"
"O II","IGC",412,"existing"
"O II","IGC",412,"relevant"
"O II","IGC",412,"legal"
"O II","IGC",412,"instruments"
"O II","IGC",413,"opportunity"
"O II","IGC",413,"articulate"
"O II","IGC",413,"effect"
"O II","IGC",413,"duty"
"O II","IGC",413,"protect"
"O II","IGC",413,"preserve"
"O II","IGC",413,"marine"
"O II","IGC",413,"environment"
"O II","IGC",413,"advance"
"O II","IGC",413,"integrated"
"O II","IGC",413,"cross"
"O II","IGC",413,"sectoral"
"O II","IGC",413,"institutional"
"O II","IGC",413,"mechanisms"
"O II","IGC",413,"ensure"
"O II","IGC",413,"implementation"
"O II","IGC",414,"consultation"
"O II","IGC",414,"undermining"
"O II","IGC",414,"avoided"
"O II","IGC",414,"based"
"O II","IGC",414,"specific"
"O II","IGC",414,"proposals"
"O II","IGC",414,"sacrificing"
"O II","IGC",414,"benefits"
"O II","IGC",414,"comprehensive"
"O II","IGC",414,"regime"
"O III","IGC",415,"prevent"
"O III","IGC",415,"reduce"
"O III","IGC",415,"control"
"O III","IGC",415,"transboundary"
"O III","IGC",415,"pollutants"
"O III","IGC",415,"underwater"
"O III","IGC",415,"noise"
"O I","PrepCom",416,"implement"
"O I","PrepCom",416,"mpas"
"O I","PrepCom",416,"stronger"
"O I","PrepCom",416,"existing"
"O I","PrepCom",416,"rfmo"
"O I","PrepCom",416,"closures"
"O I","PrepCom",416,"including"
"O I","PrepCom",416,"water"
"O I","PrepCom",416,"column"
"O I","PrepCom",416,"seabed"
"O I","PrepCom",416,"sites"
"O I","PrepCom",416,"completely"
"O I","PrepCom",416,"limits"
"O I","PrepCom",416,"human"
"O III","PrepCom",417,"due"
"O III","PrepCom",417,"regard"
"O III","PrepCom",417,"main"
"O III","PrepCom",417,"concept"
"O III","PrepCom",417,"regulating"
"O III","PrepCom",417,"relationships"
"O III","PrepCom",417,"coastal"
"O III","PrepCom",417,"carrying"
"O III","PrepCom",417,"activities"
"O III","PrepCom",417,"abnj"
"O I","PrepCom",418,"science"
"O I","PrepCom",418,"diplomacy"
"O I","PrepCom",418,"strengthen"
"O I","PrepCom",418,"international"
"O I","PrepCom",418,"alliances"
"T II","PrepCom",419,"divergent"
"T II","PrepCom",419,"conflict"
"T II","PrepCom",419,"proximity"
"T II","PrepCom",419,"inclusiveness"
"O III","PrepCom",420,"coastal"
"O III","PrepCom",420,"establish"
"O III","PrepCom",420,"abmts"
"O III","PrepCom",420,"water"
"O III","PrepCom",420,"extended"
"O III","PrepCom",420,"continental"
"O III","PrepCom",420,"shelf"
"O III","PrepCom",420,"support"
"O III","PrepCom",420,"environmental"
"O III","PrepCom",420,"protection"
"O III","PrepCom",420,"measures"
"O III","PrepCom",420,"respect"
"O III","PrepCom",420,"shelf"
"O III","PrepCom",420,"biodiversity"
"O II","PrepCom",421,"fisheries"
"O II","PrepCom",421,"context"
"O II","PrepCom",421,"build"
"O II","PrepCom",421,"existing"
"O II","PrepCom",421,"unclos"
"O II","PrepCom",421,"fish"
"O II","PrepCom",421,"stock"
"O II","PrepCom",421,"provisions"
"O II","PrepCom",421,"extending"
"O II","PrepCom",421,"broad"
"O II","PrepCom",421,"biodiversity"
"O II","PrepCom",421,"considerations"
"O II","PrepCom",421,"types"
"O II","PrepCom",421,"fisheries"
"O III","PrepCom",422,"integrate"
"O III","PrepCom",422,"relevant"
"O III","PrepCom",422,"elements"
"O III","PrepCom",422,"impacting"
"O III","PrepCom",422,"biodiversity"
"O III","PrepCom",422,"abnj"
"O III","PrepCom",422,"develop"
"O III","PrepCom",422,"regime"
"O III","PrepCom",422,"cover"
"O III","PrepCom",422,"completely"
"O III","PrepCom",422,"broadly"
"O II","PrepCom",423,"form"
"O II","PrepCom",423,"constructive"
"O II","PrepCom",423,"links"
"O II","PrepCom",423,"existing"
"O II","PrepCom",423,"cohesive"
"O II","PrepCom",423,"ocean"
"O II","PrepCom",423,"governance"
"O II","PrepCom",423,"instruments"
"O II","PrepCom",423,"institutions"
"O II","PrepCom",423,"south"
"O II","PrepCom",423,"west"
"O II","PrepCom",423,"pacific"
"T VI","PrepCom",424,"perspectives"
"T VI","PrepCom",424,"capacity"
"T VI","PrepCom",424,"building"
"T VI","PrepCom",424,"transfer"
"T VI","PrepCom",424,"technology"
"T VI","PrepCom",424,"remain"
"T VI","PrepCom",424,"developed"
"T VI","PrepCom",424,"developing"
"O I","PrepCom",425,"unclos"
"O I","PrepCom",425,"keystone"
"O I","PrepCom",425,"rules"
"O I","PrepCom",425,"marine"
"O I","PrepCom",425,"spatial"
"O I","PrepCom",425,"planning"
"O I","PrepCom",425,"national"
"O I","PrepCom",425,"jurisdiction"
"O II","PrepCom",426,"include"
"O II","PrepCom",426,"carefully"
"O II","PrepCom",426,"drafted"
"O II","PrepCom",426,"conflicts"
"O II","PrepCom",426,"clause"
"O II","PrepCom",426,"ensure"
"O II","PrepCom",426,"complementarity"
"O II","PrepCom",426,"existing"
"O II","PrepCom",426,"fisheries"
"O II","PrepCom",426,"agreements"
"O II","PrepCom",427,"establish"
"O II","PrepCom",427,"effective"
"O II","PrepCom",427,"institutional"
"O II","PrepCom",427,"framework"
"O III","PrepCom",428,"achieve"
"O III","PrepCom",428,"aichi"
"O III","PrepCom",428,"target"
"O III","PrepCom",428,"11"
"O III","PrepCom",428,"convention"
"O III","PrepCom",428,"biological"
"O III","PrepCom",428,"diversity"
"T II","PrepCom",429,"public"
"T II","PrepCom",429,"health"
"T II","PrepCom",429,"low"
"T II","PrepCom",429,"income"
"T II","PrepCom",429,"food"
"T II","PrepCom",429,"deficit"
"T II","PrepCom",429,"countries"
"T II","PrepCom",429,"impacted"
"T II","PrepCom",429,"occur"
"T II","PrepCom",429,"access"
"T II","PrepCom",429,"fish"
"O III","BBNJ WG",430,"provide"
"O III","BBNJ WG",430,"integrated"
"O III","BBNJ WG",430,"uniform"
"O III","BBNJ WG",430,"approach"
"O III","BBNJ WG",430,"establishment"
"O III","BBNJ WG",430,"mpas"
"O III","BBNJ WG",430,"achieved"
"O III","BBNJ WG",430,"sectoral"
"O III","BBNJ WG",430,"rfmos"
"O III","BBNJ WG",431,"bring"
"O III","BBNJ WG",431,"tools"
"O III","BBNJ WG",431,"governance"
"O III","BBNJ WG",431,"marine"
"O III","BBNJ WG",431,"biodiversity"
"O III","BBNJ WG",431,"abnj"
"O III","BBNJ WG",431,"multi"
"O III","BBNJ WG",431,"sectoral"
"O III","BBNJ WG",431,"mpas"
"O III","BBNJ WG",431,"strategic"
"O III","BBNJ WG",431,"environmental"
"O III","BBNJ WG",431,"assessments"
"O III","BBNJ WG",431,"access"
"O III","BBNJ WG",431,"benefit"
"O III","BBNJ WG",431,"sharing"
"O III","BBNJ WG",431,"mechanism"
"O II","BBNJ WG",432,"ensure"
"O II","BBNJ WG",432,"consistent"
"O II","BBNJ WG",432,"application"
"O II","BBNJ WG",432,"modern"
"O II","BBNJ WG",432,"ocean"
"O II","BBNJ WG",432,"governance"
"O II","BBNJ WG",432,"principles"
"O II","BBNJ WG",432,"sectoral"
"O II","BBNJ WG",432,"management"
"O II","BBNJ WG",432,"regimes"
"O II","BBNJ WG",432,"provide"
"O II","BBNJ WG",432,"enhanced"
"O II","BBNJ WG",432,"international"
"O II","BBNJ WG",432,"cooperation"
"O III","BBNJ WG",433,"develop"
"O III","BBNJ WG",433,"process"
"O III","BBNJ WG",433,"spatial"
"O III","BBNJ WG",433,"planning"
"O III","BBNJ WG",433,"designed"
"O III","BBNJ WG",433,"foster"
"O III","BBNJ WG",433,"integrated"
"O III","BBNJ WG",433,"ecosystem"
"O III","BBNJ WG",433,"based"
"O III","BBNJ WG",433,"planning"
"O III","BBNJ WG",433,"management"
"O III","BBNJ WG",433,"includes"
"O III","BBNJ WG",433,"establishment"
"O III","BBNJ WG",433,"system"
"O III","BBNJ WG",433,"mpas"
"O III","BBNJ WG",433,"abnj"
"O I","BBNJ WG",434,"provide"
"O I","BBNJ WG",434,"framework"
"O I","BBNJ WG",434,"comprehensive"
"O I","BBNJ WG",434,"cross"
"O I","BBNJ WG",434,"sectoral"
"O I","BBNJ WG",434,"integrated"
"O I","BBNJ WG",434,"protection"
"O I","BBNJ WG",434,"modern"
"O I","BBNJ WG",434,"management"
"O I","BBNJ WG",434,"approaches"
"O I","BBNJ WG",434,"tools"
"O I","BBNJ WG",434,"effective"
"O I","BBNJ WG",434,"compliance"
"O I","BBNJ WG",434,"enforcement"
"O I","BBNJ WG",434,"powers"
"T I","IGC",435,"science"
"T I","IGC",435,"policymakers"
"T I","IGC",435,"act"
"T I","IGC",435,"overwhelming"
"T I","IGC",435,"scientific"
"T I","IGC",435,"evidence"
"T I","IGC",435,"justify"
"T I","IGC",435,"decision"
"T II","IGC",436,"duty"
"T II","IGC",436,"undermine"
"T II","IGC",436,"complexity"
"T II","IGC",436,"existing"
"T II","IGC",436,"policy"
"T II","IGC",436,"institutional"
"T II","IGC",436,"landscape"
"T II","IGC",436,"hinder"
"T II","IGC",436,"implemention"
"T II","IGC",436,"science"
"T II","IGC",436,"based"
"T II","IGC",436,"approaches"
"W I","IGC",437,"provision"
"W I","IGC",437,"implementation"
"W I","IGC",437,"abmts"
"W I","IGC",437,"agreed"
"T II","IGC",438,"distinction"
"T II","IGC",438,"establishing"
"T II","IGC",438,"designating"
"T II","IGC",438,"mpas"
"T II","IGC",438,"countries"
"W I","IGC",439,"stakeholders"
"W I","IGC",439,"welcomed"
"W I","IGC",439,"negotiation"
"W I","IGC",439,"uncertain"
"W I","IGC",439,"instrument"
"W I","IGC",439,"include"
"W I","IGC",439,"interact"
"T I","IGC",440,"regional"
"T I","IGC",440,"sectoral"
"T I","IGC",440,"model"
"T I","IGC",440,"adpted"
"T I","IGC",440,"standards"
"T I","IGC",440,"guidelines"
"T I","IGC",440,"develop"
"T I","IGC",440,"means"
"T I","IGC",440,"low"
"T I","IGC",440,"level"
"T I","IGC",440,"scale"
"T I","IGC",440,"restriction"
"O I","IGC",441,"provide"
"O I","IGC",441,"form"
"O I","IGC",441,"operational"
"O I","IGC",441,"mechanism"
"O I","IGC",441,"ensure"
"O I","IGC",441,"compensation"
"O I","IGC",441,"paid"
"O I","IGC",441,"rehabilitation"
"O I","IGC",441,"liability"
"O I","IGC",441,"funds"
"O I","IGC",441,"form"
"O I","IGC",441,"reparation"
"O II","IGC",442,"design"
"O II","IGC",442,"institutional"
"O II","IGC",442,"framework"
"O II","IGC",442,"based"
"O II","IGC",442,"specific"
"O II","IGC",442,"interpretation"
"O II","IGC",442,"term"
"O II","IGC",442,"undermine"
"O III","IGC",443,"central"
"O III","IGC",443,"organizing"
"O III","IGC",443,"theme"
"O III","IGC",443,"enhancing"
"O III","IGC",443,"cooperation"
"O III","IGC",443,"coordination"
"O III","IGC",443,"ecosystem"
"O III","IGC",443,"based"
"O III","IGC",443,"management"
"O III","IGC",443,"based"
"O III","IGC",443,"science"
"O III","IGC",443,"precautionary"
"O III","IGC",443,"principle"
"O I","PrepCom",444,"identify"
"O I","PrepCom",444,"clearer"
"O I","PrepCom",444,"pathways"
"O I","PrepCom",444,"science"
"O I","PrepCom",444,"advice"
"O I","PrepCom",444,"ensuring"
"O I","PrepCom",444,"evidence"
"O I","PrepCom",444,"base"
"O I","PrepCom",444,"closures"
"O I","PrepCom",444,"sound"
"O I","PrepCom",444,"adequate"
"O I","PrepCom",444,"precautionary"
"O I","PrepCom",444,"nature"
"O III","PrepCom",445,"adapt"
"O III","PrepCom",445,"concept"
"O III","PrepCom",445,"range"
"O III","PrepCom",445,"conservation"
"O III","PrepCom",445,"migratory"
"O III","PrepCom",445,"species"
"O III","PrepCom",445,"wild"
"O III","PrepCom",445,"animals"
"O III","PrepCom",445,"reflect"
"O III","PrepCom",445,"oceanographic"
"O III","PrepCom",445,"ecological"
"O III","PrepCom",445,"connectivity"
"O III","PrepCom",446,"coastal"
"O III","PrepCom",446,"initiate"
"O III","PrepCom",446,"discussion"
"O III","PrepCom",446,"abmts"
"O III","PrepCom",446,"support"
"O III","PrepCom",446,"coastal"
"O III","PrepCom",446,"objectives"
"O V","PrepCom",447,"overcome"
"O V","PrepCom",447,"related"
"O V","PrepCom",447,"legal"
"O V","PrepCom",447,"relationships"
"O V","PrepCom",447,"unclos"
"O V","PrepCom",447,"treaties"
"O V","PrepCom",447,"basis"
"O V","PrepCom",447,"rfmos"
"O V","PrepCom",447,"constituted"
"T III","PrepCom",448,"abnj"
"T III","PrepCom",448,"remain"
"T III","PrepCom",448,"politically"
"T III","PrepCom",448,"jurisdictionally"
"T III","PrepCom",448,"defined"
"T III","PrepCom",448,"spaces"
"T III","PrepCom",448,"necessarily"
"T III","PrepCom",448,"follow"
"T III","PrepCom",448,"ecosystems"
"T III","PrepCom",448,"represent"
"T III","PrepCom",448,"essential"
"T III","PrepCom",448,"geophysical"
"T III","PrepCom",448,"unity"
"T III","PrepCom",448,"oceans"
"O III","PrepCom",449,"include"
"O III","PrepCom",449,"iucn"
"O III","PrepCom",449,"recommended"
"O III","PrepCom",449,"seas"
"O III","PrepCom",449,"principles"
"O III","PrepCom",449,"create"
"O III","PrepCom",449,"strong"
"O III","PrepCom",449,"link"
"O III","PrepCom",449,"south"
"O III","PrepCom",449,"west"
"O III","PrepCom",449,"pacific"
"O III","PrepCom",449,"regional"
"O III","PrepCom",449,"ocean"
"O III","PrepCom",449,"governance"
"O III","PrepCom",449,"system"
"O I","PrepCom",450,"include"
"O I","PrepCom",450,"provisions"
"O I","PrepCom",450,"freedom"
"O I","PrepCom",450,"lay"
"O I","PrepCom",450,"submarine"
"O I","PrepCom",450,"cables"
"O I","PrepCom",450,"pipelines"
"O III","PrepCom",451,"impel"
"O III","PrepCom",451,"rfmos"
"O III","PrepCom",451,"respect"
"O III","PrepCom",451,"principles"
"O III","PrepCom",451,"similar"
"O III","PrepCom",451,"fish"
"O III","PrepCom",451,"stocks"
"O II","PrepCom",452,"address"
"O II","PrepCom",452,"significant"
"O II","PrepCom",452,"governance"
"O II","PrepCom",452,"gaps"
"O II","PrepCom",452,"coverage"
"O II","PrepCom",452,"regional"
"O II","PrepCom",452,"seas"
"O II","PrepCom",452,"organizations"
"O IV","PrepCom",453,"include"
"O IV","PrepCom",453,"practical"
"O IV","PrepCom",453,"provisions"
"O IV","PrepCom",453,"ensure"
"O IV","PrepCom",453,"effective"
"O IV","PrepCom",453,"monitoring"
"O IV","PrepCom",453,"compliance"
"O IV","PrepCom",453,"surveillance"
"T II","PrepCom",454,"oecd"
"T II","PrepCom",454,"substantially"
"T II","PrepCom",454,"ldcs"
"T II","PrepCom",454,"sids"
"T II","PrepCom",454,"suggesting"
"T II","PrepCom",454,"imbalanced"
"T II","PrepCom",454,"representation"
"T II","PrepCom",454,"potential"
"T II","PrepCom",454,"result"
"T II","PrepCom",454,"skewed"
"T II","PrepCom",454,"negotiations"
"O II","BBNJ WG",455,"obligation"
"O II","BBNJ WG",455,"parties"
"O II","BBNJ WG",455,"support"
"O II","BBNJ WG",455,"fora"
"O II","BBNJ WG",455,"recognition"
"O II","BBNJ WG",455,"measures"
"O II","BBNJ WG",455,"adopted"
"O II","BBNJ WG",455,"treaty"
"T I","BBNJ WG",456,"underlying"
"T I","BBNJ WG",456,"conservation"
"T I","BBNJ WG",456,"management"
"T I","BBNJ WG",456,"governance"
"T I","BBNJ WG",456,"principles"
"T I","BBNJ WG",456,"institutional"
"T I","BBNJ WG",456,"framework"
"T I","BBNJ WG",456,"implementation"
"T I","BBNJ WG",456,"addressed"
"O III","BBNJ WG",457,"include"
"O III","BBNJ WG",457,"modern"
"O III","BBNJ WG",457,"governance"
"O III","BBNJ WG",457,"principles"
"O III","BBNJ WG",457,"ecosystem"
"O III","BBNJ WG",457,"approach"
"O III","BBNJ WG",457,"precautionary"
"O III","BBNJ WG",457,"principle"
"O III","BBNJ WG",457,"transparency"
"O III","BBNJ WG",457,"participation"
"O III","BBNJ WG",457,"decision"
"O III","BBNJ WG",457,"marking"
"O III","BBNJ WG",457,"processes"
"O III","BBNJ WG",457,"reflecting"
"O III","BBNJ WG",457,"legal"
"O III","BBNJ WG",457,"governance"
"O III","BBNJ WG",457,"considerations"
"O I","BBNJ WG",458,"provide"
"O I","BBNJ WG",458,"common"
"O I","BBNJ WG",458,"overarching"
"O I","BBNJ WG",458,"principles"
"O I","BBNJ WG",458,"objectives"
"O I","BBNJ WG",458,"process"
"O I","BBNJ WG",458,"review"
"O I","BBNJ WG",458,"implementation"
"O I","BBNJ WG",458,"progress"
"O I","IGC",459,"promotion"
"O I","IGC",459,"inclusive"
"O I","IGC",459,"terminology"
"O I","IGC",459,"reflects"
"O I","IGC",459,"diverse"
"O I","IGC",459,"knowledge"
"O I","IGC",459,"systems"
"O I","IGC",459,"stakeholder"
"O I","IGC",459,"values"
"O I","IGC",459,"enhance"
"O I","IGC",459,"support"
"O I","IGC",459,"science"
"O I","IGC",459,"based"
"O I","IGC",459,"approaches"
"W I","IGC",460,"scattered"
"W I","IGC",460,"references"
"W I","IGC",460,"cooperation"
"W I","IGC",460,"coordination"
"W I","IGC",460,"lacks"
"W I","IGC",460,"provision"
"W I","IGC",460,"relevant"
"W I","IGC",460,"modalities"
"T II","IGC",461,"underlying"
"T II","IGC",461,"criteria"
"T II","IGC",461,"justify"
"T II","IGC",461,"designating"
"T II","IGC",461,"abmts"
"T II","IGC",461,"mpas"
"T II","IGC",461,"continued"
"T II","IGC",461,"disagreement"
"T II","IGC",461,"including"
"T II","IGC",461,"climate"
"T II","IGC",461,"change"
"T II","IGC",461,"ocean"
"T II","IGC",461,"acidification"
"W I","IGC",462,"draft"
"W I","IGC",462,"text"
"W I","IGC",462,"include"
"W I","IGC",462,"textured"
"W I","IGC",462,"rules"
"W I","IGC",462,"responsiveness"
"W I","IGC",462,"accommodate"
"W I","IGC",462,"challenges"
"W I","IGC",462,"strengths"
"W I","IGC",462,"stakeholders"
"T III","IGC",463,"management"
"T III","IGC",463,"measures"
"T III","IGC",463,"seas"
"T III","IGC",463,"mpas"
"T III","IGC",463,"restrict"
"T III","IGC",463,"seas"
"T III","IGC",463,"freedoms"
"T III","IGC",463,"legally"
"T III","IGC",463,"bind"
"T III","IGC",463,"contracting"
"T III","IGC",463,"parties"
"O VI","IGC",464,"sids"
"O VI","IGC",464,"central"
"O VI","IGC",464,"successful"
"O VI","IGC",464,"outcome"
"O VI","IGC",464,"due"
"O VI","IGC",464,"dependence"
"O VI","IGC",464,"environmental"
"O VI","IGC",464,"services"
"O V","IGC",465,"options"
"O V","IGC",465,"organs"
"O V","IGC",465,"including"
"O V","IGC",465,"decision"
"O V","IGC",465,"body"
"O V","IGC",465,"forum"
"O V","IGC",465,"scientific"
"O V","IGC",465,"technical"
"O V","IGC",465,"body"
"O V","IGC",465,"subsidiary"
"O V","IGC",465,"bodies"
"O V","IGC",465,"secretariat"
"O III","IGC",466,"establish"
"O III","IGC",466,"system"
"O III","IGC",466,"governance"
"O III","IGC",466,"guidance"
"O III","IGC",466,"existing"
"O III","IGC",466,"institutions"
"O III","IGC",466,"creates"
"O III","IGC",466,"defining"
"O III","IGC",466,"powers"
"O III","IGC",466,"decision"
"O III","IGC",466,"rules"
"O III","IGC",466,"establishing"
"O III","IGC",466,"procedures"
"O III","IGC",466,"adopt"
"O III","IGC",466,"amend"
"O III","IGC",466,"substantive"
"O III","IGC",466,"rules"
"O III","IGC",466,"providing"
"O III","IGC",466,"methods"
"O III","IGC",466,"resolve"
"O III","IGC",466,"disputes"
"O I","PrepCom",467,"include"
"O I","PrepCom",467,"social"
"O I","PrepCom",467,"science"
"O I","PrepCom",467,"science"
"O I","PrepCom",467,"advisory"
"O I","PrepCom",467,"process"
"O I","PrepCom",467,"start"
"O VI","PrepCom",468,"explicitly"
"O VI","PrepCom",468,"provide"
"O VI","PrepCom",468,"aspect"
"O VI","PrepCom",468,"due"
"O VI","PrepCom",468,"regard"
"O VI","PrepCom",468,"achieve"
"O VI","PrepCom",468,"proportionate"
"O VI","PrepCom",468,"burden"
"O VI","PrepCom",468,"sharing"
"O VI","PrepCom",468,"developed"
"O VI","PrepCom",468,"developing"
"O III","PrepCom",469,"repeating"
"O III","PrepCom",469,"content"
"O III","PrepCom",469,"unclos"
"O III","PrepCom",469,"relation"
"O III","PrepCom",469,"continental"
"O III","PrepCom",469,"shelf"
"O III","PrepCom",469,"creating"
"O III","PrepCom",469,"workable"
"O III","PrepCom",469,"system"
"O III","PrepCom",469,"avoid"
"O III","PrepCom",469,"unnecessary"
"O III","PrepCom",469,"conflicts"
"O VI","PrepCom",470,"subsidiary"
"O VI","PrepCom",470,"mechanism"
"O VI","PrepCom",470,"empower"
"O VI","PrepCom",470,"global"
"O VI","PrepCom",470,"body"
"O VI","PrepCom",470,"decision"
"O VI","PrepCom",470,"abmts"
"O VI","PrepCom",470,"including"
"O VI","PrepCom",470,"mpas"
"O VI","PrepCom",470,"competent"
"O VI","PrepCom",470,"rfmo"
"T II","PrepCom",471,"wide"
"T II","PrepCom",471,"range"
"T II","PrepCom",471,"activities"
"T II","PrepCom",471,"abnj"
"T II","PrepCom",471,"difficult"
"T II","PrepCom",471,"identify"
"T II","PrepCom",471,"accommodate"
"T II","PrepCom",471,"relevant"
"T II","PrepCom",471,"stakeholders"
"O II","PrepCom",472,"create"
"O II","PrepCom",472,"compatibility"
"O II","PrepCom",472,"measures"
"O II","PrepCom",472,"pacific"
"O II","PrepCom",472,"island"
"O II","PrepCom",472,"countries"
"O II","PrepCom",472,"achieve"
"O II","PrepCom",472,"balance"
"O II","PrepCom",472,"biodiversity"
"O II","PrepCom",472,"conservation"
"T II","PrepCom",473,"consensus"
"T II","PrepCom",473,"lacking"
"T II","PrepCom",473,"principle"
"T II","PrepCom",473,"common"
"T II","PrepCom",473,"heritage"
"T II","PrepCom",473,"mankind"
"T II","PrepCom",473,"freedom"
"T II","PrepCom",473,"seas"
"T II","PrepCom",473,"applied"
"T II","PrepCom",473,"water"
"T II","PrepCom",473,"column"
"O II","PrepCom",474,"adopt"
"O II","PrepCom",474,"guidelines"
"O II","PrepCom",474,"promote"
"O II","PrepCom",474,"abmts"
"O II","PrepCom",474,"vulnerable"
"O II","PrepCom",474,"marine"
"O II","PrepCom",474,"ecosystems"
"O II","PrepCom",475,"expand"
"O II","PrepCom",475,"mandate"
"O II","PrepCom",475,"existing"
"O II","PrepCom",475,"sectoral"
"O II","PrepCom",475,"organizations"
"O II","PrepCom",475,"adopt"
"O II","PrepCom",475,"abmt"
"O II","PrepCom",475,"measures"
"O II","PrepCom",476,"enhance"
"O II","PrepCom",476,"capacity"
"O II","PrepCom",476,"rfmos"
"T VI","PrepCom",477,"capacity"
"T VI","PrepCom",477,"building"
"T VI","PrepCom",477,"transfer"
"T VI","PrepCom",477,"marine"
"T VI","PrepCom",477,"technology"
"T VI","PrepCom",477,"low"
"T VI","PrepCom",477,"priority"
"O I","BBNJ WG",478,"explain"
"O I","BBNJ WG",478,"detail"
"O I","BBNJ WG",478,"requirements"
"O I","BBNJ WG",478,"mpa"
"O I","BBNJ WG",478,"decision"
"O I","BBNJ WG",478,"processes"
"O I","BBNJ WG",478,"putting"
"O I","BBNJ WG",478,"identification"
"O I","BBNJ WG",478,"specific"
"O I","BBNJ WG",478,"measures"
"O I","BBNJ WG",478,"adopted"
"O I","BBNJ WG",478,"legal"
"O I","BBNJ WG",478,"effects"
"O I","BBNJ WG",478,"mpa"
"O III","BBNJ WG",479,"build"
"O III","BBNJ WG",479,"consensus"
"O III","BBNJ WG",479,"achieve"
"O III","BBNJ WG",479,"ecology"
"O III","BBNJ WG",479,"equity"
"O III","BBNJ WG",479,"elements"
"O III","BBNJ WG",479,"package"
"O III","BBNJ WG",479,"deal"
"O III","BBNJ WG",480,"fix"
"O III","BBNJ WG",480,"current"
"O III","BBNJ WG",480,"lack"
"O III","BBNJ WG",480,"cooperation"
"O III","BBNJ WG",480,"coordination"
"O III","BBNJ WG",480,"coherency"
"O III","BBNJ WG",480,"consistency"
"O III","BBNJ WG",480,"global"
"O III","BBNJ WG",480,"sectoral"
"O III","BBNJ WG",480,"regional"
"O III","BBNJ WG",480,"regimes"
"W III","IGC",481,"trump"
"W III","IGC",481,"regional"
"W III","IGC",481,"instruments"
"W III","IGC",481,"bodies"
"W III","IGC",481,"act"
"W III","IGC",481,"gap"
"W III","IGC",481,"filler"
"T I","IGC",482,"questions"
"T I","IGC",482,"designate"
"T I","IGC",482,"abmts"
"T I","IGC",482,"mpas"
"T I","IGC",482,"relevant"
"T I","IGC",482,"instruments"
"T I","IGC",482,"bodies"
"T I","IGC",482,"exist"
"T I","IGC",482,"lacking"
"T I","IGC",482,"coordination"
"O I","IGC",483,"provisions"
"O I","IGC",483,"include"
"O I","IGC",483,"specific"
"O I","IGC",483,"guidelines"
"O I","IGC",483,"achieve"
"O I","IGC",483,"principles"
"O I","IGC",483,"previously"
"O I","IGC",483,"stated"
"T II","IGC",484,"instrument"
"T II","IGC",484,"secure"
"T II","IGC",484,"widespread"
"T II","IGC",484,"acceptance"
"O I","IGC",485,"scientific"
"O I","IGC",485,"knowledge"
"O I","IGC",485,"expert"
"O I","IGC",485,"opinion"
"O I","IGC",485,"addressed"
"O I","IGC",485,"directly"
"O I","IGC",485,"including"
"O I","IGC",485,"provisions"
"O I","IGC",485,"remedying"
"O I","IGC",485,"restoring"
"O I","IGC",485,"marine"
"O I","IGC",485,"environmental"
"O I","IGC",485,"damage"
"T II","IGC",486,"views"
"T II","IGC",486,"genetic"
"T II","IGC",486,"material"
"T II","IGC",486,"living"
"T II","IGC",486,"resources"
"T II","IGC",486,"permeated"
"T II","IGC",486,"process"
"T II","IGC",486,"complicates"
"T II","IGC",486,"institutional"
"T II","IGC",486,"structure"
"O II","IGC",487,"enable"
"O II","IGC",487,"address"
"O II","IGC",487,"issues"
"O II","IGC",487,"purposive"
"O II","IGC",487,"rational"
"O II","IGC",487,"manner"
"O II","IGC",487,"ad"
"O II","IGC",487,"hoc"
"O II","IGC",487,"approach"
"O IV","PrepCom",488,"include"
"O IV","PrepCom",488,"management"
"O IV","PrepCom",488,"plans"
"O IV","PrepCom",488,"abmt"
"O IV","PrepCom",488,"mpa"
"O IV","PrepCom",488,"planning"
"O IV","PrepCom",488,"start"
"O IV","PrepCom",488,"including"
"O IV","PrepCom",488,"monitoring"
"O IV","PrepCom",488,"enforcement"
"O IV","PrepCom",488,"plans"
"O IV","PrepCom",488,"linked"
"O IV","PrepCom",488,"technologies"
"O IV","PrepCom",488,"transparency"
"T III","PrepCom",489,"concept"
"T III","PrepCom",489,"adjacency"
"T III","PrepCom",489,"employed"
"T III","PrepCom",489,"context"
"T III","PrepCom",489,"fisheries"
"T III","PrepCom",489,"elaborated"
"T III","PrepCom",489,"concept"
"T III","PrepCom",489,"compatibility"
"T III","PrepCom",489,"context"
"T III","PrepCom",489,"fish"
"T III","PrepCom",489,"stocks"
"O I","PrepCom",490,"elucidate"
"O I","PrepCom",490,"expectations"
"O I","PrepCom",490,"coastal"
"O I","PrepCom",490,"flag"
"O I","PrepCom",490,"operating"
"O I","PrepCom",490,"continental"
"O I","PrepCom",490,"shelf"
"T II","PrepCom",491,"environmentally"
"T II","PrepCom",491,"oriented"
"T II","PrepCom",491,"proposed"
"T II","PrepCom",491,"approach"
"T II","PrepCom",491,"rfmos"
"T II","PrepCom",491,"unwilling"
"T II","PrepCom",491,"negotiate"
"T II","PrepCom",491,"agree"
"T II","PrepCom",491,"treaty"
"T II","PrepCom",491,"provisions"
"T III","PrepCom",492,"undermining"
"T III","PrepCom",492,"existing"
"T III","PrepCom",492,"structures"
"T III","PrepCom",492,"slow"
"T III","PrepCom",492,"process"
"O VI","PrepCom",493,"strengthen"
"O VI","PrepCom",493,"systems"
"O VI","PrepCom",493,"global"
"O VI","PrepCom",493,"scientific"
"O VI","PrepCom",493,"capacity"
"O VI","PrepCom",493,"development"
"O VI","PrepCom",493,"technology"
"O VI","PrepCom",493,"transfer"
"O III","PrepCom",494,"integrate"
"O III","PrepCom",494,"questions"
"O III","PrepCom",494,"related"
"O III","PrepCom",494,"regulation"
"O III","PrepCom",494,"international"
"O III","PrepCom",494,"fisheries"
"O II","PrepCom",495,"enable"
"O II","PrepCom",495,"expand"
"O II","PrepCom",495,"regional"
"O II","PrepCom",495,"seas"
"O II","PrepCom",495,"organizations"
"O II","PrepCom",496,"promote"
"O II","PrepCom",496,"sharing"
"O II","PrepCom",496,"practices"
"O II","PrepCom",496,"exchange"
"O II","PrepCom",496,"rfmos"
"O II","PrepCom",496,"identify"
"O II","PrepCom",496,"pathways"
"O II","PrepCom",496,"conservation"
"O II","PrepCom",496,"sustainable"
"O II","PrepCom",496,"ensuring"
"O II","PrepCom",496,"timely"
"O II","PrepCom",496,"cooperative"
"O II","PrepCom",496,"responses"
"O II","PrepCom",496,"international"
"O II","PrepCom",496,"pressures"
"T II","PrepCom",497,"divergence"
"T II","PrepCom",497,"oecd"
"T II","PrepCom",497,"sids"
"T II","PrepCom",497,"ldcs"
"T II","PrepCom",497,"mgrs"
"T II","PrepCom",497,"abmts"
"T II","PrepCom",497,"package"
"T II","PrepCom",497,"elements"
"T II","PrepCom",497,"suggests"
"T II","PrepCom",497,"potential"
"T II","PrepCom",497,"challenge"
"T II","PrepCom",497,"consensus"
"T III","BBNJ WG",498,"excluding"
"T III","BBNJ WG",498,"fishing"
"T III","BBNJ WG",498,"activities"
"T III","BBNJ WG",498,"scope"
"T III","BBNJ WG",498,"makes"
"T III","BBNJ WG",498,"sense"
"O I","BBNJ WG",499,"guiding"
"O I","BBNJ WG",499,"principles"
"O I","BBNJ WG",499,"establish"
"O I","BBNJ WG",499,"mpas"
"O I","BBNJ WG",499,"conduct"
"O I","BBNJ WG",499,"eias"
"O II","BBNJ WG",500,"prevent"
"O II","BBNJ WG",500,"duplication"
"O II","BBNJ WG",500,"effort"
"O II","BBNJ WG",500,"enhancing"
"O II","BBNJ WG",500,"exchange"
"O II","BBNJ WG",500,"practices"
"O II","BBNJ WG",500,"information"
"O II","BBNJ WG",500,"regional"
"O II","BBNJ WG",500,"sectoral"
"O II","BBNJ WG",500,"organizations"
"W I","IGC",501,"main"
"W I","IGC",501,"question"
"W I","IGC",501,"remains"
"W I","IGC",501,"role"
"W I","IGC",501,"overarching"
"W I","IGC",501,"arrangement"
"W I","IGC",501,"complementary"
"W I","IGC",501,"respective"
"W I","IGC",501,"regional"
"W I","IGC",501,"bodies"
"W I","IGC",501,"mechanisms"
"O V","IGC",502,"procedural"
"O V","IGC",502,"flexibility"
"O V","IGC",502,"achieved"
"O V","IGC",502,"review"
"O V","IGC",502,"mechanisms"
"O V","IGC",502,"ensuring"
"O V","IGC",502,"measures"
"O V","IGC",502,"tools"
"O V","IGC",502,"chosen"
"O V","IGC",502,"effective"
"O V","IGC",502,"support"
"O V","IGC",502,"adaptability"
"O I","IGC",503,"aim"
"O I","IGC",503,"bolster"
"O I","IGC",503,"provisions"
"O I","IGC",503,"unclos"
"O I","IGC",503,"liability"
"O I","IGC",503,"compensation"
"O I","IGC",503,"achieve"
"O I","IGC",503,"purposes"
"O I","IGC",503,"avoid"
"O I","IGC",503,"minimize"
"O I","IGC",503,"restore"
"O I","IGC",503,"compensate"
"O I","IGC",503,"damage"
"O I","IGC",503,"marine"
"O I","IGC",503,"biodiversity"
"T II","IGC",504,"undermine"
"T II","IGC",504,"existing"
"T II","IGC",504,"relevant"
"T II","IGC",504,"legal"
"T II","IGC",504,"instruments"
"T II","IGC",504,"frameworks"
"T II","IGC",504,"relevant"
"T II","IGC",504,"global"
"T II","IGC",504,"regional"
"T II","IGC",504,"sectoral"
"T II","IGC",504,"bodies"
"O II","IGC",505,"creation"
"O II","IGC",505,"decision"
"O II","IGC",505,"body"
"O II","IGC",505,"scientific"
"O II","IGC",505,"technical"
"O II","IGC",505,"body"
"O II","IGC",505,"secretariat"
"O II","PrepCom",506,"implement"
"O II","PrepCom",506,"equitable"
"O II","PrepCom",506,"transparent"
"O II","PrepCom",506,"stakeholder"
"O II","PrepCom",506,"engagement"
"O II","PrepCom",506,"participation"
"O II","PrepCom",506,"design"
"O II","PrepCom",506,"designation"
"O II","PrepCom",506,"abmts"
"O II","PrepCom",506,"mpas"
"O II","PrepCom",506,"including"
"O II","PrepCom",506,"wide"
"O II","PrepCom",506,"range"
"O II","PrepCom",506,"user"
"O II","PrepCom",506,"communities"
"O II","PrepCom",506,"scientific"
"O II","PrepCom",506,"community"
"O II","PrepCom",506,"public"
"O III","PrepCom",507,"set"
"O III","PrepCom",507,"environmental"
"O III","PrepCom",507,"obligations"
"O III","PrepCom",507,"apply"
"O III","PrepCom",507,"activities"
"O III","PrepCom",507,"including"
"O III","PrepCom",507,"obligations"
"O III","PrepCom",507,"assess"
"O III","PrepCom",507,"environmental"
"O III","PrepCom",507,"impacts"
"O III","PrepCom",507,"activities"
"O III","PrepCom",507,"notify"
"O III","PrepCom",507,"consult"
"O III","PrepCom",507,"affected"
"O III","PrepCom",507,"undertaking"
"O III","PrepCom",507,"activities"
"O III","PrepCom",507,"possibility"
"O III","PrepCom",507,"harm"
"O III","PrepCom",507,"marine"
"O III","PrepCom",507,"environment"
"T II","PrepCom",508,"consensus"
"T II","PrepCom",508,"difficult"
"T II","PrepCom",508,"achieve"
"T II","PrepCom",508,"feasibility"
"T II","PrepCom",508,"establish"
"T II","PrepCom",508,"central"
"T II","PrepCom",508,"mechanism"
"T I","PrepCom",509,"parameters"
"T I","PrepCom",509,"governance"
"T I","PrepCom",509,"principle"
"T I","PrepCom",509,"cooperation"
"T I","PrepCom",509,"specifications"
"T I","PrepCom",509,"applicability"
"O VI","PrepCom",510,"match"
"O VI","PrepCom",510,"existing"
"O VI","PrepCom",510,"marine"
"O VI","PrepCom",510,"technology"
"O VI","PrepCom",510,"resources"
"O VI","PrepCom",510,"current"
"O VI","PrepCom",510,"regions"
"O II","PrepCom",511,"develop"
"O II","PrepCom",511,"collaborative"
"O II","PrepCom",511,"institutional"
"O II","PrepCom",511,"mechanisms"
"O II","PrepCom",511,"integrate"
"O II","PrepCom",511,"fisheries"
"O II","PrepCom",511,"environmental"
"O II","PrepCom",511,"activities"
"O II","PrepCom",512,"clarify"
"O II","PrepCom",512,"elaborate"
"O II","PrepCom",512,"unclos"
"O II","PrepCom",512,"duty"
"O II","PrepCom",512,"cooperate"
"O II","PrepCom",513,"payments"
"O II","PrepCom",513,"balancing"
"O II","PrepCom",513,"costs"
"O II","PrepCom",513,"benefits"
"O II","PrepCom",513,"stakeholder"
"O II","PrepCom",513,"ensure"
"O II","PrepCom",513,"acceptance"
"O II","PrepCom",513,"compliance"
"T II","PrepCom",514,"mismatch"
"T II","PrepCom",514,"timeframes"
"T II","PrepCom",514,"economic"
"T II","PrepCom",514,"loss"
"T II","PrepCom",514,"mpas"
"T II","PrepCom",514,"implementation"
"T II","PrepCom",514,"benefits"
"T II","PrepCom",514,"exploitation"
"T II","PrepCom",514,"mgrs"
"T II","BBNJ WG",515,"difficulty"
"T II","BBNJ WG",515,"apply"
"T II","BBNJ WG",515,"measures"
"O II","BBNJ WG",516,"create"
"O II","BBNJ WG",516,"stronger"
"O II","BBNJ WG",516,"vertical"
"O II","BBNJ WG",516,"horizontal"
"O II","BBNJ WG",516,"linkages"
"O II","BBNJ WG",516,"regional"
"O II","BBNJ WG",516,"environmental"
"O II","BBNJ WG",516,"protection"
"O II","BBNJ WG",516,"frameworks"
"O II","BBNJ WG",516,"global"
"O II","BBNJ WG",516,"regional"
"O II","BBNJ WG",516,"bodies"
"O II","BBNJ WG",516,"sectoral"
"O II","BBNJ WG",516,"responsibilities"
"O II","BBNJ WG",517,"establish"
"O II","BBNJ WG",517,"compliance"
"O II","BBNJ WG",517,"commission"
"O II","BBNJ WG",517,"charged"
"O II","BBNJ WG",517,"reviewing"
"O II","BBNJ WG",517,"performance"
"O II","BBNJ WG",517,"rfmos"
"O II","BBNJ WG",517,"regional"
"O II","BBNJ WG",517,"entities"
"O II","BBNJ WG",517,"enhance"
"O II","BBNJ WG",517,"implementation"
"W I","IGC",518,"relevant"
"W I","IGC",518,"measures"
"W I","IGC",518,"stating"
"W I","IGC",518,"parties"
"W I","IGC",518,"promote"
"W I","IGC",518,"coherence"
"W I","IGC",518,"complementarity"
"W I","IGC",518,"establishment"
"W I","IGC",518,"abmts"
"W I","IGC",518,"including"
"W I","IGC",518,"mpas"
"O V","IGC",519,"cop"
"O V","IGC",519,"settled"
"O V","IGC",519,"composed"
"O V","IGC",519,"technical"
"O V","IGC",519,"scientific"
"O V","IGC",519,"body"
"O V","IGC",519,"representativies"
"O V","IGC",519,"regional"
"O V","IGC",519,"international"
"O V","IGC",519,"organizations"
"O IV","IGC",520,"establish"
"O IV","IGC",520,"linkages"
"O IV","IGC",520,"project"
"O IV","IGC",520,"strategic"
"O IV","IGC",520,"eia"
"O IV","IGC",520,"reporting"
"O IV","IGC",520,"monitoring"
"O IV","IGC",520,"provisions"
"O IV","IGC",520,"future"
"O IV","IGC",520,"liability"
"O IV","IGC",520,"mechanism"
"O II","IGC",521,"build"
"O II","IGC",521,"model"
"O II","IGC",521,"reflect"
"O II","IGC",521,"modern"
"O II","IGC",521,"principles"
"O II","IGC",521,"precautionary"
"O II","IGC",521,"approach"
"O II","IGC",521,"specific"
"O II","IGC",521,"articles"
"O II","IGC",521,"annexes"
"O II","IGC",521,"articulating"
"O II","IGC",521,"requirements"
"O II","IGC",521,"guidelines"
"T III","PrepCom",522,"coastal"
"T III","PrepCom",522,"sovereign"
"T III","PrepCom",522,"rights"
"T III","PrepCom",522,"resources"
"T III","PrepCom",522,"continental"
"T III","PrepCom",522,"shelf"
"T III","PrepCom",522,"resources"
"T III","PrepCom",522,"found"
"T III","PrepCom",522,"water"
"T III","PrepCom",522,"column"
"T III","PrepCom",522,"national"
"T III","PrepCom",522,"jurisdiction"
"T III","PrepCom",522,"legal"
"T III","PrepCom",522,"separation"
"T III","PrepCom",522,"responsibility"
"T III","PrepCom",522,"creates"
"T III","PrepCom",522,"practical"
"T III","PrepCom",522,"effectiveness"
"T III","PrepCom",522,"conservation"
"T III","PrepCom",522,"abnj"
"T III","PrepCom",523,"fisheries"
"T III","PrepCom",523,"directly"
"T III","PrepCom",523,"included"
"O II","PrepCom",524,"create"
"O II","PrepCom",524,"integrated"
"O II","PrepCom",524,"cross"
"O II","PrepCom",524,"sectoral"
"O II","PrepCom",524,"system"
"O II","PrepCom",524,"oceans"
"O II","PrepCom",524,"governance"
"O II","PrepCom",524,"abnj"
"O II","PrepCom",524,"globally"
"O II","PrepCom",524,"southern"
"O II","PrepCom",524,"hemisphere"
"O II","PrepCom",525,"advance"
"O II","PrepCom",525,"set"
"O II","PrepCom",525,"cross"
"O II","PrepCom",525,"cutting"
"O II","PrepCom",525,"governance"
"O II","PrepCom",525,"principles"
"O II","PrepCom",525,"promote"
"O II","PrepCom",525,"integration"
"O II","PrepCom",525,"shaping"
"O II","PrepCom",525,"conduct"
"O II","PrepCom",525,"rfmos"
"O II","PrepCom",525,"institutions"
"O I","PrepCom",526,"establish"
"O I","PrepCom",526,"conservation"
"O I","PrepCom",526,"governance"
"O I","PrepCom",526,"principles"
"T II","PrepCom",527,"information"
"T II","PrepCom",527,"asymmetries"
"T II","PrepCom",527,"lack"
"T II","PrepCom",527,"monitoring"
"T II","PrepCom",527,"enforcement"
"T II","PrepCom",527,"exploited"
"T II","PrepCom",527,"parties"
"T II","PrepCom",527,"short"
"T II","PrepCom",527,"term"
"T II","PrepCom",527,"gains"
"T VI","PrepCom",528,"lack"
"T VI","PrepCom",528,"scientific"
"T VI","PrepCom",528,"capacity"
"T VI","PrepCom",528,"ldcs"
"T VI","PrepCom",528,"sids"
"T VI","PrepCom",528,"advise"
"T VI","PrepCom",528,"delegations"
"T VI","PrepCom",528,"governments"
"O IV","BBNJ WG",529,"provide"
"O IV","BBNJ WG",529,"regular"
"O IV","BBNJ WG",529,"process"
"O IV","BBNJ WG",529,"reviewing"
"O IV","BBNJ WG",529,"effectiveness"
"O IV","BBNJ WG",529,"unclos"
"O IV","BBNJ WG",529,"related"
"O IV","BBNJ WG",529,"agreements"
"O IV","BBNJ WG",529,"provide"
"O IV","BBNJ WG",529,"consistency"
"W III","IGC",530,"deprived"
"W III","IGC",530,"supremacy"
"W III","IGC",530,"significant"
"W III","IGC",530,"coordinating"
"W III","IGC",530,"role"
"W III","IGC",530,"regional"
"W III","IGC",530,"model"
"W III","IGC",530,"set"
"W III","IGC",530,"model"
"O V","IGC",531,"stakeholders"
"O V","IGC",531,"nominate"
"O V","IGC",531,"experts"
"O V","IGC",531,"recomendations"
"O V","IGC",531,"based"
"O V","IGC",531,"scientific"
"O V","IGC",531,"priorities"
"O V","IGC",531,"political"
"O III","IGC",532,"focused"
"O III","IGC",532,"prevention"
"O III","IGC",532,"deterrence"
"O III","IGC",532,"basis"
"O III","IGC",532,"polluter"
"O III","IGC",532,"pay"
"O III","IGC",532,"environmental"
"O III","IGC",532,"damage"
"O III","IGC",532,"cost"
"O III","IGC",532,"remediation"
"O III","IGC",532,"measures"
"O II","IGC",533,"address"
"O II","IGC",533,"gap"
"O II","IGC",533,"unclos"
"O II","IGC",533,"parties"
"O II","IGC",533,"effect"
"O II","IGC",533,"principle"
"O II","IGC",533,"protecting"
"O II","IGC",533,"biodiversity"
"O II","IGC",533,"marine"
"O II","IGC",533,"environment"
"O II","IGC",533,"applicable"
"O II","IGC",533,"sectors"
"O II","IGC",533,"regions"
"T III","PrepCom",534,"overlap"
"T III","PrepCom",534,"existing"
"T III","PrepCom",534,"mandate"
"T III","PrepCom",534,"rfmos"
"T III","PrepCom",535,"decentralized"
"T III","PrepCom",535,"approach"
"T III","PrepCom",535,"leaves"
"T III","PrepCom",535,"answer"
"T III","PrepCom",535,"fisheries"
"T III","PrepCom",535,"integrated"
"T III","PrepCom",535,"future"
"T III","PrepCom",535,"regime"
"O III","PrepCom",536,"establish"
"O III","PrepCom",536,"systematic"
"O III","PrepCom",536,"approach"
"O III","PrepCom",536,"mpa"
"O III","PrepCom",536,"network"
"O III","PrepCom",536,"creation"
"T III","PrepCom",537,"weak"
"T III","PrepCom",537,"implementing"
"T III","PrepCom",537,"result"
"T III","PrepCom",537,"continuation"
"T III","PrepCom",537,"status"
"T III","PrepCom",537,"quo"
"T III","PrepCom",537,"negligible"
"T III","PrepCom",537,"net"
"T III","PrepCom",537,"gains"
"T III","PrepCom",537,"losses"
"T III","PrepCom",537,"stakeholder"
"T II","PrepCom",538,"connectivity"
"T II","PrepCom",538,"marine"
"T II","PrepCom",538,"systems"
"T II","PrepCom",538,"means"
"T II","PrepCom",538,"management"
"T II","PrepCom",538,"abnj"
"T II","PrepCom",538,"spillover"
"T II","PrepCom",538,"effects"
"T II","PrepCom",538,"exclusive"
"T II","PrepCom",538,"economic"
"T II","PrepCom",538,"zones"
"T II","PrepCom",538,"sovereign"
"T II","PrepCom",538,"diverge"
"O I","BBNJ WG",539,"set"
"O I","BBNJ WG",539,"requirements"
"O I","BBNJ WG",539,"rfmo"
"O I","BBNJ WG",539,"flag"
"O I","BBNJ WG",539,"performance"
"O I","BBNJ WG",539,"accountability"
"W III","IGC",540,"tension"
"W III","IGC",540,"comprehensive"
"W III","IGC",540,"undermining"
"W III","IGC",540,"existing"
"W III","IGC",540,"instruments"
"W III","IGC",540,"frameworks"
"W III","IGC",540,"bodies"
"W III","IGC",540,"evident"
"O I","IGC",541,"ensure"
"O I","IGC",541,"traditonal"
"O I","IGC",541,"knowledge"
"O I","IGC",541,"incorporated"
"O I","IGC",541,"process"
"O I","IGC",542,"include"
"O I","IGC",542,"specific"
"O I","IGC",542,"provisions"
"O I","IGC",542,"restoration"
"O V","IGC",543,"empower"
"O V","IGC",543,"decision"
"O V","IGC",543,"body"
"O V","IGC",543,"body"
"O V","IGC",543,"establish"
"O V","IGC",543,"seas"
"O V","IGC",543,"mpas"
"O V","IGC",543,"approve"
"O V","IGC",543,"eias"
"O V","IGC",543,"aid"
"O V","IGC",543,"robust"
"O V","IGC",543,"scientific"
"O V","IGC",543,"committee"
"O V","IGC",543,"secretariat"
"O V","IGC",543,"coordinate"
"O V","IGC",543,"consultation"
"O V","IGC",543,"process"
"T II","PrepCom",544,"undermining"
"T II","PrepCom",544,"existing"
"T II","PrepCom",544,"relevant"
"T II","PrepCom",544,"legal"
"T II","PrepCom",544,"instruments"
"T II","PrepCom",544,"frameworks"
"T II","PrepCom",544,"relevant"
"T II","PrepCom",544,"global"
"T II","PrepCom",544,"regional"
"T II","PrepCom",544,"sectoral"
"T II","PrepCom",544,"bodies"
"T II","PrepCom",544,"solve"
"T II","PrepCom",544,"issues"
"T II","PrepCom",544,"related"
"T II","PrepCom",544,"fisheries"
"T II","PrepCom",545,"existing"
"T II","PrepCom",545,"complexities"
"T II","PrepCom",545,"coordinating"
"T II","PrepCom",545,"conservation"
"T II","PrepCom",545,"efforts"
"T II","PrepCom",545,"national"
"T II","PrepCom",545,"boundaries"
"T II","PrepCom",545,"abnj"
"W III","PrepCom",546,"compliance"
"W III","PrepCom",546,"difficult"
"W III","PrepCom",546,"achieve"
"W III","PrepCom",546,"biodiversity"
"W III","PrepCom",546,"related"
"W III","PrepCom",546,"provisions"
"W III","PrepCom",546,"existing"
"W III","PrepCom",546,"implementing"
"W III","PrepCom",546,"agreements"
"W III","PrepCom",546,"satisfactorily"
"W III","PrepCom",546,"met"
"O III","BBNJ WG",547,"interpret"
"O III","BBNJ WG",547,"applied"
"O III","BBNJ WG",547,"unclos"
"O III","BBNJ WG",547,"single"
"O III","BBNJ WG",547,"instrument"
"O III","BBNJ WG",547,"broad"
"O III","BBNJ WG",547,"mandate"
"O III","BBNJ WG",547,"parties"
"O III","BBNJ WG",547,"international"
"O III","BBNJ WG",547,"organizations"
"O III","BBNJ WG",547,"establish"
"O III","BBNJ WG",547,"maintain"
"O III","BBNJ WG",547,"representative"
"O III","BBNJ WG",547,"network"
"O III","BBNJ WG",547,"mpas"
"O III","BBNJ WG",547,"reserves"
"W III","IGC",548,"future"
"W III","IGC",548,"decisions"
"W III","IGC",548,"apparatus"
"W III","IGC",548,"bind"
"W III","IGC",548,"party"
"W III","IGC",548,"global"
"W III","IGC",548,"regional"
"W III","IGC",548,"organisations"
"W III","IGC",548,"imo"
"W III","IGC",548,"rfmos"
"O VI","IGC",549,"provide"
"O VI","IGC",549,"platform"
"O VI","IGC",549,"levels"
"O VI","IGC",549,"engagement"
"O VI","IGC",549,"stakeholders"
"O VI","IGC",549,"including"
"O VI","IGC",549,"stakeholders"
"O III","IGC",550,"imo"
"O III","IGC",550,"civil"
"O III","IGC",550,"liability"
"O III","IGC",550,"regime"
"O III","IGC",550,"guidance"
"O III","IGC",550,"set"
"O III","IGC",550,"claims"
"O III","IGC",550,"manual"
"O III","IGC",550,"relating"
"O III","IGC",550,"reinstatement"
"O III","IGC",550,"restoration"
"O III","IGC",550,"contaminated"
"O III","IGC",550,"environment"
"O III","IGC",550,"framed"
"O III","IGC",550,"negotiations"
"O V","IGC",551,"create"
"O V","IGC",551,"body"
"O V","IGC",551,"actively"
"O V","IGC",551,"directly"
"O V","IGC",551,"carry"
"O V","IGC",551,"objectives"
"T III","PrepCom",552,"delegations"
"T III","PrepCom",552,"expressed"
"T III","PrepCom",552,"divergent"
"T III","PrepCom",552,"views"
"T III","PrepCom",552,"fisheries"
"T III","PrepCom",552,"issues"
"O VI","BBNJ WG",553,"create"
"O VI","BBNJ WG",553,"mechanism"
"O VI","BBNJ WG",553,"financial"
"O VI","BBNJ WG",553,"technical"
"O VI","BBNJ WG",553,"assistance"
"O VI","BBNJ WG",553,"build"
"O VI","BBNJ WG",553,"capacity"
"O VI","BBNJ WG",553,"facilitate"
"O VI","BBNJ WG",553,"developing"
"O VI","BBNJ WG",553,"country"
"O VI","BBNJ WG",553,"participation"
"W I","IGC",554,"the‘not"
"W I","IGC",554,"undermining"
"W I","IGC",554,"clause"
"W I","IGC",554,"prove"
"W I","IGC",554,"weaknesses"
"W I","IGC",554,"establish"
"W I","IGC",554,"specific"
"W I","IGC",554,"mechanisms"
"W I","IGC",554,"measures"
"W I","IGC",554,"facilitate"
"W I","IGC",554,"conservation"
"W I","IGC",554,"sustainable"
"W I","IGC",554,"marine"
"W I","IGC",554,"biodiversity"
"W I","IGC",554,"abnj"
"W I","IGC",554,"relation"
"W I","IGC",554,"abmts"
"W I","IGC",554,"eias"
"W I","IGC",554,"considered"
"W I","IGC",554,"delegations"
"W I","IGC",554,"conflict"
"W I","IGC",554,"undermining"
"W I","IGC",554,"clause"
"W I","IGC",554,"mandated"
"O II","IGC",555,"ensure"
"O II","IGC",555,"coordination"
"O II","IGC",555,"integration"
"O II","IGC",555,"cooperation"
"O II","IGC",555,"promoting"
"O II","IGC",555,"cross"
"O II","IGC",555,"sectoral"
"O II","IGC",555,"cross"
"O II","IGC",555,"regional"
"O II","IGC",555,"cooperation"
"O IV","IGC",556,"practical"
"O IV","IGC",556,"applicability"
"O IV","IGC",556,"compensation"
"O IV","IGC",556,"liability"
"O IV","IGC",556,"regime"
"O IV","IGC",556,"depend"
"O IV","IGC",556,"quality"
"O IV","IGC",556,"accuracy"
"O IV","IGC",556,"reporting"
"O IV","IGC",556,"monitoring"
"O IV","IGC",556,"information"
"O IV","IGC",556,"requirements"
"O IV","IGC",556,"set"
"O V","IGC",557,"adopt"
"O V","IGC",557,"institutional"
"O V","IGC",557,"mechanisms"
"T II","PrepCom",558,"significant"
"T II","PrepCom",558,"progress"
"T II","PrepCom",558,"fisheries"
"O III","BBNJ WG",559,"consolidate"
"O III","BBNJ WG",559,"fundamental"
"O III","BBNJ WG",559,"principles"
"O III","BBNJ WG",559,"ocean"
"O III","BBNJ WG",559,"management"
"O III","BBNJ WG",559,"governance"
"O III","IGC",560,"conservation"
"O III","IGC",560,"management"
"O III","IGC",560,"measures"
"O III","IGC",560,"established"
"O III","IGC",560,"seas"
"O III","IGC",560,"adopted"
"O III","IGC",560,"national"
"O III","IGC",560,"jurisdiction"
"O III","IGC",560,"compatible"
"O III","IGC",560,"ensure"
"O III","IGC",560,"conservation"
"O III","IGC",560,"management"
"O III","IGC",560,"straddling"
"O III","IGC",560,"fish"
"O III","IGC",560,"stocks"
"O III","IGC",560,"highly"
"O III","IGC",560,"migratory"
"O III","IGC",560,"fish"
"O III","IGC",560,"stocks"
"O III","IGC",560,"entirety"
"O V","IGC",561,"compensation"
"O V","IGC",561,"support"
"O V","IGC",561,"robust"
"O V","IGC",561,"obligations"
"O V","IGC",561,"relation"
"O V","IGC",561,"compensation"
"O V","IGC",561,"environmental"
"O V","IGC",561,"damage"
"O V","IGC",561,"ensure"
"O V","IGC",561,"law"
"O V","IGC",561,"practice"
"O V","IGC",561,"science"
"O V","IGC",561,"financing"
"O V","IGC",561,"ecological"
"O V","IGC",561,"restoration"
"O V","IGC",561,"adequately"
"O V","IGC",561,"addressed"
"O I","IGC",562,"enable"
"O I","IGC",562,"facilitate"
"O I","IGC",562,"establishment"
"O I","IGC",562,"compatible"
"O I","IGC",562,"conservation"
"O I","IGC",562,"management"
"O I","IGC",562,"measures"
"O I","IGC",562,"boundaries"
"O I","IGC",562,"addressing"
"O I","IGC",562,"concerns"
"O I","IGC",562,"adjacent"
"O I","IGC",562,"developing"
"O I","IGC",562,"boost"
"O I","IGC",562,"capability"
"O I","IGC",562,"conserve"
"O I","IGC",562,"manage"
"O I","IGC",562,"straddling"
"O I","IGC",562,"ecosystems"
"O I","IGC",562,"highly"
"O I","IGC",562,"migratory"
"O I","IGC",562,"species"
"O III","BBNJ WG",563,"provide"
"O III","BBNJ WG",563,"basis"
"O III","BBNJ WG",563,"global"
"O III","BBNJ WG",563,"ecosystem"
"O III","BBNJ WG",563,"based"
"O III","BBNJ WG",563,"precautionary"
"O III","BBNJ WG",563,"management"
"O III","BBNJ WG",563,"regime"
"O III","IGC",564,"conference"
"O III","IGC",564,"parties"
"O III","IGC",564,"arrangements"
"O III","IGC",564,"consultation"
"O III","IGC",564,"establish"
"O III","IGC",564,"coordination"
"O III","IGC",564,"collaboration"
"O III","IGC",564,"mechanism"
"O III","IGC",564,"enhance"
"O III","IGC",564,"cooperation"
"O III","IGC",564,"relevant"
"O III","IGC",564,"legal"
"O III","IGC",564,"instruments"
"O III","IGC",564,"frameworks"
"O III","IGC",564,"relevant"
"O III","IGC",564,"bodies"
"O III","IGC",564,"regard"
"O III","IGC",564,"abmts"
"O I","IGC",565,"establish"
"O I","IGC",565,"rules"
"O I","IGC",565,"consequences"
"O I","IGC",565,"damage"
"O I","IGC",565,"abnj"
"O I","IGC",565,"biodiversity"
"O I","IGC",565,"pertinent"
"O I","IGC",565,"information"
"O I","IGC",565,"reparation"
"O I","IGC",565,"compensation"
"O II","IGC",566,"build"
"O II","IGC",566,"unclos"
"O II","IGC",566,"encourage"
"O II","IGC",566,"cooperate"
"O II","IGC",566,"strengthen"
"O II","IGC",566,"existing"
"O II","IGC",566,"organizations"
"O II","IGC",566,"join"
"O II","IGC",566,"act"
"O II","IGC",566,"faith"
"O II","IGC",566,"relevant"
"O II","IGC",566,"existing"
"O II","IGC",566,"organizations"
"O II","IGC",566,"consult"
"O II","IGC",566,"overlapping"
"O II","IGC",566,"competencies"
"O II","BBNJ WG",567,"regional"
"O II","BBNJ WG",567,"initiatives"
"O II","BBNJ WG",567,"global"
"O II","BBNJ WG",567,"imprimatur"
"O II","BBNJ WG",567,"regional"
"O II","BBNJ WG",567,"conservation"
"O II","BBNJ WG",567,"measures"
"O II","BBNJ WG",567,"mechanisms"
"O II","BBNJ WG",567,"encourage"
"O II","BBNJ WG",567,"compliance"
"O II","BBNJ WG",567,"extra"
"O II","BBNJ WG",567,"regional"
"O II","BBNJ WG",567,"parties"
"O VI","IGC",568,"adjacent"
"O VI","IGC",568,"coastal"
"O VI","IGC",568,"prominent"
"O VI","IGC",568,"role"
"O VI","IGC",568,"designating"
"O VI","IGC",568,"mpas"
"O VI","IGC",568,"conducting"
"O VI","IGC",568,"eias"
"O VI","IGC",568,"collecting"
"O VI","IGC",568,"mgrs"
"O VI","IGC",568,"abnj"
"O VI","IGC",568,"close"
"O VI","IGC",568,"national"
"O VI","IGC",568,"jurisdiction"
"T I","IGC",569,"monetizing"
"T I","IGC",569,"environmental"
"T I","IGC",569,"damage"
"T I","IGC",569,"difficult"
"T I","IGC",569,"due"
"T I","IGC",569,"heterogeneous"
"T I","IGC",569,"nature"
"T I","IGC",569,"ocean"
"T I","IGC",569,"environment"
"T I","IGC",569,"dearth"
"T I","IGC",569,"detailed"
"T I","IGC",569,"baseline"
"T I","IGC",569,"scientific"
"T I","IGC",569,"knowledge"
"T I","IGC",569,"functioning"
"T I","IGC",569,"marine"
"T I","IGC",569,"ecosystems"
"O I","IGC",570,"adopt"
"O I","IGC",570,"measures"
"O I","IGC",570,"duty"
"O I","IGC",570,"cooperate"
"O I","IGC",570,"scientific"
"O I","IGC",570,"research"
"O I","IGC",570,"including"
"O I","IGC",570,"data"
"O I","IGC",570,"sharing"
"O I","IGC",570,"effect"
"O I","IGC",570,"scientific"
"O I","IGC",570,"technical"
"O I","IGC",570,"assistance"
"O I","IGC",570,"developing"
"O I","IGC",570,"enable"
"O I","IGC",570,"protection"
"O I","IGC",570,"preservation"
"O I","IGC",570,"marine"
"O I","IGC",570,"environment"
"O II","BBNJ WG",571,"address"
"O II","BBNJ WG",571,"institutional"
"O II","BBNJ WG",571,"weaknesses"
"O II","BBNJ WG",571,"unclos"
"O II","BBNJ WG",571,"hamper"
"O II","BBNJ WG",571,"effective"
"O II","BBNJ WG",571,"implementation"
"O II","BBNJ WG",571,"existing"
"O II","BBNJ WG",571,"instruments"
"O III","IGC",572,"final"
"O III","IGC",572,"text"
"O III","IGC",572,"provide"
"O III","IGC",572,"specific"
"O III","IGC",572,"institutional"
"O III","IGC",572,"mechanisms"
"O III","IGC",572,"enhance"
"O III","IGC",572,"implementation"
"O III","IGC",572,"duty"
"O III","IGC",572,"cooperate"
"T I","IGC",573,"pose"
"T I","IGC",573,"challenges"
"T I","IGC",573,"context"
"T I","IGC",573,"including"
"T I","IGC",573,"patent"
"T I","IGC",573,"putting"
"T I","IGC",573,"fiscal"
"T I","IGC",573,"pure"
"T I","IGC",573,"environmental"
"T I","IGC",573,"damage"
"T I","IGC",573,"biodiversity"
"T I","IGC",573,"abnj"
"O I","IGC",574,"cautious"
"O I","IGC",574,"conservation"
"O I","IGC",574,"management"
"O I","IGC",574,"measures"
"O I","IGC",574,"emergency"
"O I","IGC",574,"actions"
"O I","IGC",574,"natural"
"O I","IGC",574,"phenomenon"
"O I","IGC",574,"conditions"
"O I","IGC",574,"basis"
"O I","IGC",574,"conservation"
"O I","IGC",574,"management"
"O I","IGC",574,"provisions"
"O I","IGC",574,"consideration"
"O I","IGC",574,"human"
"O I","IGC",574,"activities"
"O I","IGC",574,"impact"
"O I","IGC",574,"marine"
"O I","IGC",574,"environment"
"O IV","BBNJ WG",575,"provide"
"O IV","BBNJ WG",575,"regular"
"O IV","BBNJ WG",575,"forum"
"O IV","BBNJ WG",575,"review"
"O IV","BBNJ WG",575,"information"
"O IV","BBNJ WG",575,"exchange"
"O IV","BBNJ WG",575,"mutual"
"O IV","BBNJ WG",575,"evaluation"
"O IV","BBNJ WG",575,"updating"
"O IV","BBNJ WG",575,"provide"
"O IV","BBNJ WG",575,"consistency"
"O IV","BBNJ WG",575,"flexibility"
"O IV","BBNJ WG",575,"respond"
"O IV","BBNJ WG",575,"issues"
"O IV","BBNJ WG",575,"threats"
"O IV","IGC",576,"enhance"
"O IV","IGC",576,"implementation"
"O IV","IGC",576,"providing"
"O IV","IGC",576,"venue"
"O IV","IGC",576,"interregime"
"O IV","IGC",576,"learning"
"O IV","IGC",576,"cooperation"
"T III","IGC",577,"difficult"
"T III","IGC",577,"aspect"
"T III","IGC",577,"extent"
"T III","IGC",577,"regime"
"T III","IGC",577,"designed"
"T III","IGC",577,"firm"
"T III","IGC",577,"onus"
"T III","IGC",577,"private"
"T III","IGC",577,"parties"
"T III","IGC",577,"environmental"
"T III","IGC",577,"damage"
"T III","IGC",577,"spares"
"T III","IGC",577,"responsibility"
"T III","IGC",577,"financial"
"T III","IGC",577,"liability"
"T III","IGC",577,"provided"
"T III","IGC",577,"discharge"
"T III","IGC",577,"due"
"T III","IGC",577,"diligence"
"T III","IGC",577,"obligations"
"O III","IGC",578,"create"
"O III","IGC",578,"platform"
"O III","IGC",578,"international"
"O III","IGC",578,"cooperation"
"O III","IGC",578,"coherent"
"O III","IGC",578,"action"
"O II","BBNJ WG",579,"create"
"O II","BBNJ WG",579,"bridge"
"O II","BBNJ WG",579,"global"
"O II","BBNJ WG",579,"regional"
"O II","BBNJ WG",579,"sectoral"
"O II","BBNJ WG",579,"organizations"
"O II","BBNJ WG",579,"preventing"
"O II","BBNJ WG",579,"duplication"
"O II","BBNJ WG",579,"effort"
"O II","BBNJ WG",579,"enhancing"
"O II","BBNJ WG",579,"exchange"
"O II","BBNJ WG",579,"practices"
"O II","BBNJ WG",579,"information"
"O I","IGC",580,"reference"
"O I","IGC",580,"ecosystem"
"O I","IGC",580,"approach"
"O I","IGC",580,"reinforce"
"O I","IGC",580,"principle"
"O I","IGC",580,"compatibility"
"O I","IGC",580,"national"
"O I","IGC",580,"jurisdiction"
"O I","IGC",580,"adopted"
"O II","IGC",581,"support"
"O II","IGC",581,"undermine"
"O II","IGC",581,"existing"
"O II","IGC",581,"instruments"
"O II","IGC",581,"frameworks"
"O II","IGC",581,"bodies"
"O II","IGC",581,"galvanizing"
"O II","IGC",581,"action"
"O II","IGC",581,"global"
"O II","IGC",581,"level"
"O II","IGC",581,"rules"
"O II","IGC",581,"standards"
"O II","IGC",581,"recommended"
"O II","IGC",581,"practices"
"O II","IGC",581,"procedures"
"O II","IGC",581,"implemented"
"T III","BBNJ WG",582,"waiting"
"T III","BBNJ WG",582,"conclusion"
"T III","BBNJ WG",582,"delay"
"T III","BBNJ WG",582,"conservation"
"T III","BBNJ WG",582,"crucial"
"T III","BBNJ WG",582,"ecosystem"
"T III","BBNJ WG",582,"services"
"O V","IGC",583,"scheme"
"O V","IGC",583,"decision"
"O V","IGC",583,"body"
"O V","IGC",583,"cop"
"O V","IGC",583,"competent"
"O V","IGC",583,"establish"
"O V","IGC",583,"network"
"O V","IGC",583,"mpas"
"O IV","IGC",584,"provide"
"O IV","IGC",584,"robust"
"O IV","IGC",584,"vehicle"
"O IV","IGC",584,"implementation"
"O IV","IGC",584,"cbd"
"O IV","IGC",584,"provisions"
"T II","BBNJ WG",585,"accepted"
"O V","IGC",586,"global"
"O V","IGC",586,"model"
"O V","IGC",586,"envisioned"
"O V","IGC",586,"decision"
"O V","IGC",586,"body"
"O V","IGC",586,"empowered"
"O V","IGC",586,"decisions"
"O V","IGC",586,"specific"
"O V","IGC",586,"binding"
"O V","IGC",586,"parties"
"O V","IGC",586,"including"
"O V","IGC",586,"establishing"
"O V","IGC",586,"seas"
"O V","IGC",586,"mpas"
"O V","IGC",586,"approving"
"O V","IGC",586,"eias"
"O II","IGC",587,"build"
"O II","IGC",587,"cbd’s"
"O II","IGC",587,"actions"
"O II","IGC",587,"conserve"
"O II","IGC",587,"scientific"
"O II","IGC",587,"process"
"O II","IGC",587,"describe"
"O II","IGC",587,"ecologically"
"O II","IGC",587,"biologically"
"O II","IGC",587,"significant"
"O II","IGC",587,"marine"
"O II","IGC",587,"ebsas"
"O II","IGC",587,"voluntary"
"O II","IGC",587,"guidelines"
"O II","IGC",587,"consideration"
"O II","IGC",587,"biodiversity"
"O II","IGC",587,"eias"
"O II","IGC",587,"seas"
"O II","IGC",587,"abnj"
"T II","BBNJ WG",588,"costly"
"T II","BBNJ WG",588,"time"
"T II","BBNJ WG",588,"consuming"
"T II","BBNJ WG",588,"negotiate"
"O II","IGC",589,"include"
"O II","IGC",589,"conflict"
"O II","IGC",589,"clause"
"O II","IGC",589,"principles"
"O III","IGC",590,"enable"
"O III","IGC",590,"parties"
"O III","IGC",590,"rapid"
"O III","IGC",590,"direct"
"O III","IGC",590,"action"
"O III","IGC",590,"seek"
"O III","IGC",590,"promote"
"O III","IGC",590,"comparable"
"O III","IGC",590,"measures"
"O III","IGC",590,"relevant"
"O III","IGC",590,"sectoral"
"O III","IGC",590,"organizations"
"O III","IGC",590,"enable"
"O III","IGC",590,"parties"
"O III","IGC",590,"coherent"
"O III","IGC",590,"measures"
"O III","IGC",590,"sectors"
"O III","IGC",590,"regions"
"O II","IGC",591,"multi"
"O II","IGC",591,"sectoral"
"O II","IGC",591,"integrated"
"O II","IGC",591,"cooperative"
"O II","IGC",591,"management"
"O II","IGC",591,"ensure"
"O II","IGC",591,"conservation"
"O II","IGC",591,"term"
"O II","IGC",591,"sustainable"
"O II","IGC",591,"marine"
"O II","IGC",591,"biodiversity"
"O II","IGC",591,"abnj"
"O III","IGC",592,"promote"
"O III","IGC",592,"coherence"
"O III","IGC",592,"complement"
"O III","IGC",592,"existing"
"O III","IGC",592,"bodies"
"O III","IGC",592,"instruments"
"T I","IGC",593,"power"
"T I","IGC",593,"implement"
"T I","IGC",593,"abmts"
"T I","IGC",593,"including"
"T I","IGC",593,"mpas"
"T I","IGC",593,"rest"
"T I","IGC",593,"critical"
"T I","IGC",593,"items"
"T I","IGC",593,"negotiators"
"O III","IGC",594,"remains"
"O III","IGC",594,"inclusion"
"O III","IGC",594,"chm"
"O III","IGC",594,"principle"
"O III","IGC",594,"accompanied"
"O III","IGC",594,"logical"
"O III","IGC",594,"consequences"
"O III","IGC",594,"mandatory"
"O III","IGC",594,"sharing"
"O III","IGC",594,"mgr"
"O III","IGC",594,"monetary"
"O III","IGC",594,"benefits"
"T II","IGC",595,"argue"
"T II","IGC",595,"management"
"T II","IGC",595,"authority"
"T II","IGC",595,"reside"
"T II","IGC",595,"solely"
"T II","IGC",595,"existing"
"T II","IGC",595,"sectoral"
"T II","IGC",595,"bodies"
"T II","IGC",595,"rfmo’s"
"T II","IGC",595,"assert"
"T II","IGC",595,"global"
"T II","IGC",595,"control"
"O III","IGC",596,"consultation"
"O III","IGC",596,"period"
"O III","IGC",596,"established"
"O III","IGC",596,"decision"
"O III","IGC",596,"decide"
"O III","IGC",596,"abmts"
"O III","IGC",596,"complementary"
"O III","IGC",596,"independently"
"O III","IGC",596,"relevant"
"O III","IGC",596,"regional"
"O III","IGC",596,"instruments"
"O III","IGC",596,"bodies"
"O III","IGC",596,"recommend"
"O III","IGC",596,"adopt"
"O III","IGC",596,"measures"
"T III","IGC",597,"delegates"
"T III","IGC",597,"advocated"
"T III","IGC",597,"adoption"
"T III","IGC",597,"hybrid"
"T III","IGC",597,"approach"
"T III","IGC",597,"advancing"
"T III","IGC",597,"ocean"
"T III","IGC",597,"governance"
"T III","IGC",597,"status"
"T III","IGC",597,"quo"
"T III","IGC",597,"regional"
"T III","IGC",597,"approach"
"T III","IGC",597,"falling"
"T III","IGC",597,"short"
"T III","IGC",597,"centralized"
"T III","IGC",597,"global"
"T III","IGC",597,"level"
"T III","IGC",597,"decision"
"T III","IGC",597,"powers"
"T III","IGC",597,"envisioned"
"T III","IGC",597,"global"
"T III","IGC",597,"approach"
"T II","IGC",598,"issue"
"T II","IGC",598,"cooperation"
"T II","IGC",598,"depends"
"T II","IGC",598,"governed"
"T II","IGC",598,"extent"
"T II","IGC",598,"decision"
"T II","IGC",598,"powers"
"T II","IGC",599,"relationship"
"T II","IGC",599,"relevant"
"T II","IGC",599,"treaties"
"T II","IGC",599,"bodies"
"T II","IGC",599,"aroused"
"T II","IGC",599,"controversy"
"T II","IGC",600,"freedom"
"T II","IGC",600,"seas"
"T II","IGC",600,"common"
"T II","IGC",600,"heritage"
"T II","IGC",600,"mankind"
"T II","IGC",600,"chm"
"T II","IGC",600,"controversies"
"T II","IGC",600,"related"
"T I","IGC",601,"issue"
"T I","IGC",601,"related"
"T I","IGC",601,"designing"
"T I","IGC",601,"abmts"
"T I","IGC",601,"regional"
"T I","IGC",601,"sectoral"
"T I","IGC",601,"bodies"
"T I","IGC",601,"institutions"
"T III","IGC",602,"warships"
"T III","IGC",602,"naval"
"T III","IGC",602,"auxiliaries"
"T III","IGC",602,"vessels"
"T III","IGC",602,"excluded"
"T III","IGC",602,"scope"
"T III","IGC",603,"regional"
"T III","IGC",603,"model"
"T III","IGC",603,"establishment"
"T III","IGC",603,"mpa"
"T III","IGC",603,"created"
"T III","IGC",603,"relevant"
"T III","IGC",603,"competent"
"T III","IGC",603,"framework"
"T III","IGC",603,"body"
"T III","IGC",603,"decide"
"T III","IGC",603,"establish"
"T III","IGC",603,"mpa"
"T III","IGC",603,"measures"
"T III","IGC",603,"adopt"
"T III","IGC",603,"parties"
"T III","IGC",603,"recommendations"
"T III","IGC",603,"respective"
"T III","IGC",603,"framework"
"T III","IGC",603,"body"
"T III","IGC",604,"hybrid"
"T III","IGC",604,"approach"
"T III","IGC",604,"offers"
"T III","IGC",604,"model"
"T III","IGC",604,"institutional"
"T III","IGC",604,"arrangements"
"T III","IGC",604,"advance"
"T III","IGC",604,"ocean"
"T III","IGC",604,"governance"
"T III","IGC",604,"status"
"T III","IGC",604,"quo"
"T III","IGC",604,"regional"
"T III","IGC",604,"approach"
"T III","IGC",604,"fall"
"T III","IGC",604,"short"
"T III","IGC",604,"centralised"
"T III","IGC",604,"global"
"T III","IGC",604,"level"
"T III","IGC",604,"decision"
"T III","IGC",604,"powers"
"T III","IGC",604,"envisioned"
"T III","IGC",604,"global"
"T III","IGC",604,"approach"
"T II","IGC",605,"relationship"
"T II","IGC",605,"relevant"
"T II","IGC",605,"instruments"
"T II","IGC",605,"bodies"
"T II","IGC",605,"remains"
"T II","IGC",605,"controversial"
"T II","IGC",605,"issues"
"T II","IGC",605,"directly"
"T II","IGC",605,"reflect"
"T II","IGC",605,"impact"
"T II","IGC",605,"global"
"T II","IGC",605,"nature"
"T II","IGC",605,"effectiveness"
"T I","IGC",606,"significant"
"T I","IGC",606,"issue"
"T I","IGC",606,"principles"
"T I","IGC",607,"uncertain"
"T I","IGC",607,"effectiveness"
"T I","IGC",607,"implementation"
"T I","IGC",607,"secured"
"T I","IGC",607,"due"
"T I","IGC",607,"enforcement"
"T I","IGC",607,"compliance"
"T I","IGC",607,"mechanisms"
"T III","IGC",608,"fail"
"T III","IGC",608,"fulfil"
"T III","IGC",608,"initial"
"T III","IGC",608,"aspirations"
"T III","IGC",608,"international"
"T III","IGC",608,"community"
"T III","IGC",608,"conservation"
"T III","IGC",608,"sustainable"
"T III","IGC",608,"biodiversity"
"T III","IGC",608,"national"
"T III","IGC",608,"jurisdiction"
