"doc_id","paragraph_id","sentence_id","sentence","start","end","term_id","token_id","token","lemma","upos","xpos","feats","head_token_id","dep_rel","deps","misc"
"doc1",1,1,"coordination to establish MPAs between existing mechanisms and new organizations.",1,12,1,"1","coordination","coordination","NOUN","NN","Number=Sing","0","root",NA,NA
"doc1",1,1,"coordination to establish MPAs between existing mechanisms and new organizations.",14,15,2,"2","to","to","PART","TO",NA,"3","mark",NA,NA
"doc1",1,1,"coordination to establish MPAs between existing mechanisms and new organizations.",17,25,3,"3","establish","establish","VERB","VB","VerbForm=Inf","1","acl",NA,NA
"doc1",1,1,"coordination to establish MPAs between existing mechanisms and new organizations.",27,30,4,"4","MPAs","MPAs","NOUN","NNS","Number=Plur","3","obj",NA,NA
"doc1",1,1,"coordination to establish MPAs between existing mechanisms and new organizations.",32,38,5,"5","between","between","ADP","IN",NA,"7","case",NA,NA
"doc1",1,1,"coordination to establish MPAs between existing mechanisms and new organizations.",40,47,6,"6","existing","exist","VERB","VBG","VerbForm=Ger","7","amod",NA,NA
"doc1",1,1,"coordination to establish MPAs between existing mechanisms and new organizations.",49,58,7,"7","mechanisms","mechanism","NOUN","NNS","Number=Plur","4","nmod",NA,NA
"doc1",1,1,"coordination to establish MPAs between existing mechanisms and new organizations.",60,62,8,"8","and","and","CCONJ","CC",NA,"10","cc",NA,NA
"doc1",1,1,"coordination to establish MPAs between existing mechanisms and new organizations.",64,66,9,"9","new","new","ADJ","JJ","Degree=Pos","10","amod",NA,NA
"doc1",1,1,"coordination to establish MPAs between existing mechanisms and new organizations.",68,80,10,"10","organizations","organization","NOUN","NNS","Number=Plur","7","conj",NA,"SpaceAfter=No"
"doc1",1,1,"coordination to establish MPAs between existing mechanisms and new organizations.",81,81,11,"11",".",".","PUNCT",".",NA,"1","punct",NA,"SpacesAfter=\n"
"doc2",1,1,"The BBNJ agreement would not replace RFMOs or directly regulate fisheries.",1,3,1,"1","The","the","DET","DT","Definite=Def|PronType=Art","3","det",NA,NA
"doc2",1,1,"The BBNJ agreement would not replace RFMOs or directly regulate fisheries.",5,8,2,"2","BBNJ","Bbnj","NOUN","NN","Number=Sing","3","compound",NA,NA
"doc2",1,1,"The BBNJ agreement would not replace RFMOs or directly regulate fisheries.",10,18,3,"3","agreement","agreement","NOUN","NN","Number=Sing","6","nsubj",NA,NA
"doc2",1,1,"The BBNJ agreement would not replace RFMOs or directly regulate fisheries.",20,24,4,"4","would","would","AUX","MD","VerbForm=Fin","6","aux",NA,NA
"doc2",1,1,"The BBNJ agreement would not replace RFMOs or directly regulate fisheries.",26,28,5,"5","not","not","PART","RB",NA,"6","advmod",NA,NA
"doc2",1,1,"The BBNJ agreement would not replace RFMOs or directly regulate fisheries.",30,36,6,"6","replace","replace","VERB","VB","VerbForm=Inf","0","root",NA,NA
"doc2",1,1,"The BBNJ agreement would not replace RFMOs or directly regulate fisheries.",38,42,7,"7","RFMOs","RFMO","NOUN","NNS","Number=Plur","6","obj",NA,NA
"doc2",1,1,"The BBNJ agreement would not replace RFMOs or directly regulate fisheries.",44,45,8,"8","or","or","CCONJ","CC",NA,"10","cc",NA,NA
"doc2",1,1,"The BBNJ agreement would not replace RFMOs or directly regulate fisheries.",47,54,9,"9","directly","directly","ADV","RB",NA,"10","advmod",NA,NA
"doc2",1,1,"The BBNJ agreement would not replace RFMOs or directly regulate fisheries.",56,63,10,"10","regulate","regulate","VERB","VB","VerbForm=Inf","6","conj",NA,NA
"doc2",1,1,"The BBNJ agreement would not replace RFMOs or directly regulate fisheries.",65,73,11,"11","fisheries","fishery","NOUN","NNS","Number=Plur","10","obj",NA,"SpaceAfter=No"
"doc2",1,1,"The BBNJ agreement would not replace RFMOs or directly regulate fisheries.",74,74,12,"12",".",".","PUNCT",".",NA,"6","punct",NA,"SpacesAfter=\n"
"doc3",1,1,"To incorporate measures of compliance control.",1,2,1,"1","To","to","ADP","IN",NA,"3","case",NA,NA
"doc3",1,1,"To incorporate measures of compliance control.",4,14,2,"2","incorporate","incorporate","ADJ","JJ","Degree=Pos","3","amod",NA,NA
"doc3",1,1,"To incorporate measures of compliance control.",16,23,3,"3","measures","measure","NOUN","NNS","Number=Plur","0","root",NA,NA
"doc3",1,1,"To incorporate measures of compliance control.",25,26,4,"4","of","of","ADP","IN",NA,"6","case",NA,NA
"doc3",1,1,"To incorporate measures of compliance control.",28,37,5,"5","compliance","compliance","NOUN","NN","Number=Sing","6","compound",NA,NA
"doc3",1,1,"To incorporate measures of compliance control.",39,45,6,"6","control","control","NOUN","NN","Number=Sing","3","nmod",NA,"SpaceAfter=No"
"doc3",1,1,"To incorporate measures of compliance control.",46,46,7,"7",".",".","PUNCT",".",NA,"3","punct",NA,"SpacesAfter=\n"
"doc4",1,1,"to fill existing gaps and strengthen the effectiveness of regional organizations to address ABNJ issues.",1,2,1,"1","to","to","PART","TO",NA,"2","mark",NA,NA
"doc4",1,1,"to fill existing gaps and strengthen the effectiveness of regional organizations to address ABNJ issues.",4,7,2,"2","fill","fill","VERB","VB","VerbForm=Inf","0","root",NA,NA
"doc4",1,1,"to fill existing gaps and strengthen the effectiveness of regional organizations to address ABNJ issues.",9,16,3,"3","existing","exist","VERB","VBG","VerbForm=Ger","4","amod",NA,NA
"doc4",1,1,"to fill existing gaps and strengthen the effectiveness of regional organizations to address ABNJ issues.",18,21,4,"4","gaps","gaps","NOUN","NNS","Number=Plur","2","obj",NA,NA
"doc4",1,1,"to fill existing gaps and strengthen the effectiveness of regional organizations to address ABNJ issues.",23,25,5,"5","and","and","CCONJ","CC",NA,"6","cc",NA,NA
"doc4",1,1,"to fill existing gaps and strengthen the effectiveness of regional organizations to address ABNJ issues.",27,36,6,"6","strengthen","strengthen","VERB","VB","VerbForm=Inf","2","conj",NA,NA
"doc4",1,1,"to fill existing gaps and strengthen the effectiveness of regional organizations to address ABNJ issues.",38,40,7,"7","the","the","DET","DT","Definite=Def|PronType=Art","8","det",NA,NA
"doc4",1,1,"to fill existing gaps and strengthen the effectiveness of regional organizations to address ABNJ issues.",42,54,8,"8","effectiveness","effectiveness","NOUN","NN","Number=Sing","6","obj",NA,NA
"doc4",1,1,"to fill existing gaps and strengthen the effectiveness of regional organizations to address ABNJ issues.",56,57,9,"9","of","of","ADP","IN",NA,"11","case",NA,NA
"doc4",1,1,"to fill existing gaps and strengthen the effectiveness of regional organizations to address ABNJ issues.",59,66,10,"10","regional","regional","ADJ","JJ","Degree=Pos","11","amod",NA,NA
"doc4",1,1,"to fill existing gaps and strengthen the effectiveness of regional organizations to address ABNJ issues.",68,80,11,"11","organizations","organization","NOUN","NNS","Number=Plur","8","nmod",NA,NA
"doc4",1,1,"to fill existing gaps and strengthen the effectiveness of regional organizations to address ABNJ issues.",82,83,12,"12","to","to","PART","TO",NA,"13","mark",NA,NA
"doc4",1,1,"to fill existing gaps and strengthen the effectiveness of regional organizations to address ABNJ issues.",85,91,13,"13","address","address","VERB","VB","VerbForm=Inf","6","acl",NA,NA
"doc4",1,1,"to fill existing gaps and strengthen the effectiveness of regional organizations to address ABNJ issues.",93,96,14,"14","ABNJ","ABNJ","PROPN","NNP","Number=Sing","15","compound",NA,NA
"doc4",1,1,"to fill existing gaps and strengthen the effectiveness of regional organizations to address ABNJ issues.",98,103,15,"15","issues","issue","NOUN","NNS","Number=Plur","13","obj",NA,"SpaceAfter=No"
"doc4",1,1,"to fill existing gaps and strengthen the effectiveness of regional organizations to address ABNJ issues.",104,104,16,"16",".",".","PUNCT",".",NA,"2","punct",NA,"SpacesAfter=\n"
"doc5",1,1,"It will provide the ground to build global consensus on the conservation and sustainable use of biological diversity in ABNJ.",1,2,1,"1","It","it","PRON","PRP","Case=Nom|Gender=Neut|Number=Sing|Person=3|PronType=Prs","3","nsubj",NA,NA
"doc5",1,1,"It will provide the ground to build global consensus on the conservation and sustainable use of biological diversity in ABNJ.",4,7,2,"2","will","will","AUX","MD","VerbForm=Fin","3","aux",NA,NA
"doc5",1,1,"It will provide the ground to build global consensus on the conservation and sustainable use of biological diversity in ABNJ.",9,15,3,"3","provide","provide","VERB","VB","VerbForm=Inf","0","root",NA,NA
"doc5",1,1,"It will provide the ground to build global consensus on the conservation and sustainable use of biological diversity in ABNJ.",17,19,4,"4","the","the","DET","DT","Definite=Def|PronType=Art","5","det",NA,NA
"doc5",1,1,"It will provide the ground to build global consensus on the conservation and sustainable use of biological diversity in ABNJ.",21,26,5,"5","ground","ground","NOUN","NN","Number=Sing","3","obj",NA,NA
"doc5",1,1,"It will provide the ground to build global consensus on the conservation and sustainable use of biological diversity in ABNJ.",28,29,6,"6","to","to","PART","TO",NA,"7","mark",NA,NA
"doc5",1,1,"It will provide the ground to build global consensus on the conservation and sustainable use of biological diversity in ABNJ.",31,35,7,"7","build","build","VERB","VB","VerbForm=Inf","5","acl",NA,NA
"doc5",1,1,"It will provide the ground to build global consensus on the conservation and sustainable use of biological diversity in ABNJ.",37,42,8,"8","global","global","ADJ","JJ","Degree=Pos","9","amod",NA,NA
"doc5",1,1,"It will provide the ground to build global consensus on the conservation and sustainable use of biological diversity in ABNJ.",44,52,9,"9","consensus","consensus","NOUN","NN","Number=Sing","7","obj",NA,NA
"doc5",1,1,"It will provide the ground to build global consensus on the conservation and sustainable use of biological diversity in ABNJ.",54,55,10,"10","on","on","ADP","IN",NA,"12","case",NA,NA
"doc5",1,1,"It will provide the ground to build global consensus on the conservation and sustainable use of biological diversity in ABNJ.",57,59,11,"11","the","the","DET","DT","Definite=Def|PronType=Art","12","det",NA,NA
"doc5",1,1,"It will provide the ground to build global consensus on the conservation and sustainable use of biological diversity in ABNJ.",61,72,12,"12","conservation","conservation","NOUN","NN","Number=Sing","7","obl",NA,NA
"doc5",1,1,"It will provide the ground to build global consensus on the conservation and sustainable use of biological diversity in ABNJ.",74,76,13,"13","and","and","CCONJ","CC",NA,"15","cc",NA,NA
"doc5",1,1,"It will provide the ground to build global consensus on the conservation and sustainable use of biological diversity in ABNJ.",78,88,14,"14","sustainable","sustainable","ADJ","JJ","Degree=Pos","15","amod",NA,NA
"doc5",1,1,"It will provide the ground to build global consensus on the conservation and sustainable use of biological diversity in ABNJ.",90,92,15,"15","use","use","NOUN","NN","Number=Sing","12","conj",NA,NA
"doc5",1,1,"It will provide the ground to build global consensus on the conservation and sustainable use of biological diversity in ABNJ.",94,95,16,"16","of","of","ADP","IN",NA,"18","case",NA,NA
"doc5",1,1,"It will provide the ground to build global consensus on the conservation and sustainable use of biological diversity in ABNJ.",97,106,17,"17","biological","biological","ADJ","JJ","Degree=Pos","18","amod",NA,NA
"doc5",1,1,"It will provide the ground to build global consensus on the conservation and sustainable use of biological diversity in ABNJ.",108,116,18,"18","diversity","diversity","NOUN","NN","Number=Sing","15","nmod",NA,NA
"doc5",1,1,"It will provide the ground to build global consensus on the conservation and sustainable use of biological diversity in ABNJ.",118,119,19,"19","in","in","ADP","IN",NA,"20","case",NA,NA
"doc5",1,1,"It will provide the ground to build global consensus on the conservation and sustainable use of biological diversity in ABNJ.",121,124,20,"20","ABNJ","ABNJ","PROPN","NNP","Number=Sing","18","nmod",NA,"SpaceAfter=No"
"doc5",1,1,"It will provide the ground to build global consensus on the conservation and sustainable use of biological diversity in ABNJ.",125,125,21,"21",".",".","PUNCT",".",NA,"3","punct",NA,"SpacesAfter=\n"
"doc6",1,1,"to operationalize management principles such as ecosystem‐based and precautionary management.",1,2,1,"1","to","to","PART","TO",NA,"2","mark",NA,NA
"doc6",1,1,"to operationalize management principles such as ecosystem‐based and precautionary management.",4,17,2,"2","operationalize","operationalize","VERB","VB","VerbForm=Inf","0","root",NA,NA
"doc6",1,1,"to operationalize management principles such as ecosystem‐based and precautionary management.",19,28,3,"3","management","management","NOUN","NN","Number=Sing","4","compound",NA,NA
"doc6",1,1,"to operationalize management principles such as ecosystem‐based and precautionary management.",30,39,4,"4","principles","principle","NOUN","NNS","Number=Plur","2","obj",NA,NA
"doc6",1,1,"to operationalize management principles such as ecosystem‐based and precautionary management.",41,44,5,"5","such","such","ADJ","JJ","Degree=Pos","7","case",NA,NA
"doc6",1,1,"to operationalize management principles such as ecosystem‐based and precautionary management.",46,47,6,"6","as","as","ADP","IN",NA,"5","fixed",NA,NA
"doc6",1,1,"to operationalize management principles such as ecosystem‐based and precautionary management.",49,57,7,"7","ecosystem","ecosystem","NOUN","NN","Number=Sing","2","obl",NA,"SpaceAfter=No"
"doc6",1,1,"to operationalize management principles such as ecosystem‐based and precautionary management.",58,58,8,"8","‐","‐","PUNCT",".",NA,"9","punct",NA,"SpaceAfter=No"
"doc6",1,1,"to operationalize management principles such as ecosystem‐based and precautionary management.",59,63,9,"9","based","base","VERB","VBN","Tense=Past|VerbForm=Part","7","acl",NA,NA
"doc6",1,1,"to operationalize management principles such as ecosystem‐based and precautionary management.",65,67,10,"10","and","and","CCONJ","CC",NA,"12","cc",NA,NA
"doc6",1,1,"to operationalize management principles such as ecosystem‐based and precautionary management.",69,81,11,"11","precautionary","precautionary","ADJ","JJ","Degree=Pos","12","amod",NA,NA
"doc6",1,1,"to operationalize management principles such as ecosystem‐based and precautionary management.",83,92,12,"12","management","management","NOUN","NN","Number=Sing","7","conj",NA,"SpaceAfter=No"
"doc6",1,1,"to operationalize management principles such as ecosystem‐based and precautionary management.",93,93,13,"13",".",".","PUNCT",".",NA,"2","punct",NA,"SpacesAfter=\n"
"doc7",1,1,"the multiple reasons and objectives for including ABMTs in an agreement on conservation of biodiversity in ABNJ have been highlighted.",1,3,1,"1","the","the","DET","DT","Definite=Def|PronType=Art","3","det",NA,NA
"doc7",1,1,"the multiple reasons and objectives for including ABMTs in an agreement on conservation of biodiversity in ABNJ have been highlighted.",5,12,2,"2","multiple","multiple","ADJ","JJ","Degree=Pos","3","amod",NA,NA
"doc7",1,1,"the multiple reasons and objectives for including ABMTs in an agreement on conservation of biodiversity in ABNJ have been highlighted.",14,20,3,"3","reasons","reason","NOUN","NNS","Number=Plur","20","nsubj:pass",NA,NA
"doc7",1,1,"the multiple reasons and objectives for including ABMTs in an agreement on conservation of biodiversity in ABNJ have been highlighted.",22,24,4,"4","and","and","CCONJ","CC",NA,"5","cc",NA,NA
"doc7",1,1,"the multiple reasons and objectives for including ABMTs in an agreement on conservation of biodiversity in ABNJ have been highlighted.",26,35,5,"5","objectives","objective","NOUN","NNS","Number=Plur","3","conj",NA,NA
"doc7",1,1,"the multiple reasons and objectives for including ABMTs in an agreement on conservation of biodiversity in ABNJ have been highlighted.",37,39,6,"6","for","for","SCONJ","IN",NA,"20","mark",NA,NA
"doc7",1,1,"the multiple reasons and objectives for including ABMTs in an agreement on conservation of biodiversity in ABNJ have been highlighted.",41,49,7,"7","including","include","VERB","VBG","VerbForm=Ger","8","case",NA,NA
"doc7",1,1,"the multiple reasons and objectives for including ABMTs in an agreement on conservation of biodiversity in ABNJ have been highlighted.",51,55,8,"8","ABMTs","ABMTs","NOUN","NNS","Number=Plur","20","nsubj:pass",NA,NA
"doc7",1,1,"the multiple reasons and objectives for including ABMTs in an agreement on conservation of biodiversity in ABNJ have been highlighted.",57,58,9,"9","in","in","ADP","IN",NA,"11","case",NA,NA
"doc7",1,1,"the multiple reasons and objectives for including ABMTs in an agreement on conservation of biodiversity in ABNJ have been highlighted.",60,61,10,"10","an","a","DET","DT","Definite=Ind|PronType=Art","11","det",NA,NA
"doc7",1,1,"the multiple reasons and objectives for including ABMTs in an agreement on conservation of biodiversity in ABNJ have been highlighted.",63,71,11,"11","agreement","agreement","NOUN","NN","Number=Sing","8","nmod",NA,NA
"doc7",1,1,"the multiple reasons and objectives for including ABMTs in an agreement on conservation of biodiversity in ABNJ have been highlighted.",73,74,12,"12","on","on","ADP","IN",NA,"13","case",NA,NA
"doc7",1,1,"the multiple reasons and objectives for including ABMTs in an agreement on conservation of biodiversity in ABNJ have been highlighted.",76,87,13,"13","conservation","conservation","NOUN","NN","Number=Sing","11","nmod",NA,NA
"doc7",1,1,"the multiple reasons and objectives for including ABMTs in an agreement on conservation of biodiversity in ABNJ have been highlighted.",89,90,14,"14","of","of","ADP","IN",NA,"15","case",NA,NA
"doc7",1,1,"the multiple reasons and objectives for including ABMTs in an agreement on conservation of biodiversity in ABNJ have been highlighted.",92,103,15,"15","biodiversity","biodiversity","NOUN","NN","Number=Sing","13","nmod",NA,NA
"doc7",1,1,"the multiple reasons and objectives for including ABMTs in an agreement on conservation of biodiversity in ABNJ have been highlighted.",105,106,16,"16","in","in","ADP","IN",NA,"17","case",NA,NA
"doc7",1,1,"the multiple reasons and objectives for including ABMTs in an agreement on conservation of biodiversity in ABNJ have been highlighted.",108,111,17,"17","ABNJ","ABNJ","PROPN","NNP","Number=Sing","15","nmod",NA,NA
"doc7",1,1,"the multiple reasons and objectives for including ABMTs in an agreement on conservation of biodiversity in ABNJ have been highlighted.",113,116,18,"18","have","have","AUX","VBP","Mood=Ind|Tense=Pres|VerbForm=Fin","20","aux",NA,NA
"doc7",1,1,"the multiple reasons and objectives for including ABMTs in an agreement on conservation of biodiversity in ABNJ have been highlighted.",118,121,19,"19","been","be","AUX","VBN","Tense=Past|VerbForm=Part","20","aux:pass",NA,NA
"doc7",1,1,"the multiple reasons and objectives for including ABMTs in an agreement on conservation of biodiversity in ABNJ have been highlighted.",123,133,20,"20","highlighted","highlight","VERB","VBN","Tense=Past|VerbForm=Part|Voice=Pass","0","root",NA,"SpaceAfter=No"
"doc7",1,1,"the multiple reasons and objectives for including ABMTs in an agreement on conservation of biodiversity in ABNJ have been highlighted.",134,134,21,"21",".",".","PUNCT",".",NA,"20","punct",NA,"SpacesAfter=\n"
"doc8",1,1,"The recognition of the need to determine a legal basis for designating MPAs that is consistent with UNCLOS.",1,3,1,"1","The","the","DET","DT","Definite=Def|PronType=Art","2","det",NA,NA
"doc8",1,1,"The recognition of the need to determine a legal basis for designating MPAs that is consistent with UNCLOS.",5,15,2,"2","recognition","recognition","NOUN","NN","Number=Sing","0","root",NA,NA
"doc8",1,1,"The recognition of the need to determine a legal basis for designating MPAs that is consistent with UNCLOS.",17,18,3,"3","of","of","ADP","IN",NA,"5","case",NA,NA
"doc8",1,1,"The recognition of the need to determine a legal basis for designating MPAs that is consistent with UNCLOS.",20,22,4,"4","the","the","DET","DT","Definite=Def|PronType=Art","5","det",NA,NA
"doc8",1,1,"The recognition of the need to determine a legal basis for designating MPAs that is consistent with UNCLOS.",24,27,5,"5","need","need","NOUN","NN","Number=Sing","2","nmod",NA,NA
"doc8",1,1,"The recognition of the need to determine a legal basis for designating MPAs that is consistent with UNCLOS.",29,30,6,"6","to","to","PART","TO",NA,"7","mark",NA,NA
"doc8",1,1,"The recognition of the need to determine a legal basis for designating MPAs that is consistent with UNCLOS.",32,40,7,"7","determine","determine","VERB","VB","VerbForm=Inf","5","acl",NA,NA
"doc8",1,1,"The recognition of the need to determine a legal basis for designating MPAs that is consistent with UNCLOS.",42,42,8,"8","a","a","DET","DT","Definite=Ind|PronType=Art","10","det",NA,NA
"doc8",1,1,"The recognition of the need to determine a legal basis for designating MPAs that is consistent with UNCLOS.",44,48,9,"9","legal","legal","ADJ","JJ","Degree=Pos","10","amod",NA,NA
"doc8",1,1,"The recognition of the need to determine a legal basis for designating MPAs that is consistent with UNCLOS.",50,54,10,"10","basis","basis","NOUN","NN","Number=Sing","7","obj",NA,NA
"doc8",1,1,"The recognition of the need to determine a legal basis for designating MPAs that is consistent with UNCLOS.",56,58,11,"11","for","for","SCONJ","IN",NA,"12","mark",NA,NA
"doc8",1,1,"The recognition of the need to determine a legal basis for designating MPAs that is consistent with UNCLOS.",60,70,12,"12","designating","designating","VERB","VBG","VerbForm=Ger","10","acl",NA,NA
"doc8",1,1,"The recognition of the need to determine a legal basis for designating MPAs that is consistent with UNCLOS.",72,75,13,"13","MPAs","Mpas","NOUN","NNS","Number=Plur","12","obj",NA,NA
"doc8",1,1,"The recognition of the need to determine a legal basis for designating MPAs that is consistent with UNCLOS.",77,80,14,"14","that","that","PRON","WDT","PronType=Rel","16","nsubj",NA,NA
"doc8",1,1,"The recognition of the need to determine a legal basis for designating MPAs that is consistent with UNCLOS.",82,83,15,"15","is","be","AUX","VBZ","Mood=Ind|Number=Sing|Person=3|Tense=Pres|VerbForm=Fin","16","cop",NA,NA
"doc8",1,1,"The recognition of the need to determine a legal basis for designating MPAs that is consistent with UNCLOS.",85,94,16,"16","consistent","consistent","ADJ","JJ","Degree=Pos","13","acl:relcl",NA,NA
"doc8",1,1,"The recognition of the need to determine a legal basis for designating MPAs that is consistent with UNCLOS.",96,99,17,"17","with","with","ADP","IN",NA,"18","case",NA,NA
"doc8",1,1,"The recognition of the need to determine a legal basis for designating MPAs that is consistent with UNCLOS.",101,106,18,"18","UNCLOS","Unclo","PROPN","NNP","Number=Sing","16","obl",NA,"SpaceAfter=No"
"doc8",1,1,"The recognition of the need to determine a legal basis for designating MPAs that is consistent with UNCLOS.",107,107,19,"19",".",".","PUNCT",".",NA,"2","punct",NA,"SpacesAfter=\n"
"doc9",1,1,"in its likely that States would only start to implement the agreement fully after they have become a Party to it and it has entered into force.",1,2,1,"1","in","in","ADP","IN",NA,"3","case",NA,NA
"doc9",1,1,"in its likely that States would only start to implement the agreement fully after they have become a Party to it and it has entered into force.",4,6,2,"2","its","its","PRON","PRP$","Gender=Neut|Number=Sing|Person=3|Poss=Yes|PronType=Prs","3","nmod:poss",NA,NA
"doc9",1,1,"in its likely that States would only start to implement the agreement fully after they have become a Party to it and it has entered into force.",8,13,3,"3","likely","likely","ADJ","JJ","Degree=Pos","0","root",NA,NA
"doc9",1,1,"in its likely that States would only start to implement the agreement fully after they have become a Party to it and it has entered into force.",15,18,4,"4","that","that","SCONJ","IN",NA,"8","mark",NA,NA
"doc9",1,1,"in its likely that States would only start to implement the agreement fully after they have become a Party to it and it has entered into force.",20,25,5,"5","States","States","PROPN","NNPS","Number=Plur","8","nsubj",NA,NA
"doc9",1,1,"in its likely that States would only start to implement the agreement fully after they have become a Party to it and it has entered into force.",27,31,6,"6","would","would","AUX","MD","VerbForm=Fin","8","aux",NA,NA
"doc9",1,1,"in its likely that States would only start to implement the agreement fully after they have become a Party to it and it has entered into force.",33,36,7,"7","only","only","ADV","RB",NA,"8","advmod",NA,NA
"doc9",1,1,"in its likely that States would only start to implement the agreement fully after they have become a Party to it and it has entered into force.",38,42,8,"8","start","start","VERB","VB","VerbForm=Inf","3","ccomp",NA,NA
"doc9",1,1,"in its likely that States would only start to implement the agreement fully after they have become a Party to it and it has entered into force.",44,45,9,"9","to","to","PART","TO",NA,"10","mark",NA,NA
"doc9",1,1,"in its likely that States would only start to implement the agreement fully after they have become a Party to it and it has entered into force.",47,55,10,"10","implement","implement","VERB","VB","VerbForm=Inf","8","xcomp",NA,NA
"doc9",1,1,"in its likely that States would only start to implement the agreement fully after they have become a Party to it and it has entered into force.",57,59,11,"11","the","the","DET","DT","Definite=Def|PronType=Art","12","det",NA,NA
"doc9",1,1,"in its likely that States would only start to implement the agreement fully after they have become a Party to it and it has entered into force.",61,69,12,"12","agreement","agreement","NOUN","NN","Number=Sing","10","obj",NA,NA
"doc9",1,1,"in its likely that States would only start to implement the agreement fully after they have become a Party to it and it has entered into force.",71,75,13,"13","fully","fully","ADV","RB",NA,"17","advmod",NA,NA
"doc9",1,1,"in its likely that States would only start to implement the agreement fully after they have become a Party to it and it has entered into force.",77,81,14,"14","after","after","SCONJ","IN",NA,"17","mark",NA,NA
"doc9",1,1,"in its likely that States would only start to implement the agreement fully after they have become a Party to it and it has entered into force.",83,86,15,"15","they","they","PRON","PRP","Case=Nom|Number=Plur|Person=3|PronType=Prs","17","nsubj",NA,NA
"doc9",1,1,"in its likely that States would only start to implement the agreement fully after they have become a Party to it and it has entered into force.",88,91,16,"16","have","have","AUX","VBP","Mood=Ind|Tense=Pres|VerbForm=Fin","17","aux",NA,NA
"doc9",1,1,"in its likely that States would only start to implement the agreement fully after they have become a Party to it and it has entered into force.",93,98,17,"17","become","become","VERB","VBN","Tense=Past|VerbForm=Part","12","acl",NA,NA
"doc9",1,1,"in its likely that States would only start to implement the agreement fully after they have become a Party to it and it has entered into force.",100,100,18,"18","a","a","DET","DT","Definite=Ind|PronType=Art","19","det",NA,NA
"doc9",1,1,"in its likely that States would only start to implement the agreement fully after they have become a Party to it and it has entered into force.",102,106,19,"19","Party","party","NOUN","NN","Number=Sing","17","obj",NA,NA
"doc9",1,1,"in its likely that States would only start to implement the agreement fully after they have become a Party to it and it has entered into force.",108,109,20,"20","to","to","ADP","IN",NA,"21","case",NA,NA
"doc9",1,1,"in its likely that States would only start to implement the agreement fully after they have become a Party to it and it has entered into force.",111,112,21,"21","it","it","PRON","PRP","Case=Acc|Gender=Neut|Number=Sing|Person=3|PronType=Prs","19","nmod",NA,NA
"doc9",1,1,"in its likely that States would only start to implement the agreement fully after they have become a Party to it and it has entered into force.",114,116,22,"22","and","and","CCONJ","CC",NA,"25","cc",NA,NA
"doc9",1,1,"in its likely that States would only start to implement the agreement fully after they have become a Party to it and it has entered into force.",118,119,23,"23","it","it","PRON","PRP","Case=Nom|Gender=Neut|Number=Sing|Person=3|PronType=Prs","25","nsubj",NA,NA
"doc9",1,1,"in its likely that States would only start to implement the agreement fully after they have become a Party to it and it has entered into force.",121,123,24,"24","has","have","AUX","VBZ","Mood=Ind|Number=Sing|Person=3|Tense=Pres|VerbForm=Fin","25","aux",NA,NA
"doc9",1,1,"in its likely that States would only start to implement the agreement fully after they have become a Party to it and it has entered into force.",125,131,25,"25","entered","enter","VERB","VBN","Tense=Past|VerbForm=Part","17","conj",NA,NA
"doc9",1,1,"in its likely that States would only start to implement the agreement fully after they have become a Party to it and it has entered into force.",133,136,26,"26","into","into","ADP","IN",NA,"27","case",NA,NA
"doc9",1,1,"in its likely that States would only start to implement the agreement fully after they have become a Party to it and it has entered into force.",138,142,27,"27","force","force","NOUN","NN","Number=Sing","25","obl",NA,"SpaceAfter=No"
"doc9",1,1,"in its likely that States would only start to implement the agreement fully after they have become a Party to it and it has entered into force.",143,143,28,"28",".",".","PUNCT",".",NA,"3","punct",NA,"SpacesAfter=\n"
"doc10",1,1,"to obtain broad international support for the provisions on MPA networks",1,2,1,"1","to","to","PART","TO",NA,"2","mark",NA,NA
"doc10",1,1,"to obtain broad international support for the provisions on MPA networks",4,9,2,"2","obtain","obtain","VERB","VB","VerbForm=Inf","0","root",NA,NA
"doc10",1,1,"to obtain broad international support for the provisions on MPA networks",11,15,3,"3","broad","broad","ADJ","JJ","Degree=Pos","5","amod",NA,NA
"doc10",1,1,"to obtain broad international support for the provisions on MPA networks",17,29,4,"4","international","international","ADJ","JJ","Degree=Pos","5","amod",NA,NA
"doc10",1,1,"to obtain broad international support for the provisions on MPA networks",31,37,5,"5","support","support","NOUN","NN","Number=Sing","2","obj",NA,NA
"doc10",1,1,"to obtain broad international support for the provisions on MPA networks",39,41,6,"6","for","for","ADP","IN",NA,"8","case",NA,NA
"doc10",1,1,"to obtain broad international support for the provisions on MPA networks",43,45,7,"7","the","the","DET","DT","Definite=Def|PronType=Art","8","det",NA,NA
"doc10",1,1,"to obtain broad international support for the provisions on MPA networks",47,56,8,"8","provisions","provision","NOUN","NNS","Number=Plur","5","nmod",NA,NA
"doc10",1,1,"to obtain broad international support for the provisions on MPA networks",58,59,9,"9","on","on","ADP","IN",NA,"11","case",NA,NA
"doc10",1,1,"to obtain broad international support for the provisions on MPA networks",61,63,10,"10","MPA","MPa","NOUN","NN","Number=Sing","11","compound",NA,NA
"doc10",1,1,"to obtain broad international support for the provisions on MPA networks",65,72,11,"11","networks","network","NOUN","NNS","Number=Plur","8","nmod",NA,"SpacesAfter=\n"
"doc11",1,1,"to incorporate and operationalise modern management principles such as precaution ecosystem-based management and integration.",1,2,1,"1","to","to","PART","TO",NA,"2","mark",NA,NA
"doc11",1,1,"to incorporate and operationalise modern management principles such as precaution ecosystem-based management and integration.",4,14,2,"2","incorporate","incorporate","VERB","VB","VerbForm=Inf","0","root",NA,NA
"doc11",1,1,"to incorporate and operationalise modern management principles such as precaution ecosystem-based management and integration.",16,18,3,"3","and","and","CCONJ","CC",NA,"4","cc",NA,NA
"doc11",1,1,"to incorporate and operationalise modern management principles such as precaution ecosystem-based management and integration.",20,33,4,"4","operationalise","operationalise","VERB","VB","VerbForm=Inf","2","conj",NA,NA
"doc11",1,1,"to incorporate and operationalise modern management principles such as precaution ecosystem-based management and integration.",35,40,5,"5","modern","modern","ADJ","JJ","Degree=Pos","7","amod",NA,NA
"doc11",1,1,"to incorporate and operationalise modern management principles such as precaution ecosystem-based management and integration.",42,51,6,"6","management","management","NOUN","NN","Number=Sing","7","compound",NA,NA
"doc11",1,1,"to incorporate and operationalise modern management principles such as precaution ecosystem-based management and integration.",53,62,7,"7","principles","principle","NOUN","NNS","Number=Plur","2","obj",NA,NA
"doc11",1,1,"to incorporate and operationalise modern management principles such as precaution ecosystem-based management and integration.",64,67,8,"8","such","such","ADJ","JJ","Degree=Pos","14","case",NA,NA
"doc11",1,1,"to incorporate and operationalise modern management principles such as precaution ecosystem-based management and integration.",69,70,9,"9","as","as","ADP","IN",NA,"8","fixed",NA,NA
"doc11",1,1,"to incorporate and operationalise modern management principles such as precaution ecosystem-based management and integration.",72,81,10,"10","precaution","precaution","NOUN","NN","Number=Sing","13","compound",NA,NA
"doc11",1,1,"to incorporate and operationalise modern management principles such as precaution ecosystem-based management and integration.",83,91,11,"11","ecosystem","ecosystem","NOUN","NN","Number=Sing","13","obl:npmod",NA,"SpaceAfter=No"
"doc11",1,1,"to incorporate and operationalise modern management principles such as precaution ecosystem-based management and integration.",92,92,12,"12","-","-","PUNCT","HYPH",NA,"13","punct",NA,"SpaceAfter=No"
"doc11",1,1,"to incorporate and operationalise modern management principles such as precaution ecosystem-based management and integration.",93,97,13,"13","based","base","VERB","VBN","Tense=Past|VerbForm=Part","14","amod",NA,NA
"doc11",1,1,"to incorporate and operationalise modern management principles such as precaution ecosystem-based management and integration.",99,108,14,"14","management","management","NOUN","NN","Number=Sing","7","nmod",NA,NA
"doc11",1,1,"to incorporate and operationalise modern management principles such as precaution ecosystem-based management and integration.",110,112,15,"15","and","and","CCONJ","CC",NA,"16","cc",NA,NA
"doc11",1,1,"to incorporate and operationalise modern management principles such as precaution ecosystem-based management and integration.",114,124,16,"16","integration","integration","NOUN","NN","Number=Sing","14","conj",NA,"SpaceAfter=No"
"doc11",1,1,"to incorporate and operationalise modern management principles such as precaution ecosystem-based management and integration.",125,125,17,"17",".",".","PUNCT",".",NA,"2","punct",NA,"SpacesAfter=\n"
"doc12",1,1,"MPAs are highlighted as a key conservation tool for marine protection in ABNJ.",1,4,1,"1","MPAs","MPA","NOUN","NNS","Number=Plur","3","nsubj:pass",NA,NA
"doc12",1,1,"MPAs are highlighted as a key conservation tool for marine protection in ABNJ.",6,8,2,"2","are","be","AUX","VBP","Mood=Ind|Tense=Pres|VerbForm=Fin","3","aux:pass",NA,NA
"doc12",1,1,"MPAs are highlighted as a key conservation tool for marine protection in ABNJ.",10,20,3,"3","highlighted","highlight","VERB","VBN","Tense=Past|VerbForm=Part|Voice=Pass","0","root",NA,NA
"doc12",1,1,"MPAs are highlighted as a key conservation tool for marine protection in ABNJ.",22,23,4,"4","as","as","ADP","IN",NA,"8","case",NA,NA
"doc12",1,1,"MPAs are highlighted as a key conservation tool for marine protection in ABNJ.",25,25,5,"5","a","a","DET","DT","Definite=Ind|PronType=Art","8","det",NA,NA
"doc12",1,1,"MPAs are highlighted as a key conservation tool for marine protection in ABNJ.",27,29,6,"6","key","key","ADJ","JJ","Degree=Pos","8","amod",NA,NA
"doc12",1,1,"MPAs are highlighted as a key conservation tool for marine protection in ABNJ.",31,42,7,"7","conservation","conservation","NOUN","NN","Number=Sing","8","compound",NA,NA
"doc12",1,1,"MPAs are highlighted as a key conservation tool for marine protection in ABNJ.",44,47,8,"8","tool","tool","NOUN","NN","Number=Sing","3","obl",NA,NA
"doc12",1,1,"MPAs are highlighted as a key conservation tool for marine protection in ABNJ.",49,51,9,"9","for","for","ADP","IN",NA,"11","case",NA,NA
"doc12",1,1,"MPAs are highlighted as a key conservation tool for marine protection in ABNJ.",53,58,10,"10","marine","marine","NUM","CD","NumType=Card","11","nummod",NA,NA
"doc12",1,1,"MPAs are highlighted as a key conservation tool for marine protection in ABNJ.",60,69,11,"11","protection","protection","NOUN","NN","Number=Sing","8","nmod",NA,NA
"doc12",1,1,"MPAs are highlighted as a key conservation tool for marine protection in ABNJ.",71,72,12,"12","in","in","ADP","IN",NA,"13","case",NA,NA
"doc12",1,1,"MPAs are highlighted as a key conservation tool for marine protection in ABNJ.",74,77,13,"13","ABNJ","ABNJ","PROPN","NNP","Number=Sing","11","nmod",NA,"SpaceAfter=No"
"doc12",1,1,"MPAs are highlighted as a key conservation tool for marine protection in ABNJ.",78,78,14,"14",".",".","PUNCT",".",NA,"3","punct",NA,"SpacesAfter=\n"
"doc13",1,1,"divisions of opinion exist between countries as to the need for more effective governance.",1,9,1,"1","divisions","division","NOUN","NNS","Number=Plur","4","nsubj",NA,NA
"doc13",1,1,"divisions of opinion exist between countries as to the need for more effective governance.",11,12,2,"2","of","of","ADP","IN",NA,"3","case",NA,NA
"doc13",1,1,"divisions of opinion exist between countries as to the need for more effective governance.",14,20,3,"3","opinion","opinion","NOUN","NN","Number=Sing","1","nmod",NA,NA
"doc13",1,1,"divisions of opinion exist between countries as to the need for more effective governance.",22,26,4,"4","exist","exist","VERB","VBP","Mood=Ind|Tense=Pres|VerbForm=Fin","0","root",NA,NA
"doc13",1,1,"divisions of opinion exist between countries as to the need for more effective governance.",28,34,5,"5","between","between","ADP","IN",NA,"6","case",NA,NA
"doc13",1,1,"divisions of opinion exist between countries as to the need for more effective governance.",36,44,6,"6","countries","country","NOUN","NNS","Number=Plur","4","obl",NA,NA
"doc13",1,1,"divisions of opinion exist between countries as to the need for more effective governance.",46,47,7,"7","as","as","ADP","IN",NA,"10","case",NA,NA
"doc13",1,1,"divisions of opinion exist between countries as to the need for more effective governance.",49,50,8,"8","to","to","ADP","IN",NA,"7","fixed",NA,NA
"doc13",1,1,"divisions of opinion exist between countries as to the need for more effective governance.",52,54,9,"9","the","the","DET","DT","Definite=Def|PronType=Art","10","det",NA,NA
"doc13",1,1,"divisions of opinion exist between countries as to the need for more effective governance.",56,59,10,"10","need","need","NOUN","NN","Number=Sing","4","obl",NA,NA
"doc13",1,1,"divisions of opinion exist between countries as to the need for more effective governance.",61,63,11,"11","for","for","ADP","IN",NA,"14","case",NA,NA
"doc13",1,1,"divisions of opinion exist between countries as to the need for more effective governance.",65,68,12,"12","more","more","ADJ","JJR","Degree=Cmp","14","amod",NA,NA
"doc13",1,1,"divisions of opinion exist between countries as to the need for more effective governance.",70,78,13,"13","effective","effective","ADJ","JJ","Degree=Pos","14","amod",NA,NA
"doc13",1,1,"divisions of opinion exist between countries as to the need for more effective governance.",80,89,14,"14","governance","governance","NOUN","NN","Number=Sing","10","nmod",NA,"SpaceAfter=No"
"doc13",1,1,"divisions of opinion exist between countries as to the need for more effective governance.",90,90,15,"15",".",".","PUNCT",".",NA,"4","punct",NA,"SpacesAfter=\n"
"doc14",1,1,"to bring the decision on the establishment of MPAs to the relevant organizations and request their cooperation.",1,2,1,"1","to","to","PART","TO",NA,"2","mark",NA,NA
"doc14",1,1,"to bring the decision on the establishment of MPAs to the relevant organizations and request their cooperation.",4,8,2,"2","bring","bring","VERB","VB","VerbForm=Inf","0","root",NA,NA
"doc14",1,1,"to bring the decision on the establishment of MPAs to the relevant organizations and request their cooperation.",10,12,3,"3","the","the","DET","DT","Definite=Def|PronType=Art","4","det",NA,NA
"doc14",1,1,"to bring the decision on the establishment of MPAs to the relevant organizations and request their cooperation.",14,21,4,"4","decision","decision","NOUN","NN","Number=Sing","2","obj",NA,NA
"doc14",1,1,"to bring the decision on the establishment of MPAs to the relevant organizations and request their cooperation.",23,24,5,"5","on","on","ADP","IN",NA,"7","case",NA,NA
"doc14",1,1,"to bring the decision on the establishment of MPAs to the relevant organizations and request their cooperation.",26,28,6,"6","the","the","DET","DT","Definite=Def|PronType=Art","7","det",NA,NA
"doc14",1,1,"to bring the decision on the establishment of MPAs to the relevant organizations and request their cooperation.",30,42,7,"7","establishment","establishment","NOUN","NN","Number=Sing","2","obl",NA,NA
"doc14",1,1,"to bring the decision on the establishment of MPAs to the relevant organizations and request their cooperation.",44,45,8,"8","of","of","ADP","IN",NA,"9","case",NA,NA
"doc14",1,1,"to bring the decision on the establishment of MPAs to the relevant organizations and request their cooperation.",47,50,9,"9","MPAs","MPAs","NOUN","NNS","Number=Plur","7","nmod",NA,NA
"doc14",1,1,"to bring the decision on the establishment of MPAs to the relevant organizations and request their cooperation.",52,53,10,"10","to","to","ADP","IN",NA,"13","case",NA,NA
"doc14",1,1,"to bring the decision on the establishment of MPAs to the relevant organizations and request their cooperation.",55,57,11,"11","the","the","DET","DT","Definite=Def|PronType=Art","13","det",NA,NA
"doc14",1,1,"to bring the decision on the establishment of MPAs to the relevant organizations and request their cooperation.",59,66,12,"12","relevant","relevant","ADJ","JJ","Degree=Pos","13","amod",NA,NA
"doc14",1,1,"to bring the decision on the establishment of MPAs to the relevant organizations and request their cooperation.",68,80,13,"13","organizations","organization","NOUN","NNS","Number=Plur","2","obl",NA,NA
"doc14",1,1,"to bring the decision on the establishment of MPAs to the relevant organizations and request their cooperation.",82,84,14,"14","and","and","CCONJ","CC",NA,"15","cc",NA,NA
"doc14",1,1,"to bring the decision on the establishment of MPAs to the relevant organizations and request their cooperation.",86,92,15,"15","request","request","VERB","VBP","Mood=Ind|Tense=Pres|VerbForm=Fin","2","conj",NA,NA
"doc14",1,1,"to bring the decision on the establishment of MPAs to the relevant organizations and request their cooperation.",94,98,16,"16","their","they","PRON","PRP$","Number=Plur|Person=3|Poss=Yes|PronType=Prs","17","nmod:poss",NA,NA
"doc14",1,1,"to bring the decision on the establishment of MPAs to the relevant organizations and request their cooperation.",100,110,17,"17","cooperation","cooperation","NOUN","NN","Number=Sing","15","obj",NA,"SpaceAfter=No"
"doc14",1,1,"to bring the decision on the establishment of MPAs to the relevant organizations and request their cooperation.",111,111,18,"18",".",".","PUNCT",".",NA,"2","punct",NA,"SpacesAfter=\n"
"doc15",1,1,"to include and incorporate the concerns of the international community, setting an example for how humanity can cooperate to safeguard our global commons.",1,2,1,"1","to","to","PART","TO",NA,"2","mark",NA,NA
"doc15",1,1,"to include and incorporate the concerns of the international community, setting an example for how humanity can cooperate to safeguard our global commons.",4,10,2,"2","include","include","VERB","VB","VerbForm=Inf","0","root",NA,NA
"doc15",1,1,"to include and incorporate the concerns of the international community, setting an example for how humanity can cooperate to safeguard our global commons.",12,14,3,"3","and","and","CCONJ","CC",NA,"4","cc",NA,NA
"doc15",1,1,"to include and incorporate the concerns of the international community, setting an example for how humanity can cooperate to safeguard our global commons.",16,26,4,"4","incorporate","incorporate","VERB","VB","VerbForm=Inf","2","conj",NA,NA
"doc15",1,1,"to include and incorporate the concerns of the international community, setting an example for how humanity can cooperate to safeguard our global commons.",28,30,5,"5","the","the","DET","DT","Definite=Def|PronType=Art","6","det",NA,NA
"doc15",1,1,"to include and incorporate the concerns of the international community, setting an example for how humanity can cooperate to safeguard our global commons.",32,39,6,"6","concerns","concern","NOUN","NNS","Number=Plur","4","obj",NA,NA
"doc15",1,1,"to include and incorporate the concerns of the international community, setting an example for how humanity can cooperate to safeguard our global commons.",41,42,7,"7","of","of","ADP","IN",NA,"10","case",NA,NA
"doc15",1,1,"to include and incorporate the concerns of the international community, setting an example for how humanity can cooperate to safeguard our global commons.",44,46,8,"8","the","the","DET","DT","Definite=Def|PronType=Art","10","det",NA,NA
"doc15",1,1,"to include and incorporate the concerns of the international community, setting an example for how humanity can cooperate to safeguard our global commons.",48,60,9,"9","international","international","ADJ","JJ","Degree=Pos","10","amod",NA,NA
"doc15",1,1,"to include and incorporate the concerns of the international community, setting an example for how humanity can cooperate to safeguard our global commons.",62,70,10,"10","community","community","NOUN","NN","Number=Sing","6","nmod",NA,"SpaceAfter=No"
"doc15",1,1,"to include and incorporate the concerns of the international community, setting an example for how humanity can cooperate to safeguard our global commons.",71,71,11,"11",",",",","PUNCT",",",NA,"12","punct",NA,NA
"doc15",1,1,"to include and incorporate the concerns of the international community, setting an example for how humanity can cooperate to safeguard our global commons.",73,79,12,"12","setting","set","VERB","VBG","VerbForm=Ger","2","conj",NA,NA
"doc15",1,1,"to include and incorporate the concerns of the international community, setting an example for how humanity can cooperate to safeguard our global commons.",81,82,13,"13","an","a","DET","DT","Definite=Ind|PronType=Art","14","det",NA,NA
"doc15",1,1,"to include and incorporate the concerns of the international community, setting an example for how humanity can cooperate to safeguard our global commons.",84,90,14,"14","example","example","NOUN","NN","Number=Sing","12","obj",NA,NA
"doc15",1,1,"to include and incorporate the concerns of the international community, setting an example for how humanity can cooperate to safeguard our global commons.",92,94,15,"15","for","for","SCONJ","IN",NA,"19","mark",NA,NA
"doc15",1,1,"to include and incorporate the concerns of the international community, setting an example for how humanity can cooperate to safeguard our global commons.",96,98,16,"16","how","how","ADV","WRB","PronType=Int","19","advmod",NA,NA
"doc15",1,1,"to include and incorporate the concerns of the international community, setting an example for how humanity can cooperate to safeguard our global commons.",100,107,17,"17","humanity","humanity","NOUN","NN","Number=Sing","19","nsubj",NA,NA
"doc15",1,1,"to include and incorporate the concerns of the international community, setting an example for how humanity can cooperate to safeguard our global commons.",109,111,18,"18","can","can","AUX","MD","VerbForm=Fin","19","aux",NA,NA
"doc15",1,1,"to include and incorporate the concerns of the international community, setting an example for how humanity can cooperate to safeguard our global commons.",113,121,19,"19","cooperate","cooperate","VERB","VB","VerbForm=Inf","14","acl",NA,NA
"doc15",1,1,"to include and incorporate the concerns of the international community, setting an example for how humanity can cooperate to safeguard our global commons.",123,124,20,"20","to","to","PART","TO",NA,"21","mark",NA,NA
"doc15",1,1,"to include and incorporate the concerns of the international community, setting an example for how humanity can cooperate to safeguard our global commons.",126,134,21,"21","safeguard","safeguard","VERB","VB","VerbForm=Inf","19","xcomp",NA,NA
"doc15",1,1,"to include and incorporate the concerns of the international community, setting an example for how humanity can cooperate to safeguard our global commons.",136,138,22,"22","our","we","PRON","PRP$","Number=Plur|Person=1|Poss=Yes|PronType=Prs","24","nmod:poss",NA,NA
"doc15",1,1,"to include and incorporate the concerns of the international community, setting an example for how humanity can cooperate to safeguard our global commons.",140,145,23,"23","global","global","ADJ","JJ","Degree=Pos","24","amod",NA,NA
"doc15",1,1,"to include and incorporate the concerns of the international community, setting an example for how humanity can cooperate to safeguard our global commons.",147,153,24,"24","commons","commons","NOUN","NNS","Number=Plur","21","obj",NA,"SpaceAfter=No"
"doc15",1,1,"to include and incorporate the concerns of the international community, setting an example for how humanity can cooperate to safeguard our global commons.",154,154,25,"25",".",".","PUNCT",".",NA,"2","punct",NA,"SpacesAfter=\n"
"doc16",1,1,"to identify points of convergence regulatory gaps and implementation gaps.",1,2,1,"1","to","to","PART","TO",NA,"2","mark",NA,NA
"doc16",1,1,"to identify points of convergence regulatory gaps and implementation gaps.",4,11,2,"2","identify","identify","VERB","VB","VerbForm=Inf","0","root",NA,NA
"doc16",1,1,"to identify points of convergence regulatory gaps and implementation gaps.",13,18,3,"3","points","point","NOUN","NNS","Number=Plur","2","obj",NA,NA
"doc16",1,1,"to identify points of convergence regulatory gaps and implementation gaps.",20,21,4,"4","of","of","ADP","IN",NA,"7","case",NA,NA
"doc16",1,1,"to identify points of convergence regulatory gaps and implementation gaps.",23,33,5,"5","convergence","convergence","NOUN","NN","Number=Sing","7","compound",NA,NA
"doc16",1,1,"to identify points of convergence regulatory gaps and implementation gaps.",35,44,6,"6","regulatory","regulatory","ADJ","JJ","Degree=Pos","7","amod",NA,NA
"doc16",1,1,"to identify points of convergence regulatory gaps and implementation gaps.",46,49,7,"7","gaps","gaps","NOUN","NNS","Number=Plur","3","nmod",NA,NA
"doc16",1,1,"to identify points of convergence regulatory gaps and implementation gaps.",51,53,8,"8","and","and","CCONJ","CC",NA,"10","cc",NA,NA
"doc16",1,1,"to identify points of convergence regulatory gaps and implementation gaps.",55,68,9,"9","implementation","implementation","NOUN","NN","Number=Sing","10","compound",NA,NA
"doc16",1,1,"to identify points of convergence regulatory gaps and implementation gaps.",70,73,10,"10","gaps","gaps","NOUN","NNS","Number=Plur","7","conj",NA,"SpaceAfter=No"
"doc16",1,1,"to identify points of convergence regulatory gaps and implementation gaps.",74,74,11,"11",".",".","PUNCT",".",NA,"2","punct",NA,"SpacesAfter=\n"
"doc17",1,1,"to facilitate de international recognition of MPAs or other regulatory measures in ABNJ.",1,2,1,"1","to","to","PART","TO",NA,"2","mark",NA,NA
"doc17",1,1,"to facilitate de international recognition of MPAs or other regulatory measures in ABNJ.",4,13,2,"2","facilitate","facilitate","VERB","VB","VerbForm=Inf","0","root",NA,NA
"doc17",1,1,"to facilitate de international recognition of MPAs or other regulatory measures in ABNJ.",15,16,3,"3","de","de","X","FW","Foreign=Yes","4","advmod",NA,NA
"doc17",1,1,"to facilitate de international recognition of MPAs or other regulatory measures in ABNJ.",18,30,4,"4","international","international","ADJ","JJ","Degree=Pos","5","amod",NA,NA
"doc17",1,1,"to facilitate de international recognition of MPAs or other regulatory measures in ABNJ.",32,42,5,"5","recognition","recognition","NOUN","NN","Number=Sing","2","obj",NA,NA
"doc17",1,1,"to facilitate de international recognition of MPAs or other regulatory measures in ABNJ.",44,45,6,"6","of","of","ADP","IN",NA,"7","case",NA,NA
"doc17",1,1,"to facilitate de international recognition of MPAs or other regulatory measures in ABNJ.",47,50,7,"7","MPAs","MPAs","NOUN","NNS","Number=Plur","5","nmod",NA,NA
"doc17",1,1,"to facilitate de international recognition of MPAs or other regulatory measures in ABNJ.",52,53,8,"8","or","or","CCONJ","CC",NA,"11","cc",NA,NA
"doc17",1,1,"to facilitate de international recognition of MPAs or other regulatory measures in ABNJ.",55,59,9,"9","other","other","ADJ","JJ","Degree=Pos","11","amod",NA,NA
"doc17",1,1,"to facilitate de international recognition of MPAs or other regulatory measures in ABNJ.",61,70,10,"10","regulatory","regulatory","ADJ","JJ","Degree=Pos","11","amod",NA,NA
"doc17",1,1,"to facilitate de international recognition of MPAs or other regulatory measures in ABNJ.",72,79,11,"11","measures","measure","NOUN","NNS","Number=Plur","5","conj",NA,NA
"doc17",1,1,"to facilitate de international recognition of MPAs or other regulatory measures in ABNJ.",81,82,12,"12","in","in","ADP","IN",NA,"13","case",NA,NA
"doc17",1,1,"to facilitate de international recognition of MPAs or other regulatory measures in ABNJ.",84,87,13,"13","ABNJ","ABNJ","PROPN","NNP","Number=Sing","5","nmod",NA,"SpaceAfter=No"
"doc17",1,1,"to facilitate de international recognition of MPAs or other regulatory measures in ABNJ.",88,88,14,"14",".",".","PUNCT",".",NA,"2","punct",NA,"SpacesAfter=\n"
"doc18",1,1,"the precautionary principle and ecosystem approach are fundamental principles in the agreement.",1,3,1,"1","the","the","DET","DT","Definite=Def|PronType=Art","6","det",NA,NA
"doc18",1,1,"the precautionary principle and ecosystem approach are fundamental principles in the agreement.",5,17,2,"2","precautionary","precautionary","ADJ","JJ","Degree=Pos","6","amod",NA,NA
"doc18",1,1,"the precautionary principle and ecosystem approach are fundamental principles in the agreement.",19,27,3,"3","principle","principle","NOUN","NN","Number=Sing","6","compound",NA,NA
"doc18",1,1,"the precautionary principle and ecosystem approach are fundamental principles in the agreement.",29,31,4,"4","and","and","CCONJ","CC",NA,"5","cc",NA,NA
"doc18",1,1,"the precautionary principle and ecosystem approach are fundamental principles in the agreement.",33,41,5,"5","ecosystem","ecosystem","NOUN","NN","Number=Sing","3","conj",NA,NA
"doc18",1,1,"the precautionary principle and ecosystem approach are fundamental principles in the agreement.",43,50,6,"6","approach","approach","NOUN","NN","Number=Sing","9","nsubj",NA,NA
"doc18",1,1,"the precautionary principle and ecosystem approach are fundamental principles in the agreement.",52,54,7,"7","are","be","AUX","VBP","Mood=Ind|Tense=Pres|VerbForm=Fin","9","cop",NA,NA
"doc18",1,1,"the precautionary principle and ecosystem approach are fundamental principles in the agreement.",56,66,8,"8","fundamental","fundamental","ADJ","JJ","Degree=Pos","9","amod",NA,NA
"doc18",1,1,"the precautionary principle and ecosystem approach are fundamental principles in the agreement.",68,77,9,"9","principles","principles","NOUN","NNS","Number=Plur","0","root",NA,NA
"doc18",1,1,"the precautionary principle and ecosystem approach are fundamental principles in the agreement.",79,80,10,"10","in","in","ADP","IN",NA,"12","case",NA,NA
"doc18",1,1,"the precautionary principle and ecosystem approach are fundamental principles in the agreement.",82,84,11,"11","the","the","DET","DT","Definite=Def|PronType=Art","12","det",NA,NA
"doc18",1,1,"the precautionary principle and ecosystem approach are fundamental principles in the agreement.",86,94,12,"12","agreement","agreement","NOUN","NN","Number=Sing","9","nmod",NA,"SpaceAfter=No"
"doc18",1,1,"the precautionary principle and ecosystem approach are fundamental principles in the agreement.",95,95,13,"13",".",".","PUNCT",".",NA,"9","punct",NA,"SpacesAfter=\n"
"doc19",1,1,"to set explicit goals, objectives, and targets for protection of biodiversity and the marine environment alongside sustainable use of resources.",1,2,1,"1","to","to","PART","TO",NA,"2","mark",NA,NA
"doc19",1,1,"to set explicit goals, objectives, and targets for protection of biodiversity and the marine environment alongside sustainable use of resources.",4,6,2,"2","set","set","VERB","VB","VerbForm=Inf","0","root",NA,NA
"doc19",1,1,"to set explicit goals, objectives, and targets for protection of biodiversity and the marine environment alongside sustainable use of resources.",8,15,3,"3","explicit","explicin","ADJ","JJ","Degree=Pos","4","amod",NA,NA
"doc19",1,1,"to set explicit goals, objectives, and targets for protection of biodiversity and the marine environment alongside sustainable use of resources.",17,21,4,"4","goals","goal","NOUN","NNS","Number=Plur","2","obj",NA,"SpaceAfter=No"
"doc19",1,1,"to set explicit goals, objectives, and targets for protection of biodiversity and the marine environment alongside sustainable use of resources.",22,22,5,"5",",",",","PUNCT",",",NA,"6","punct",NA,NA
"doc19",1,1,"to set explicit goals, objectives, and targets for protection of biodiversity and the marine environment alongside sustainable use of resources.",24,33,6,"6","objectives","objective","NOUN","NNS","Number=Plur","2","conj",NA,"SpaceAfter=No"
"doc19",1,1,"to set explicit goals, objectives, and targets for protection of biodiversity and the marine environment alongside sustainable use of resources.",34,34,7,"7",",",",","PUNCT",",",NA,"9","punct",NA,NA
"doc19",1,1,"to set explicit goals, objectives, and targets for protection of biodiversity and the marine environment alongside sustainable use of resources.",36,38,8,"8","and","and","CCONJ","CC",NA,"9","cc",NA,NA
"doc19",1,1,"to set explicit goals, objectives, and targets for protection of biodiversity and the marine environment alongside sustainable use of resources.",40,46,9,"9","targets","target","NOUN","NNS","Number=Plur","2","conj",NA,NA
"doc19",1,1,"to set explicit goals, objectives, and targets for protection of biodiversity and the marine environment alongside sustainable use of resources.",48,50,10,"10","for","for","ADP","IN",NA,"11","case",NA,NA
"doc19",1,1,"to set explicit goals, objectives, and targets for protection of biodiversity and the marine environment alongside sustainable use of resources.",52,61,11,"11","protection","protection","NOUN","NN","Number=Sing","9","nmod",NA,NA
"doc19",1,1,"to set explicit goals, objectives, and targets for protection of biodiversity and the marine environment alongside sustainable use of resources.",63,64,12,"12","of","of","ADP","IN",NA,"13","case",NA,NA
"doc19",1,1,"to set explicit goals, objectives, and targets for protection of biodiversity and the marine environment alongside sustainable use of resources.",66,77,13,"13","biodiversity","biodiversity","NOUN","NN","Number=Sing","11","nmod",NA,NA
"doc19",1,1,"to set explicit goals, objectives, and targets for protection of biodiversity and the marine environment alongside sustainable use of resources.",79,81,14,"14","and","and","CCONJ","CC",NA,"17","cc",NA,NA
"doc19",1,1,"to set explicit goals, objectives, and targets for protection of biodiversity and the marine environment alongside sustainable use of resources.",83,85,15,"15","the","the","DET","DT","Definite=Def|PronType=Art","17","det",NA,NA
"doc19",1,1,"to set explicit goals, objectives, and targets for protection of biodiversity and the marine environment alongside sustainable use of resources.",87,92,16,"16","marine","marine","NOUN","NN","Number=Sing","17","compound",NA,NA
"doc19",1,1,"to set explicit goals, objectives, and targets for protection of biodiversity and the marine environment alongside sustainable use of resources.",94,104,17,"17","environment","environment","NOUN","NN","Number=Sing","13","conj",NA,NA
"doc19",1,1,"to set explicit goals, objectives, and targets for protection of biodiversity and the marine environment alongside sustainable use of resources.",106,114,18,"18","alongside","alongside","ADP","IN",NA,"20","case",NA,NA
"doc19",1,1,"to set explicit goals, objectives, and targets for protection of biodiversity and the marine environment alongside sustainable use of resources.",116,126,19,"19","sustainable","sustainable","ADJ","JJ","Degree=Pos","20","amod",NA,NA
"doc19",1,1,"to set explicit goals, objectives, and targets for protection of biodiversity and the marine environment alongside sustainable use of resources.",128,130,20,"20","use","use","NOUN","NN","Number=Sing","17","nmod",NA,NA
"doc19",1,1,"to set explicit goals, objectives, and targets for protection of biodiversity and the marine environment alongside sustainable use of resources.",132,133,21,"21","of","of","ADP","IN",NA,"22","case",NA,NA
"doc19",1,1,"to set explicit goals, objectives, and targets for protection of biodiversity and the marine environment alongside sustainable use of resources.",135,143,22,"22","resources","resource","NOUN","NNS","Number=Plur","20","nmod",NA,"SpaceAfter=No"
"doc19",1,1,"to set explicit goals, objectives, and targets for protection of biodiversity and the marine environment alongside sustainable use of resources.",144,144,23,"23",".",".","PUNCT",".",NA,"2","punct",NA,"SpacesAfter=\n"
"doc20",1,1,"to provide the basis for a more integrated legal and institutional framework to further implement key provisions of the UNCLOS on the protection and preservation of the marine environment.",1,2,1,"1","to","to","PART","TO",NA,"2","mark",NA,NA
"doc20",1,1,"to provide the basis for a more integrated legal and institutional framework to further implement key provisions of the UNCLOS on the protection and preservation of the marine environment.",4,10,2,"2","provide","provide","VERB","VB","VerbForm=Inf","0","root",NA,NA
"doc20",1,1,"to provide the basis for a more integrated legal and institutional framework to further implement key provisions of the UNCLOS on the protection and preservation of the marine environment.",12,14,3,"3","the","the","DET","DT","Definite=Def|PronType=Art","4","det",NA,NA
"doc20",1,1,"to provide the basis for a more integrated legal and institutional framework to further implement key provisions of the UNCLOS on the protection and preservation of the marine environment.",16,20,4,"4","basis","basis","NOUN","NN","Number=Sing","2","obj",NA,NA
"doc20",1,1,"to provide the basis for a more integrated legal and institutional framework to further implement key provisions of the UNCLOS on the protection and preservation of the marine environment.",22,24,5,"5","for","for","ADP","IN",NA,"12","case",NA,NA
"doc20",1,1,"to provide the basis for a more integrated legal and institutional framework to further implement key provisions of the UNCLOS on the protection and preservation of the marine environment.",26,26,6,"6","a","a","DET","DT","Definite=Ind|PronType=Art","12","det",NA,NA
"doc20",1,1,"to provide the basis for a more integrated legal and institutional framework to further implement key provisions of the UNCLOS on the protection and preservation of the marine environment.",28,31,7,"7","more","more","ADV","RBR",NA,"8","advmod",NA,NA
"doc20",1,1,"to provide the basis for a more integrated legal and institutional framework to further implement key provisions of the UNCLOS on the protection and preservation of the marine environment.",33,42,8,"8","integrated","integrated","ADJ","JJ","Degree=Pos","9","amod",NA,NA
"doc20",1,1,"to provide the basis for a more integrated legal and institutional framework to further implement key provisions of the UNCLOS on the protection and preservation of the marine environment.",44,48,9,"9","legal","legal","ADJ","JJ","Degree=Pos","12","amod",NA,NA
"doc20",1,1,"to provide the basis for a more integrated legal and institutional framework to further implement key provisions of the UNCLOS on the protection and preservation of the marine environment.",50,52,10,"10","and","and","CCONJ","CC",NA,"11","cc",NA,NA
"doc20",1,1,"to provide the basis for a more integrated legal and institutional framework to further implement key provisions of the UNCLOS on the protection and preservation of the marine environment.",54,66,11,"11","institutional","institutional","ADJ","JJ","Degree=Pos","9","conj",NA,NA
"doc20",1,1,"to provide the basis for a more integrated legal and institutional framework to further implement key provisions of the UNCLOS on the protection and preservation of the marine environment.",68,76,12,"12","framework","framework","NOUN","NN","Number=Sing","2","obl",NA,NA
"doc20",1,1,"to provide the basis for a more integrated legal and institutional framework to further implement key provisions of the UNCLOS on the protection and preservation of the marine environment.",78,79,13,"13","to","to","PART","TO",NA,"15","mark",NA,NA
"doc20",1,1,"to provide the basis for a more integrated legal and institutional framework to further implement key provisions of the UNCLOS on the protection and preservation of the marine environment.",81,87,14,"14","further","further","ADV","RB",NA,"15","advmod",NA,NA
"doc20",1,1,"to provide the basis for a more integrated legal and institutional framework to further implement key provisions of the UNCLOS on the protection and preservation of the marine environment.",89,97,15,"15","implement","implement","VERB","VB","VerbForm=Inf","2","advcl",NA,NA
"doc20",1,1,"to provide the basis for a more integrated legal and institutional framework to further implement key provisions of the UNCLOS on the protection and preservation of the marine environment.",99,101,16,"16","key","key","ADJ","JJ","Degree=Pos","17","amod",NA,NA
"doc20",1,1,"to provide the basis for a more integrated legal and institutional framework to further implement key provisions of the UNCLOS on the protection and preservation of the marine environment.",103,112,17,"17","provisions","provision","NOUN","NNS","Number=Plur","15","obj",NA,NA
"doc20",1,1,"to provide the basis for a more integrated legal and institutional framework to further implement key provisions of the UNCLOS on the protection and preservation of the marine environment.",114,115,18,"18","of","of","ADP","IN",NA,"20","case",NA,NA
"doc20",1,1,"to provide the basis for a more integrated legal and institutional framework to further implement key provisions of the UNCLOS on the protection and preservation of the marine environment.",117,119,19,"19","the","the","DET","DT","Definite=Def|PronType=Art","20","det",NA,NA
"doc20",1,1,"to provide the basis for a more integrated legal and institutional framework to further implement key provisions of the UNCLOS on the protection and preservation of the marine environment.",121,126,20,"20","UNCLOS","Unclo","NOUN","NNS","Number=Plur","17","nmod",NA,NA
"doc20",1,1,"to provide the basis for a more integrated legal and institutional framework to further implement key provisions of the UNCLOS on the protection and preservation of the marine environment.",128,129,21,"21","on","on","ADP","IN",NA,"23","case",NA,NA
"doc20",1,1,"to provide the basis for a more integrated legal and institutional framework to further implement key provisions of the UNCLOS on the protection and preservation of the marine environment.",131,133,22,"22","the","the","DET","DT","Definite=Def|PronType=Art","23","det",NA,NA
"doc20",1,1,"to provide the basis for a more integrated legal and institutional framework to further implement key provisions of the UNCLOS on the protection and preservation of the marine environment.",135,144,23,"23","protection","protection","NOUN","NN","Number=Sing","17","nmod",NA,NA
"doc20",1,1,"to provide the basis for a more integrated legal and institutional framework to further implement key provisions of the UNCLOS on the protection and preservation of the marine environment.",146,148,24,"24","and","and","CCONJ","CC",NA,"25","cc",NA,NA
"doc20",1,1,"to provide the basis for a more integrated legal and institutional framework to further implement key provisions of the UNCLOS on the protection and preservation of the marine environment.",150,161,25,"25","preservation","preservation","NOUN","NN","Number=Sing","17","conj",NA,NA
"doc20",1,1,"to provide the basis for a more integrated legal and institutional framework to further implement key provisions of the UNCLOS on the protection and preservation of the marine environment.",163,164,26,"26","of","of","ADP","IN",NA,"29","case",NA,NA
"doc20",1,1,"to provide the basis for a more integrated legal and institutional framework to further implement key provisions of the UNCLOS on the protection and preservation of the marine environment.",166,168,27,"27","the","the","DET","DT","Definite=Def|PronType=Art","29","det",NA,NA
"doc20",1,1,"to provide the basis for a more integrated legal and institutional framework to further implement key provisions of the UNCLOS on the protection and preservation of the marine environment.",170,175,28,"28","marine","marine","NOUN","NN","Number=Sing","29","compound",NA,NA
"doc20",1,1,"to provide the basis for a more integrated legal and institutional framework to further implement key provisions of the UNCLOS on the protection and preservation of the marine environment.",177,187,29,"29","environment","environment","NOUN","NN","Number=Sing","25","nmod",NA,"SpaceAfter=No"
"doc20",1,1,"to provide the basis for a more integrated legal and institutional framework to further implement key provisions of the UNCLOS on the protection and preservation of the marine environment.",188,188,30,"30",".",".","PUNCT",".",NA,"2","punct",NA,"SpacesAfter=\n"
"doc21",1,1,"to provide the basis for a more integrated legal and institutional framework to further implement key provisions of UNCLOS on the protection and preservation of the marine environment.",1,2,1,"1","to","to","PART","TO",NA,"2","mark",NA,NA
"doc21",1,1,"to provide the basis for a more integrated legal and institutional framework to further implement key provisions of UNCLOS on the protection and preservation of the marine environment.",4,10,2,"2","provide","provide","VERB","VB","VerbForm=Inf","0","root",NA,NA
"doc21",1,1,"to provide the basis for a more integrated legal and institutional framework to further implement key provisions of UNCLOS on the protection and preservation of the marine environment.",12,14,3,"3","the","the","DET","DT","Definite=Def|PronType=Art","4","det",NA,NA
"doc21",1,1,"to provide the basis for a more integrated legal and institutional framework to further implement key provisions of UNCLOS on the protection and preservation of the marine environment.",16,20,4,"4","basis","basis","NOUN","NN","Number=Sing","2","obj",NA,NA
"doc21",1,1,"to provide the basis for a more integrated legal and institutional framework to further implement key provisions of UNCLOS on the protection and preservation of the marine environment.",22,24,5,"5","for","for","ADP","IN",NA,"12","case",NA,NA
"doc21",1,1,"to provide the basis for a more integrated legal and institutional framework to further implement key provisions of UNCLOS on the protection and preservation of the marine environment.",26,26,6,"6","a","a","DET","DT","Definite=Ind|PronType=Art","12","det",NA,NA
"doc21",1,1,"to provide the basis for a more integrated legal and institutional framework to further implement key provisions of UNCLOS on the protection and preservation of the marine environment.",28,31,7,"7","more","more","ADV","RBR",NA,"8","advmod",NA,NA
"doc21",1,1,"to provide the basis for a more integrated legal and institutional framework to further implement key provisions of UNCLOS on the protection and preservation of the marine environment.",33,42,8,"8","integrated","integrated","ADJ","JJ","Degree=Pos","9","amod",NA,NA
"doc21",1,1,"to provide the basis for a more integrated legal and institutional framework to further implement key provisions of UNCLOS on the protection and preservation of the marine environment.",44,48,9,"9","legal","legal","ADJ","JJ","Degree=Pos","12","amod",NA,NA
"doc21",1,1,"to provide the basis for a more integrated legal and institutional framework to further implement key provisions of UNCLOS on the protection and preservation of the marine environment.",50,52,10,"10","and","and","CCONJ","CC",NA,"11","cc",NA,NA
"doc21",1,1,"to provide the basis for a more integrated legal and institutional framework to further implement key provisions of UNCLOS on the protection and preservation of the marine environment.",54,66,11,"11","institutional","institutional","ADJ","JJ","Degree=Pos","9","conj",NA,NA
"doc21",1,1,"to provide the basis for a more integrated legal and institutional framework to further implement key provisions of UNCLOS on the protection and preservation of the marine environment.",68,76,12,"12","framework","framework","NOUN","NN","Number=Sing","2","obl",NA,NA
"doc21",1,1,"to provide the basis for a more integrated legal and institutional framework to further implement key provisions of UNCLOS on the protection and preservation of the marine environment.",78,79,13,"13","to","to","PART","TO",NA,"15","mark",NA,NA
"doc21",1,1,"to provide the basis for a more integrated legal and institutional framework to further implement key provisions of UNCLOS on the protection and preservation of the marine environment.",81,87,14,"14","further","further","ADV","RB",NA,"15","advmod",NA,NA
"doc21",1,1,"to provide the basis for a more integrated legal and institutional framework to further implement key provisions of UNCLOS on the protection and preservation of the marine environment.",89,97,15,"15","implement","implement","VERB","VB","VerbForm=Inf","2","advcl",NA,NA
"doc21",1,1,"to provide the basis for a more integrated legal and institutional framework to further implement key provisions of UNCLOS on the protection and preservation of the marine environment.",99,101,16,"16","key","key","ADJ","JJ","Degree=Pos","17","amod",NA,NA
"doc21",1,1,"to provide the basis for a more integrated legal and institutional framework to further implement key provisions of UNCLOS on the protection and preservation of the marine environment.",103,112,17,"17","provisions","provision","NOUN","NNS","Number=Plur","15","obj",NA,NA
"doc21",1,1,"to provide the basis for a more integrated legal and institutional framework to further implement key provisions of UNCLOS on the protection and preservation of the marine environment.",114,115,18,"18","of","of","ADP","IN",NA,"19","case",NA,NA
"doc21",1,1,"to provide the basis for a more integrated legal and institutional framework to further implement key provisions of UNCLOS on the protection and preservation of the marine environment.",117,122,19,"19","UNCLOS","Unclo","NOUN","NNS","Number=Plur","17","nmod",NA,NA
"doc21",1,1,"to provide the basis for a more integrated legal and institutional framework to further implement key provisions of UNCLOS on the protection and preservation of the marine environment.",124,125,20,"20","on","on","ADP","IN",NA,"22","case",NA,NA
"doc21",1,1,"to provide the basis for a more integrated legal and institutional framework to further implement key provisions of UNCLOS on the protection and preservation of the marine environment.",127,129,21,"21","the","the","DET","DT","Definite=Def|PronType=Art","22","det",NA,NA
"doc21",1,1,"to provide the basis for a more integrated legal and institutional framework to further implement key provisions of UNCLOS on the protection and preservation of the marine environment.",131,140,22,"22","protection","protection","NOUN","NN","Number=Sing","19","nmod",NA,NA
"doc21",1,1,"to provide the basis for a more integrated legal and institutional framework to further implement key provisions of UNCLOS on the protection and preservation of the marine environment.",142,144,23,"23","and","and","CCONJ","CC",NA,"24","cc",NA,NA
"doc21",1,1,"to provide the basis for a more integrated legal and institutional framework to further implement key provisions of UNCLOS on the protection and preservation of the marine environment.",146,157,24,"24","preservation","preservation","NOUN","NN","Number=Sing","22","conj",NA,NA
"doc21",1,1,"to provide the basis for a more integrated legal and institutional framework to further implement key provisions of UNCLOS on the protection and preservation of the marine environment.",159,160,25,"25","of","of","ADP","IN",NA,"28","case",NA,NA
"doc21",1,1,"to provide the basis for a more integrated legal and institutional framework to further implement key provisions of UNCLOS on the protection and preservation of the marine environment.",162,164,26,"26","the","the","DET","DT","Definite=Def|PronType=Art","28","det",NA,NA
"doc21",1,1,"to provide the basis for a more integrated legal and institutional framework to further implement key provisions of UNCLOS on the protection and preservation of the marine environment.",166,171,27,"27","marine","marine","NOUN","NN","Number=Sing","28","compound",NA,NA
"doc21",1,1,"to provide the basis for a more integrated legal and institutional framework to further implement key provisions of UNCLOS on the protection and preservation of the marine environment.",173,183,28,"28","environment","environment","NOUN","NN","Number=Sing","24","nmod",NA,"SpaceAfter=No"
"doc21",1,1,"to provide the basis for a more integrated legal and institutional framework to further implement key provisions of UNCLOS on the protection and preservation of the marine environment.",184,184,29,"29",".",".","PUNCT",".",NA,"2","punct",NA,"SpacesAfter=\n"
"doc22",1,1,"to adopt the agreement by unanimity or an overwhelming majority of States would give it considerable authority.",1,2,1,"1","to","to","PART","TO",NA,"2","mark",NA,NA
"doc22",1,1,"to adopt the agreement by unanimity or an overwhelming majority of States would give it considerable authority.",4,8,2,"2","adopt","adopt","VERB","VB","VerbForm=Inf","14","csubj",NA,NA
"doc22",1,1,"to adopt the agreement by unanimity or an overwhelming majority of States would give it considerable authority.",10,12,3,"3","the","the","DET","DT","Definite=Def|PronType=Art","4","det",NA,NA
"doc22",1,1,"to adopt the agreement by unanimity or an overwhelming majority of States would give it considerable authority.",14,22,4,"4","agreement","agreement","NOUN","NN","Number=Sing","2","obj",NA,NA
"doc22",1,1,"to adopt the agreement by unanimity or an overwhelming majority of States would give it considerable authority.",24,25,5,"5","by","by","ADP","IN",NA,"6","case",NA,NA
"doc22",1,1,"to adopt the agreement by unanimity or an overwhelming majority of States would give it considerable authority.",27,35,6,"6","unanimity","unanimity","NOUN","NN","Number=Sing","4","nmod",NA,NA
"doc22",1,1,"to adopt the agreement by unanimity or an overwhelming majority of States would give it considerable authority.",37,38,7,"7","or","or","CCONJ","CC",NA,"10","cc",NA,NA
"doc22",1,1,"to adopt the agreement by unanimity or an overwhelming majority of States would give it considerable authority.",40,41,8,"8","an","a","DET","DT","Definite=Ind|PronType=Art","10","det",NA,NA
"doc22",1,1,"to adopt the agreement by unanimity or an overwhelming majority of States would give it considerable authority.",43,54,9,"9","overwhelming","overwhelming","ADJ","JJ","Degree=Pos","10","amod",NA,NA
"doc22",1,1,"to adopt the agreement by unanimity or an overwhelming majority of States would give it considerable authority.",56,63,10,"10","majority","majority","NOUN","NN","Number=Sing","6","conj",NA,NA
"doc22",1,1,"to adopt the agreement by unanimity or an overwhelming majority of States would give it considerable authority.",65,66,11,"11","of","of","ADP","IN",NA,"12","case",NA,NA
"doc22",1,1,"to adopt the agreement by unanimity or an overwhelming majority of States would give it considerable authority.",68,73,12,"12","States","States","PROPN","NNP","Number=Sing","10","nmod",NA,NA
"doc22",1,1,"to adopt the agreement by unanimity or an overwhelming majority of States would give it considerable authority.",75,79,13,"13","would","would","AUX","MD","VerbForm=Fin","14","aux",NA,NA
"doc22",1,1,"to adopt the agreement by unanimity or an overwhelming majority of States would give it considerable authority.",81,84,14,"14","give","give","VERB","VB","VerbForm=Inf","0","root",NA,NA
"doc22",1,1,"to adopt the agreement by unanimity or an overwhelming majority of States would give it considerable authority.",86,87,15,"15","it","it","PRON","PRP","Case=Acc|Gender=Neut|Number=Sing|Person=3|PronType=Prs","14","iobj",NA,NA
"doc22",1,1,"to adopt the agreement by unanimity or an overwhelming majority of States would give it considerable authority.",89,100,16,"16","considerable","considerable","ADJ","JJ","Degree=Pos","17","amod",NA,NA
"doc22",1,1,"to adopt the agreement by unanimity or an overwhelming majority of States would give it considerable authority.",102,110,17,"17","authority","authority","NOUN","NN","Number=Sing","14","obj",NA,"SpaceAfter=No"
"doc22",1,1,"to adopt the agreement by unanimity or an overwhelming majority of States would give it considerable authority.",111,111,18,"18",".",".","PUNCT",".",NA,"14","punct",NA,"SpacesAfter=\n"
"doc23",1,1,"to conduct investigations, initiate judicial proceedings on an expeditious basis, and to apply sanctions in respect of violations that are adequate in severity to secure compliance and discourage violations.",1,2,1,"1","to","to","PART","TO",NA,"2","mark",NA,NA
"doc23",1,1,"to conduct investigations, initiate judicial proceedings on an expeditious basis, and to apply sanctions in respect of violations that are adequate in severity to secure compliance and discourage violations.",4,10,2,"2","conduct","conduct","VERB","VB","VerbForm=Inf","0","root",NA,NA
"doc23",1,1,"to conduct investigations, initiate judicial proceedings on an expeditious basis, and to apply sanctions in respect of violations that are adequate in severity to secure compliance and discourage violations.",12,25,3,"3","investigations","investigation","NOUN","NNS","Number=Plur","2","obj",NA,"SpaceAfter=No"
"doc23",1,1,"to conduct investigations, initiate judicial proceedings on an expeditious basis, and to apply sanctions in respect of violations that are adequate in severity to secure compliance and discourage violations.",26,26,4,"4",",",",","PUNCT",",",NA,"5","punct",NA,NA
"doc23",1,1,"to conduct investigations, initiate judicial proceedings on an expeditious basis, and to apply sanctions in respect of violations that are adequate in severity to secure compliance and discourage violations.",28,35,5,"5","initiate","initiate","VERB","VB","VerbForm=Inf","2","conj",NA,NA
"doc23",1,1,"to conduct investigations, initiate judicial proceedings on an expeditious basis, and to apply sanctions in respect of violations that are adequate in severity to secure compliance and discourage violations.",37,44,6,"6","judicial","judicial","ADJ","JJ","Degree=Pos","7","amod",NA,NA
"doc23",1,1,"to conduct investigations, initiate judicial proceedings on an expeditious basis, and to apply sanctions in respect of violations that are adequate in severity to secure compliance and discourage violations.",46,56,7,"7","proceedings","proceedings","NOUN","NNS","Number=Plur","5","obj",NA,NA
"doc23",1,1,"to conduct investigations, initiate judicial proceedings on an expeditious basis, and to apply sanctions in respect of violations that are adequate in severity to secure compliance and discourage violations.",58,59,8,"8","on","on","ADP","IN",NA,"11","case",NA,NA
"doc23",1,1,"to conduct investigations, initiate judicial proceedings on an expeditious basis, and to apply sanctions in respect of violations that are adequate in severity to secure compliance and discourage violations.",61,62,9,"9","an","a","DET","DT","Definite=Ind|PronType=Art","11","det",NA,NA
"doc23",1,1,"to conduct investigations, initiate judicial proceedings on an expeditious basis, and to apply sanctions in respect of violations that are adequate in severity to secure compliance and discourage violations.",64,74,10,"10","expeditious","expeditious","ADJ","JJ","Degree=Pos","11","amod",NA,NA
"doc23",1,1,"to conduct investigations, initiate judicial proceedings on an expeditious basis, and to apply sanctions in respect of violations that are adequate in severity to secure compliance and discourage violations.",76,80,11,"11","basis","basis","NOUN","NN","Number=Sing","5","obl",NA,"SpaceAfter=No"
"doc23",1,1,"to conduct investigations, initiate judicial proceedings on an expeditious basis, and to apply sanctions in respect of violations that are adequate in severity to secure compliance and discourage violations.",81,81,12,"12",",",",","PUNCT",",",NA,"15","punct",NA,NA
"doc23",1,1,"to conduct investigations, initiate judicial proceedings on an expeditious basis, and to apply sanctions in respect of violations that are adequate in severity to secure compliance and discourage violations.",83,85,13,"13","and","and","CCONJ","CC",NA,"15","cc",NA,NA
"doc23",1,1,"to conduct investigations, initiate judicial proceedings on an expeditious basis, and to apply sanctions in respect of violations that are adequate in severity to secure compliance and discourage violations.",87,88,14,"14","to","to","PART","TO",NA,"15","mark",NA,NA
"doc23",1,1,"to conduct investigations, initiate judicial proceedings on an expeditious basis, and to apply sanctions in respect of violations that are adequate in severity to secure compliance and discourage violations.",90,94,15,"15","apply","apply","VERB","VB","VerbForm=Inf","2","conj",NA,NA
"doc23",1,1,"to conduct investigations, initiate judicial proceedings on an expeditious basis, and to apply sanctions in respect of violations that are adequate in severity to secure compliance and discourage violations.",96,104,16,"16","sanctions","sanction","NOUN","NNS","Number=Plur","15","obj",NA,NA
"doc23",1,1,"to conduct investigations, initiate judicial proceedings on an expeditious basis, and to apply sanctions in respect of violations that are adequate in severity to secure compliance and discourage violations.",106,107,17,"17","in","in","ADP","IN",NA,"18","case",NA,NA
"doc23",1,1,"to conduct investigations, initiate judicial proceedings on an expeditious basis, and to apply sanctions in respect of violations that are adequate in severity to secure compliance and discourage violations.",109,115,18,"18","respect","respect","NOUN","NN","Number=Sing","16","nmod",NA,NA
"doc23",1,1,"to conduct investigations, initiate judicial proceedings on an expeditious basis, and to apply sanctions in respect of violations that are adequate in severity to secure compliance and discourage violations.",117,118,19,"19","of","of","ADP","IN",NA,"20","case",NA,NA
"doc23",1,1,"to conduct investigations, initiate judicial proceedings on an expeditious basis, and to apply sanctions in respect of violations that are adequate in severity to secure compliance and discourage violations.",120,129,20,"20","violations","violation","NOUN","NNS","Number=Plur","18","nmod",NA,NA
"doc23",1,1,"to conduct investigations, initiate judicial proceedings on an expeditious basis, and to apply sanctions in respect of violations that are adequate in severity to secure compliance and discourage violations.",131,134,21,"21","that","that","PRON","WDT","PronType=Rel","23","nsubj",NA,NA
"doc23",1,1,"to conduct investigations, initiate judicial proceedings on an expeditious basis, and to apply sanctions in respect of violations that are adequate in severity to secure compliance and discourage violations.",136,138,22,"22","are","be","AUX","VBP","Mood=Ind|Tense=Pres|VerbForm=Fin","23","cop",NA,NA
"doc23",1,1,"to conduct investigations, initiate judicial proceedings on an expeditious basis, and to apply sanctions in respect of violations that are adequate in severity to secure compliance and discourage violations.",140,147,23,"23","adequate","adequate","ADJ","JJ","Degree=Pos","20","acl:relcl",NA,NA
"doc23",1,1,"to conduct investigations, initiate judicial proceedings on an expeditious basis, and to apply sanctions in respect of violations that are adequate in severity to secure compliance and discourage violations.",149,150,24,"24","in","in","ADP","IN",NA,"25","case",NA,NA
"doc23",1,1,"to conduct investigations, initiate judicial proceedings on an expeditious basis, and to apply sanctions in respect of violations that are adequate in severity to secure compliance and discourage violations.",152,159,25,"25","severity","severity","NOUN","NN","Number=Sing","23","obl",NA,NA
"doc23",1,1,"to conduct investigations, initiate judicial proceedings on an expeditious basis, and to apply sanctions in respect of violations that are adequate in severity to secure compliance and discourage violations.",161,162,26,"26","to","to","PART","TO",NA,"27","mark",NA,NA
"doc23",1,1,"to conduct investigations, initiate judicial proceedings on an expeditious basis, and to apply sanctions in respect of violations that are adequate in severity to secure compliance and discourage violations.",164,169,27,"27","secure","secure","VERB","VB","VerbForm=Inf","23","advcl",NA,NA
"doc23",1,1,"to conduct investigations, initiate judicial proceedings on an expeditious basis, and to apply sanctions in respect of violations that are adequate in severity to secure compliance and discourage violations.",171,180,28,"28","compliance","compliance","NOUN","NN","Number=Sing","31","compound",NA,NA
"doc23",1,1,"to conduct investigations, initiate judicial proceedings on an expeditious basis, and to apply sanctions in respect of violations that are adequate in severity to secure compliance and discourage violations.",182,184,29,"29","and","and","CCONJ","CC",NA,"30","cc",NA,NA
"doc23",1,1,"to conduct investigations, initiate judicial proceedings on an expeditious basis, and to apply sanctions in respect of violations that are adequate in severity to secure compliance and discourage violations.",186,195,30,"30","discourage","discourage","NOUN","NN","Number=Sing","28","conj",NA,NA
"doc23",1,1,"to conduct investigations, initiate judicial proceedings on an expeditious basis, and to apply sanctions in respect of violations that are adequate in severity to secure compliance and discourage violations.",197,206,31,"31","violations","violations","NOUN","NNS","Number=Plur","27","obj",NA,"SpaceAfter=No"
"doc23",1,1,"to conduct investigations, initiate judicial proceedings on an expeditious basis, and to apply sanctions in respect of violations that are adequate in severity to secure compliance and discourage violations.",207,207,32,"32",".",".","PUNCT",".",NA,"2","punct",NA,"SpacesAfter=\n"
"doc24",1,1,"to enable tools such as MPAs, cumulative impact assessments and strategic planning, combining them into the overarching framework provided by the UNCLOS.",1,2,1,"1","to","to","PART","TO",NA,"2","mark",NA,NA
"doc24",1,1,"to enable tools such as MPAs, cumulative impact assessments and strategic planning, combining them into the overarching framework provided by the UNCLOS.",4,9,2,"2","enable","enable","VERB","VB","VerbForm=Inf","0","root",NA,NA
"doc24",1,1,"to enable tools such as MPAs, cumulative impact assessments and strategic planning, combining them into the overarching framework provided by the UNCLOS.",11,15,3,"3","tools","tool","NOUN","NNS","Number=Plur","2","obj",NA,NA
"doc24",1,1,"to enable tools such as MPAs, cumulative impact assessments and strategic planning, combining them into the overarching framework provided by the UNCLOS.",17,20,4,"4","such","such","ADJ","JJ","Degree=Pos","6","case",NA,NA
"doc24",1,1,"to enable tools such as MPAs, cumulative impact assessments and strategic planning, combining them into the overarching framework provided by the UNCLOS.",22,23,5,"5","as","as","ADP","IN",NA,"4","fixed",NA,NA
"doc24",1,1,"to enable tools such as MPAs, cumulative impact assessments and strategic planning, combining them into the overarching framework provided by the UNCLOS.",25,28,6,"6","MPAs","MPAs","PROPN","NNPS","Number=Plur","3","nmod",NA,"SpaceAfter=No"
"doc24",1,1,"to enable tools such as MPAs, cumulative impact assessments and strategic planning, combining them into the overarching framework provided by the UNCLOS.",29,29,7,"7",",",",","PUNCT",",",NA,"10","punct",NA,NA
"doc24",1,1,"to enable tools such as MPAs, cumulative impact assessments and strategic planning, combining them into the overarching framework provided by the UNCLOS.",31,40,8,"8","cumulative","cumulative","ADJ","JJ","Degree=Pos","10","amod",NA,NA
"doc24",1,1,"to enable tools such as MPAs, cumulative impact assessments and strategic planning, combining them into the overarching framework provided by the UNCLOS.",42,47,9,"9","impact","impact","NOUN","NN","Number=Sing","10","compound",NA,NA
"doc24",1,1,"to enable tools such as MPAs, cumulative impact assessments and strategic planning, combining them into the overarching framework provided by the UNCLOS.",49,59,10,"10","assessments","assessment","NOUN","NNS","Number=Plur","6","conj",NA,NA
"doc24",1,1,"to enable tools such as MPAs, cumulative impact assessments and strategic planning, combining them into the overarching framework provided by the UNCLOS.",61,63,11,"11","and","and","CCONJ","CC",NA,"13","cc",NA,NA
"doc24",1,1,"to enable tools such as MPAs, cumulative impact assessments and strategic planning, combining them into the overarching framework provided by the UNCLOS.",65,73,12,"12","strategic","strategic","ADJ","JJ","Degree=Pos","13","amod",NA,NA
"doc24",1,1,"to enable tools such as MPAs, cumulative impact assessments and strategic planning, combining them into the overarching framework provided by the UNCLOS.",75,82,13,"13","planning","planning","NOUN","NN","Number=Sing","6","conj",NA,"SpaceAfter=No"
"doc24",1,1,"to enable tools such as MPAs, cumulative impact assessments and strategic planning, combining them into the overarching framework provided by the UNCLOS.",83,83,14,"14",",",",","PUNCT",",",NA,"2","punct",NA,NA
"doc24",1,1,"to enable tools such as MPAs, cumulative impact assessments and strategic planning, combining them into the overarching framework provided by the UNCLOS.",85,93,15,"15","combining","combine","VERB","VBG","VerbForm=Ger","2","xcomp",NA,NA
"doc24",1,1,"to enable tools such as MPAs, cumulative impact assessments and strategic planning, combining them into the overarching framework provided by the UNCLOS.",95,98,16,"16","them","they","PRON","PRP","Case=Acc|Number=Plur|Person=3|PronType=Prs","15","obj",NA,NA
"doc24",1,1,"to enable tools such as MPAs, cumulative impact assessments and strategic planning, combining them into the overarching framework provided by the UNCLOS.",100,103,17,"17","into","into","ADP","IN",NA,"20","case",NA,NA
"doc24",1,1,"to enable tools such as MPAs, cumulative impact assessments and strategic planning, combining them into the overarching framework provided by the UNCLOS.",105,107,18,"18","the","the","DET","DT","Definite=Def|PronType=Art","20","det",NA,NA
"doc24",1,1,"to enable tools such as MPAs, cumulative impact assessments and strategic planning, combining them into the overarching framework provided by the UNCLOS.",109,119,19,"19","overarching","overarching","ADJ","JJ","Degree=Pos","20","amod",NA,NA
"doc24",1,1,"to enable tools such as MPAs, cumulative impact assessments and strategic planning, combining them into the overarching framework provided by the UNCLOS.",121,129,20,"20","framework","framework","NOUN","NN","Number=Sing","15","obl",NA,NA
"doc24",1,1,"to enable tools such as MPAs, cumulative impact assessments and strategic planning, combining them into the overarching framework provided by the UNCLOS.",131,138,21,"21","provided","provide","VERB","VBN","Tense=Past|VerbForm=Part","20","acl",NA,NA
"doc24",1,1,"to enable tools such as MPAs, cumulative impact assessments and strategic planning, combining them into the overarching framework provided by the UNCLOS.",140,141,22,"22","by","by","ADP","IN",NA,"24","case",NA,NA
"doc24",1,1,"to enable tools such as MPAs, cumulative impact assessments and strategic planning, combining them into the overarching framework provided by the UNCLOS.",143,145,23,"23","the","the","DET","DT","Definite=Def|PronType=Art","24","det",NA,NA
"doc24",1,1,"to enable tools such as MPAs, cumulative impact assessments and strategic planning, combining them into the overarching framework provided by the UNCLOS.",147,152,24,"24","UNCLOS","Unclo","NOUN","NN","Number=Sing","21","obl",NA,"SpaceAfter=No"
"doc24",1,1,"to enable tools such as MPAs, cumulative impact assessments and strategic planning, combining them into the overarching framework provided by the UNCLOS.",153,153,25,"25",".",".","PUNCT",".",NA,"2","punct",NA,"SpacesAfter=\n"
"doc25",1,1,"to promote on close cooperation and coordination between the coastal state and the appropriate regional organisation in the designation of MPAs.",1,2,1,"1","to","to","PART","TO",NA,"2","mark",NA,NA
"doc25",1,1,"to promote on close cooperation and coordination between the coastal state and the appropriate regional organisation in the designation of MPAs.",4,10,2,"2","promote","promote","VERB","VB","VerbForm=Inf","0","root",NA,NA
"doc25",1,1,"to promote on close cooperation and coordination between the coastal state and the appropriate regional organisation in the designation of MPAs.",12,13,3,"3","on","on","ADP","IN",NA,"5","case",NA,NA
"doc25",1,1,"to promote on close cooperation and coordination between the coastal state and the appropriate regional organisation in the designation of MPAs.",15,19,4,"4","close","close","ADJ","JJ","Degree=Pos","5","amod",NA,NA
"doc25",1,1,"to promote on close cooperation and coordination between the coastal state and the appropriate regional organisation in the designation of MPAs.",21,31,5,"5","cooperation","cooperation","NOUN","NN","Number=Sing","2","obl",NA,NA
"doc25",1,1,"to promote on close cooperation and coordination between the coastal state and the appropriate regional organisation in the designation of MPAs.",33,35,6,"6","and","and","CCONJ","CC",NA,"7","cc",NA,NA
"doc25",1,1,"to promote on close cooperation and coordination between the coastal state and the appropriate regional organisation in the designation of MPAs.",37,48,7,"7","coordination","coordination","NOUN","NN","Number=Sing","5","conj",NA,NA
"doc25",1,1,"to promote on close cooperation and coordination between the coastal state and the appropriate regional organisation in the designation of MPAs.",50,56,8,"8","between","between","ADP","IN",NA,"11","case",NA,NA
"doc25",1,1,"to promote on close cooperation and coordination between the coastal state and the appropriate regional organisation in the designation of MPAs.",58,60,9,"9","the","the","DET","DT","Definite=Def|PronType=Art","11","det",NA,NA
"doc25",1,1,"to promote on close cooperation and coordination between the coastal state and the appropriate regional organisation in the designation of MPAs.",62,68,10,"10","coastal","coastal","ADJ","JJ","Degree=Pos","11","amod",NA,NA
"doc25",1,1,"to promote on close cooperation and coordination between the coastal state and the appropriate regional organisation in the designation of MPAs.",70,74,11,"11","state","state","NOUN","NN","Number=Sing","5","nmod",NA,NA
"doc25",1,1,"to promote on close cooperation and coordination between the coastal state and the appropriate regional organisation in the designation of MPAs.",76,78,12,"12","and","and","CCONJ","CC",NA,"16","cc",NA,NA
"doc25",1,1,"to promote on close cooperation and coordination between the coastal state and the appropriate regional organisation in the designation of MPAs.",80,82,13,"13","the","the","DET","DT","Definite=Def|PronType=Art","16","det",NA,NA
"doc25",1,1,"to promote on close cooperation and coordination between the coastal state and the appropriate regional organisation in the designation of MPAs.",84,94,14,"14","appropriate","appropriate","ADJ","JJ","Degree=Pos","16","amod",NA,NA
"doc25",1,1,"to promote on close cooperation and coordination between the coastal state and the appropriate regional organisation in the designation of MPAs.",96,103,15,"15","regional","regional","ADJ","JJ","Degree=Pos","16","amod",NA,NA
"doc25",1,1,"to promote on close cooperation and coordination between the coastal state and the appropriate regional organisation in the designation of MPAs.",105,116,16,"16","organisation","organisation","NOUN","NN","Number=Sing","11","conj",NA,NA
"doc25",1,1,"to promote on close cooperation and coordination between the coastal state and the appropriate regional organisation in the designation of MPAs.",118,119,17,"17","in","in","ADP","IN",NA,"19","case",NA,NA
"doc25",1,1,"to promote on close cooperation and coordination between the coastal state and the appropriate regional organisation in the designation of MPAs.",121,123,18,"18","the","the","DET","DT","Definite=Def|PronType=Art","19","det",NA,NA
"doc25",1,1,"to promote on close cooperation and coordination between the coastal state and the appropriate regional organisation in the designation of MPAs.",125,135,19,"19","designation","designation","NOUN","NN","Number=Sing","16","nmod",NA,NA
"doc25",1,1,"to promote on close cooperation and coordination between the coastal state and the appropriate regional organisation in the designation of MPAs.",137,138,20,"20","of","of","ADP","IN",NA,"21","case",NA,NA
"doc25",1,1,"to promote on close cooperation and coordination between the coastal state and the appropriate regional organisation in the designation of MPAs.",140,143,21,"21","MPAs","MPAs","NOUN","NNS","Number=Plur","19","nmod",NA,"SpaceAfter=No"
"doc25",1,1,"to promote on close cooperation and coordination between the coastal state and the appropriate regional organisation in the designation of MPAs.",144,144,22,"22",".",".","PUNCT",".",NA,"2","punct",NA,"SpacesAfter=\n"
"doc26",1,1,"to include possible impacts on activities regulated by other organizations, including RFMOs, and the views of such organizations in any recommendation to establish MPAs.",1,2,1,"1","to","to","PART","TO",NA,"2","mark",NA,NA
"doc26",1,1,"to include possible impacts on activities regulated by other organizations, including RFMOs, and the views of such organizations in any recommendation to establish MPAs.",4,10,2,"2","include","include","VERB","VB","VerbForm=Inf","0","root",NA,NA
"doc26",1,1,"to include possible impacts on activities regulated by other organizations, including RFMOs, and the views of such organizations in any recommendation to establish MPAs.",12,19,3,"3","possible","possible","ADJ","JJ","Degree=Pos","4","amod",NA,NA
"doc26",1,1,"to include possible impacts on activities regulated by other organizations, including RFMOs, and the views of such organizations in any recommendation to establish MPAs.",21,27,4,"4","impacts","impact","NOUN","NNS","Number=Plur","2","obj",NA,NA
"doc26",1,1,"to include possible impacts on activities regulated by other organizations, including RFMOs, and the views of such organizations in any recommendation to establish MPAs.",29,30,5,"5","on","on","ADP","IN",NA,"6","case",NA,NA
"doc26",1,1,"to include possible impacts on activities regulated by other organizations, including RFMOs, and the views of such organizations in any recommendation to establish MPAs.",32,41,6,"6","activities","activity","NOUN","NNS","Number=Plur","4","nmod",NA,NA
"doc26",1,1,"to include possible impacts on activities regulated by other organizations, including RFMOs, and the views of such organizations in any recommendation to establish MPAs.",43,51,7,"7","regulated","regulate","VERB","VBN","Tense=Past|VerbForm=Part","6","acl",NA,NA
"doc26",1,1,"to include possible impacts on activities regulated by other organizations, including RFMOs, and the views of such organizations in any recommendation to establish MPAs.",53,54,8,"8","by","by","ADP","IN",NA,"10","case",NA,NA
"doc26",1,1,"to include possible impacts on activities regulated by other organizations, including RFMOs, and the views of such organizations in any recommendation to establish MPAs.",56,60,9,"9","other","other","ADJ","JJ","Degree=Pos","10","amod",NA,NA
"doc26",1,1,"to include possible impacts on activities regulated by other organizations, including RFMOs, and the views of such organizations in any recommendation to establish MPAs.",62,74,10,"10","organizations","organization","NOUN","NNS","Number=Plur","7","obl",NA,"SpaceAfter=No"
"doc26",1,1,"to include possible impacts on activities regulated by other organizations, including RFMOs, and the views of such organizations in any recommendation to establish MPAs.",75,75,11,"11",",",",","PUNCT",",",NA,"4","punct",NA,NA
"doc26",1,1,"to include possible impacts on activities regulated by other organizations, including RFMOs, and the views of such organizations in any recommendation to establish MPAs.",77,85,12,"12","including","include","VERB","VBG","VerbForm=Ger","13","case",NA,NA
"doc26",1,1,"to include possible impacts on activities regulated by other organizations, including RFMOs, and the views of such organizations in any recommendation to establish MPAs.",87,91,13,"13","RFMOs","RFMOs","NOUN","NNS","Number=Plur","4","nmod",NA,"SpaceAfter=No"
"doc26",1,1,"to include possible impacts on activities regulated by other organizations, including RFMOs, and the views of such organizations in any recommendation to establish MPAs.",92,92,14,"14",",",",","PUNCT",",",NA,"17","punct",NA,NA
"doc26",1,1,"to include possible impacts on activities regulated by other organizations, including RFMOs, and the views of such organizations in any recommendation to establish MPAs.",94,96,15,"15","and","and","CCONJ","CC",NA,"17","cc",NA,NA
"doc26",1,1,"to include possible impacts on activities regulated by other organizations, including RFMOs, and the views of such organizations in any recommendation to establish MPAs.",98,100,16,"16","the","the","DET","DT","Definite=Def|PronType=Art","17","det",NA,NA
"doc26",1,1,"to include possible impacts on activities regulated by other organizations, including RFMOs, and the views of such organizations in any recommendation to establish MPAs.",102,106,17,"17","views","view","NOUN","NNS","Number=Plur","13","conj",NA,NA
"doc26",1,1,"to include possible impacts on activities regulated by other organizations, including RFMOs, and the views of such organizations in any recommendation to establish MPAs.",108,109,18,"18","of","of","ADP","IN",NA,"20","case",NA,NA
"doc26",1,1,"to include possible impacts on activities regulated by other organizations, including RFMOs, and the views of such organizations in any recommendation to establish MPAs.",111,114,19,"19","such","such","ADJ","JJ","Degree=Pos","20","amod",NA,NA
"doc26",1,1,"to include possible impacts on activities regulated by other organizations, including RFMOs, and the views of such organizations in any recommendation to establish MPAs.",116,128,20,"20","organizations","organization","NOUN","NNS","Number=Plur","17","nmod",NA,NA
"doc26",1,1,"to include possible impacts on activities regulated by other organizations, including RFMOs, and the views of such organizations in any recommendation to establish MPAs.",130,131,21,"21","in","in","ADP","IN",NA,"23","case",NA,NA
"doc26",1,1,"to include possible impacts on activities regulated by other organizations, including RFMOs, and the views of such organizations in any recommendation to establish MPAs.",133,135,22,"22","any","any","DET","DT",NA,"23","det",NA,NA
"doc26",1,1,"to include possible impacts on activities regulated by other organizations, including RFMOs, and the views of such organizations in any recommendation to establish MPAs.",137,150,23,"23","recommendation","recommendation","NOUN","NN","Number=Sing","20","nmod",NA,NA
"doc26",1,1,"to include possible impacts on activities regulated by other organizations, including RFMOs, and the views of such organizations in any recommendation to establish MPAs.",152,153,24,"24","to","to","PART","TO",NA,"25","mark",NA,NA
"doc26",1,1,"to include possible impacts on activities regulated by other organizations, including RFMOs, and the views of such organizations in any recommendation to establish MPAs.",155,163,25,"25","establish","establish","VERB","VB","VerbForm=Inf","23","acl",NA,NA
"doc26",1,1,"to include possible impacts on activities regulated by other organizations, including RFMOs, and the views of such organizations in any recommendation to establish MPAs.",165,168,26,"26","MPAs","MPAs","PROPN","NNP","Number=Sing","25","obj",NA,"SpaceAfter=No"
"doc26",1,1,"to include possible impacts on activities regulated by other organizations, including RFMOs, and the views of such organizations in any recommendation to establish MPAs.",169,169,27,"27",".",".","PUNCT",".",NA,"2","punct",NA,"SpacesAfter=\n"
"doc27",1,1,"to establish global framework to give existing instruments a clear mandate to act, cooperate and coordinate in ABNJ.",1,2,1,"1","to","to","PART","TO",NA,"2","mark",NA,NA
"doc27",1,1,"to establish global framework to give existing instruments a clear mandate to act, cooperate and coordinate in ABNJ.",4,12,2,"2","establish","establish","VERB","VB","VerbForm=Inf","0","root",NA,NA
"doc27",1,1,"to establish global framework to give existing instruments a clear mandate to act, cooperate and coordinate in ABNJ.",14,19,3,"3","global","global","ADJ","JJ","Degree=Pos","4","amod",NA,NA
"doc27",1,1,"to establish global framework to give existing instruments a clear mandate to act, cooperate and coordinate in ABNJ.",21,29,4,"4","framework","framework","NOUN","NN","Number=Sing","2","obj",NA,NA
"doc27",1,1,"to establish global framework to give existing instruments a clear mandate to act, cooperate and coordinate in ABNJ.",31,32,5,"5","to","to","PART","TO",NA,"6","mark",NA,NA
"doc27",1,1,"to establish global framework to give existing instruments a clear mandate to act, cooperate and coordinate in ABNJ.",34,37,6,"6","give","give","VERB","VB","VerbForm=Inf","2","advcl",NA,NA
"doc27",1,1,"to establish global framework to give existing instruments a clear mandate to act, cooperate and coordinate in ABNJ.",39,46,7,"7","existing","exist","VERB","VBG","VerbForm=Ger","8","amod",NA,NA
"doc27",1,1,"to establish global framework to give existing instruments a clear mandate to act, cooperate and coordinate in ABNJ.",48,58,8,"8","instruments","instrument","NOUN","NNS","Number=Plur","6","iobj",NA,NA
"doc27",1,1,"to establish global framework to give existing instruments a clear mandate to act, cooperate and coordinate in ABNJ.",60,60,9,"9","a","a","DET","DT","Definite=Ind|PronType=Art","11","det",NA,NA
"doc27",1,1,"to establish global framework to give existing instruments a clear mandate to act, cooperate and coordinate in ABNJ.",62,66,10,"10","clear","clear","ADJ","JJ","Degree=Pos","11","amod",NA,NA
"doc27",1,1,"to establish global framework to give existing instruments a clear mandate to act, cooperate and coordinate in ABNJ.",68,74,11,"11","mandate","mandate","NOUN","NN","Number=Sing","6","obj",NA,NA
"doc27",1,1,"to establish global framework to give existing instruments a clear mandate to act, cooperate and coordinate in ABNJ.",76,77,12,"12","to","to","PART","TO",NA,"13","mark",NA,NA
"doc27",1,1,"to establish global framework to give existing instruments a clear mandate to act, cooperate and coordinate in ABNJ.",79,81,13,"13","act","act","VERB","VB","VerbForm=Inf","11","acl",NA,"SpaceAfter=No"
"doc27",1,1,"to establish global framework to give existing instruments a clear mandate to act, cooperate and coordinate in ABNJ.",82,82,14,"14",",",",","PUNCT",",",NA,"15","punct",NA,NA
"doc27",1,1,"to establish global framework to give existing instruments a clear mandate to act, cooperate and coordinate in ABNJ.",84,92,15,"15","cooperate","cooperate","VERB","VB","VerbForm=Inf","13","conj",NA,NA
"doc27",1,1,"to establish global framework to give existing instruments a clear mandate to act, cooperate and coordinate in ABNJ.",94,96,16,"16","and","and","CCONJ","CC",NA,"17","cc",NA,NA
"doc27",1,1,"to establish global framework to give existing instruments a clear mandate to act, cooperate and coordinate in ABNJ.",98,107,17,"17","coordinate","coordinate","VERB","VB","VerbForm=Inf","13","conj",NA,NA
"doc27",1,1,"to establish global framework to give existing instruments a clear mandate to act, cooperate and coordinate in ABNJ.",109,110,18,"18","in","in","ADP","IN",NA,"19","case",NA,NA
"doc27",1,1,"to establish global framework to give existing instruments a clear mandate to act, cooperate and coordinate in ABNJ.",112,115,19,"19","ABNJ","ABNJ","PROPN","NNP","Number=Sing","17","obl",NA,"SpaceAfter=No"
"doc27",1,1,"to establish global framework to give existing instruments a clear mandate to act, cooperate and coordinate in ABNJ.",116,116,20,"20",".",".","PUNCT",".",NA,"2","punct",NA,"SpacesAfter=\n"
"doc28",1,1,"there are structural issues in the design of the BBNJ agreement, such as the need for governing principles and an institutional architecture for its implementation.",1,5,1,"1","there","there","PRON","EX",NA,"2","expl",NA,NA
"doc28",1,1,"there are structural issues in the design of the BBNJ agreement, such as the need for governing principles and an institutional architecture for its implementation.",7,9,2,"2","are","be","VERB","VBP","Mood=Ind|Tense=Pres|VerbForm=Fin","0","root",NA,NA
"doc28",1,1,"there are structural issues in the design of the BBNJ agreement, such as the need for governing principles and an institutional architecture for its implementation.",11,20,3,"3","structural","structural","ADJ","JJ","Degree=Pos","4","amod",NA,NA
"doc28",1,1,"there are structural issues in the design of the BBNJ agreement, such as the need for governing principles and an institutional architecture for its implementation.",22,27,4,"4","issues","issue","NOUN","NNS","Number=Plur","2","nsubj",NA,NA
"doc28",1,1,"there are structural issues in the design of the BBNJ agreement, such as the need for governing principles and an institutional architecture for its implementation.",29,30,5,"5","in","in","ADP","IN",NA,"7","case",NA,NA
"doc28",1,1,"there are structural issues in the design of the BBNJ agreement, such as the need for governing principles and an institutional architecture for its implementation.",32,34,6,"6","the","the","DET","DT","Definite=Def|PronType=Art","7","det",NA,NA
"doc28",1,1,"there are structural issues in the design of the BBNJ agreement, such as the need for governing principles and an institutional architecture for its implementation.",36,41,7,"7","design","design","NOUN","NN","Number=Sing","4","nmod",NA,NA
"doc28",1,1,"there are structural issues in the design of the BBNJ agreement, such as the need for governing principles and an institutional architecture for its implementation.",43,44,8,"8","of","of","ADP","IN",NA,"11","case",NA,NA
"doc28",1,1,"there are structural issues in the design of the BBNJ agreement, such as the need for governing principles and an institutional architecture for its implementation.",46,48,9,"9","the","the","DET","DT","Definite=Def|PronType=Art","11","det",NA,NA
"doc28",1,1,"there are structural issues in the design of the BBNJ agreement, such as the need for governing principles and an institutional architecture for its implementation.",50,53,10,"10","BBNJ","BBNJ","PROPN","NNP","Number=Sing","11","compound",NA,NA
"doc28",1,1,"there are structural issues in the design of the BBNJ agreement, such as the need for governing principles and an institutional architecture for its implementation.",55,63,11,"11","agreement","agreement","NOUN","NN","Number=Sing","7","nmod",NA,"SpaceAfter=No"
"doc28",1,1,"there are structural issues in the design of the BBNJ agreement, such as the need for governing principles and an institutional architecture for its implementation.",64,64,12,"12",",",",","PUNCT",",",NA,"11","punct",NA,NA
"doc28",1,1,"there are structural issues in the design of the BBNJ agreement, such as the need for governing principles and an institutional architecture for its implementation.",66,69,13,"13","such","such","ADJ","JJ","Degree=Pos","16","case",NA,NA
"doc28",1,1,"there are structural issues in the design of the BBNJ agreement, such as the need for governing principles and an institutional architecture for its implementation.",71,72,14,"14","as","as","ADP","IN",NA,"13","fixed",NA,NA
"doc28",1,1,"there are structural issues in the design of the BBNJ agreement, such as the need for governing principles and an institutional architecture for its implementation.",74,76,15,"15","the","the","DET","DT","Definite=Def|PronType=Art","16","det",NA,NA
"doc28",1,1,"there are structural issues in the design of the BBNJ agreement, such as the need for governing principles and an institutional architecture for its implementation.",78,81,16,"16","need","need","NOUN","NN","Number=Sing","11","nmod",NA,NA
"doc28",1,1,"there are structural issues in the design of the BBNJ agreement, such as the need for governing principles and an institutional architecture for its implementation.",83,85,17,"17","for","for","SCONJ","IN",NA,"18","mark",NA,NA
"doc28",1,1,"there are structural issues in the design of the BBNJ agreement, such as the need for governing principles and an institutional architecture for its implementation.",87,95,18,"18","governing","governing","VERB","VBG","VerbForm=Ger","16","acl",NA,NA
"doc28",1,1,"there are structural issues in the design of the BBNJ agreement, such as the need for governing principles and an institutional architecture for its implementation.",97,106,19,"19","principles","principle","NOUN","NNS","Number=Plur","18","obj",NA,NA
"doc28",1,1,"there are structural issues in the design of the BBNJ agreement, such as the need for governing principles and an institutional architecture for its implementation.",108,110,20,"20","and","and","CCONJ","CC",NA,"23","cc",NA,NA
"doc28",1,1,"there are structural issues in the design of the BBNJ agreement, such as the need for governing principles and an institutional architecture for its implementation.",112,113,21,"21","an","a","DET","DT","Definite=Ind|PronType=Art","23","det",NA,NA
"doc28",1,1,"there are structural issues in the design of the BBNJ agreement, such as the need for governing principles and an institutional architecture for its implementation.",115,127,22,"22","institutional","institutional","ADJ","JJ","Degree=Pos","23","amod",NA,NA
"doc28",1,1,"there are structural issues in the design of the BBNJ agreement, such as the need for governing principles and an institutional architecture for its implementation.",129,140,23,"23","architecture","architecture","NOUN","NN","Number=Sing","16","conj",NA,NA
"doc28",1,1,"there are structural issues in the design of the BBNJ agreement, such as the need for governing principles and an institutional architecture for its implementation.",142,144,24,"24","for","for","ADP","IN",NA,"26","case",NA,NA
"doc28",1,1,"there are structural issues in the design of the BBNJ agreement, such as the need for governing principles and an institutional architecture for its implementation.",146,148,25,"25","its","its","PRON","PRP$","Gender=Neut|Number=Sing|Person=3|Poss=Yes|PronType=Prs","26","nmod:poss",NA,NA
"doc28",1,1,"there are structural issues in the design of the BBNJ agreement, such as the need for governing principles and an institutional architecture for its implementation.",150,163,26,"26","implementation","implementation","NOUN","NN","Number=Sing","23","nmod",NA,"SpaceAfter=No"
"doc28",1,1,"there are structural issues in the design of the BBNJ agreement, such as the need for governing principles and an institutional architecture for its implementation.",164,164,27,"27",".",".","PUNCT",".",NA,"2","punct",NA,"SpacesAfter=\n"
"doc29",1,1,"the coordination process is built on relatively unframed elements, rather than a set of regulatory building-blocks that can easily be incorporated into the BBNJ agreement.",1,3,1,"1","the","the","DET","DT","Definite=Def|PronType=Art","3","det",NA,NA
"doc29",1,1,"the coordination process is built on relatively unframed elements, rather than a set of regulatory building-blocks that can easily be incorporated into the BBNJ agreement.",5,16,2,"2","coordination","coordination","NOUN","NN","Number=Sing","3","compound",NA,NA
"doc29",1,1,"the coordination process is built on relatively unframed elements, rather than a set of regulatory building-blocks that can easily be incorporated into the BBNJ agreement.",18,24,3,"3","process","process","NOUN","NN","Number=Sing","5","nsubj:pass",NA,NA
"doc29",1,1,"the coordination process is built on relatively unframed elements, rather than a set of regulatory building-blocks that can easily be incorporated into the BBNJ agreement.",26,27,4,"4","is","be","AUX","VBZ","Mood=Ind|Number=Sing|Person=3|Tense=Pres|VerbForm=Fin","5","aux:pass",NA,NA
"doc29",1,1,"the coordination process is built on relatively unframed elements, rather than a set of regulatory building-blocks that can easily be incorporated into the BBNJ agreement.",29,33,5,"5","built","build","VERB","VBN","Tense=Past|VerbForm=Part|Voice=Pass","0","root",NA,NA
"doc29",1,1,"the coordination process is built on relatively unframed elements, rather than a set of regulatory building-blocks that can easily be incorporated into the BBNJ agreement.",35,36,6,"6","on","on","ADP","RP",NA,"9","case",NA,NA
"doc29",1,1,"the coordination process is built on relatively unframed elements, rather than a set of regulatory building-blocks that can easily be incorporated into the BBNJ agreement.",38,47,7,"7","relatively","relatively","ADV","RB",NA,"8","advmod",NA,NA
"doc29",1,1,"the coordination process is built on relatively unframed elements, rather than a set of regulatory building-blocks that can easily be incorporated into the BBNJ agreement.",49,56,8,"8","unframed","unframed","ADJ","JJ","Degree=Pos","9","amod",NA,NA
"doc29",1,1,"the coordination process is built on relatively unframed elements, rather than a set of regulatory building-blocks that can easily be incorporated into the BBNJ agreement.",58,65,9,"9","elements","element","NOUN","NNS","Number=Plur","5","obl",NA,"SpaceAfter=No"
"doc29",1,1,"the coordination process is built on relatively unframed elements, rather than a set of regulatory building-blocks that can easily be incorporated into the BBNJ agreement.",66,66,10,"10",",",",","PUNCT",",",NA,"14","punct",NA,NA
"doc29",1,1,"the coordination process is built on relatively unframed elements, rather than a set of regulatory building-blocks that can easily be incorporated into the BBNJ agreement.",68,73,11,"11","rather","rather","ADV","RB",NA,"14","cc",NA,NA
"doc29",1,1,"the coordination process is built on relatively unframed elements, rather than a set of regulatory building-blocks that can easily be incorporated into the BBNJ agreement.",75,78,12,"12","than","than","ADP","IN",NA,"11","fixed",NA,NA
"doc29",1,1,"the coordination process is built on relatively unframed elements, rather than a set of regulatory building-blocks that can easily be incorporated into the BBNJ agreement.",80,80,13,"13","a","a","DET","DT","Definite=Ind|PronType=Art","14","det",NA,NA
"doc29",1,1,"the coordination process is built on relatively unframed elements, rather than a set of regulatory building-blocks that can easily be incorporated into the BBNJ agreement.",82,84,14,"14","set","set","NOUN","NN","Number=Sing","5","conj",NA,NA
"doc29",1,1,"the coordination process is built on relatively unframed elements, rather than a set of regulatory building-blocks that can easily be incorporated into the BBNJ agreement.",86,87,15,"15","of","of","ADP","IN",NA,"19","case",NA,NA
"doc29",1,1,"the coordination process is built on relatively unframed elements, rather than a set of regulatory building-blocks that can easily be incorporated into the BBNJ agreement.",89,98,16,"16","regulatory","regulatory","ADJ","JJ","Degree=Pos","19","amod",NA,NA
"doc29",1,1,"the coordination process is built on relatively unframed elements, rather than a set of regulatory building-blocks that can easily be incorporated into the BBNJ agreement.",100,107,17,"17","building","building","NOUN","NN","Number=Sing","19","compound",NA,"SpaceAfter=No"
"doc29",1,1,"the coordination process is built on relatively unframed elements, rather than a set of regulatory building-blocks that can easily be incorporated into the BBNJ agreement.",108,108,18,"18","-","-","PUNCT",",",NA,"19","punct",NA,"SpaceAfter=No"
"doc29",1,1,"the coordination process is built on relatively unframed elements, rather than a set of regulatory building-blocks that can easily be incorporated into the BBNJ agreement.",109,114,19,"19","blocks","block","NOUN","NNS","Number=Plur","14","nmod",NA,NA
"doc29",1,1,"the coordination process is built on relatively unframed elements, rather than a set of regulatory building-blocks that can easily be incorporated into the BBNJ agreement.",116,119,20,"20","that","that","PRON","WDT","PronType=Rel","24","nsubj:pass",NA,NA
"doc29",1,1,"the coordination process is built on relatively unframed elements, rather than a set of regulatory building-blocks that can easily be incorporated into the BBNJ agreement.",121,123,21,"21","can","can","AUX","MD","VerbForm=Fin","24","aux",NA,NA
"doc29",1,1,"the coordination process is built on relatively unframed elements, rather than a set of regulatory building-blocks that can easily be incorporated into the BBNJ agreement.",125,130,22,"22","easily","easily","ADV","RB",NA,"24","advmod",NA,NA
"doc29",1,1,"the coordination process is built on relatively unframed elements, rather than a set of regulatory building-blocks that can easily be incorporated into the BBNJ agreement.",132,133,23,"23","be","be","AUX","VB","VerbForm=Inf","24","aux:pass",NA,NA
"doc29",1,1,"the coordination process is built on relatively unframed elements, rather than a set of regulatory building-blocks that can easily be incorporated into the BBNJ agreement.",135,146,24,"24","incorporated","incorporate","VERB","VBN","Tense=Past|VerbForm=Part|Voice=Pass","14","acl:relcl",NA,NA
"doc29",1,1,"the coordination process is built on relatively unframed elements, rather than a set of regulatory building-blocks that can easily be incorporated into the BBNJ agreement.",148,151,25,"25","into","into","ADP","IN",NA,"28","case",NA,NA
"doc29",1,1,"the coordination process is built on relatively unframed elements, rather than a set of regulatory building-blocks that can easily be incorporated into the BBNJ agreement.",153,155,26,"26","the","the","DET","DT","Definite=Def|PronType=Art","28","det",NA,NA
"doc29",1,1,"the coordination process is built on relatively unframed elements, rather than a set of regulatory building-blocks that can easily be incorporated into the BBNJ agreement.",157,160,27,"27","BBNJ","BBNJ","NOUN","NN","Number=Sing","28","compound",NA,NA
"doc29",1,1,"the coordination process is built on relatively unframed elements, rather than a set of regulatory building-blocks that can easily be incorporated into the BBNJ agreement.",162,170,28,"28","agreement","agreement","NOUN","NN","Number=Sing","24","obl",NA,"SpaceAfter=No"
"doc29",1,1,"the coordination process is built on relatively unframed elements, rather than a set of regulatory building-blocks that can easily be incorporated into the BBNJ agreement.",171,171,29,"29",".",".","PUNCT",".",NA,"5","punct",NA,"SpacesAfter=\n"
"doc30",1,1,"to establish a conference of parties and secretariat to facilitate coordination, enhance coherence, and promote compliance through global‐level review and assistance.",1,2,1,"1","to","to","PART","TO",NA,"2","mark",NA,NA
"doc30",1,1,"to establish a conference of parties and secretariat to facilitate coordination, enhance coherence, and promote compliance through global‐level review and assistance.",4,12,2,"2","establish","establish","VERB","VB","VerbForm=Inf","0","root",NA,NA
"doc30",1,1,"to establish a conference of parties and secretariat to facilitate coordination, enhance coherence, and promote compliance through global‐level review and assistance.",14,14,3,"3","a","a","DET","DT","Definite=Ind|PronType=Art","4","det",NA,NA
"doc30",1,1,"to establish a conference of parties and secretariat to facilitate coordination, enhance coherence, and promote compliance through global‐level review and assistance.",16,25,4,"4","conference","conference","NOUN","NN","Number=Sing","2","obj",NA,NA
"doc30",1,1,"to establish a conference of parties and secretariat to facilitate coordination, enhance coherence, and promote compliance through global‐level review and assistance.",27,28,5,"5","of","of","ADP","IN",NA,"6","case",NA,NA
"doc30",1,1,"to establish a conference of parties and secretariat to facilitate coordination, enhance coherence, and promote compliance through global‐level review and assistance.",30,36,6,"6","parties","party","NOUN","NNS","Number=Plur","4","nmod",NA,NA
"doc30",1,1,"to establish a conference of parties and secretariat to facilitate coordination, enhance coherence, and promote compliance through global‐level review and assistance.",38,40,7,"7","and","and","CCONJ","CC",NA,"8","cc",NA,NA
"doc30",1,1,"to establish a conference of parties and secretariat to facilitate coordination, enhance coherence, and promote compliance through global‐level review and assistance.",42,52,8,"8","secretariat","secretariat","NOUN","NN","Number=Sing","6","conj",NA,NA
"doc30",1,1,"to establish a conference of parties and secretariat to facilitate coordination, enhance coherence, and promote compliance through global‐level review and assistance.",54,55,9,"9","to","to","PART","TO",NA,"10","mark",NA,NA
"doc30",1,1,"to establish a conference of parties and secretariat to facilitate coordination, enhance coherence, and promote compliance through global‐level review and assistance.",57,66,10,"10","facilitate","facilitate","VERB","VB","VerbForm=Inf","4","acl",NA,NA
"doc30",1,1,"to establish a conference of parties and secretariat to facilitate coordination, enhance coherence, and promote compliance through global‐level review and assistance.",68,79,11,"11","coordination","coordination","NOUN","NN","Number=Sing","10","obj",NA,"SpaceAfter=No"
"doc30",1,1,"to establish a conference of parties and secretariat to facilitate coordination, enhance coherence, and promote compliance through global‐level review and assistance.",80,80,12,"12",",",",","PUNCT",",",NA,"14","punct",NA,NA
"doc30",1,1,"to establish a conference of parties and secretariat to facilitate coordination, enhance coherence, and promote compliance through global‐level review and assistance.",82,88,13,"13","enhance","enhance","NOUN","NN","Number=Sing","14","compound",NA,NA
"doc30",1,1,"to establish a conference of parties and secretariat to facilitate coordination, enhance coherence, and promote compliance through global‐level review and assistance.",90,98,14,"14","coherence","coherence","NOUN","NN","Number=Sing","11","conj",NA,"SpaceAfter=No"
"doc30",1,1,"to establish a conference of parties and secretariat to facilitate coordination, enhance coherence, and promote compliance through global‐level review and assistance.",99,99,15,"15",",",",","PUNCT",",",NA,"17","punct",NA,NA
"doc30",1,1,"to establish a conference of parties and secretariat to facilitate coordination, enhance coherence, and promote compliance through global‐level review and assistance.",101,103,16,"16","and","and","CCONJ","CC",NA,"17","cc",NA,NA
"doc30",1,1,"to establish a conference of parties and secretariat to facilitate coordination, enhance coherence, and promote compliance through global‐level review and assistance.",105,111,17,"17","promote","promote","VERB","VB","VerbForm=Inf","2","conj",NA,NA
"doc30",1,1,"to establish a conference of parties and secretariat to facilitate coordination, enhance coherence, and promote compliance through global‐level review and assistance.",113,122,18,"18","compliance","compliance","NOUN","NN","Number=Sing","17","obj",NA,NA
"doc30",1,1,"to establish a conference of parties and secretariat to facilitate coordination, enhance coherence, and promote compliance through global‐level review and assistance.",124,130,19,"19","through","through","ADP","IN",NA,"23","case",NA,NA
"doc30",1,1,"to establish a conference of parties and secretariat to facilitate coordination, enhance coherence, and promote compliance through global‐level review and assistance.",132,137,20,"20","global","global","ADJ","JJ","Degree=Pos","23","amod",NA,"SpaceAfter=No"
"doc30",1,1,"to establish a conference of parties and secretariat to facilitate coordination, enhance coherence, and promote compliance through global‐level review and assistance.",138,138,21,"21","‐","‐","PUNCT",".",NA,"23","punct",NA,"SpaceAfter=No"
"doc30",1,1,"to establish a conference of parties and secretariat to facilitate coordination, enhance coherence, and promote compliance through global‐level review and assistance.",139,143,22,"22","level","level","NOUN","NN","Number=Sing","23","compound",NA,NA
"doc30",1,1,"to establish a conference of parties and secretariat to facilitate coordination, enhance coherence, and promote compliance through global‐level review and assistance.",145,150,23,"23","review","review","NOUN","NN","Number=Sing","18","nmod",NA,NA
"doc30",1,1,"to establish a conference of parties and secretariat to facilitate coordination, enhance coherence, and promote compliance through global‐level review and assistance.",152,154,24,"24","and","and","CCONJ","CC",NA,"25","cc",NA,NA
"doc30",1,1,"to establish a conference of parties and secretariat to facilitate coordination, enhance coherence, and promote compliance through global‐level review and assistance.",156,165,25,"25","assistance","assistance","NOUN","NN","Number=Sing","23","conj",NA,"SpaceAfter=No"
"doc30",1,1,"to establish a conference of parties and secretariat to facilitate coordination, enhance coherence, and promote compliance through global‐level review and assistance.",166,166,26,"26",".",".","PUNCT",".",NA,"2","punct",NA,"SpacesAfter=\n"
"doc31",1,1,"to determine a legal basis for designating MPAs in a manner that is consistent with UNCLOS.",1,2,1,"1","to","to","PART","TO",NA,"2","mark",NA,NA
"doc31",1,1,"to determine a legal basis for designating MPAs in a manner that is consistent with UNCLOS.",4,12,2,"2","determine","determine","VERB","VB","VerbForm=Inf","0","root",NA,NA
"doc31",1,1,"to determine a legal basis for designating MPAs in a manner that is consistent with UNCLOS.",14,14,3,"3","a","a","DET","DT","Definite=Ind|PronType=Art","5","det",NA,NA
"doc31",1,1,"to determine a legal basis for designating MPAs in a manner that is consistent with UNCLOS.",16,20,4,"4","legal","legal","ADJ","JJ","Degree=Pos","5","amod",NA,NA
"doc31",1,1,"to determine a legal basis for designating MPAs in a manner that is consistent with UNCLOS.",22,26,5,"5","basis","basis","NOUN","NN","Number=Sing","2","obj",NA,NA
"doc31",1,1,"to determine a legal basis for designating MPAs in a manner that is consistent with UNCLOS.",28,30,6,"6","for","for","SCONJ","IN",NA,"7","mark",NA,NA
"doc31",1,1,"to determine a legal basis for designating MPAs in a manner that is consistent with UNCLOS.",32,42,7,"7","designating","designating","VERB","VBG","VerbForm=Ger","2","advcl",NA,NA
"doc31",1,1,"to determine a legal basis for designating MPAs in a manner that is consistent with UNCLOS.",44,47,8,"8","MPAs","MPA","PROPN","NNPS","Number=Plur","7","obj",NA,NA
"doc31",1,1,"to determine a legal basis for designating MPAs in a manner that is consistent with UNCLOS.",49,50,9,"9","in","in","ADP","IN",NA,"11","case",NA,NA
"doc31",1,1,"to determine a legal basis for designating MPAs in a manner that is consistent with UNCLOS.",52,52,10,"10","a","a","DET","DT","Definite=Ind|PronType=Art","11","det",NA,NA
"doc31",1,1,"to determine a legal basis for designating MPAs in a manner that is consistent with UNCLOS.",54,59,11,"11","manner","manner","NOUN","NN","Number=Sing","7","obl",NA,NA
"doc31",1,1,"to determine a legal basis for designating MPAs in a manner that is consistent with UNCLOS.",61,64,12,"12","that","that","PRON","WDT","PronType=Rel","14","nsubj",NA,NA
"doc31",1,1,"to determine a legal basis for designating MPAs in a manner that is consistent with UNCLOS.",66,67,13,"13","is","be","AUX","VBZ","Mood=Ind|Number=Sing|Person=3|Tense=Pres|VerbForm=Fin","14","cop",NA,NA
"doc31",1,1,"to determine a legal basis for designating MPAs in a manner that is consistent with UNCLOS.",69,78,14,"14","consistent","consistent","ADJ","JJ","Degree=Pos","11","acl:relcl",NA,NA
"doc31",1,1,"to determine a legal basis for designating MPAs in a manner that is consistent with UNCLOS.",80,83,15,"15","with","with","ADP","IN",NA,"16","case",NA,NA
"doc31",1,1,"to determine a legal basis for designating MPAs in a manner that is consistent with UNCLOS.",85,90,16,"16","UNCLOS","Unclo","PROPN","NNP","Number=Sing","14","obl",NA,"SpaceAfter=No"
"doc31",1,1,"to determine a legal basis for designating MPAs in a manner that is consistent with UNCLOS.",91,91,17,"17",".",".","PUNCT",".",NA,"2","punct",NA,"SpacesAfter=\n"
"doc32",1,1,"to develop an effectively managed, ecologically representative and well-connected system of MPAs in ABNJ.",1,2,1,"1","to","to","PART","TO",NA,"2","mark",NA,NA
"doc32",1,1,"to develop an effectively managed, ecologically representative and well-connected system of MPAs in ABNJ.",4,10,2,"2","develop","develop","VERB","VB","VerbForm=Inf","0","root",NA,NA
"doc32",1,1,"to develop an effectively managed, ecologically representative and well-connected system of MPAs in ABNJ.",12,13,3,"3","an","a","DET","DT","Definite=Ind|PronType=Art","8","det",NA,NA
"doc32",1,1,"to develop an effectively managed, ecologically representative and well-connected system of MPAs in ABNJ.",15,25,4,"4","effectively","effectively","ADV","RB",NA,"5","advmod",NA,NA
"doc32",1,1,"to develop an effectively managed, ecologically representative and well-connected system of MPAs in ABNJ.",27,33,5,"5","managed","managed","VERB","VBN","Tense=Past|VerbForm=Part","8","amod",NA,"SpaceAfter=No"
"doc32",1,1,"to develop an effectively managed, ecologically representative and well-connected system of MPAs in ABNJ.",34,34,6,"6",",",",","PUNCT",",",NA,"8","punct",NA,NA
"doc32",1,1,"to develop an effectively managed, ecologically representative and well-connected system of MPAs in ABNJ.",36,47,7,"7","ecologically","ecologically","ADV","RB",NA,"8","advmod",NA,NA
"doc32",1,1,"to develop an effectively managed, ecologically representative and well-connected system of MPAs in ABNJ.",49,62,8,"8","representative","representative","ADJ","JJ","Degree=Pos","2","obj",NA,NA
"doc32",1,1,"to develop an effectively managed, ecologically representative and well-connected system of MPAs in ABNJ.",64,66,9,"9","and","and","CCONJ","CC",NA,"13","cc",NA,NA
"doc32",1,1,"to develop an effectively managed, ecologically representative and well-connected system of MPAs in ABNJ.",68,71,10,"10","well","well","ADV","RB","Degree=Pos","12","advmod",NA,"SpaceAfter=No"
"doc32",1,1,"to develop an effectively managed, ecologically representative and well-connected system of MPAs in ABNJ.",72,72,11,"11","-","-","PUNCT","HYPH",NA,"12","punct",NA,"SpaceAfter=No"
"doc32",1,1,"to develop an effectively managed, ecologically representative and well-connected system of MPAs in ABNJ.",73,81,12,"12","connected","connect","VERB","VBN","Tense=Past|VerbForm=Part","13","amod",NA,NA
"doc32",1,1,"to develop an effectively managed, ecologically representative and well-connected system of MPAs in ABNJ.",83,88,13,"13","system","system","NOUN","NN","Number=Sing","8","conj",NA,NA
"doc32",1,1,"to develop an effectively managed, ecologically representative and well-connected system of MPAs in ABNJ.",90,91,14,"14","of","of","ADP","IN",NA,"15","case",NA,NA
"doc32",1,1,"to develop an effectively managed, ecologically representative and well-connected system of MPAs in ABNJ.",93,96,15,"15","MPAs","MPAs","PROPN","NNPS","Number=Plur","13","nmod",NA,NA
"doc32",1,1,"to develop an effectively managed, ecologically representative and well-connected system of MPAs in ABNJ.",98,99,16,"16","in","in","ADP","IN",NA,"17","case",NA,NA
"doc32",1,1,"to develop an effectively managed, ecologically representative and well-connected system of MPAs in ABNJ.",101,104,17,"17","ABNJ","ABNJ","PROPN","NNP","Number=Sing","13","nmod",NA,"SpaceAfter=No"
"doc32",1,1,"to develop an effectively managed, ecologically representative and well-connected system of MPAs in ABNJ.",105,105,18,"18",".",".","PUNCT",".",NA,"2","punct",NA,"SpacesAfter=\n"
"doc33",1,1,"the implementation of legally binding obligations can be the subject of dispute settlement procedures.",1,3,1,"1","the","the","DET","DT","Definite=Def|PronType=Art","2","det",NA,NA
"doc33",1,1,"the implementation of legally binding obligations can be the subject of dispute settlement procedures.",5,18,2,"2","implementation","implementation","NOUN","NN","Number=Sing","10","nsubj",NA,NA
"doc33",1,1,"the implementation of legally binding obligations can be the subject of dispute settlement procedures.",20,21,3,"3","of","of","SCONJ","IN",NA,"5","mark",NA,NA
"doc33",1,1,"the implementation of legally binding obligations can be the subject of dispute settlement procedures.",23,29,4,"4","legally","legally","ADV","RB",NA,"5","advmod",NA,NA
"doc33",1,1,"the implementation of legally binding obligations can be the subject of dispute settlement procedures.",31,37,5,"5","binding","binding","VERB","VBG","VerbForm=Ger","2","acl",NA,NA
"doc33",1,1,"the implementation of legally binding obligations can be the subject of dispute settlement procedures.",39,49,6,"6","obligations","obligation","NOUN","NNS","Number=Plur","5","obj",NA,NA
"doc33",1,1,"the implementation of legally binding obligations can be the subject of dispute settlement procedures.",51,53,7,"7","can","can","AUX","MD","VerbForm=Fin","10","aux",NA,NA
"doc33",1,1,"the implementation of legally binding obligations can be the subject of dispute settlement procedures.",55,56,8,"8","be","be","AUX","VB","VerbForm=Inf","10","cop",NA,NA
"doc33",1,1,"the implementation of legally binding obligations can be the subject of dispute settlement procedures.",58,60,9,"9","the","the","DET","DT","Definite=Def|PronType=Art","10","det",NA,NA
"doc33",1,1,"the implementation of legally binding obligations can be the subject of dispute settlement procedures.",62,68,10,"10","subject","subject","NOUN","NN","Number=Sing","0","root",NA,NA
"doc33",1,1,"the implementation of legally binding obligations can be the subject of dispute settlement procedures.",70,71,11,"11","of","of","ADP","IN",NA,"14","case",NA,NA
"doc33",1,1,"the implementation of legally binding obligations can be the subject of dispute settlement procedures.",73,79,12,"12","dispute","dispute","NOUN","NN","Number=Sing","13","compound",NA,NA
"doc33",1,1,"the implementation of legally binding obligations can be the subject of dispute settlement procedures.",81,90,13,"13","settlement","settlement","NOUN","NN","Number=Sing","14","compound",NA,NA
"doc33",1,1,"the implementation of legally binding obligations can be the subject of dispute settlement procedures.",92,101,14,"14","procedures","procedure","NOUN","NNS","Number=Plur","10","nmod",NA,"SpaceAfter=No"
"doc33",1,1,"the implementation of legally binding obligations can be the subject of dispute settlement procedures.",102,102,15,"15",".",".","PUNCT",".",NA,"10","punct",NA,"SpacesAfter=\n"
"doc34",1,1,"To provide a procedure for designating MPAs, including a science-based process for the design of representative networks of MPAs, a clear allocation of responsibilities, and a framework for the development of regional MSP.",1,2,1,"1","To","to","PART","TO",NA,"2","mark",NA,NA
"doc34",1,1,"To provide a procedure for designating MPAs, including a science-based process for the design of representative networks of MPAs, a clear allocation of responsibilities, and a framework for the development of regional MSP.",4,10,2,"2","provide","provide","VERB","VB","VerbForm=Inf","0","root",NA,NA
"doc34",1,1,"To provide a procedure for designating MPAs, including a science-based process for the design of representative networks of MPAs, a clear allocation of responsibilities, and a framework for the development of regional MSP.",12,12,3,"3","a","a","DET","DT","Definite=Ind|PronType=Art","4","det",NA,NA
"doc34",1,1,"To provide a procedure for designating MPAs, including a science-based process for the design of representative networks of MPAs, a clear allocation of responsibilities, and a framework for the development of regional MSP.",14,22,4,"4","procedure","procedure","NOUN","NN","Number=Sing","2","obj",NA,NA
"doc34",1,1,"To provide a procedure for designating MPAs, including a science-based process for the design of representative networks of MPAs, a clear allocation of responsibilities, and a framework for the development of regional MSP.",24,26,5,"5","for","for","SCONJ","IN",NA,"6","mark",NA,NA
"doc34",1,1,"To provide a procedure for designating MPAs, including a science-based process for the design of representative networks of MPAs, a clear allocation of responsibilities, and a framework for the development of regional MSP.",28,38,6,"6","designating","designate","VERB","VBG","VerbForm=Ger","2","advcl",NA,NA
"doc34",1,1,"To provide a procedure for designating MPAs, including a science-based process for the design of representative networks of MPAs, a clear allocation of responsibilities, and a framework for the development of regional MSP.",40,43,7,"7","MPAs","MPAs","PROPN","NNPS","Number=Plur","6","obj",NA,"SpaceAfter=No"
"doc34",1,1,"To provide a procedure for designating MPAs, including a science-based process for the design of representative networks of MPAs, a clear allocation of responsibilities, and a framework for the development of regional MSP.",44,44,8,"8",",",",","PUNCT",",",NA,"6","punct",NA,NA
"doc34",1,1,"To provide a procedure for designating MPAs, including a science-based process for the design of representative networks of MPAs, a clear allocation of responsibilities, and a framework for the development of regional MSP.",46,54,9,"9","including","include","VERB","VBG","VerbForm=Ger","14","case",NA,NA
"doc34",1,1,"To provide a procedure for designating MPAs, including a science-based process for the design of representative networks of MPAs, a clear allocation of responsibilities, and a framework for the development of regional MSP.",56,56,10,"10","a","a","DET","DT","Definite=Ind|PronType=Art","14","det",NA,NA
"doc34",1,1,"To provide a procedure for designating MPAs, including a science-based process for the design of representative networks of MPAs, a clear allocation of responsibilities, and a framework for the development of regional MSP.",58,64,11,"11","science","science","NOUN","NN","Number=Sing","13","obl:npmod",NA,"SpaceAfter=No"
"doc34",1,1,"To provide a procedure for designating MPAs, including a science-based process for the design of representative networks of MPAs, a clear allocation of responsibilities, and a framework for the development of regional MSP.",65,65,12,"12","-","-","PUNCT","HYPH",NA,"13","punct",NA,"SpaceAfter=No"
"doc34",1,1,"To provide a procedure for designating MPAs, including a science-based process for the design of representative networks of MPAs, a clear allocation of responsibilities, and a framework for the development of regional MSP.",66,70,13,"13","based","base","VERB","VBN","Tense=Past|VerbForm=Part","14","amod",NA,NA
"doc34",1,1,"To provide a procedure for designating MPAs, including a science-based process for the design of representative networks of MPAs, a clear allocation of responsibilities, and a framework for the development of regional MSP.",72,78,14,"14","process","process","NOUN","NN","Number=Sing","2","nmod",NA,NA
"doc34",1,1,"To provide a procedure for designating MPAs, including a science-based process for the design of representative networks of MPAs, a clear allocation of responsibilities, and a framework for the development of regional MSP.",80,82,15,"15","for","for","ADP","IN",NA,"17","case",NA,NA
"doc34",1,1,"To provide a procedure for designating MPAs, including a science-based process for the design of representative networks of MPAs, a clear allocation of responsibilities, and a framework for the development of regional MSP.",84,86,16,"16","the","the","DET","DT","Definite=Def|PronType=Art","17","det",NA,NA
"doc34",1,1,"To provide a procedure for designating MPAs, including a science-based process for the design of representative networks of MPAs, a clear allocation of responsibilities, and a framework for the development of regional MSP.",88,93,17,"17","design","design","NOUN","NN","Number=Sing","14","nmod",NA,NA
"doc34",1,1,"To provide a procedure for designating MPAs, including a science-based process for the design of representative networks of MPAs, a clear allocation of responsibilities, and a framework for the development of regional MSP.",95,96,18,"18","of","of","ADP","IN",NA,"20","case",NA,NA
"doc34",1,1,"To provide a procedure for designating MPAs, including a science-based process for the design of representative networks of MPAs, a clear allocation of responsibilities, and a framework for the development of regional MSP.",98,111,19,"19","representative","representative","ADJ","JJ","Degree=Pos","20","amod",NA,NA
"doc34",1,1,"To provide a procedure for designating MPAs, including a science-based process for the design of representative networks of MPAs, a clear allocation of responsibilities, and a framework for the development of regional MSP.",113,120,20,"20","networks","network","NOUN","NNS","Number=Plur","17","nmod",NA,NA
"doc34",1,1,"To provide a procedure for designating MPAs, including a science-based process for the design of representative networks of MPAs, a clear allocation of responsibilities, and a framework for the development of regional MSP.",122,123,21,"21","of","of","ADP","IN",NA,"22","case",NA,NA
"doc34",1,1,"To provide a procedure for designating MPAs, including a science-based process for the design of representative networks of MPAs, a clear allocation of responsibilities, and a framework for the development of regional MSP.",125,128,22,"22","MPAs","MPAs","PROPN","NNP","Number=Sing","20","nmod",NA,"SpaceAfter=No"
"doc34",1,1,"To provide a procedure for designating MPAs, including a science-based process for the design of representative networks of MPAs, a clear allocation of responsibilities, and a framework for the development of regional MSP.",129,129,23,"23",",",",","PUNCT",",",NA,"26","punct",NA,NA
"doc34",1,1,"To provide a procedure for designating MPAs, including a science-based process for the design of representative networks of MPAs, a clear allocation of responsibilities, and a framework for the development of regional MSP.",131,131,24,"24","a","a","DET","DT","Definite=Ind|PronType=Art","26","det",NA,NA
"doc34",1,1,"To provide a procedure for designating MPAs, including a science-based process for the design of representative networks of MPAs, a clear allocation of responsibilities, and a framework for the development of regional MSP.",133,137,25,"25","clear","clear","ADJ","JJ","Degree=Pos","26","amod",NA,NA
"doc34",1,1,"To provide a procedure for designating MPAs, including a science-based process for the design of representative networks of MPAs, a clear allocation of responsibilities, and a framework for the development of regional MSP.",139,148,26,"26","allocation","allocation","NOUN","NN","Number=Sing","2","conj",NA,NA
"doc34",1,1,"To provide a procedure for designating MPAs, including a science-based process for the design of representative networks of MPAs, a clear allocation of responsibilities, and a framework for the development of regional MSP.",150,151,27,"27","of","of","ADP","IN",NA,"28","case",NA,NA
"doc34",1,1,"To provide a procedure for designating MPAs, including a science-based process for the design of representative networks of MPAs, a clear allocation of responsibilities, and a framework for the development of regional MSP.",153,168,28,"28","responsibilities","responsibility","NOUN","NNS","Number=Plur","26","nmod",NA,"SpaceAfter=No"
"doc34",1,1,"To provide a procedure for designating MPAs, including a science-based process for the design of representative networks of MPAs, a clear allocation of responsibilities, and a framework for the development of regional MSP.",169,169,29,"29",",",",","PUNCT",",",NA,"32","punct",NA,NA
"doc34",1,1,"To provide a procedure for designating MPAs, including a science-based process for the design of representative networks of MPAs, a clear allocation of responsibilities, and a framework for the development of regional MSP.",171,173,30,"30","and","and","CCONJ","CC",NA,"32","cc",NA,NA
"doc34",1,1,"To provide a procedure for designating MPAs, including a science-based process for the design of representative networks of MPAs, a clear allocation of responsibilities, and a framework for the development of regional MSP.",175,175,31,"31","a","a","DET","DT","Definite=Ind|PronType=Art","32","det",NA,NA
"doc34",1,1,"To provide a procedure for designating MPAs, including a science-based process for the design of representative networks of MPAs, a clear allocation of responsibilities, and a framework for the development of regional MSP.",177,185,32,"32","framework","framework","NOUN","NN","Number=Sing","2","conj",NA,NA
"doc34",1,1,"To provide a procedure for designating MPAs, including a science-based process for the design of representative networks of MPAs, a clear allocation of responsibilities, and a framework for the development of regional MSP.",187,189,33,"33","for","for","ADP","IN",NA,"35","case",NA,NA
"doc34",1,1,"To provide a procedure for designating MPAs, including a science-based process for the design of representative networks of MPAs, a clear allocation of responsibilities, and a framework for the development of regional MSP.",191,193,34,"34","the","the","DET","DT","Definite=Def|PronType=Art","35","det",NA,NA
"doc34",1,1,"To provide a procedure for designating MPAs, including a science-based process for the design of representative networks of MPAs, a clear allocation of responsibilities, and a framework for the development of regional MSP.",195,205,35,"35","development","development","NOUN","NN","Number=Sing","32","nmod",NA,NA
"doc34",1,1,"To provide a procedure for designating MPAs, including a science-based process for the design of representative networks of MPAs, a clear allocation of responsibilities, and a framework for the development of regional MSP.",207,208,36,"36","of","of","ADP","IN",NA,"38","case",NA,NA
"doc34",1,1,"To provide a procedure for designating MPAs, including a science-based process for the design of representative networks of MPAs, a clear allocation of responsibilities, and a framework for the development of regional MSP.",210,217,37,"37","regional","regional","ADJ","JJ","Degree=Pos","38","amod",NA,NA
"doc34",1,1,"To provide a procedure for designating MPAs, including a science-based process for the design of representative networks of MPAs, a clear allocation of responsibilities, and a framework for the development of regional MSP.",219,221,38,"38","MSP","MSP","PROPN","NNP","Number=Sing","35","nmod",NA,"SpaceAfter=No"
"doc34",1,1,"To provide a procedure for designating MPAs, including a science-based process for the design of representative networks of MPAs, a clear allocation of responsibilities, and a framework for the development of regional MSP.",222,222,39,"39",".",".","PUNCT",".",NA,"2","punct",NA,"SpacesAfter=\n"
"doc35",1,1,"to enable UNCLOS to be maintained as a flexible yet robust framework for confronting escalating challenges to global ocean management over the next 30 years",1,2,1,"1","to","to","PART","TO",NA,"2","mark",NA,NA
"doc35",1,1,"to enable UNCLOS to be maintained as a flexible yet robust framework for confronting escalating challenges to global ocean management over the next 30 years",4,9,2,"2","enable","enable","VERB","VB","VerbForm=Inf","0","root",NA,NA
"doc35",1,1,"to enable UNCLOS to be maintained as a flexible yet robust framework for confronting escalating challenges to global ocean management over the next 30 years",11,16,3,"3","UNCLOS","UNCLOS","PROPN","NNP","Number=Sing","2","obj",NA,NA
"doc35",1,1,"to enable UNCLOS to be maintained as a flexible yet robust framework for confronting escalating challenges to global ocean management over the next 30 years",18,19,4,"4","to","to","PART","TO",NA,"6","mark",NA,NA
"doc35",1,1,"to enable UNCLOS to be maintained as a flexible yet robust framework for confronting escalating challenges to global ocean management over the next 30 years",21,22,5,"5","be","be","AUX","VB","VerbForm=Inf","6","aux:pass",NA,NA
"doc35",1,1,"to enable UNCLOS to be maintained as a flexible yet robust framework for confronting escalating challenges to global ocean management over the next 30 years",24,33,6,"6","maintained","maintain","VERB","VBN","Tense=Past|VerbForm=Part|Voice=Pass","2","xcomp",NA,NA
"doc35",1,1,"to enable UNCLOS to be maintained as a flexible yet robust framework for confronting escalating challenges to global ocean management over the next 30 years",35,36,7,"7","as","as","ADP","IN",NA,"12","case",NA,NA
"doc35",1,1,"to enable UNCLOS to be maintained as a flexible yet robust framework for confronting escalating challenges to global ocean management over the next 30 years",38,38,8,"8","a","a","DET","DT","Definite=Ind|PronType=Art","12","det",NA,NA
"doc35",1,1,"to enable UNCLOS to be maintained as a flexible yet robust framework for confronting escalating challenges to global ocean management over the next 30 years",40,47,9,"9","flexible","flexible","ADJ","JJ","Degree=Pos","12","amod",NA,NA
"doc35",1,1,"to enable UNCLOS to be maintained as a flexible yet robust framework for confronting escalating challenges to global ocean management over the next 30 years",49,51,10,"10","yet","yet","CCONJ","CC",NA,"11","cc",NA,NA
"doc35",1,1,"to enable UNCLOS to be maintained as a flexible yet robust framework for confronting escalating challenges to global ocean management over the next 30 years",53,58,11,"11","robust","robust","ADJ","JJ","Degree=Pos","9","conj",NA,NA
"doc35",1,1,"to enable UNCLOS to be maintained as a flexible yet robust framework for confronting escalating challenges to global ocean management over the next 30 years",60,68,12,"12","framework","framework","NOUN","NN","Number=Sing","6","obl",NA,NA
"doc35",1,1,"to enable UNCLOS to be maintained as a flexible yet robust framework for confronting escalating challenges to global ocean management over the next 30 years",70,72,13,"13","for","for","SCONJ","IN",NA,"14","mark",NA,NA
"doc35",1,1,"to enable UNCLOS to be maintained as a flexible yet robust framework for confronting escalating challenges to global ocean management over the next 30 years",74,84,14,"14","confronting","confront","VERB","VBG","VerbForm=Ger","6","advcl",NA,NA
"doc35",1,1,"to enable UNCLOS to be maintained as a flexible yet robust framework for confronting escalating challenges to global ocean management over the next 30 years",86,95,15,"15","escalating","escalat","VERB","VBG","VerbForm=Ger","16","amod",NA,NA
"doc35",1,1,"to enable UNCLOS to be maintained as a flexible yet robust framework for confronting escalating challenges to global ocean management over the next 30 years",97,106,16,"16","challenges","challenge","NOUN","NNS","Number=Plur","14","obj",NA,NA
"doc35",1,1,"to enable UNCLOS to be maintained as a flexible yet robust framework for confronting escalating challenges to global ocean management over the next 30 years",108,109,17,"17","to","to","ADP","IN",NA,"20","case",NA,NA
"doc35",1,1,"to enable UNCLOS to be maintained as a flexible yet robust framework for confronting escalating challenges to global ocean management over the next 30 years",111,116,18,"18","global","global","ADJ","JJ","Degree=Pos","20","amod",NA,NA
"doc35",1,1,"to enable UNCLOS to be maintained as a flexible yet robust framework for confronting escalating challenges to global ocean management over the next 30 years",118,122,19,"19","ocean","ocean","NOUN","NN","Number=Sing","20","compound",NA,NA
"doc35",1,1,"to enable UNCLOS to be maintained as a flexible yet robust framework for confronting escalating challenges to global ocean management over the next 30 years",124,133,20,"20","management","management","NOUN","NN","Number=Sing","16","nmod",NA,NA
"doc35",1,1,"to enable UNCLOS to be maintained as a flexible yet robust framework for confronting escalating challenges to global ocean management over the next 30 years",135,138,21,"21","over","over","ADP","IN",NA,"25","case",NA,NA
"doc35",1,1,"to enable UNCLOS to be maintained as a flexible yet robust framework for confronting escalating challenges to global ocean management over the next 30 years",140,142,22,"22","the","the","DET","DT","Definite=Def|PronType=Art","25","det",NA,NA
"doc35",1,1,"to enable UNCLOS to be maintained as a flexible yet robust framework for confronting escalating challenges to global ocean management over the next 30 years",144,147,23,"23","next","next","ADJ","JJ","Degree=Pos","25","amod",NA,NA
"doc35",1,1,"to enable UNCLOS to be maintained as a flexible yet robust framework for confronting escalating challenges to global ocean management over the next 30 years",149,150,24,"24","30","30","NUM","CD","NumType=Card","25","nummod",NA,NA
"doc35",1,1,"to enable UNCLOS to be maintained as a flexible yet robust framework for confronting escalating challenges to global ocean management over the next 30 years",152,156,25,"25","years","year","NOUN","NNS","Number=Plur","14","obl",NA,"SpacesAfter=\n"
"doc36",1,1,"to address issues relating to navigation and fishing within the framework of MPAs",1,2,1,"1","to","to","PART","TO",NA,"2","mark",NA,NA
"doc36",1,1,"to address issues relating to navigation and fishing within the framework of MPAs",4,10,2,"2","address","address","VERB","VB","VerbForm=Inf","0","root",NA,NA
"doc36",1,1,"to address issues relating to navigation and fishing within the framework of MPAs",12,17,3,"3","issues","issue","NOUN","NNS","Number=Plur","2","obj",NA,NA
"doc36",1,1,"to address issues relating to navigation and fishing within the framework of MPAs",19,26,4,"4","relating","relate","VERB","VBG","VerbForm=Ger","3","acl",NA,NA
"doc36",1,1,"to address issues relating to navigation and fishing within the framework of MPAs",28,29,5,"5","to","to","ADP","IN",NA,"6","case",NA,NA
"doc36",1,1,"to address issues relating to navigation and fishing within the framework of MPAs",31,40,6,"6","navigation","navigation","NOUN","NN","Number=Sing","4","obl",NA,NA
"doc36",1,1,"to address issues relating to navigation and fishing within the framework of MPAs",42,44,7,"7","and","and","CCONJ","CC",NA,"8","cc",NA,NA
"doc36",1,1,"to address issues relating to navigation and fishing within the framework of MPAs",46,52,8,"8","fishing","fish","NOUN","NN","Number=Sing","6","conj",NA,NA
"doc36",1,1,"to address issues relating to navigation and fishing within the framework of MPAs",54,59,9,"9","within","within","ADP","IN",NA,"11","case",NA,NA
"doc36",1,1,"to address issues relating to navigation and fishing within the framework of MPAs",61,63,10,"10","the","the","DET","DT","Definite=Def|PronType=Art","11","det",NA,NA
"doc36",1,1,"to address issues relating to navigation and fishing within the framework of MPAs",65,73,11,"11","framework","framework","NOUN","NN","Number=Sing","2","obl",NA,NA
"doc36",1,1,"to address issues relating to navigation and fishing within the framework of MPAs",75,76,12,"12","of","of","ADP","IN",NA,"13","case",NA,NA
"doc36",1,1,"to address issues relating to navigation and fishing within the framework of MPAs",78,81,13,"13","MPAs","MPAs","PROPN","NNPS","Number=Plur","11","nmod",NA,"SpacesAfter=\n"
"doc37",1,1,"to give effect to the environmental obligations by constraining, to some extent, the freedom of the high seas.",1,2,1,"1","to","to","PART","TO",NA,"2","mark",NA,NA
"doc37",1,1,"to give effect to the environmental obligations by constraining, to some extent, the freedom of the high seas.",4,7,2,"2","give","give","VERB","VB","VerbForm=Inf","0","root",NA,NA
"doc37",1,1,"to give effect to the environmental obligations by constraining, to some extent, the freedom of the high seas.",9,14,3,"3","effect","effect","NOUN","NN","Number=Sing","2","obj",NA,NA
"doc37",1,1,"to give effect to the environmental obligations by constraining, to some extent, the freedom of the high seas.",16,17,4,"4","to","to","ADP","IN",NA,"7","case",NA,NA
"doc37",1,1,"to give effect to the environmental obligations by constraining, to some extent, the freedom of the high seas.",19,21,5,"5","the","the","DET","DT","Definite=Def|PronType=Art","7","det",NA,NA
"doc37",1,1,"to give effect to the environmental obligations by constraining, to some extent, the freedom of the high seas.",23,35,6,"6","environmental","environmental","ADJ","JJ","Degree=Pos","7","amod",NA,NA
"doc37",1,1,"to give effect to the environmental obligations by constraining, to some extent, the freedom of the high seas.",37,47,7,"7","obligations","obligation","NOUN","NNS","Number=Plur","3","nmod",NA,NA
"doc37",1,1,"to give effect to the environmental obligations by constraining, to some extent, the freedom of the high seas.",49,50,8,"8","by","by","ADP","IN",NA,"9","case",NA,NA
"doc37",1,1,"to give effect to the environmental obligations by constraining, to some extent, the freedom of the high seas.",52,63,9,"9","constraining","constraining","NOUN","NN","Number=Sing","2","nmod",NA,"SpaceAfter=No"
"doc37",1,1,"to give effect to the environmental obligations by constraining, to some extent, the freedom of the high seas.",64,64,10,"10",",",",","PUNCT",",",NA,"2","punct",NA,NA
"doc37",1,1,"to give effect to the environmental obligations by constraining, to some extent, the freedom of the high seas.",66,67,11,"11","to","to","ADP","IN",NA,"13","case",NA,NA
"doc37",1,1,"to give effect to the environmental obligations by constraining, to some extent, the freedom of the high seas.",69,72,12,"12","some","some","DET","DT",NA,"13","det",NA,NA
"doc37",1,1,"to give effect to the environmental obligations by constraining, to some extent, the freedom of the high seas.",74,79,13,"13","extent","extent","NOUN","NN","Number=Sing","2","nmod",NA,"SpaceAfter=No"
"doc37",1,1,"to give effect to the environmental obligations by constraining, to some extent, the freedom of the high seas.",80,80,14,"14",",",",","PUNCT",",",NA,"16","punct",NA,NA
"doc37",1,1,"to give effect to the environmental obligations by constraining, to some extent, the freedom of the high seas.",82,84,15,"15","the","the","DET","DT","Definite=Def|PronType=Art","16","det",NA,NA
"doc37",1,1,"to give effect to the environmental obligations by constraining, to some extent, the freedom of the high seas.",86,92,16,"16","freedom","freedom","NOUN","NN","Number=Sing","2","conj",NA,NA
"doc37",1,1,"to give effect to the environmental obligations by constraining, to some extent, the freedom of the high seas.",94,95,17,"17","of","of","ADP","IN",NA,"20","case",NA,NA
"doc37",1,1,"to give effect to the environmental obligations by constraining, to some extent, the freedom of the high seas.",97,99,18,"18","the","the","DET","DT","Definite=Def|PronType=Art","20","det",NA,NA
"doc37",1,1,"to give effect to the environmental obligations by constraining, to some extent, the freedom of the high seas.",101,104,19,"19","high","high","ADJ","JJ","Degree=Pos","20","amod",NA,NA
"doc37",1,1,"to give effect to the environmental obligations by constraining, to some extent, the freedom of the high seas.",106,109,20,"20","seas","seas","NOUN","NN","Number=Sing","16","nmod",NA,"SpaceAfter=No"
"doc37",1,1,"to give effect to the environmental obligations by constraining, to some extent, the freedom of the high seas.",110,110,21,"21",".",".","PUNCT",".",NA,"2","punct",NA,"SpacesAfter=\n"
"doc38",1,1,"to provide a regulatory regime by default for areas where there are no functioning RFMOs or where they are not addressing biodiversity concerns.",1,2,1,"1","to","to","PART","TO",NA,"2","mark",NA,NA
"doc38",1,1,"to provide a regulatory regime by default for areas where there are no functioning RFMOs or where they are not addressing biodiversity concerns.",4,10,2,"2","provide","provide","VERB","VB","VerbForm=Inf","0","root",NA,NA
"doc38",1,1,"to provide a regulatory regime by default for areas where there are no functioning RFMOs or where they are not addressing biodiversity concerns.",12,12,3,"3","a","a","DET","DT","Definite=Ind|PronType=Art","5","det",NA,NA
"doc38",1,1,"to provide a regulatory regime by default for areas where there are no functioning RFMOs or where they are not addressing biodiversity concerns.",14,23,4,"4","regulatory","regulatory","ADJ","JJ","Degree=Pos","5","amod",NA,NA
"doc38",1,1,"to provide a regulatory regime by default for areas where there are no functioning RFMOs or where they are not addressing biodiversity concerns.",25,30,5,"5","regime","regime","NOUN","NN","Number=Sing","2","obj",NA,NA
"doc38",1,1,"to provide a regulatory regime by default for areas where there are no functioning RFMOs or where they are not addressing biodiversity concerns.",32,33,6,"6","by","by","ADP","IN",NA,"7","case",NA,NA
"doc38",1,1,"to provide a regulatory regime by default for areas where there are no functioning RFMOs or where they are not addressing biodiversity concerns.",35,41,7,"7","default","default","NOUN","NN","Number=Sing","2","obl",NA,NA
"doc38",1,1,"to provide a regulatory regime by default for areas where there are no functioning RFMOs or where they are not addressing biodiversity concerns.",43,45,8,"8","for","for","ADP","IN",NA,"9","case",NA,NA
"doc38",1,1,"to provide a regulatory regime by default for areas where there are no functioning RFMOs or where they are not addressing biodiversity concerns.",47,51,9,"9","areas","area","NOUN","NNS","Number=Plur","2","obl",NA,NA
"doc38",1,1,"to provide a regulatory regime by default for areas where there are no functioning RFMOs or where they are not addressing biodiversity concerns.",53,57,10,"10","where","where","ADV","WRB","PronType=Rel","12","advmod",NA,NA
"doc38",1,1,"to provide a regulatory regime by default for areas where there are no functioning RFMOs or where they are not addressing biodiversity concerns.",59,63,11,"11","there","there","PRON","EX",NA,"12","expl",NA,NA
"doc38",1,1,"to provide a regulatory regime by default for areas where there are no functioning RFMOs or where they are not addressing biodiversity concerns.",65,67,12,"12","are","be","VERB","VBP","Mood=Ind|Tense=Pres|VerbForm=Fin","9","acl:relcl",NA,NA
"doc38",1,1,"to provide a regulatory regime by default for areas where there are no functioning RFMOs or where they are not addressing biodiversity concerns.",69,70,13,"13","no","no","DET","DT",NA,"15","det",NA,NA
"doc38",1,1,"to provide a regulatory regime by default for areas where there are no functioning RFMOs or where they are not addressing biodiversity concerns.",72,82,14,"14","functioning","functioning","ADJ","JJ","Degree=Pos","15","amod",NA,NA
"doc38",1,1,"to provide a regulatory regime by default for areas where there are no functioning RFMOs or where they are not addressing biodiversity concerns.",84,88,15,"15","RFMOs","RFMO","NOUN","NNS","Number=Plur","12","nsubj",NA,NA
"doc38",1,1,"to provide a regulatory regime by default for areas where there are no functioning RFMOs or where they are not addressing biodiversity concerns.",90,91,16,"16","or","or","CCONJ","CC",NA,"17","cc",NA,NA
"doc38",1,1,"to provide a regulatory regime by default for areas where there are no functioning RFMOs or where they are not addressing biodiversity concerns.",93,97,17,"17","where","where","ADV","WRB","PronType=Int","15","conj",NA,NA
"doc38",1,1,"to provide a regulatory regime by default for areas where there are no functioning RFMOs or where they are not addressing biodiversity concerns.",99,102,18,"18","they","they","PRON","PRP","Case=Nom|Number=Plur|Person=3|PronType=Prs","17","nsubj",NA,NA
"doc38",1,1,"to provide a regulatory regime by default for areas where there are no functioning RFMOs or where they are not addressing biodiversity concerns.",104,106,19,"19","are","be","AUX","VBP","Mood=Ind|Tense=Pres|VerbForm=Fin","17","cop",NA,NA
"doc38",1,1,"to provide a regulatory regime by default for areas where there are no functioning RFMOs or where they are not addressing biodiversity concerns.",108,110,20,"20","not","not","PART","RB",NA,"21","advmod",NA,NA
"doc38",1,1,"to provide a regulatory regime by default for areas where there are no functioning RFMOs or where they are not addressing biodiversity concerns.",112,121,21,"21","addressing","address","VERB","VBG","Tense=Pres|VerbForm=Part","17","xcomp",NA,NA
"doc38",1,1,"to provide a regulatory regime by default for areas where there are no functioning RFMOs or where they are not addressing biodiversity concerns.",123,134,22,"22","biodiversity","biodiversity","NOUN","NN","Number=Sing","23","compound",NA,NA
"doc38",1,1,"to provide a regulatory regime by default for areas where there are no functioning RFMOs or where they are not addressing biodiversity concerns.",136,143,23,"23","concerns","concern","NOUN","NNS","Number=Plur","21","obj",NA,"SpaceAfter=No"
"doc38",1,1,"to provide a regulatory regime by default for areas where there are no functioning RFMOs or where they are not addressing biodiversity concerns.",144,144,24,"24",".",".","PUNCT",".",NA,"2","punct",NA,"SpacesAfter=\n"
"doc39",1,1,"Reference to sustainable use requires a broader reflection on strategies to achieve sustainable development.",1,9,1,"1","Reference","reference","NOUN","NN","Number=Sing","5","nsubj",NA,NA
"doc39",1,1,"Reference to sustainable use requires a broader reflection on strategies to achieve sustainable development.",11,12,2,"2","to","to","ADP","IN",NA,"4","case",NA,NA
"doc39",1,1,"Reference to sustainable use requires a broader reflection on strategies to achieve sustainable development.",14,24,3,"3","sustainable","sustainable","ADJ","JJ","Degree=Pos","4","amod",NA,NA
"doc39",1,1,"Reference to sustainable use requires a broader reflection on strategies to achieve sustainable development.",26,28,4,"4","use","use","NOUN","NN","Number=Sing","1","nmod",NA,NA
"doc39",1,1,"Reference to sustainable use requires a broader reflection on strategies to achieve sustainable development.",30,37,5,"5","requires","require","VERB","VBZ","Mood=Ind|Number=Sing|Person=3|Tense=Pres|VerbForm=Fin","0","root",NA,NA
"doc39",1,1,"Reference to sustainable use requires a broader reflection on strategies to achieve sustainable development.",39,39,6,"6","a","a","DET","DT","Definite=Ind|PronType=Art","8","det",NA,NA
"doc39",1,1,"Reference to sustainable use requires a broader reflection on strategies to achieve sustainable development.",41,47,7,"7","broader","broader","ADJ","JJR","Degree=Cmp","8","amod",NA,NA
"doc39",1,1,"Reference to sustainable use requires a broader reflection on strategies to achieve sustainable development.",49,58,8,"8","reflection","reflection","NOUN","NN","Number=Sing","5","obj",NA,NA
"doc39",1,1,"Reference to sustainable use requires a broader reflection on strategies to achieve sustainable development.",60,61,9,"9","on","on","ADP","IN",NA,"10","case",NA,NA
"doc39",1,1,"Reference to sustainable use requires a broader reflection on strategies to achieve sustainable development.",63,72,10,"10","strategies","strategy","NOUN","NNS","Number=Plur","5","obl",NA,NA
"doc39",1,1,"Reference to sustainable use requires a broader reflection on strategies to achieve sustainable development.",74,75,11,"11","to","to","PART","TO",NA,"12","mark",NA,NA
"doc39",1,1,"Reference to sustainable use requires a broader reflection on strategies to achieve sustainable development.",77,83,12,"12","achieve","achieve","VERB","VB","VerbForm=Inf","10","acl",NA,NA
"doc39",1,1,"Reference to sustainable use requires a broader reflection on strategies to achieve sustainable development.",85,95,13,"13","sustainable","sustainable","ADJ","JJ","Degree=Pos","14","amod",NA,NA
"doc39",1,1,"Reference to sustainable use requires a broader reflection on strategies to achieve sustainable development.",97,107,14,"14","development","development","NOUN","NN","Number=Sing","12","obj",NA,"SpaceAfter=No"
"doc39",1,1,"Reference to sustainable use requires a broader reflection on strategies to achieve sustainable development.",108,108,15,"15",".",".","PUNCT",".",NA,"5","punct",NA,"SpacesAfter=\n"
"doc40",1,1,"to establish a legal mandate and procedure for incorporating a systematic approach into management planning and decision‐making.",1,2,1,"1","to","to","PART","TO",NA,"2","mark",NA,NA
"doc40",1,1,"to establish a legal mandate and procedure for incorporating a systematic approach into management planning and decision‐making.",4,12,2,"2","establish","establish","VERB","VB","VerbForm=Inf","0","root",NA,NA
"doc40",1,1,"to establish a legal mandate and procedure for incorporating a systematic approach into management planning and decision‐making.",14,14,3,"3","a","a","DET","DT","Definite=Ind|PronType=Art","5","det",NA,NA
"doc40",1,1,"to establish a legal mandate and procedure for incorporating a systematic approach into management planning and decision‐making.",16,20,4,"4","legal","legal","ADJ","JJ","Degree=Pos","5","amod",NA,NA
"doc40",1,1,"to establish a legal mandate and procedure for incorporating a systematic approach into management planning and decision‐making.",22,28,5,"5","mandate","mandate","NOUN","NN","Number=Sing","2","obj",NA,NA
"doc40",1,1,"to establish a legal mandate and procedure for incorporating a systematic approach into management planning and decision‐making.",30,32,6,"6","and","and","CCONJ","CC",NA,"7","cc",NA,NA
"doc40",1,1,"to establish a legal mandate and procedure for incorporating a systematic approach into management planning and decision‐making.",34,42,7,"7","procedure","procedure","NOUN","NN","Number=Sing","5","conj",NA,NA
"doc40",1,1,"to establish a legal mandate and procedure for incorporating a systematic approach into management planning and decision‐making.",44,46,8,"8","for","for","SCONJ","IN",NA,"9","mark",NA,NA
"doc40",1,1,"to establish a legal mandate and procedure for incorporating a systematic approach into management planning and decision‐making.",48,60,9,"9","incorporating","incorporate","VERB","VBG","VerbForm=Ger","2","advcl",NA,NA
"doc40",1,1,"to establish a legal mandate and procedure for incorporating a systematic approach into management planning and decision‐making.",62,62,10,"10","a","a","DET","DT","Definite=Ind|PronType=Art","12","det",NA,NA
"doc40",1,1,"to establish a legal mandate and procedure for incorporating a systematic approach into management planning and decision‐making.",64,73,11,"11","systematic","systematic","ADJ","JJ","Degree=Pos","12","amod",NA,NA
"doc40",1,1,"to establish a legal mandate and procedure for incorporating a systematic approach into management planning and decision‐making.",75,82,12,"12","approach","approach","NOUN","NN","Number=Sing","9","obj",NA,NA
"doc40",1,1,"to establish a legal mandate and procedure for incorporating a systematic approach into management planning and decision‐making.",84,87,13,"13","into","into","ADP","IN",NA,"15","case",NA,NA
"doc40",1,1,"to establish a legal mandate and procedure for incorporating a systematic approach into management planning and decision‐making.",89,98,14,"14","management","management","NOUN","NN","Number=Sing","15","compound",NA,NA
"doc40",1,1,"to establish a legal mandate and procedure for incorporating a systematic approach into management planning and decision‐making.",100,107,15,"15","planning","planning","NOUN","NN","Number=Sing","19","compound",NA,NA
"doc40",1,1,"to establish a legal mandate and procedure for incorporating a systematic approach into management planning and decision‐making.",109,111,16,"16","and","and","CCONJ","CC",NA,"17","cc",NA,NA
"doc40",1,1,"to establish a legal mandate and procedure for incorporating a systematic approach into management planning and decision‐making.",113,120,17,"17","decision","decision","NOUN","NN","Number=Sing","19","conj",NA,"SpaceAfter=No"
"doc40",1,1,"to establish a legal mandate and procedure for incorporating a systematic approach into management planning and decision‐making.",121,121,18,"18","‐","‐","PUNCT",".",NA,"17","punct",NA,"SpaceAfter=No"
"doc40",1,1,"to establish a legal mandate and procedure for incorporating a systematic approach into management planning and decision‐making.",122,127,19,"19","making","make","NOUN","NN","Number=Sing","12","nmod",NA,"SpaceAfter=No"
"doc40",1,1,"to establish a legal mandate and procedure for incorporating a systematic approach into management planning and decision‐making.",128,128,20,"20",".",".","PUNCT",".",NA,"2","punct",NA,"SpacesAfter=\n"
"doc41",1,1,"to develop an effectively managed, ecologically representative and well-connected system of MPAs in ABNJ.",1,2,1,"1","to","to","PART","TO",NA,"2","mark",NA,NA
"doc41",1,1,"to develop an effectively managed, ecologically representative and well-connected system of MPAs in ABNJ.",4,10,2,"2","develop","develop","VERB","VB","VerbForm=Inf","0","root",NA,NA
"doc41",1,1,"to develop an effectively managed, ecologically representative and well-connected system of MPAs in ABNJ.",12,13,3,"3","an","a","DET","DT","Definite=Ind|PronType=Art","8","det",NA,NA
"doc41",1,1,"to develop an effectively managed, ecologically representative and well-connected system of MPAs in ABNJ.",15,25,4,"4","effectively","effectively","ADV","RB",NA,"5","advmod",NA,NA
"doc41",1,1,"to develop an effectively managed, ecologically representative and well-connected system of MPAs in ABNJ.",27,33,5,"5","managed","managed","VERB","VBN","Tense=Past|VerbForm=Part","8","amod",NA,"SpaceAfter=No"
"doc41",1,1,"to develop an effectively managed, ecologically representative and well-connected system of MPAs in ABNJ.",34,34,6,"6",",",",","PUNCT",",",NA,"8","punct",NA,NA
"doc41",1,1,"to develop an effectively managed, ecologically representative and well-connected system of MPAs in ABNJ.",36,47,7,"7","ecologically","ecologically","ADV","RB",NA,"8","advmod",NA,NA
"doc41",1,1,"to develop an effectively managed, ecologically representative and well-connected system of MPAs in ABNJ.",49,62,8,"8","representative","representative","ADJ","JJ","Degree=Pos","2","obj",NA,NA
"doc41",1,1,"to develop an effectively managed, ecologically representative and well-connected system of MPAs in ABNJ.",64,66,9,"9","and","and","CCONJ","CC",NA,"13","cc",NA,NA
"doc41",1,1,"to develop an effectively managed, ecologically representative and well-connected system of MPAs in ABNJ.",68,71,10,"10","well","well","ADV","RB","Degree=Pos","12","advmod",NA,"SpaceAfter=No"
"doc41",1,1,"to develop an effectively managed, ecologically representative and well-connected system of MPAs in ABNJ.",72,72,11,"11","-","-","PUNCT","HYPH",NA,"12","punct",NA,"SpaceAfter=No"
"doc41",1,1,"to develop an effectively managed, ecologically representative and well-connected system of MPAs in ABNJ.",73,81,12,"12","connected","connect","VERB","VBN","Tense=Past|VerbForm=Part","13","amod",NA,NA
"doc41",1,1,"to develop an effectively managed, ecologically representative and well-connected system of MPAs in ABNJ.",83,88,13,"13","system","system","NOUN","NN","Number=Sing","8","conj",NA,NA
"doc41",1,1,"to develop an effectively managed, ecologically representative and well-connected system of MPAs in ABNJ.",90,91,14,"14","of","of","ADP","IN",NA,"15","case",NA,NA
"doc41",1,1,"to develop an effectively managed, ecologically representative and well-connected system of MPAs in ABNJ.",93,96,15,"15","MPAs","MPAs","PROPN","NNPS","Number=Plur","13","nmod",NA,NA
"doc41",1,1,"to develop an effectively managed, ecologically representative and well-connected system of MPAs in ABNJ.",98,99,16,"16","in","in","ADP","IN",NA,"17","case",NA,NA
"doc41",1,1,"to develop an effectively managed, ecologically representative and well-connected system of MPAs in ABNJ.",101,104,17,"17","ABNJ","ABNJ","PROPN","NNP","Number=Sing","13","nmod",NA,"SpaceAfter=No"
"doc41",1,1,"to develop an effectively managed, ecologically representative and well-connected system of MPAs in ABNJ.",105,105,18,"18",".",".","PUNCT",".",NA,"2","punct",NA,"SpacesAfter=\n"
"doc42",1,1,"to define the criteria, conservation objectives and processes for submitting MPA proposals, agreeing management measures and procedures for scientific review and endorsement.",1,2,1,"1","to","to","PART","TO",NA,"2","mark",NA,NA
"doc42",1,1,"to define the criteria, conservation objectives and processes for submitting MPA proposals, agreeing management measures and procedures for scientific review and endorsement.",4,9,2,"2","define","define","VERB","VB","VerbForm=Inf","0","root",NA,NA
"doc42",1,1,"to define the criteria, conservation objectives and processes for submitting MPA proposals, agreeing management measures and procedures for scientific review and endorsement.",11,13,3,"3","the","the","DET","DT","Definite=Def|PronType=Art","4","det",NA,NA
"doc42",1,1,"to define the criteria, conservation objectives and processes for submitting MPA proposals, agreeing management measures and procedures for scientific review and endorsement.",15,22,4,"4","criteria","criteria","NOUN","NN","Number=Sing","2","obj",NA,"SpaceAfter=No"
"doc42",1,1,"to define the criteria, conservation objectives and processes for submitting MPA proposals, agreeing management measures and procedures for scientific review and endorsement.",23,23,5,"5",",",",","PUNCT",",",NA,"7","punct",NA,NA
"doc42",1,1,"to define the criteria, conservation objectives and processes for submitting MPA proposals, agreeing management measures and procedures for scientific review and endorsement.",25,36,6,"6","conservation","conservation","NOUN","NN","Number=Sing","7","compound",NA,NA
"doc42",1,1,"to define the criteria, conservation objectives and processes for submitting MPA proposals, agreeing management measures and procedures for scientific review and endorsement.",38,47,7,"7","objectives","objective","NOUN","NNS","Number=Plur","4","conj",NA,NA
"doc42",1,1,"to define the criteria, conservation objectives and processes for submitting MPA proposals, agreeing management measures and procedures for scientific review and endorsement.",49,51,8,"8","and","and","CCONJ","CC",NA,"9","cc",NA,NA
"doc42",1,1,"to define the criteria, conservation objectives and processes for submitting MPA proposals, agreeing management measures and procedures for scientific review and endorsement.",53,61,9,"9","processes","process","NOUN","NNS","Number=Plur","4","conj",NA,NA
"doc42",1,1,"to define the criteria, conservation objectives and processes for submitting MPA proposals, agreeing management measures and procedures for scientific review and endorsement.",63,65,10,"10","for","for","SCONJ","IN",NA,"11","mark",NA,NA
"doc42",1,1,"to define the criteria, conservation objectives and processes for submitting MPA proposals, agreeing management measures and procedures for scientific review and endorsement.",67,76,11,"11","submitting","submit","VERB","VBG","VerbForm=Ger","2","advcl",NA,NA
"doc42",1,1,"to define the criteria, conservation objectives and processes for submitting MPA proposals, agreeing management measures and procedures for scientific review and endorsement.",78,80,12,"12","MPA","MPA","PROPN","NNP","Number=Sing","13","compound",NA,NA
"doc42",1,1,"to define the criteria, conservation objectives and processes for submitting MPA proposals, agreeing management measures and procedures for scientific review and endorsement.",82,90,13,"13","proposals","proposal","NOUN","NNS","Number=Plur","11","obj",NA,"SpaceAfter=No"
"doc42",1,1,"to define the criteria, conservation objectives and processes for submitting MPA proposals, agreeing management measures and procedures for scientific review and endorsement.",91,91,14,"14",",",",","PUNCT",",",NA,"2","punct",NA,NA
"doc42",1,1,"to define the criteria, conservation objectives and processes for submitting MPA proposals, agreeing management measures and procedures for scientific review and endorsement.",93,100,15,"15","agreeing","agree","VERB","VBG","VerbForm=Ger","17","amod",NA,NA
"doc42",1,1,"to define the criteria, conservation objectives and processes for submitting MPA proposals, agreeing management measures and procedures for scientific review and endorsement.",102,111,16,"16","management","management","NOUN","NN","Number=Sing","17","compound",NA,NA
"doc42",1,1,"to define the criteria, conservation objectives and processes for submitting MPA proposals, agreeing management measures and procedures for scientific review and endorsement.",113,120,17,"17","measures","measure","NOUN","NNS","Number=Plur","2","obj",NA,NA
"doc42",1,1,"to define the criteria, conservation objectives and processes for submitting MPA proposals, agreeing management measures and procedures for scientific review and endorsement.",122,124,18,"18","and","and","CCONJ","CC",NA,"19","cc",NA,NA
"doc42",1,1,"to define the criteria, conservation objectives and processes for submitting MPA proposals, agreeing management measures and procedures for scientific review and endorsement.",126,135,19,"19","procedures","procedure","NOUN","NNS","Number=Plur","17","conj",NA,NA
"doc42",1,1,"to define the criteria, conservation objectives and processes for submitting MPA proposals, agreeing management measures and procedures for scientific review and endorsement.",137,139,20,"20","for","for","ADP","IN",NA,"22","case",NA,NA
"doc42",1,1,"to define the criteria, conservation objectives and processes for submitting MPA proposals, agreeing management measures and procedures for scientific review and endorsement.",141,150,21,"21","scientific","scientific","ADJ","JJ","Degree=Pos","22","amod",NA,NA
"doc42",1,1,"to define the criteria, conservation objectives and processes for submitting MPA proposals, agreeing management measures and procedures for scientific review and endorsement.",152,157,22,"22","review","review","NOUN","NN","Number=Sing","17","nmod",NA,NA
"doc42",1,1,"to define the criteria, conservation objectives and processes for submitting MPA proposals, agreeing management measures and procedures for scientific review and endorsement.",159,161,23,"23","and","and","CCONJ","CC",NA,"24","cc",NA,NA
"doc42",1,1,"to define the criteria, conservation objectives and processes for submitting MPA proposals, agreeing management measures and procedures for scientific review and endorsement.",163,173,24,"24","endorsement","endorsement","NOUN","NN","Number=Sing","22","conj",NA,"SpaceAfter=No"
"doc42",1,1,"to define the criteria, conservation objectives and processes for submitting MPA proposals, agreeing management measures and procedures for scientific review and endorsement.",174,174,25,"25",".",".","PUNCT",".",NA,"2","punct",NA,"SpacesAfter=\n"
"doc43",1,1,"To set objectives, priorities and time frames, and a process for review of progress to enhance cross-sectoral cooperation",1,2,1,"1","To","to","ADP","IN",NA,"3","case",NA,NA
"doc43",1,1,"To set objectives, priorities and time frames, and a process for review of progress to enhance cross-sectoral cooperation",4,6,2,"2","set","set","ADJ","JJ","Degree=Pos","3","amod",NA,NA
"doc43",1,1,"To set objectives, priorities and time frames, and a process for review of progress to enhance cross-sectoral cooperation",8,17,3,"3","objectives","objective","NOUN","NNS","Number=Plur","0","root",NA,"SpaceAfter=No"
"doc43",1,1,"To set objectives, priorities and time frames, and a process for review of progress to enhance cross-sectoral cooperation",18,18,4,"4",",",",","PUNCT",",",NA,"5","punct",NA,NA
"doc43",1,1,"To set objectives, priorities and time frames, and a process for review of progress to enhance cross-sectoral cooperation",20,29,5,"5","priorities","priority","NOUN","NNS","Number=Plur","3","conj",NA,NA
"doc43",1,1,"To set objectives, priorities and time frames, and a process for review of progress to enhance cross-sectoral cooperation",31,33,6,"6","and","and","CCONJ","CC",NA,"8","cc",NA,NA
"doc43",1,1,"To set objectives, priorities and time frames, and a process for review of progress to enhance cross-sectoral cooperation",35,38,7,"7","time","time","NOUN","NN","Number=Sing","8","compound",NA,NA
"doc43",1,1,"To set objectives, priorities and time frames, and a process for review of progress to enhance cross-sectoral cooperation",40,45,8,"8","frames","frame","NOUN","NNS","Number=Plur","3","conj",NA,"SpaceAfter=No"
"doc43",1,1,"To set objectives, priorities and time frames, and a process for review of progress to enhance cross-sectoral cooperation",46,46,9,"9",",",",","PUNCT",",",NA,"12","punct",NA,NA
"doc43",1,1,"To set objectives, priorities and time frames, and a process for review of progress to enhance cross-sectoral cooperation",48,50,10,"10","and","and","CCONJ","CC",NA,"12","cc",NA,NA
"doc43",1,1,"To set objectives, priorities and time frames, and a process for review of progress to enhance cross-sectoral cooperation",52,52,11,"11","a","a","DET","DT","Definite=Ind|PronType=Art","12","det",NA,NA
"doc43",1,1,"To set objectives, priorities and time frames, and a process for review of progress to enhance cross-sectoral cooperation",54,60,12,"12","process","process","NOUN","NN","Number=Sing","3","conj",NA,NA
"doc43",1,1,"To set objectives, priorities and time frames, and a process for review of progress to enhance cross-sectoral cooperation",62,64,13,"13","for","for","ADP","IN",NA,"14","case",NA,NA
"doc43",1,1,"To set objectives, priorities and time frames, and a process for review of progress to enhance cross-sectoral cooperation",66,71,14,"14","review","review","NOUN","NN","Number=Sing","12","nmod",NA,NA
"doc43",1,1,"To set objectives, priorities and time frames, and a process for review of progress to enhance cross-sectoral cooperation",73,74,15,"15","of","of","ADP","IN",NA,"16","case",NA,NA
"doc43",1,1,"To set objectives, priorities and time frames, and a process for review of progress to enhance cross-sectoral cooperation",76,83,16,"16","progress","progress","NOUN","NN","Number=Sing","14","nmod",NA,NA
"doc43",1,1,"To set objectives, priorities and time frames, and a process for review of progress to enhance cross-sectoral cooperation",85,86,17,"17","to","to","PART","TO",NA,"18","mark",NA,NA
"doc43",1,1,"To set objectives, priorities and time frames, and a process for review of progress to enhance cross-sectoral cooperation",88,94,18,"18","enhance","enhance","VERB","VB","VerbForm=Inf","16","acl",NA,NA
"doc43",1,1,"To set objectives, priorities and time frames, and a process for review of progress to enhance cross-sectoral cooperation",96,109,19,"19","cross-sectoral","cross-sectoral","ADJ","JJ","Degree=Pos","20","amod",NA,NA
"doc43",1,1,"To set objectives, priorities and time frames, and a process for review of progress to enhance cross-sectoral cooperation",111,121,20,"20","cooperation","cooperation","NOUN","NN","Number=Sing","18","obj",NA,"SpacesAfter=\n"
"doc44",1,1,"There is concern over the absence of a multilaterally agreed regime for MPAs and reservations over the legitimacy of MPAs designated unilaterally or by a group of states.",1,5,1,"1","There","there","PRON","EX",NA,"2","expl",NA,NA
"doc44",1,1,"There is concern over the absence of a multilaterally agreed regime for MPAs and reservations over the legitimacy of MPAs designated unilaterally or by a group of states.",7,8,2,"2","is","be","VERB","VBZ","Mood=Ind|Number=Sing|Person=3|Tense=Pres|VerbForm=Fin","0","root",NA,NA
"doc44",1,1,"There is concern over the absence of a multilaterally agreed regime for MPAs and reservations over the legitimacy of MPAs designated unilaterally or by a group of states.",10,16,3,"3","concern","concern","NOUN","NN","Number=Sing","2","nsubj",NA,NA
"doc44",1,1,"There is concern over the absence of a multilaterally agreed regime for MPAs and reservations over the legitimacy of MPAs designated unilaterally or by a group of states.",18,21,4,"4","over","over","ADP","IN",NA,"6","case",NA,NA
"doc44",1,1,"There is concern over the absence of a multilaterally agreed regime for MPAs and reservations over the legitimacy of MPAs designated unilaterally or by a group of states.",23,25,5,"5","the","the","DET","DT","Definite=Def|PronType=Art","6","det",NA,NA
"doc44",1,1,"There is concern over the absence of a multilaterally agreed regime for MPAs and reservations over the legitimacy of MPAs designated unilaterally or by a group of states.",27,33,6,"6","absence","absence","NOUN","NN","Number=Sing","3","nmod",NA,NA
"doc44",1,1,"There is concern over the absence of a multilaterally agreed regime for MPAs and reservations over the legitimacy of MPAs designated unilaterally or by a group of states.",35,36,7,"7","of","of","ADP","IN",NA,"11","case",NA,NA
"doc44",1,1,"There is concern over the absence of a multilaterally agreed regime for MPAs and reservations over the legitimacy of MPAs designated unilaterally or by a group of states.",38,38,8,"8","a","a","DET","DT","Definite=Ind|PronType=Art","11","det",NA,NA
"doc44",1,1,"There is concern over the absence of a multilaterally agreed regime for MPAs and reservations over the legitimacy of MPAs designated unilaterally or by a group of states.",40,53,9,"9","multilaterally","multilaterally","ADV","RB",NA,"10","advmod",NA,NA
"doc44",1,1,"There is concern over the absence of a multilaterally agreed regime for MPAs and reservations over the legitimacy of MPAs designated unilaterally or by a group of states.",55,60,10,"10","agreed","agree","VERB","VBN","Tense=Past|VerbForm=Part","11","amod",NA,NA
"doc44",1,1,"There is concern over the absence of a multilaterally agreed regime for MPAs and reservations over the legitimacy of MPAs designated unilaterally or by a group of states.",62,67,11,"11","regime","regime","NOUN","NN","Number=Sing","6","nmod",NA,NA
"doc44",1,1,"There is concern over the absence of a multilaterally agreed regime for MPAs and reservations over the legitimacy of MPAs designated unilaterally or by a group of states.",69,71,12,"12","for","for","ADP","IN",NA,"13","case",NA,NA
"doc44",1,1,"There is concern over the absence of a multilaterally agreed regime for MPAs and reservations over the legitimacy of MPAs designated unilaterally or by a group of states.",73,76,13,"13","MPAs","MPAs","NOUN","NNS","Number=Plur","11","nmod",NA,NA
"doc44",1,1,"There is concern over the absence of a multilaterally agreed regime for MPAs and reservations over the legitimacy of MPAs designated unilaterally or by a group of states.",78,80,14,"14","and","and","CCONJ","CC",NA,"15","cc",NA,NA
"doc44",1,1,"There is concern over the absence of a multilaterally agreed regime for MPAs and reservations over the legitimacy of MPAs designated unilaterally or by a group of states.",82,93,15,"15","reservations","reservations","NOUN","NNS","Number=Plur","3","conj",NA,NA
"doc44",1,1,"There is concern over the absence of a multilaterally agreed regime for MPAs and reservations over the legitimacy of MPAs designated unilaterally or by a group of states.",95,98,16,"16","over","over","ADP","IN",NA,"18","case",NA,NA
"doc44",1,1,"There is concern over the absence of a multilaterally agreed regime for MPAs and reservations over the legitimacy of MPAs designated unilaterally or by a group of states.",100,102,17,"17","the","the","DET","DT","Definite=Def|PronType=Art","18","det",NA,NA
"doc44",1,1,"There is concern over the absence of a multilaterally agreed regime for MPAs and reservations over the legitimacy of MPAs designated unilaterally or by a group of states.",104,113,18,"18","legitimacy","legitimacy","NOUN","NN","Number=Sing","15","nmod",NA,NA
"doc44",1,1,"There is concern over the absence of a multilaterally agreed regime for MPAs and reservations over the legitimacy of MPAs designated unilaterally or by a group of states.",115,116,19,"19","of","of","ADP","IN",NA,"20","case",NA,NA
"doc44",1,1,"There is concern over the absence of a multilaterally agreed regime for MPAs and reservations over the legitimacy of MPAs designated unilaterally or by a group of states.",118,121,20,"20","MPAs","MPAs","NOUN","NNS","Number=Plur","18","nmod",NA,NA
"doc44",1,1,"There is concern over the absence of a multilaterally agreed regime for MPAs and reservations over the legitimacy of MPAs designated unilaterally or by a group of states.",123,132,21,"21","designated","designate","VERB","VBN","Tense=Past|VerbForm=Part","20","acl",NA,NA
"doc44",1,1,"There is concern over the absence of a multilaterally agreed regime for MPAs and reservations over the legitimacy of MPAs designated unilaterally or by a group of states.",134,145,22,"22","unilaterally","unilaterally","ADV","RB",NA,"21","advmod",NA,NA
"doc44",1,1,"There is concern over the absence of a multilaterally agreed regime for MPAs and reservations over the legitimacy of MPAs designated unilaterally or by a group of states.",147,148,23,"23","or","or","CCONJ","CC",NA,"26","cc",NA,NA
"doc44",1,1,"There is concern over the absence of a multilaterally agreed regime for MPAs and reservations over the legitimacy of MPAs designated unilaterally or by a group of states.",150,151,24,"24","by","by","ADP","IN",NA,"26","case",NA,NA
"doc44",1,1,"There is concern over the absence of a multilaterally agreed regime for MPAs and reservations over the legitimacy of MPAs designated unilaterally or by a group of states.",153,153,25,"25","a","a","DET","DT","Definite=Ind|PronType=Art","26","det",NA,NA
"doc44",1,1,"There is concern over the absence of a multilaterally agreed regime for MPAs and reservations over the legitimacy of MPAs designated unilaterally or by a group of states.",155,159,26,"26","group","group","NOUN","NN","Number=Sing","21","obl",NA,NA
"doc44",1,1,"There is concern over the absence of a multilaterally agreed regime for MPAs and reservations over the legitimacy of MPAs designated unilaterally or by a group of states.",161,162,27,"27","of","of","ADP","IN",NA,"28","case",NA,NA
"doc44",1,1,"There is concern over the absence of a multilaterally agreed regime for MPAs and reservations over the legitimacy of MPAs designated unilaterally or by a group of states.",164,169,28,"28","states","state","NOUN","NNS","Number=Plur","26","nmod",NA,"SpaceAfter=No"
"doc44",1,1,"There is concern over the absence of a multilaterally agreed regime for MPAs and reservations over the legitimacy of MPAs designated unilaterally or by a group of states.",170,170,29,"29",".",".","PUNCT",".",NA,"2","punct",NA,"SpacesAfter=\n"
"doc45",1,1,"to recognize the important role of other organizations, in particular RFMOs, without deferring to them.",1,2,1,"1","to","to","PART","TO",NA,"2","mark",NA,NA
"doc45",1,1,"to recognize the important role of other organizations, in particular RFMOs, without deferring to them.",4,12,2,"2","recognize","recognize","VERB","VB","VerbForm=Inf","0","root",NA,NA
"doc45",1,1,"to recognize the important role of other organizations, in particular RFMOs, without deferring to them.",14,16,3,"3","the","the","DET","DT","Definite=Def|PronType=Art","5","det",NA,NA
"doc45",1,1,"to recognize the important role of other organizations, in particular RFMOs, without deferring to them.",18,26,4,"4","important","important","ADJ","JJ","Degree=Pos","5","amod",NA,NA
"doc45",1,1,"to recognize the important role of other organizations, in particular RFMOs, without deferring to them.",28,31,5,"5","role","role","NOUN","NN","Number=Sing","2","obj",NA,NA
"doc45",1,1,"to recognize the important role of other organizations, in particular RFMOs, without deferring to them.",33,34,6,"6","of","of","ADP","IN",NA,"8","case",NA,NA
"doc45",1,1,"to recognize the important role of other organizations, in particular RFMOs, without deferring to them.",36,40,7,"7","other","other","ADJ","JJ","Degree=Pos","8","amod",NA,NA
"doc45",1,1,"to recognize the important role of other organizations, in particular RFMOs, without deferring to them.",42,54,8,"8","organizations","organization","NOUN","NNS","Number=Plur","5","nmod",NA,"SpaceAfter=No"
"doc45",1,1,"to recognize the important role of other organizations, in particular RFMOs, without deferring to them.",55,55,9,"9",",",",","PUNCT",",",NA,"5","punct",NA,NA
"doc45",1,1,"to recognize the important role of other organizations, in particular RFMOs, without deferring to them.",57,58,10,"10","in","in","ADP","IN",NA,"12","case",NA,NA
"doc45",1,1,"to recognize the important role of other organizations, in particular RFMOs, without deferring to them.",60,69,11,"11","particular","particular","ADJ","JJ","Degree=Pos","12","amod",NA,NA
"doc45",1,1,"to recognize the important role of other organizations, in particular RFMOs, without deferring to them.",71,75,12,"12","RFMOs","RFMO","NOUN","NNS","Number=Plur","5","nmod",NA,"SpaceAfter=No"
"doc45",1,1,"to recognize the important role of other organizations, in particular RFMOs, without deferring to them.",76,76,13,"13",",",",","PUNCT",",",NA,"2","punct",NA,NA
"doc45",1,1,"to recognize the important role of other organizations, in particular RFMOs, without deferring to them.",78,84,14,"14","without","without","SCONJ","IN",NA,"15","mark",NA,NA
"doc45",1,1,"to recognize the important role of other organizations, in particular RFMOs, without deferring to them.",86,94,15,"15","deferring","deferr","VERB","VBG","VerbForm=Ger","2","advcl",NA,NA
"doc45",1,1,"to recognize the important role of other organizations, in particular RFMOs, without deferring to them.",96,97,16,"16","to","to","ADP","IN",NA,"17","case",NA,NA
"doc45",1,1,"to recognize the important role of other organizations, in particular RFMOs, without deferring to them.",99,102,17,"17","them","they","PRON","PRP","Case=Acc|Number=Plur|Person=3|PronType=Prs","15","obl",NA,"SpaceAfter=No"
"doc45",1,1,"to recognize the important role of other organizations, in particular RFMOs, without deferring to them.",103,103,18,"18",".",".","PUNCT",".",NA,"2","punct",NA,"SpacesAfter=\n"
"doc46",1,1,"to provide harmonised mandates and rigorous performance standards across sectors and regions.",1,2,1,"1","to","to","PART","TO",NA,"2","mark",NA,NA
"doc46",1,1,"to provide harmonised mandates and rigorous performance standards across sectors and regions.",4,10,2,"2","provide","provide","VERB","VB","VerbForm=Inf","0","root",NA,NA
"doc46",1,1,"to provide harmonised mandates and rigorous performance standards across sectors and regions.",12,21,3,"3","harmonised","harmonised","VERB","VBN","Tense=Past|VerbForm=Part","4","amod",NA,NA
"doc46",1,1,"to provide harmonised mandates and rigorous performance standards across sectors and regions.",23,30,4,"4","mandates","mandate","NOUN","NNS","Number=Plur","2","obj",NA,NA
"doc46",1,1,"to provide harmonised mandates and rigorous performance standards across sectors and regions.",32,34,5,"5","and","and","CCONJ","CC",NA,"8","cc",NA,NA
"doc46",1,1,"to provide harmonised mandates and rigorous performance standards across sectors and regions.",36,43,6,"6","rigorous","rigorous","ADJ","JJ","Degree=Pos","7","amod",NA,NA
"doc46",1,1,"to provide harmonised mandates and rigorous performance standards across sectors and regions.",45,55,7,"7","performance","performance","NOUN","NN","Number=Sing","8","compound",NA,NA
"doc46",1,1,"to provide harmonised mandates and rigorous performance standards across sectors and regions.",57,65,8,"8","standards","standard","NOUN","NNS","Number=Plur","4","conj",NA,NA
"doc46",1,1,"to provide harmonised mandates and rigorous performance standards across sectors and regions.",67,72,9,"9","across","across","ADP","IN",NA,"10","case",NA,NA
"doc46",1,1,"to provide harmonised mandates and rigorous performance standards across sectors and regions.",74,80,10,"10","sectors","sector","NOUN","NNS","Number=Plur","8","nmod",NA,NA
"doc46",1,1,"to provide harmonised mandates and rigorous performance standards across sectors and regions.",82,84,11,"11","and","and","CCONJ","CC",NA,"12","cc",NA,NA
"doc46",1,1,"to provide harmonised mandates and rigorous performance standards across sectors and regions.",86,92,12,"12","regions","region","NOUN","NNS","Number=Plur","10","conj",NA,"SpaceAfter=No"
"doc46",1,1,"to provide harmonised mandates and rigorous performance standards across sectors and regions.",93,93,13,"13",".",".","PUNCT",".",NA,"2","punct",NA,"SpacesAfter=\n"
"doc47",1,1,"sets out a list of highly complex mechanisms and tools of a procedural nature which still require legal structuring.",1,4,1,"1","sets","set","VERB","VBZ","Mood=Ind|Number=Sing|Person=3|Tense=Pres|VerbForm=Fin","0","root",NA,NA
"doc47",1,1,"sets out a list of highly complex mechanisms and tools of a procedural nature which still require legal structuring.",6,8,2,"2","out","out","ADP","RP",NA,"1","compound:prt",NA,NA
"doc47",1,1,"sets out a list of highly complex mechanisms and tools of a procedural nature which still require legal structuring.",10,10,3,"3","a","a","DET","DT","Definite=Ind|PronType=Art","4","det",NA,NA
"doc47",1,1,"sets out a list of highly complex mechanisms and tools of a procedural nature which still require legal structuring.",12,15,4,"4","list","list","NOUN","NN","Number=Sing","1","obj",NA,NA
"doc47",1,1,"sets out a list of highly complex mechanisms and tools of a procedural nature which still require legal structuring.",17,18,5,"5","of","of","ADP","IN",NA,"8","case",NA,NA
"doc47",1,1,"sets out a list of highly complex mechanisms and tools of a procedural nature which still require legal structuring.",20,25,6,"6","highly","highly","ADV","RB",NA,"7","advmod",NA,NA
"doc47",1,1,"sets out a list of highly complex mechanisms and tools of a procedural nature which still require legal structuring.",27,33,7,"7","complex","complex","ADJ","JJ","Degree=Pos","8","amod",NA,NA
"doc47",1,1,"sets out a list of highly complex mechanisms and tools of a procedural nature which still require legal structuring.",35,44,8,"8","mechanisms","mechanism","NOUN","NNS","Number=Plur","4","nmod",NA,NA
"doc47",1,1,"sets out a list of highly complex mechanisms and tools of a procedural nature which still require legal structuring.",46,48,9,"9","and","and","CCONJ","CC",NA,"10","cc",NA,NA
"doc47",1,1,"sets out a list of highly complex mechanisms and tools of a procedural nature which still require legal structuring.",50,54,10,"10","tools","tool","NOUN","NNS","Number=Plur","8","conj",NA,NA
"doc47",1,1,"sets out a list of highly complex mechanisms and tools of a procedural nature which still require legal structuring.",56,57,11,"11","of","of","ADP","IN",NA,"14","case",NA,NA
"doc47",1,1,"sets out a list of highly complex mechanisms and tools of a procedural nature which still require legal structuring.",59,59,12,"12","a","a","DET","DT","Definite=Ind|PronType=Art","14","det",NA,NA
"doc47",1,1,"sets out a list of highly complex mechanisms and tools of a procedural nature which still require legal structuring.",61,70,13,"13","procedural","procedural","ADJ","JJ","Degree=Pos","14","amod",NA,NA
"doc47",1,1,"sets out a list of highly complex mechanisms and tools of a procedural nature which still require legal structuring.",72,77,14,"14","nature","nature","NOUN","NN","Number=Sing","10","nmod",NA,NA
"doc47",1,1,"sets out a list of highly complex mechanisms and tools of a procedural nature which still require legal structuring.",79,83,15,"15","which","which","PRON","WDT","PronType=Rel","17","nsubj",NA,NA
"doc47",1,1,"sets out a list of highly complex mechanisms and tools of a procedural nature which still require legal structuring.",85,89,16,"16","still","still","ADV","RB",NA,"17","advmod",NA,NA
"doc47",1,1,"sets out a list of highly complex mechanisms and tools of a procedural nature which still require legal structuring.",91,97,17,"17","require","require","VERB","VBP","Mood=Ind|Tense=Pres|VerbForm=Fin","14","acl:relcl",NA,NA
"doc47",1,1,"sets out a list of highly complex mechanisms and tools of a procedural nature which still require legal structuring.",99,103,18,"18","legal","legal","ADJ","JJ","Degree=Pos","19","amod",NA,NA
"doc47",1,1,"sets out a list of highly complex mechanisms and tools of a procedural nature which still require legal structuring.",105,115,19,"19","structuring","structuring","NOUN","NN","Number=Sing","17","obj",NA,"SpaceAfter=No"
"doc47",1,1,"sets out a list of highly complex mechanisms and tools of a procedural nature which still require legal structuring.",116,116,20,"20",".",".","PUNCT",".",NA,"1","punct",NA,"SpacesAfter=\n"
"doc48",1,1,"to designate or to create a science body to inform the systematic planning efforts.",1,2,1,"1","to","to","PART","TO",NA,"2","mark",NA,NA
"doc48",1,1,"to designate or to create a science body to inform the systematic planning efforts.",4,12,2,"2","designate","designate","VERB","VB","VerbForm=Inf","0","root",NA,NA
"doc48",1,1,"to designate or to create a science body to inform the systematic planning efforts.",14,15,3,"3","or","or","CCONJ","CC",NA,"5","cc",NA,NA
"doc48",1,1,"to designate or to create a science body to inform the systematic planning efforts.",17,18,4,"4","to","to","PART","TO",NA,"5","mark",NA,NA
"doc48",1,1,"to designate or to create a science body to inform the systematic planning efforts.",20,25,5,"5","create","create","VERB","VB","VerbForm=Inf","2","conj",NA,NA
"doc48",1,1,"to designate or to create a science body to inform the systematic planning efforts.",27,27,6,"6","a","a","DET","DT","Definite=Ind|PronType=Art","8","det",NA,NA
"doc48",1,1,"to designate or to create a science body to inform the systematic planning efforts.",29,35,7,"7","science","science","NOUN","NN","Number=Sing","8","compound",NA,NA
"doc48",1,1,"to designate or to create a science body to inform the systematic planning efforts.",37,40,8,"8","body","body","NOUN","NN","Number=Sing","2","obj",NA,NA
"doc48",1,1,"to designate or to create a science body to inform the systematic planning efforts.",42,43,9,"9","to","to","PART","TO",NA,"10","mark",NA,NA
"doc48",1,1,"to designate or to create a science body to inform the systematic planning efforts.",45,50,10,"10","inform","inform","VERB","VB","VerbForm=Inf","2","advcl",NA,NA
"doc48",1,1,"to designate or to create a science body to inform the systematic planning efforts.",52,54,11,"11","the","the","DET","DT","Definite=Def|PronType=Art","14","det",NA,NA
"doc48",1,1,"to designate or to create a science body to inform the systematic planning efforts.",56,65,12,"12","systematic","systematic","ADJ","JJ","Degree=Pos","14","amod",NA,NA
"doc48",1,1,"to designate or to create a science body to inform the systematic planning efforts.",67,74,13,"13","planning","planning","NOUN","NN","Number=Sing","14","compound",NA,NA
"doc48",1,1,"to designate or to create a science body to inform the systematic planning efforts.",76,82,14,"14","efforts","effort","NOUN","NNS","Number=Plur","10","obj",NA,"SpaceAfter=No"
"doc48",1,1,"to designate or to create a science body to inform the systematic planning efforts.",83,83,15,"15",".",".","PUNCT",".",NA,"2","punct",NA,"SpacesAfter=\n"
"doc49",1,1,"to define the criteria, conservation objectives and processes for submitting MPA proposals, agreeing management measures and procedures for scientific review and endorsement.",1,2,1,"1","to","to","PART","TO",NA,"2","mark",NA,NA
"doc49",1,1,"to define the criteria, conservation objectives and processes for submitting MPA proposals, agreeing management measures and procedures for scientific review and endorsement.",4,9,2,"2","define","define","VERB","VB","VerbForm=Inf","0","root",NA,NA
"doc49",1,1,"to define the criteria, conservation objectives and processes for submitting MPA proposals, agreeing management measures and procedures for scientific review and endorsement.",11,13,3,"3","the","the","DET","DT","Definite=Def|PronType=Art","4","det",NA,NA
"doc49",1,1,"to define the criteria, conservation objectives and processes for submitting MPA proposals, agreeing management measures and procedures for scientific review and endorsement.",15,22,4,"4","criteria","criteria","NOUN","NN","Number=Sing","2","obj",NA,"SpaceAfter=No"
"doc49",1,1,"to define the criteria, conservation objectives and processes for submitting MPA proposals, agreeing management measures and procedures for scientific review and endorsement.",23,23,5,"5",",",",","PUNCT",",",NA,"7","punct",NA,NA
"doc49",1,1,"to define the criteria, conservation objectives and processes for submitting MPA proposals, agreeing management measures and procedures for scientific review and endorsement.",25,36,6,"6","conservation","conservation","NOUN","NN","Number=Sing","7","compound",NA,NA
"doc49",1,1,"to define the criteria, conservation objectives and processes for submitting MPA proposals, agreeing management measures and procedures for scientific review and endorsement.",38,47,7,"7","objectives","objective","NOUN","NNS","Number=Plur","4","conj",NA,NA
"doc49",1,1,"to define the criteria, conservation objectives and processes for submitting MPA proposals, agreeing management measures and procedures for scientific review and endorsement.",49,51,8,"8","and","and","CCONJ","CC",NA,"9","cc",NA,NA
"doc49",1,1,"to define the criteria, conservation objectives and processes for submitting MPA proposals, agreeing management measures and procedures for scientific review and endorsement.",53,61,9,"9","processes","process","NOUN","NNS","Number=Plur","4","conj",NA,NA
"doc49",1,1,"to define the criteria, conservation objectives and processes for submitting MPA proposals, agreeing management measures and procedures for scientific review and endorsement.",63,65,10,"10","for","for","SCONJ","IN",NA,"11","mark",NA,NA
"doc49",1,1,"to define the criteria, conservation objectives and processes for submitting MPA proposals, agreeing management measures and procedures for scientific review and endorsement.",67,76,11,"11","submitting","submit","VERB","VBG","VerbForm=Ger","2","advcl",NA,NA
"doc49",1,1,"to define the criteria, conservation objectives and processes for submitting MPA proposals, agreeing management measures and procedures for scientific review and endorsement.",78,80,12,"12","MPA","MPA","PROPN","NNP","Number=Sing","13","compound",NA,NA
"doc49",1,1,"to define the criteria, conservation objectives and processes for submitting MPA proposals, agreeing management measures and procedures for scientific review and endorsement.",82,90,13,"13","proposals","proposal","NOUN","NNS","Number=Plur","11","obj",NA,"SpaceAfter=No"
"doc49",1,1,"to define the criteria, conservation objectives and processes for submitting MPA proposals, agreeing management measures and procedures for scientific review and endorsement.",91,91,14,"14",",",",","PUNCT",",",NA,"2","punct",NA,NA
"doc49",1,1,"to define the criteria, conservation objectives and processes for submitting MPA proposals, agreeing management measures and procedures for scientific review and endorsement.",93,100,15,"15","agreeing","agree","VERB","VBG","VerbForm=Ger","17","amod",NA,NA
"doc49",1,1,"to define the criteria, conservation objectives and processes for submitting MPA proposals, agreeing management measures and procedures for scientific review and endorsement.",102,111,16,"16","management","management","NOUN","NN","Number=Sing","17","compound",NA,NA
"doc49",1,1,"to define the criteria, conservation objectives and processes for submitting MPA proposals, agreeing management measures and procedures for scientific review and endorsement.",113,120,17,"17","measures","measure","NOUN","NNS","Number=Plur","2","obj",NA,NA
"doc49",1,1,"to define the criteria, conservation objectives and processes for submitting MPA proposals, agreeing management measures and procedures for scientific review and endorsement.",122,124,18,"18","and","and","CCONJ","CC",NA,"19","cc",NA,NA
"doc49",1,1,"to define the criteria, conservation objectives and processes for submitting MPA proposals, agreeing management measures and procedures for scientific review and endorsement.",126,135,19,"19","procedures","procedure","NOUN","NNS","Number=Plur","17","conj",NA,NA
"doc49",1,1,"to define the criteria, conservation objectives and processes for submitting MPA proposals, agreeing management measures and procedures for scientific review and endorsement.",137,139,20,"20","for","for","ADP","IN",NA,"22","case",NA,NA
"doc49",1,1,"to define the criteria, conservation objectives and processes for submitting MPA proposals, agreeing management measures and procedures for scientific review and endorsement.",141,150,21,"21","scientific","scientific","ADJ","JJ","Degree=Pos","22","amod",NA,NA
"doc49",1,1,"to define the criteria, conservation objectives and processes for submitting MPA proposals, agreeing management measures and procedures for scientific review and endorsement.",152,157,22,"22","review","review","NOUN","NN","Number=Sing","17","nmod",NA,NA
"doc49",1,1,"to define the criteria, conservation objectives and processes for submitting MPA proposals, agreeing management measures and procedures for scientific review and endorsement.",159,161,23,"23","and","and","CCONJ","CC",NA,"24","cc",NA,NA
"doc49",1,1,"to define the criteria, conservation objectives and processes for submitting MPA proposals, agreeing management measures and procedures for scientific review and endorsement.",163,173,24,"24","endorsement","endorsement","NOUN","NN","Number=Sing","22","conj",NA,"SpaceAfter=No"
"doc49",1,1,"to define the criteria, conservation objectives and processes for submitting MPA proposals, agreeing management measures and procedures for scientific review and endorsement.",174,174,25,"25",".",".","PUNCT",".",NA,"2","punct",NA,"SpacesAfter=\n"
"doc50",1,1,"to oblige States Parties to comply with agreed MPA management measures and to not authorise or undertake activities that might be contrary to the objectives for which a MPA was established.",1,2,1,"1","to","to","PART","TO",NA,"2","mark",NA,NA
"doc50",1,1,"to oblige States Parties to comply with agreed MPA management measures and to not authorise or undertake activities that might be contrary to the objectives for which a MPA was established.",4,9,2,"2","oblige","oblige","VERB","VB","VerbForm=Inf","0","root",NA,NA
"doc50",1,1,"to oblige States Parties to comply with agreed MPA management measures and to not authorise or undertake activities that might be contrary to the objectives for which a MPA was established.",11,16,3,"3","States","states","PROPN","NNP","Number=Sing","4","compound",NA,NA
"doc50",1,1,"to oblige States Parties to comply with agreed MPA management measures and to not authorise or undertake activities that might be contrary to the objectives for which a MPA was established.",18,24,4,"4","Parties","party","NOUN","NNS","Number=Plur","2","obj",NA,NA
"doc50",1,1,"to oblige States Parties to comply with agreed MPA management measures and to not authorise or undertake activities that might be contrary to the objectives for which a MPA was established.",26,27,5,"5","to","to","PART","TO",NA,"6","mark",NA,NA
"doc50",1,1,"to oblige States Parties to comply with agreed MPA management measures and to not authorise or undertake activities that might be contrary to the objectives for which a MPA was established.",29,34,6,"6","comply","comply","VERB","VB","VerbForm=Inf","2","advcl",NA,NA
"doc50",1,1,"to oblige States Parties to comply with agreed MPA management measures and to not authorise or undertake activities that might be contrary to the objectives for which a MPA was established.",36,39,7,"7","with","with","ADP","IN",NA,"11","case",NA,NA
"doc50",1,1,"to oblige States Parties to comply with agreed MPA management measures and to not authorise or undertake activities that might be contrary to the objectives for which a MPA was established.",41,46,8,"8","agreed","agree","VERB","VBN","Tense=Past|VerbForm=Part","11","amod",NA,NA
"doc50",1,1,"to oblige States Parties to comply with agreed MPA management measures and to not authorise or undertake activities that might be contrary to the objectives for which a MPA was established.",48,50,9,"9","MPA","MPa","NOUN","NN","Number=Sing","10","compound",NA,NA
"doc50",1,1,"to oblige States Parties to comply with agreed MPA management measures and to not authorise or undertake activities that might be contrary to the objectives for which a MPA was established.",52,61,10,"10","management","management","NOUN","NN","Number=Sing","11","compound",NA,NA
"doc50",1,1,"to oblige States Parties to comply with agreed MPA management measures and to not authorise or undertake activities that might be contrary to the objectives for which a MPA was established.",63,70,11,"11","measures","measure","NOUN","NNS","Number=Plur","6","obl",NA,NA
"doc50",1,1,"to oblige States Parties to comply with agreed MPA management measures and to not authorise or undertake activities that might be contrary to the objectives for which a MPA was established.",72,74,12,"12","and","and","CCONJ","CC",NA,"18","cc",NA,NA
"doc50",1,1,"to oblige States Parties to comply with agreed MPA management measures and to not authorise or undertake activities that might be contrary to the objectives for which a MPA was established.",76,77,13,"13","to","to","SCONJ","IN",NA,"18","case",NA,NA
"doc50",1,1,"to oblige States Parties to comply with agreed MPA management measures and to not authorise or undertake activities that might be contrary to the objectives for which a MPA was established.",79,81,14,"14","not","not","PART","RB",NA,"15","advmod",NA,NA
"doc50",1,1,"to oblige States Parties to comply with agreed MPA management measures and to not authorise or undertake activities that might be contrary to the objectives for which a MPA was established.",83,91,15,"15","authorise","authorise","NOUN","NN","Number=Sing","18","compound",NA,NA
"doc50",1,1,"to oblige States Parties to comply with agreed MPA management measures and to not authorise or undertake activities that might be contrary to the objectives for which a MPA was established.",93,94,16,"16","or","or","CCONJ","CC",NA,"17","cc",NA,NA
"doc50",1,1,"to oblige States Parties to comply with agreed MPA management measures and to not authorise or undertake activities that might be contrary to the objectives for which a MPA was established.",96,104,17,"17","undertake","undertake","NOUN","NN","Number=Sing","15","conj",NA,NA
"doc50",1,1,"to oblige States Parties to comply with agreed MPA management measures and to not authorise or undertake activities that might be contrary to the objectives for which a MPA was established.",106,115,18,"18","activities","activity","NOUN","NNS","Number=Plur","2","conj",NA,NA
"doc50",1,1,"to oblige States Parties to comply with agreed MPA management measures and to not authorise or undertake activities that might be contrary to the objectives for which a MPA was established.",117,120,19,"19","that","that","PRON","WDT","PronType=Rel","22","nsubj",NA,NA
"doc50",1,1,"to oblige States Parties to comply with agreed MPA management measures and to not authorise or undertake activities that might be contrary to the objectives for which a MPA was established.",122,126,20,"20","might","might","AUX","MD","VerbForm=Fin","22","aux",NA,NA
"doc50",1,1,"to oblige States Parties to comply with agreed MPA management measures and to not authorise or undertake activities that might be contrary to the objectives for which a MPA was established.",128,129,21,"21","be","be","AUX","VB","VerbForm=Inf","22","cop",NA,NA
"doc50",1,1,"to oblige States Parties to comply with agreed MPA management measures and to not authorise or undertake activities that might be contrary to the objectives for which a MPA was established.",131,138,22,"22","contrary","contrary","ADJ","JJ","Degree=Pos","2","acl:relcl",NA,NA
"doc50",1,1,"to oblige States Parties to comply with agreed MPA management measures and to not authorise or undertake activities that might be contrary to the objectives for which a MPA was established.",140,141,23,"23","to","to","ADP","IN",NA,"25","case",NA,NA
"doc50",1,1,"to oblige States Parties to comply with agreed MPA management measures and to not authorise or undertake activities that might be contrary to the objectives for which a MPA was established.",143,145,24,"24","the","the","DET","DT","Definite=Def|PronType=Art","25","det",NA,NA
"doc50",1,1,"to oblige States Parties to comply with agreed MPA management measures and to not authorise or undertake activities that might be contrary to the objectives for which a MPA was established.",147,156,25,"25","objectives","objective","NOUN","NNS","Number=Plur","22","obl",NA,NA
"doc50",1,1,"to oblige States Parties to comply with agreed MPA management measures and to not authorise or undertake activities that might be contrary to the objectives for which a MPA was established.",158,160,26,"26","for","for","ADP","IN",NA,"27","case",NA,NA
"doc50",1,1,"to oblige States Parties to comply with agreed MPA management measures and to not authorise or undertake activities that might be contrary to the objectives for which a MPA was established.",162,166,27,"27","which","which","DET","WDT","PronType=Int","31","obl",NA,NA
"doc50",1,1,"to oblige States Parties to comply with agreed MPA management measures and to not authorise or undertake activities that might be contrary to the objectives for which a MPA was established.",168,168,28,"28","a","a","DET","DT","Definite=Ind|PronType=Art","29","det",NA,NA
"doc50",1,1,"to oblige States Parties to comply with agreed MPA management measures and to not authorise or undertake activities that might be contrary to the objectives for which a MPA was established.",170,172,29,"29","MPA","MPa","PROPN","NNP","Number=Sing","31","nsubj:pass",NA,NA
"doc50",1,1,"to oblige States Parties to comply with agreed MPA management measures and to not authorise or undertake activities that might be contrary to the objectives for which a MPA was established.",174,176,30,"30","was","be","AUX","VBD","Mood=Ind|Number=Sing|Person=3|Tense=Past|VerbForm=Fin","31","aux:pass",NA,NA
"doc50",1,1,"to oblige States Parties to comply with agreed MPA management measures and to not authorise or undertake activities that might be contrary to the objectives for which a MPA was established.",178,188,31,"31","established","establish","VERB","VBN","Tense=Past|VerbForm=Part|Voice=Pass","25","acl:relcl",NA,"SpaceAfter=No"
"doc50",1,1,"to oblige States Parties to comply with agreed MPA management measures and to not authorise or undertake activities that might be contrary to the objectives for which a MPA was established.",189,189,32,"32",".",".","PUNCT",".",NA,"2","punct",NA,"SpacesAfter=\n"
"doc51",1,1,"to ensure that all marine ABNJ benefit from a baseline level of protection, and that ecologically and biologically significant areas not encompassed within MPA networks are also protected.",1,2,1,"1","to","to","PART","TO",NA,"2","mark",NA,NA
"doc51",1,1,"to ensure that all marine ABNJ benefit from a baseline level of protection, and that ecologically and biologically significant areas not encompassed within MPA networks are also protected.",4,9,2,"2","ensure","ensure","VERB","VB","VerbForm=Inf","0","root",NA,NA
"doc51",1,1,"to ensure that all marine ABNJ benefit from a baseline level of protection, and that ecologically and biologically significant areas not encompassed within MPA networks are also protected.",11,14,3,"3","that","that","SCONJ","IN",NA,"29","mark",NA,NA
"doc51",1,1,"to ensure that all marine ABNJ benefit from a baseline level of protection, and that ecologically and biologically significant areas not encompassed within MPA networks are also protected.",16,18,4,"4","all","all","DET","DT",NA,"7","det",NA,NA
"doc51",1,1,"to ensure that all marine ABNJ benefit from a baseline level of protection, and that ecologically and biologically significant areas not encompassed within MPA networks are also protected.",20,25,5,"5","marine","marine","NOUN","NN","Number=Sing","6","compound",NA,NA
"doc51",1,1,"to ensure that all marine ABNJ benefit from a baseline level of protection, and that ecologically and biologically significant areas not encompassed within MPA networks are also protected.",27,30,6,"6","ABNJ","Abnj","NOUN","NN","Number=Sing","7","compound",NA,NA
"doc51",1,1,"to ensure that all marine ABNJ benefit from a baseline level of protection, and that ecologically and biologically significant areas not encompassed within MPA networks are also protected.",32,38,7,"7","benefit","benefit","NOUN","NN","Number=Sing","29","nsubj:pass",NA,NA
"doc51",1,1,"to ensure that all marine ABNJ benefit from a baseline level of protection, and that ecologically and biologically significant areas not encompassed within MPA networks are also protected.",40,43,8,"8","from","from","ADP","IN",NA,"11","case",NA,NA
"doc51",1,1,"to ensure that all marine ABNJ benefit from a baseline level of protection, and that ecologically and biologically significant areas not encompassed within MPA networks are also protected.",45,45,9,"9","a","a","DET","DT","Definite=Ind|PronType=Art","11","det",NA,NA
"doc51",1,1,"to ensure that all marine ABNJ benefit from a baseline level of protection, and that ecologically and biologically significant areas not encompassed within MPA networks are also protected.",47,54,10,"10","baseline","baseline","NOUN","NN","Number=Sing","11","compound",NA,NA
"doc51",1,1,"to ensure that all marine ABNJ benefit from a baseline level of protection, and that ecologically and biologically significant areas not encompassed within MPA networks are also protected.",56,60,11,"11","level","level","NOUN","NN","Number=Sing","7","nmod",NA,NA
"doc51",1,1,"to ensure that all marine ABNJ benefit from a baseline level of protection, and that ecologically and biologically significant areas not encompassed within MPA networks are also protected.",62,63,12,"12","of","of","ADP","IN",NA,"13","case",NA,NA
"doc51",1,1,"to ensure that all marine ABNJ benefit from a baseline level of protection, and that ecologically and biologically significant areas not encompassed within MPA networks are also protected.",65,74,13,"13","protection","protection","NOUN","NN","Number=Sing","11","nmod",NA,"SpaceAfter=No"
"doc51",1,1,"to ensure that all marine ABNJ benefit from a baseline level of protection, and that ecologically and biologically significant areas not encompassed within MPA networks are also protected.",75,75,14,"14",",",",","PUNCT",",",NA,"23","punct",NA,NA
"doc51",1,1,"to ensure that all marine ABNJ benefit from a baseline level of protection, and that ecologically and biologically significant areas not encompassed within MPA networks are also protected.",77,79,15,"15","and","and","CCONJ","CC",NA,"23","cc",NA,NA
"doc51",1,1,"to ensure that all marine ABNJ benefit from a baseline level of protection, and that ecologically and biologically significant areas not encompassed within MPA networks are also protected.",81,84,16,"16","that","that","SCONJ","IN",NA,"23","mark",NA,NA
"doc51",1,1,"to ensure that all marine ABNJ benefit from a baseline level of protection, and that ecologically and biologically significant areas not encompassed within MPA networks are also protected.",86,97,17,"17","ecologically","ecologically","ADV","RB",NA,"23","advmod",NA,NA
"doc51",1,1,"to ensure that all marine ABNJ benefit from a baseline level of protection, and that ecologically and biologically significant areas not encompassed within MPA networks are also protected.",99,101,18,"18","and","and","CCONJ","CC",NA,"21","cc",NA,NA
"doc51",1,1,"to ensure that all marine ABNJ benefit from a baseline level of protection, and that ecologically and biologically significant areas not encompassed within MPA networks are also protected.",103,114,19,"19","biologically","biologically","ADV","RB",NA,"20","advmod",NA,NA
"doc51",1,1,"to ensure that all marine ABNJ benefit from a baseline level of protection, and that ecologically and biologically significant areas not encompassed within MPA networks are also protected.",116,126,20,"20","significant","significant","ADJ","JJ","Degree=Pos","21","amod",NA,NA
"doc51",1,1,"to ensure that all marine ABNJ benefit from a baseline level of protection, and that ecologically and biologically significant areas not encompassed within MPA networks are also protected.",128,132,21,"21","areas","area","NOUN","NNS","Number=Plur","17","conj",NA,NA
"doc51",1,1,"to ensure that all marine ABNJ benefit from a baseline level of protection, and that ecologically and biologically significant areas not encompassed within MPA networks are also protected.",134,136,22,"22","not","not","PART","RB",NA,"23","advmod",NA,NA
"doc51",1,1,"to ensure that all marine ABNJ benefit from a baseline level of protection, and that ecologically and biologically significant areas not encompassed within MPA networks are also protected.",138,148,23,"23","encompassed","encompass","VERB","VBN","Tense=Past|VerbForm=Part","7","conj",NA,NA
"doc51",1,1,"to ensure that all marine ABNJ benefit from a baseline level of protection, and that ecologically and biologically significant areas not encompassed within MPA networks are also protected.",150,155,24,"24","within","within","ADP","IN",NA,"26","case",NA,NA
"doc51",1,1,"to ensure that all marine ABNJ benefit from a baseline level of protection, and that ecologically and biologically significant areas not encompassed within MPA networks are also protected.",157,159,25,"25","MPA","MPa","NOUN","NN","Number=Sing","26","compound",NA,NA
"doc51",1,1,"to ensure that all marine ABNJ benefit from a baseline level of protection, and that ecologically and biologically significant areas not encompassed within MPA networks are also protected.",161,168,26,"26","networks","network","NOUN","NNS","Number=Plur","23","obl",NA,NA
"doc51",1,1,"to ensure that all marine ABNJ benefit from a baseline level of protection, and that ecologically and biologically significant areas not encompassed within MPA networks are also protected.",170,172,27,"27","are","be","AUX","VBP","Mood=Ind|Tense=Pres|VerbForm=Fin","29","aux:pass",NA,NA
"doc51",1,1,"to ensure that all marine ABNJ benefit from a baseline level of protection, and that ecologically and biologically significant areas not encompassed within MPA networks are also protected.",174,177,28,"28","also","also","ADV","RB",NA,"29","advmod",NA,NA
"doc51",1,1,"to ensure that all marine ABNJ benefit from a baseline level of protection, and that ecologically and biologically significant areas not encompassed within MPA networks are also protected.",179,187,29,"29","protected","protect","VERB","VBN","Tense=Past|VerbForm=Part|Voice=Pass","2","ccomp",NA,"SpaceAfter=No"
"doc51",1,1,"to ensure that all marine ABNJ benefit from a baseline level of protection, and that ecologically and biologically significant areas not encompassed within MPA networks are also protected.",188,188,30,"30",".",".","PUNCT",".",NA,"2","punct",NA,"SpacesAfter=\n"
"doc52",1,1,"reluctance of states and organisations to use MPAs as a tool for restricting activities covered by the freedom of the high seas, such as navigation or fishing.",1,10,1,"1","reluctance","reluctance","NOUN","NN","Number=Sing","7","nsubj",NA,NA
"doc52",1,1,"reluctance of states and organisations to use MPAs as a tool for restricting activities covered by the freedom of the high seas, such as navigation or fishing.",12,13,2,"2","of","of","ADP","IN",NA,"3","case",NA,NA
"doc52",1,1,"reluctance of states and organisations to use MPAs as a tool for restricting activities covered by the freedom of the high seas, such as navigation or fishing.",15,20,3,"3","states","state","NOUN","NNS","Number=Plur","1","nmod",NA,NA
"doc52",1,1,"reluctance of states and organisations to use MPAs as a tool for restricting activities covered by the freedom of the high seas, such as navigation or fishing.",22,24,4,"4","and","and","CCONJ","CC",NA,"5","cc",NA,NA
"doc52",1,1,"reluctance of states and organisations to use MPAs as a tool for restricting activities covered by the freedom of the high seas, such as navigation or fishing.",26,38,5,"5","organisations","organisation","NOUN","NNS","Number=Plur","3","conj",NA,NA
"doc52",1,1,"reluctance of states and organisations to use MPAs as a tool for restricting activities covered by the freedom of the high seas, such as navigation or fishing.",40,41,6,"6","to","to","PART","TO",NA,"7","mark",NA,NA
"doc52",1,1,"reluctance of states and organisations to use MPAs as a tool for restricting activities covered by the freedom of the high seas, such as navigation or fishing.",43,45,7,"7","use","use","VERB","VB","VerbForm=Inf","0","root",NA,NA
"doc52",1,1,"reluctance of states and organisations to use MPAs as a tool for restricting activities covered by the freedom of the high seas, such as navigation or fishing.",47,50,8,"8","MPAs","MPAs","PROPN","NNP","Number=Sing","7","obj",NA,NA
"doc52",1,1,"reluctance of states and organisations to use MPAs as a tool for restricting activities covered by the freedom of the high seas, such as navigation or fishing.",52,53,9,"9","as","as","ADP","IN",NA,"11","case",NA,NA
"doc52",1,1,"reluctance of states and organisations to use MPAs as a tool for restricting activities covered by the freedom of the high seas, such as navigation or fishing.",55,55,10,"10","a","a","DET","DT","Definite=Ind|PronType=Art","11","det",NA,NA
"doc52",1,1,"reluctance of states and organisations to use MPAs as a tool for restricting activities covered by the freedom of the high seas, such as navigation or fishing.",57,60,11,"11","tool","tool","NOUN","NN","Number=Sing","7","obl",NA,NA
"doc52",1,1,"reluctance of states and organisations to use MPAs as a tool for restricting activities covered by the freedom of the high seas, such as navigation or fishing.",62,64,12,"12","for","for","SCONJ","IN",NA,"14","case",NA,NA
"doc52",1,1,"reluctance of states and organisations to use MPAs as a tool for restricting activities covered by the freedom of the high seas, such as navigation or fishing.",66,76,13,"13","restricting","restricting","VERB","VBG","VerbForm=Ger","14","amod",NA,NA
"doc52",1,1,"reluctance of states and organisations to use MPAs as a tool for restricting activities covered by the freedom of the high seas, such as navigation or fishing.",78,87,14,"14","activities","activity","NOUN","NNS","Number=Plur","11","nmod",NA,NA
"doc52",1,1,"reluctance of states and organisations to use MPAs as a tool for restricting activities covered by the freedom of the high seas, such as navigation or fishing.",89,95,15,"15","covered","cover","VERB","VBN","Tense=Past|VerbForm=Part","14","acl",NA,NA
"doc52",1,1,"reluctance of states and organisations to use MPAs as a tool for restricting activities covered by the freedom of the high seas, such as navigation or fishing.",97,98,16,"16","by","by","ADP","IN",NA,"18","case",NA,NA
"doc52",1,1,"reluctance of states and organisations to use MPAs as a tool for restricting activities covered by the freedom of the high seas, such as navigation or fishing.",100,102,17,"17","the","the","DET","DT","Definite=Def|PronType=Art","18","det",NA,NA
"doc52",1,1,"reluctance of states and organisations to use MPAs as a tool for restricting activities covered by the freedom of the high seas, such as navigation or fishing.",104,110,18,"18","freedom","freedom","NOUN","NN","Number=Sing","15","obl",NA,NA
"doc52",1,1,"reluctance of states and organisations to use MPAs as a tool for restricting activities covered by the freedom of the high seas, such as navigation or fishing.",112,113,19,"19","of","of","ADP","IN",NA,"22","case",NA,NA
"doc52",1,1,"reluctance of states and organisations to use MPAs as a tool for restricting activities covered by the freedom of the high seas, such as navigation or fishing.",115,117,20,"20","the","the","DET","DT","Definite=Def|PronType=Art","22","det",NA,NA
"doc52",1,1,"reluctance of states and organisations to use MPAs as a tool for restricting activities covered by the freedom of the high seas, such as navigation or fishing.",119,122,21,"21","high","high","ADJ","JJ","Degree=Pos","22","amod",NA,NA
"doc52",1,1,"reluctance of states and organisations to use MPAs as a tool for restricting activities covered by the freedom of the high seas, such as navigation or fishing.",124,127,22,"22","seas","seas","NOUN","NNS","Number=Plur","18","nmod",NA,"SpaceAfter=No"
"doc52",1,1,"reluctance of states and organisations to use MPAs as a tool for restricting activities covered by the freedom of the high seas, such as navigation or fishing.",128,128,23,"23",",",",","PUNCT",",",NA,"22","punct",NA,NA
"doc52",1,1,"reluctance of states and organisations to use MPAs as a tool for restricting activities covered by the freedom of the high seas, such as navigation or fishing.",130,133,24,"24","such","such","ADJ","JJ","Degree=Pos","26","case",NA,NA
"doc52",1,1,"reluctance of states and organisations to use MPAs as a tool for restricting activities covered by the freedom of the high seas, such as navigation or fishing.",135,136,25,"25","as","as","ADP","IN",NA,"24","fixed",NA,NA
"doc52",1,1,"reluctance of states and organisations to use MPAs as a tool for restricting activities covered by the freedom of the high seas, such as navigation or fishing.",138,147,26,"26","navigation","navigation","NOUN","NN","Number=Sing","22","nmod",NA,NA
"doc52",1,1,"reluctance of states and organisations to use MPAs as a tool for restricting activities covered by the freedom of the high seas, such as navigation or fishing.",149,150,27,"27","or","or","CCONJ","CC",NA,"28","cc",NA,NA
"doc52",1,1,"reluctance of states and organisations to use MPAs as a tool for restricting activities covered by the freedom of the high seas, such as navigation or fishing.",152,158,28,"28","fishing","fishing","NOUN","NN","Number=Sing","26","conj",NA,"SpaceAfter=No"
"doc52",1,1,"reluctance of states and organisations to use MPAs as a tool for restricting activities covered by the freedom of the high seas, such as navigation or fishing.",159,159,29,"29",".",".","PUNCT",".",NA,"7","punct",NA,"SpacesAfter=\n"
"doc53",1,1,"to provide detail to the environmental protection obligations and give them an institutional framework for implementation.",1,2,1,"1","to","to","PART","TO",NA,"2","mark",NA,NA
"doc53",1,1,"to provide detail to the environmental protection obligations and give them an institutional framework for implementation.",4,10,2,"2","provide","provide","VERB","VB","VerbForm=Inf","0","root",NA,NA
"doc53",1,1,"to provide detail to the environmental protection obligations and give them an institutional framework for implementation.",12,17,3,"3","detail","detail","NOUN","NN","Number=Sing","2","obj",NA,NA
"doc53",1,1,"to provide detail to the environmental protection obligations and give them an institutional framework for implementation.",19,20,4,"4","to","to","ADP","IN",NA,"8","case",NA,NA
"doc53",1,1,"to provide detail to the environmental protection obligations and give them an institutional framework for implementation.",22,24,5,"5","the","the","DET","DT","Definite=Def|PronType=Art","8","det",NA,NA
"doc53",1,1,"to provide detail to the environmental protection obligations and give them an institutional framework for implementation.",26,38,6,"6","environmental","environmental","ADJ","JJ","Degree=Pos","7","amod",NA,NA
"doc53",1,1,"to provide detail to the environmental protection obligations and give them an institutional framework for implementation.",40,49,7,"7","protection","protection","NOUN","NN","Number=Sing","8","compound",NA,NA
"doc53",1,1,"to provide detail to the environmental protection obligations and give them an institutional framework for implementation.",51,61,8,"8","obligations","obligation","NOUN","NNS","Number=Plur","2","obl",NA,NA
"doc53",1,1,"to provide detail to the environmental protection obligations and give them an institutional framework for implementation.",63,65,9,"9","and","and","CCONJ","CC",NA,"10","cc",NA,NA
"doc53",1,1,"to provide detail to the environmental protection obligations and give them an institutional framework for implementation.",67,70,10,"10","give","give","VERB","VB","VerbForm=Inf","2","conj",NA,NA
"doc53",1,1,"to provide detail to the environmental protection obligations and give them an institutional framework for implementation.",72,75,11,"11","them","they","PRON","PRP","Case=Acc|Number=Plur|Person=3|PronType=Prs","10","iobj",NA,NA
"doc53",1,1,"to provide detail to the environmental protection obligations and give them an institutional framework for implementation.",77,78,12,"12","an","a","DET","DT","Definite=Ind|PronType=Art","14","det",NA,NA
"doc53",1,1,"to provide detail to the environmental protection obligations and give them an institutional framework for implementation.",80,92,13,"13","institutional","institutional","ADJ","JJ","Degree=Pos","14","amod",NA,NA
"doc53",1,1,"to provide detail to the environmental protection obligations and give them an institutional framework for implementation.",94,102,14,"14","framework","framework","NOUN","NN","Number=Sing","10","obj",NA,NA
"doc53",1,1,"to provide detail to the environmental protection obligations and give them an institutional framework for implementation.",104,106,15,"15","for","for","ADP","IN",NA,"16","case",NA,NA
"doc53",1,1,"to provide detail to the environmental protection obligations and give them an institutional framework for implementation.",108,121,16,"16","implementation","implementation","NOUN","NN","Number=Sing","14","nmod",NA,"SpaceAfter=No"
"doc53",1,1,"to provide detail to the environmental protection obligations and give them an institutional framework for implementation.",122,122,17,"17",".",".","PUNCT",".",NA,"2","punct",NA,"SpacesAfter=\n"
"doc54",1,1,"to aprovide scope for external review by the global community representing a broader range of interests.",1,2,1,"1","to","to","PART","TO",NA,"2","mark",NA,NA
"doc54",1,1,"to aprovide scope for external review by the global community representing a broader range of interests.",4,11,2,"2","aprovide","aprovide","VERB","VB","VerbForm=Inf","0","root",NA,NA
"doc54",1,1,"to aprovide scope for external review by the global community representing a broader range of interests.",13,17,3,"3","scope","scope","NOUN","NN","Number=Sing","2","obj",NA,NA
"doc54",1,1,"to aprovide scope for external review by the global community representing a broader range of interests.",19,21,4,"4","for","for","ADP","IN",NA,"6","case",NA,NA
"doc54",1,1,"to aprovide scope for external review by the global community representing a broader range of interests.",23,30,5,"5","external","external","ADJ","JJ","Degree=Pos","6","amod",NA,NA
"doc54",1,1,"to aprovide scope for external review by the global community representing a broader range of interests.",32,37,6,"6","review","review","NOUN","NN","Number=Sing","2","obl",NA,NA
"doc54",1,1,"to aprovide scope for external review by the global community representing a broader range of interests.",39,40,7,"7","by","by","ADP","IN",NA,"10","case",NA,NA
"doc54",1,1,"to aprovide scope for external review by the global community representing a broader range of interests.",42,44,8,"8","the","the","DET","DT","Definite=Def|PronType=Art","10","det",NA,NA
"doc54",1,1,"to aprovide scope for external review by the global community representing a broader range of interests.",46,51,9,"9","global","global","ADJ","JJ","Degree=Pos","10","amod",NA,NA
"doc54",1,1,"to aprovide scope for external review by the global community representing a broader range of interests.",53,61,10,"10","community","community","NOUN","NN","Number=Sing","2","obl",NA,NA
"doc54",1,1,"to aprovide scope for external review by the global community representing a broader range of interests.",63,74,11,"11","representing","represent","VERB","VBG","VerbForm=Ger","10","acl",NA,NA
"doc54",1,1,"to aprovide scope for external review by the global community representing a broader range of interests.",76,76,12,"12","a","a","DET","DT","Definite=Ind|PronType=Art","14","det",NA,NA
"doc54",1,1,"to aprovide scope for external review by the global community representing a broader range of interests.",78,84,13,"13","broader","broader","ADJ","JJR","Degree=Cmp","14","amod",NA,NA
"doc54",1,1,"to aprovide scope for external review by the global community representing a broader range of interests.",86,90,14,"14","range","range","NOUN","NN","Number=Sing","11","obj",NA,NA
"doc54",1,1,"to aprovide scope for external review by the global community representing a broader range of interests.",92,93,15,"15","of","of","ADP","IN",NA,"16","case",NA,NA
"doc54",1,1,"to aprovide scope for external review by the global community representing a broader range of interests.",95,103,16,"16","interests","interest","NOUN","NNS","Number=Plur","14","nmod",NA,"SpaceAfter=No"
"doc54",1,1,"to aprovide scope for external review by the global community representing a broader range of interests.",104,104,17,"17",".",".","PUNCT",".",NA,"2","punct",NA,"SpacesAfter=\n"
"doc55",1,1,"to identify overarching principles applicable to biodiversity in ABNJ, emphasizing the ecosystem and precautionary approaches and the use of best-available scientific information.",1,2,1,"1","to","to","PART","TO",NA,"2","mark",NA,NA
"doc55",1,1,"to identify overarching principles applicable to biodiversity in ABNJ, emphasizing the ecosystem and precautionary approaches and the use of best-available scientific information.",4,11,2,"2","identify","identify","VERB","VB","VerbForm=Inf","0","root",NA,NA
"doc55",1,1,"to identify overarching principles applicable to biodiversity in ABNJ, emphasizing the ecosystem and precautionary approaches and the use of best-available scientific information.",13,23,3,"3","overarching","overarch","VERB","VBG","VerbForm=Ger","4","amod",NA,NA
"doc55",1,1,"to identify overarching principles applicable to biodiversity in ABNJ, emphasizing the ecosystem and precautionary approaches and the use of best-available scientific information.",25,34,4,"4","principles","principle","NOUN","NNS","Number=Plur","2","obj",NA,NA
"doc55",1,1,"to identify overarching principles applicable to biodiversity in ABNJ, emphasizing the ecosystem and precautionary approaches and the use of best-available scientific information.",36,45,5,"5","applicable","applicable","ADJ","JJ","Degree=Pos","2","amod",NA,NA
"doc55",1,1,"to identify overarching principles applicable to biodiversity in ABNJ, emphasizing the ecosystem and precautionary approaches and the use of best-available scientific information.",47,48,6,"6","to","to","ADP","IN",NA,"7","case",NA,NA
"doc55",1,1,"to identify overarching principles applicable to biodiversity in ABNJ, emphasizing the ecosystem and precautionary approaches and the use of best-available scientific information.",50,61,7,"7","biodiversity","biodiversity","NOUN","NN","Number=Sing","5","obl",NA,NA
"doc55",1,1,"to identify overarching principles applicable to biodiversity in ABNJ, emphasizing the ecosystem and precautionary approaches and the use of best-available scientific information.",63,64,8,"8","in","in","ADP","IN",NA,"9","case",NA,NA
"doc55",1,1,"to identify overarching principles applicable to biodiversity in ABNJ, emphasizing the ecosystem and precautionary approaches and the use of best-available scientific information.",66,69,9,"9","ABNJ","ABNJ","PROPN","NNP","Number=Sing","7","nmod",NA,"SpaceAfter=No"
"doc55",1,1,"to identify overarching principles applicable to biodiversity in ABNJ, emphasizing the ecosystem and precautionary approaches and the use of best-available scientific information.",70,70,10,"10",",",",","PUNCT",",",NA,"2","punct",NA,NA
"doc55",1,1,"to identify overarching principles applicable to biodiversity in ABNJ, emphasizing the ecosystem and precautionary approaches and the use of best-available scientific information.",72,82,11,"11","emphasizing","emphasize","VERB","VBG","VerbForm=Ger","2","advcl",NA,NA
"doc55",1,1,"to identify overarching principles applicable to biodiversity in ABNJ, emphasizing the ecosystem and precautionary approaches and the use of best-available scientific information.",84,86,12,"12","the","the","DET","DT","Definite=Def|PronType=Art","13","det",NA,NA
"doc55",1,1,"to identify overarching principles applicable to biodiversity in ABNJ, emphasizing the ecosystem and precautionary approaches and the use of best-available scientific information.",88,96,13,"13","ecosystem","ecosystem","NOUN","NN","Number=Sing","11","obj",NA,NA
"doc55",1,1,"to identify overarching principles applicable to biodiversity in ABNJ, emphasizing the ecosystem and precautionary approaches and the use of best-available scientific information.",98,100,14,"14","and","and","CCONJ","CC",NA,"16","cc",NA,NA
"doc55",1,1,"to identify overarching principles applicable to biodiversity in ABNJ, emphasizing the ecosystem and precautionary approaches and the use of best-available scientific information.",102,114,15,"15","precautionary","precautionary","ADJ","JJ","Degree=Pos","16","amod",NA,NA
"doc55",1,1,"to identify overarching principles applicable to biodiversity in ABNJ, emphasizing the ecosystem and precautionary approaches and the use of best-available scientific information.",116,125,16,"16","approaches","approaches","NOUN","NNS","Number=Plur","13","conj",NA,NA
"doc55",1,1,"to identify overarching principles applicable to biodiversity in ABNJ, emphasizing the ecosystem and precautionary approaches and the use of best-available scientific information.",127,129,17,"17","and","and","CCONJ","CC",NA,"19","cc",NA,NA
"doc55",1,1,"to identify overarching principles applicable to biodiversity in ABNJ, emphasizing the ecosystem and precautionary approaches and the use of best-available scientific information.",131,133,18,"18","the","the","DET","DT","Definite=Def|PronType=Art","19","det",NA,NA
"doc55",1,1,"to identify overarching principles applicable to biodiversity in ABNJ, emphasizing the ecosystem and precautionary approaches and the use of best-available scientific information.",135,137,19,"19","use","use","NOUN","NN","Number=Sing","13","conj",NA,NA
"doc55",1,1,"to identify overarching principles applicable to biodiversity in ABNJ, emphasizing the ecosystem and precautionary approaches and the use of best-available scientific information.",139,140,20,"20","of","of","ADP","IN",NA,"24","case",NA,NA
"doc55",1,1,"to identify overarching principles applicable to biodiversity in ABNJ, emphasizing the ecosystem and precautionary approaches and the use of best-available scientific information.",142,145,21,"21","best","best","ADJ","JJS","Degree=Sup","24","amod",NA,"SpaceAfter=No"
"doc55",1,1,"to identify overarching principles applicable to biodiversity in ABNJ, emphasizing the ecosystem and precautionary approaches and the use of best-available scientific information.",146,155,22,"22","-available","-available","ADJ","JJ","Degree=Pos","24","amod",NA,NA
"doc55",1,1,"to identify overarching principles applicable to biodiversity in ABNJ, emphasizing the ecosystem and precautionary approaches and the use of best-available scientific information.",157,166,23,"23","scientific","scientific","ADJ","JJ","Degree=Pos","24","amod",NA,NA
"doc55",1,1,"to identify overarching principles applicable to biodiversity in ABNJ, emphasizing the ecosystem and precautionary approaches and the use of best-available scientific information.",168,178,24,"24","information","information","NOUN","NN","Number=Sing","19","nmod",NA,"SpaceAfter=No"
"doc55",1,1,"to identify overarching principles applicable to biodiversity in ABNJ, emphasizing the ecosystem and precautionary approaches and the use of best-available scientific information.",179,179,25,"25",".",".","PUNCT",".",NA,"2","punct",NA,"SpacesAfter=\n"
"doc56",1,1,"to oblige States Parties to comply with agreed MPA management measures and to not authorise or undertake activities that might be contrary to the objectives for which a MPA was established.",1,2,1,"1","to","to","PART","TO",NA,"2","mark",NA,NA
"doc56",1,1,"to oblige States Parties to comply with agreed MPA management measures and to not authorise or undertake activities that might be contrary to the objectives for which a MPA was established.",4,9,2,"2","oblige","oblige","VERB","VB","VerbForm=Inf","0","root",NA,NA
"doc56",1,1,"to oblige States Parties to comply with agreed MPA management measures and to not authorise or undertake activities that might be contrary to the objectives for which a MPA was established.",11,16,3,"3","States","states","PROPN","NNP","Number=Sing","4","compound",NA,NA
"doc56",1,1,"to oblige States Parties to comply with agreed MPA management measures and to not authorise or undertake activities that might be contrary to the objectives for which a MPA was established.",18,24,4,"4","Parties","party","NOUN","NNS","Number=Plur","2","obj",NA,NA
"doc56",1,1,"to oblige States Parties to comply with agreed MPA management measures and to not authorise or undertake activities that might be contrary to the objectives for which a MPA was established.",26,27,5,"5","to","to","PART","TO",NA,"6","mark",NA,NA
"doc56",1,1,"to oblige States Parties to comply with agreed MPA management measures and to not authorise or undertake activities that might be contrary to the objectives for which a MPA was established.",29,34,6,"6","comply","comply","VERB","VB","VerbForm=Inf","2","advcl",NA,NA
"doc56",1,1,"to oblige States Parties to comply with agreed MPA management measures and to not authorise or undertake activities that might be contrary to the objectives for which a MPA was established.",36,39,7,"7","with","with","ADP","IN",NA,"11","case",NA,NA
"doc56",1,1,"to oblige States Parties to comply with agreed MPA management measures and to not authorise or undertake activities that might be contrary to the objectives for which a MPA was established.",41,46,8,"8","agreed","agree","VERB","VBN","Tense=Past|VerbForm=Part","11","amod",NA,NA
"doc56",1,1,"to oblige States Parties to comply with agreed MPA management measures and to not authorise or undertake activities that might be contrary to the objectives for which a MPA was established.",48,50,9,"9","MPA","MPa","NOUN","NN","Number=Sing","10","compound",NA,NA
"doc56",1,1,"to oblige States Parties to comply with agreed MPA management measures and to not authorise or undertake activities that might be contrary to the objectives for which a MPA was established.",52,61,10,"10","management","management","NOUN","NN","Number=Sing","11","compound",NA,NA
"doc56",1,1,"to oblige States Parties to comply with agreed MPA management measures and to not authorise or undertake activities that might be contrary to the objectives for which a MPA was established.",63,70,11,"11","measures","measure","NOUN","NNS","Number=Plur","6","obl",NA,NA
"doc56",1,1,"to oblige States Parties to comply with agreed MPA management measures and to not authorise or undertake activities that might be contrary to the objectives for which a MPA was established.",72,74,12,"12","and","and","CCONJ","CC",NA,"18","cc",NA,NA
"doc56",1,1,"to oblige States Parties to comply with agreed MPA management measures and to not authorise or undertake activities that might be contrary to the objectives for which a MPA was established.",76,77,13,"13","to","to","SCONJ","IN",NA,"18","case",NA,NA
"doc56",1,1,"to oblige States Parties to comply with agreed MPA management measures and to not authorise or undertake activities that might be contrary to the objectives for which a MPA was established.",79,81,14,"14","not","not","PART","RB",NA,"15","advmod",NA,NA
"doc56",1,1,"to oblige States Parties to comply with agreed MPA management measures and to not authorise or undertake activities that might be contrary to the objectives for which a MPA was established.",83,91,15,"15","authorise","authorise","NOUN","NN","Number=Sing","18","compound",NA,NA
"doc56",1,1,"to oblige States Parties to comply with agreed MPA management measures and to not authorise or undertake activities that might be contrary to the objectives for which a MPA was established.",93,94,16,"16","or","or","CCONJ","CC",NA,"17","cc",NA,NA
"doc56",1,1,"to oblige States Parties to comply with agreed MPA management measures and to not authorise or undertake activities that might be contrary to the objectives for which a MPA was established.",96,104,17,"17","undertake","undertake","NOUN","NN","Number=Sing","15","conj",NA,NA
"doc56",1,1,"to oblige States Parties to comply with agreed MPA management measures and to not authorise or undertake activities that might be contrary to the objectives for which a MPA was established.",106,115,18,"18","activities","activity","NOUN","NNS","Number=Plur","2","conj",NA,NA
"doc56",1,1,"to oblige States Parties to comply with agreed MPA management measures and to not authorise or undertake activities that might be contrary to the objectives for which a MPA was established.",117,120,19,"19","that","that","PRON","WDT","PronType=Rel","22","nsubj",NA,NA
"doc56",1,1,"to oblige States Parties to comply with agreed MPA management measures and to not authorise or undertake activities that might be contrary to the objectives for which a MPA was established.",122,126,20,"20","might","might","AUX","MD","VerbForm=Fin","22","aux",NA,NA
"doc56",1,1,"to oblige States Parties to comply with agreed MPA management measures and to not authorise or undertake activities that might be contrary to the objectives for which a MPA was established.",128,129,21,"21","be","be","AUX","VB","VerbForm=Inf","22","cop",NA,NA
"doc56",1,1,"to oblige States Parties to comply with agreed MPA management measures and to not authorise or undertake activities that might be contrary to the objectives for which a MPA was established.",131,138,22,"22","contrary","contrary","ADJ","JJ","Degree=Pos","2","acl:relcl",NA,NA
"doc56",1,1,"to oblige States Parties to comply with agreed MPA management measures and to not authorise or undertake activities that might be contrary to the objectives for which a MPA was established.",140,141,23,"23","to","to","ADP","IN",NA,"25","case",NA,NA
"doc56",1,1,"to oblige States Parties to comply with agreed MPA management measures and to not authorise or undertake activities that might be contrary to the objectives for which a MPA was established.",143,145,24,"24","the","the","DET","DT","Definite=Def|PronType=Art","25","det",NA,NA
"doc56",1,1,"to oblige States Parties to comply with agreed MPA management measures and to not authorise or undertake activities that might be contrary to the objectives for which a MPA was established.",147,156,25,"25","objectives","objective","NOUN","NNS","Number=Plur","22","obl",NA,NA
"doc56",1,1,"to oblige States Parties to comply with agreed MPA management measures and to not authorise or undertake activities that might be contrary to the objectives for which a MPA was established.",158,160,26,"26","for","for","ADP","IN",NA,"27","case",NA,NA
"doc56",1,1,"to oblige States Parties to comply with agreed MPA management measures and to not authorise or undertake activities that might be contrary to the objectives for which a MPA was established.",162,166,27,"27","which","which","DET","WDT","PronType=Int","31","obl",NA,NA
"doc56",1,1,"to oblige States Parties to comply with agreed MPA management measures and to not authorise or undertake activities that might be contrary to the objectives for which a MPA was established.",168,168,28,"28","a","a","DET","DT","Definite=Ind|PronType=Art","29","det",NA,NA
"doc56",1,1,"to oblige States Parties to comply with agreed MPA management measures and to not authorise or undertake activities that might be contrary to the objectives for which a MPA was established.",170,172,29,"29","MPA","MPa","PROPN","NNP","Number=Sing","31","nsubj:pass",NA,NA
"doc56",1,1,"to oblige States Parties to comply with agreed MPA management measures and to not authorise or undertake activities that might be contrary to the objectives for which a MPA was established.",174,176,30,"30","was","be","AUX","VBD","Mood=Ind|Number=Sing|Person=3|Tense=Past|VerbForm=Fin","31","aux:pass",NA,NA
"doc56",1,1,"to oblige States Parties to comply with agreed MPA management measures and to not authorise or undertake activities that might be contrary to the objectives for which a MPA was established.",178,188,31,"31","established","establish","VERB","VBN","Tense=Past|VerbForm=Part|Voice=Pass","25","acl:relcl",NA,"SpaceAfter=No"
"doc56",1,1,"to oblige States Parties to comply with agreed MPA management measures and to not authorise or undertake activities that might be contrary to the objectives for which a MPA was established.",189,189,32,"32",".",".","PUNCT",".",NA,"2","punct",NA,"SpacesAfter=\n"
"doc57",1,1,"to develop a process for spatial planning designed to foster integrated ecosystem based planning and management which includes the establishment of the system of MPAs in ABNJ.",1,2,1,"1","to","to","PART","TO",NA,"2","mark",NA,NA
"doc57",1,1,"to develop a process for spatial planning designed to foster integrated ecosystem based planning and management which includes the establishment of the system of MPAs in ABNJ.",4,10,2,"2","develop","develop","VERB","VB","VerbForm=Inf","0","root",NA,NA
"doc57",1,1,"to develop a process for spatial planning designed to foster integrated ecosystem based planning and management which includes the establishment of the system of MPAs in ABNJ.",12,12,3,"3","a","a","DET","DT","Definite=Ind|PronType=Art","4","det",NA,NA
"doc57",1,1,"to develop a process for spatial planning designed to foster integrated ecosystem based planning and management which includes the establishment of the system of MPAs in ABNJ.",14,20,4,"4","process","process","NOUN","NN","Number=Sing","2","obj",NA,NA
"doc57",1,1,"to develop a process for spatial planning designed to foster integrated ecosystem based planning and management which includes the establishment of the system of MPAs in ABNJ.",22,24,5,"5","for","for","ADP","IN",NA,"7","case",NA,NA
"doc57",1,1,"to develop a process for spatial planning designed to foster integrated ecosystem based planning and management which includes the establishment of the system of MPAs in ABNJ.",26,32,6,"6","spatial","spatial","ADJ","JJ","Degree=Pos","7","amod",NA,NA
"doc57",1,1,"to develop a process for spatial planning designed to foster integrated ecosystem based planning and management which includes the establishment of the system of MPAs in ABNJ.",34,41,7,"7","planning","planning","NOUN","NN","Number=Sing","4","nmod",NA,NA
"doc57",1,1,"to develop a process for spatial planning designed to foster integrated ecosystem based planning and management which includes the establishment of the system of MPAs in ABNJ.",43,50,8,"8","designed","design","VERB","VBN","Tense=Past|VerbForm=Part","7","acl",NA,NA
"doc57",1,1,"to develop a process for spatial planning designed to foster integrated ecosystem based planning and management which includes the establishment of the system of MPAs in ABNJ.",52,53,9,"9","to","to","ADP","IN",NA,"10","case",NA,NA
"doc57",1,1,"to develop a process for spatial planning designed to foster integrated ecosystem based planning and management which includes the establishment of the system of MPAs in ABNJ.",55,60,10,"10","foster","foster","NOUN","NN","Number=Sing","8","obl",NA,NA
"doc57",1,1,"to develop a process for spatial planning designed to foster integrated ecosystem based planning and management which includes the establishment of the system of MPAs in ABNJ.",62,71,11,"11","integrated","integrate","VERB","VBN","Tense=Past|VerbForm=Part","10","acl",NA,NA
"doc57",1,1,"to develop a process for spatial planning designed to foster integrated ecosystem based planning and management which includes the establishment of the system of MPAs in ABNJ.",73,81,12,"12","ecosystem","ecosystem","NOUN","NN","Number=Sing","13","compound",NA,NA
"doc57",1,1,"to develop a process for spatial planning designed to foster integrated ecosystem based planning and management which includes the establishment of the system of MPAs in ABNJ.",83,87,13,"13","based","base","VERB","VBN","Tense=Past|VerbForm=Part","14","case",NA,NA
"doc57",1,1,"to develop a process for spatial planning designed to foster integrated ecosystem based planning and management which includes the establishment of the system of MPAs in ABNJ.",89,96,14,"14","planning","planning","NOUN","NN","Number=Sing","11","obl",NA,NA
"doc57",1,1,"to develop a process for spatial planning designed to foster integrated ecosystem based planning and management which includes the establishment of the system of MPAs in ABNJ.",98,100,15,"15","and","and","CCONJ","CC",NA,"16","cc",NA,NA
"doc57",1,1,"to develop a process for spatial planning designed to foster integrated ecosystem based planning and management which includes the establishment of the system of MPAs in ABNJ.",102,111,16,"16","management","management","NOUN","NN","Number=Sing","14","conj",NA,NA
"doc57",1,1,"to develop a process for spatial planning designed to foster integrated ecosystem based planning and management which includes the establishment of the system of MPAs in ABNJ.",113,117,17,"17","which","which","PRON","WDT","PronType=Rel","18","nsubj",NA,NA
"doc57",1,1,"to develop a process for spatial planning designed to foster integrated ecosystem based planning and management which includes the establishment of the system of MPAs in ABNJ.",119,126,18,"18","includes","include","VERB","VBZ","Mood=Ind|Number=Sing|Person=3|Tense=Pres|VerbForm=Fin","14","acl:relcl",NA,NA
"doc57",1,1,"to develop a process for spatial planning designed to foster integrated ecosystem based planning and management which includes the establishment of the system of MPAs in ABNJ.",128,130,19,"19","the","the","DET","DT","Definite=Def|PronType=Art","20","det",NA,NA
"doc57",1,1,"to develop a process for spatial planning designed to foster integrated ecosystem based planning and management which includes the establishment of the system of MPAs in ABNJ.",132,144,20,"20","establishment","establishment","NOUN","NN","Number=Sing","18","obj",NA,NA
"doc57",1,1,"to develop a process for spatial planning designed to foster integrated ecosystem based planning and management which includes the establishment of the system of MPAs in ABNJ.",146,147,21,"21","of","of","ADP","IN",NA,"23","case",NA,NA
"doc57",1,1,"to develop a process for spatial planning designed to foster integrated ecosystem based planning and management which includes the establishment of the system of MPAs in ABNJ.",149,151,22,"22","the","the","DET","DT","Definite=Def|PronType=Art","23","det",NA,NA
"doc57",1,1,"to develop a process for spatial planning designed to foster integrated ecosystem based planning and management which includes the establishment of the system of MPAs in ABNJ.",153,158,23,"23","system","system","NOUN","NN","Number=Sing","20","nmod",NA,NA
"doc57",1,1,"to develop a process for spatial planning designed to foster integrated ecosystem based planning and management which includes the establishment of the system of MPAs in ABNJ.",160,161,24,"24","of","of","ADP","IN",NA,"25","case",NA,NA
"doc57",1,1,"to develop a process for spatial planning designed to foster integrated ecosystem based planning and management which includes the establishment of the system of MPAs in ABNJ.",163,166,25,"25","MPAs","MPAs","NOUN","NNS","Number=Plur","23","nmod",NA,NA
"doc57",1,1,"to develop a process for spatial planning designed to foster integrated ecosystem based planning and management which includes the establishment of the system of MPAs in ABNJ.",168,169,26,"26","in","in","ADP","IN",NA,"27","case",NA,NA
"doc57",1,1,"to develop a process for spatial planning designed to foster integrated ecosystem based planning and management which includes the establishment of the system of MPAs in ABNJ.",171,174,27,"27","ABNJ","ABNJ","PROPN","NNP","Number=Sing","25","nmod",NA,"SpaceAfter=No"
"doc57",1,1,"to develop a process for spatial planning designed to foster integrated ecosystem based planning and management which includes the establishment of the system of MPAs in ABNJ.",175,175,28,"28",".",".","PUNCT",".",NA,"2","punct",NA,"SpacesAfter=\n"
"doc58",1,1,"Parties may agree to recognize the importance of environmentally significant areas and not authorize or undertake activities that are contrary to the conservation objectives.",1,7,1,"1","Parties","party","NOUN","NNS","Number=Plur","3","nsubj",NA,NA
"doc58",1,1,"Parties may agree to recognize the importance of environmentally significant areas and not authorize or undertake activities that are contrary to the conservation objectives.",9,11,2,"2","may","may","AUX","MD","VerbForm=Fin","3","aux",NA,NA
"doc58",1,1,"Parties may agree to recognize the importance of environmentally significant areas and not authorize or undertake activities that are contrary to the conservation objectives.",13,17,3,"3","agree","agree","VERB","VB","VerbForm=Inf","0","root",NA,NA
"doc58",1,1,"Parties may agree to recognize the importance of environmentally significant areas and not authorize or undertake activities that are contrary to the conservation objectives.",19,20,4,"4","to","to","PART","TO",NA,"5","mark",NA,NA
"doc58",1,1,"Parties may agree to recognize the importance of environmentally significant areas and not authorize or undertake activities that are contrary to the conservation objectives.",22,30,5,"5","recognize","recognize","VERB","VB","VerbForm=Inf","3","xcomp",NA,NA
"doc58",1,1,"Parties may agree to recognize the importance of environmentally significant areas and not authorize or undertake activities that are contrary to the conservation objectives.",32,34,6,"6","the","the","DET","DT","Definite=Def|PronType=Art","7","det",NA,NA
"doc58",1,1,"Parties may agree to recognize the importance of environmentally significant areas and not authorize or undertake activities that are contrary to the conservation objectives.",36,45,7,"7","importance","importance","NOUN","NN","Number=Sing","5","obj",NA,NA
"doc58",1,1,"Parties may agree to recognize the importance of environmentally significant areas and not authorize or undertake activities that are contrary to the conservation objectives.",47,48,8,"8","of","of","ADP","IN",NA,"11","case",NA,NA
"doc58",1,1,"Parties may agree to recognize the importance of environmentally significant areas and not authorize or undertake activities that are contrary to the conservation objectives.",50,64,9,"9","environmentally","environmentally","ADV","RB",NA,"10","advmod",NA,NA
"doc58",1,1,"Parties may agree to recognize the importance of environmentally significant areas and not authorize or undertake activities that are contrary to the conservation objectives.",66,76,10,"10","significant","significant","ADJ","JJ","Degree=Pos","11","amod",NA,NA
"doc58",1,1,"Parties may agree to recognize the importance of environmentally significant areas and not authorize or undertake activities that are contrary to the conservation objectives.",78,82,11,"11","areas","area","NOUN","NNS","Number=Plur","7","nmod",NA,NA
"doc58",1,1,"Parties may agree to recognize the importance of environmentally significant areas and not authorize or undertake activities that are contrary to the conservation objectives.",84,86,12,"12","and","and","CCONJ","CC",NA,"14","cc",NA,NA
"doc58",1,1,"Parties may agree to recognize the importance of environmentally significant areas and not authorize or undertake activities that are contrary to the conservation objectives.",88,90,13,"13","not","not","PART","RB",NA,"14","advmod",NA,NA
"doc58",1,1,"Parties may agree to recognize the importance of environmentally significant areas and not authorize or undertake activities that are contrary to the conservation objectives.",92,100,14,"14","authorize","authorize","VERB","VB","VerbForm=Inf","5","conj",NA,NA
"doc58",1,1,"Parties may agree to recognize the importance of environmentally significant areas and not authorize or undertake activities that are contrary to the conservation objectives.",102,103,15,"15","or","or","CCONJ","CC",NA,"16","cc",NA,NA
"doc58",1,1,"Parties may agree to recognize the importance of environmentally significant areas and not authorize or undertake activities that are contrary to the conservation objectives.",105,113,16,"16","undertake","undertake","VERB","VB","VerbForm=Inf","14","conj",NA,NA
"doc58",1,1,"Parties may agree to recognize the importance of environmentally significant areas and not authorize or undertake activities that are contrary to the conservation objectives.",115,124,17,"17","activities","activity","NOUN","NNS","Number=Plur","14","obj",NA,NA
"doc58",1,1,"Parties may agree to recognize the importance of environmentally significant areas and not authorize or undertake activities that are contrary to the conservation objectives.",126,129,18,"18","that","that","PRON","WDT","PronType=Rel","20","nsubj",NA,NA
"doc58",1,1,"Parties may agree to recognize the importance of environmentally significant areas and not authorize or undertake activities that are contrary to the conservation objectives.",131,133,19,"19","are","be","AUX","VBP","Mood=Ind|Tense=Pres|VerbForm=Fin","20","cop",NA,NA
"doc58",1,1,"Parties may agree to recognize the importance of environmentally significant areas and not authorize or undertake activities that are contrary to the conservation objectives.",135,142,20,"20","contrary","contrary","ADJ","JJ","Degree=Pos","17","acl:relcl",NA,NA
"doc58",1,1,"Parties may agree to recognize the importance of environmentally significant areas and not authorize or undertake activities that are contrary to the conservation objectives.",144,145,21,"21","to","to","ADP","IN",NA,"24","case",NA,NA
"doc58",1,1,"Parties may agree to recognize the importance of environmentally significant areas and not authorize or undertake activities that are contrary to the conservation objectives.",147,149,22,"22","the","the","DET","DT","Definite=Def|PronType=Art","24","det",NA,NA
"doc58",1,1,"Parties may agree to recognize the importance of environmentally significant areas and not authorize or undertake activities that are contrary to the conservation objectives.",151,162,23,"23","conservation","conservation","NOUN","NN","Number=Sing","24","compound",NA,NA
"doc58",1,1,"Parties may agree to recognize the importance of environmentally significant areas and not authorize or undertake activities that are contrary to the conservation objectives.",164,173,24,"24","objectives","objective","NOUN","NNS","Number=Plur","20","obl",NA,"SpaceAfter=No"
"doc58",1,1,"Parties may agree to recognize the importance of environmentally significant areas and not authorize or undertake activities that are contrary to the conservation objectives.",174,174,25,"25",".",".","PUNCT",".",NA,"3","punct",NA,"SpacesAfter=\n"
"doc59",1,1,"the traditional isolation of fisheries management from oceans governance more exacerbates tension between fisheries and MPAs.",1,3,1,"1","the","the","DET","DT","Definite=Def|PronType=Art","3","det",NA,NA
"doc59",1,1,"the traditional isolation of fisheries management from oceans governance more exacerbates tension between fisheries and MPAs.",5,15,2,"2","traditional","traditional","ADJ","JJ","Degree=Pos","3","amod",NA,NA
"doc59",1,1,"the traditional isolation of fisheries management from oceans governance more exacerbates tension between fisheries and MPAs.",17,25,3,"3","isolation","isolation","NOUN","NN","Number=Sing","11","nsubj",NA,NA
"doc59",1,1,"the traditional isolation of fisheries management from oceans governance more exacerbates tension between fisheries and MPAs.",27,28,4,"4","of","of","ADP","IN",NA,"6","case",NA,NA
"doc59",1,1,"the traditional isolation of fisheries management from oceans governance more exacerbates tension between fisheries and MPAs.",30,38,5,"5","fisheries","fishery","NOUN","NNS","Number=Plur","6","compound",NA,NA
"doc59",1,1,"the traditional isolation of fisheries management from oceans governance more exacerbates tension between fisheries and MPAs.",40,49,6,"6","management","management","NOUN","NN","Number=Sing","3","nmod",NA,NA
"doc59",1,1,"the traditional isolation of fisheries management from oceans governance more exacerbates tension between fisheries and MPAs.",51,54,7,"7","from","from","ADP","IN",NA,"9","case",NA,NA
"doc59",1,1,"the traditional isolation of fisheries management from oceans governance more exacerbates tension between fisheries and MPAs.",56,61,8,"8","oceans","oceans","NOUN","NNS","Number=Plur","9","compound",NA,NA
"doc59",1,1,"the traditional isolation of fisheries management from oceans governance more exacerbates tension between fisheries and MPAs.",63,72,9,"9","governance","governance","NOUN","NN","Number=Sing","3","nmod",NA,NA
"doc59",1,1,"the traditional isolation of fisheries management from oceans governance more exacerbates tension between fisheries and MPAs.",74,77,10,"10","more","more","ADV","RBR",NA,"11","advmod",NA,NA
"doc59",1,1,"the traditional isolation of fisheries management from oceans governance more exacerbates tension between fisheries and MPAs.",79,89,11,"11","exacerbates","exacerbate","VERB","VBZ","Mood=Ind|Number=Sing|Person=3|Tense=Pres|VerbForm=Fin","0","root",NA,NA
"doc59",1,1,"the traditional isolation of fisheries management from oceans governance more exacerbates tension between fisheries and MPAs.",91,97,12,"12","tension","tension","NOUN","NN","Number=Sing","11","obj",NA,NA
"doc59",1,1,"the traditional isolation of fisheries management from oceans governance more exacerbates tension between fisheries and MPAs.",99,105,13,"13","between","between","ADP","IN",NA,"14","case",NA,NA
"doc59",1,1,"the traditional isolation of fisheries management from oceans governance more exacerbates tension between fisheries and MPAs.",107,115,14,"14","fisheries","fishery","NOUN","NNS","Number=Plur","12","nmod",NA,NA
"doc59",1,1,"the traditional isolation of fisheries management from oceans governance more exacerbates tension between fisheries and MPAs.",117,119,15,"15","and","and","CCONJ","CC",NA,"16","cc",NA,NA
"doc59",1,1,"the traditional isolation of fisheries management from oceans governance more exacerbates tension between fisheries and MPAs.",121,124,16,"16","MPAs","MPAs","NOUN","NNS","Number=Plur","14","conj",NA,"SpaceAfter=No"
"doc59",1,1,"the traditional isolation of fisheries management from oceans governance more exacerbates tension between fisheries and MPAs.",125,125,17,"17",".",".","PUNCT",".",NA,"11","punct",NA,"SpacesAfter=\n"
"doc60",1,1,"allowing RFMOs to submit proposals for MPAs (and attendant measures) to the decision-making bodies will enhance the possibility for compliance with any decision to establish an MPA as proposed.",1,8,1,"1","allowing","allow","VERB","VBG","VerbForm=Ger","2","amod",NA,NA
"doc60",1,1,"allowing RFMOs to submit proposals for MPAs (and attendant measures) to the decision-making bodies will enhance the possibility for compliance with any decision to establish an MPA as proposed.",10,14,2,"2","RFMOs","RFMOs","NOUN","NNS","Number=Plur","20","nsubj",NA,NA
"doc60",1,1,"allowing RFMOs to submit proposals for MPAs (and attendant measures) to the decision-making bodies will enhance the possibility for compliance with any decision to establish an MPA as proposed.",16,17,3,"3","to","to","PART","TO",NA,"4","mark",NA,NA
"doc60",1,1,"allowing RFMOs to submit proposals for MPAs (and attendant measures) to the decision-making bodies will enhance the possibility for compliance with any decision to establish an MPA as proposed.",19,24,4,"4","submit","submit","VERB","VB","VerbForm=Inf","2","acl",NA,NA
"doc60",1,1,"allowing RFMOs to submit proposals for MPAs (and attendant measures) to the decision-making bodies will enhance the possibility for compliance with any decision to establish an MPA as proposed.",26,34,5,"5","proposals","proposal","NOUN","NNS","Number=Plur","4","obj",NA,NA
"doc60",1,1,"allowing RFMOs to submit proposals for MPAs (and attendant measures) to the decision-making bodies will enhance the possibility for compliance with any decision to establish an MPA as proposed.",36,38,6,"6","for","for","ADP","IN",NA,"7","case",NA,NA
"doc60",1,1,"allowing RFMOs to submit proposals for MPAs (and attendant measures) to the decision-making bodies will enhance the possibility for compliance with any decision to establish an MPA as proposed.",40,43,7,"7","MPAs","MPAs","NOUN","NNS","Number=Plur","5","nmod",NA,NA
"doc60",1,1,"allowing RFMOs to submit proposals for MPAs (and attendant measures) to the decision-making bodies will enhance the possibility for compliance with any decision to establish an MPA as proposed.",45,45,8,"8","(","(","PUNCT","-LRB-",NA,"2","punct",NA,"SpaceAfter=No"
"doc60",1,1,"allowing RFMOs to submit proposals for MPAs (and attendant measures) to the decision-making bodies will enhance the possibility for compliance with any decision to establish an MPA as proposed.",46,48,9,"9","and","and","CCONJ","CC",NA,"11","cc",NA,NA
"doc60",1,1,"allowing RFMOs to submit proposals for MPAs (and attendant measures) to the decision-making bodies will enhance the possibility for compliance with any decision to establish an MPA as proposed.",50,58,10,"10","attendant","attendant","ADJ","JJ","Degree=Pos","11","amod",NA,NA
"doc60",1,1,"allowing RFMOs to submit proposals for MPAs (and attendant measures) to the decision-making bodies will enhance the possibility for compliance with any decision to establish an MPA as proposed.",60,67,11,"11","measures","measure","NOUN","NNS","Number=Plur","2","conj",NA,"SpaceAfter=No"
"doc60",1,1,"allowing RFMOs to submit proposals for MPAs (and attendant measures) to the decision-making bodies will enhance the possibility for compliance with any decision to establish an MPA as proposed.",68,68,12,"12",")",")","PUNCT","-RRB-",NA,"11","punct",NA,NA
"doc60",1,1,"allowing RFMOs to submit proposals for MPAs (and attendant measures) to the decision-making bodies will enhance the possibility for compliance with any decision to establish an MPA as proposed.",70,71,13,"13","to","to","ADP","IN",NA,"18","case",NA,NA
"doc60",1,1,"allowing RFMOs to submit proposals for MPAs (and attendant measures) to the decision-making bodies will enhance the possibility for compliance with any decision to establish an MPA as proposed.",73,75,14,"14","the","the","DET","DT","Definite=Def|PronType=Art","18","det",NA,NA
"doc60",1,1,"allowing RFMOs to submit proposals for MPAs (and attendant measures) to the decision-making bodies will enhance the possibility for compliance with any decision to establish an MPA as proposed.",77,84,15,"15","decision","decision","NOUN","NN","Number=Sing","17","compound",NA,"SpaceAfter=No"
"doc60",1,1,"allowing RFMOs to submit proposals for MPAs (and attendant measures) to the decision-making bodies will enhance the possibility for compliance with any decision to establish an MPA as proposed.",85,85,16,"16","-","-","PUNCT","HYPH",NA,"17","punct",NA,"SpaceAfter=No"
"doc60",1,1,"allowing RFMOs to submit proposals for MPAs (and attendant measures) to the decision-making bodies will enhance the possibility for compliance with any decision to establish an MPA as proposed.",86,91,17,"17","making","make","NOUN","NN","Number=Sing","18","compound",NA,NA
"doc60",1,1,"allowing RFMOs to submit proposals for MPAs (and attendant measures) to the decision-making bodies will enhance the possibility for compliance with any decision to establish an MPA as proposed.",93,98,18,"18","bodies","body","NOUN","NNS","Number=Plur","2","nmod",NA,NA
"doc60",1,1,"allowing RFMOs to submit proposals for MPAs (and attendant measures) to the decision-making bodies will enhance the possibility for compliance with any decision to establish an MPA as proposed.",100,103,19,"19","will","will","AUX","MD","VerbForm=Fin","20","aux",NA,NA
"doc60",1,1,"allowing RFMOs to submit proposals for MPAs (and attendant measures) to the decision-making bodies will enhance the possibility for compliance with any decision to establish an MPA as proposed.",105,111,20,"20","enhance","enhance","VERB","VB","VerbForm=Inf","0","root",NA,NA
"doc60",1,1,"allowing RFMOs to submit proposals for MPAs (and attendant measures) to the decision-making bodies will enhance the possibility for compliance with any decision to establish an MPA as proposed.",113,115,21,"21","the","the","DET","DT","Definite=Def|PronType=Art","22","det",NA,NA
"doc60",1,1,"allowing RFMOs to submit proposals for MPAs (and attendant measures) to the decision-making bodies will enhance the possibility for compliance with any decision to establish an MPA as proposed.",117,127,22,"22","possibility","possibility","NOUN","NN","Number=Sing","20","obj",NA,NA
"doc60",1,1,"allowing RFMOs to submit proposals for MPAs (and attendant measures) to the decision-making bodies will enhance the possibility for compliance with any decision to establish an MPA as proposed.",129,131,23,"23","for","for","ADP","IN",NA,"24","case",NA,NA
"doc60",1,1,"allowing RFMOs to submit proposals for MPAs (and attendant measures) to the decision-making bodies will enhance the possibility for compliance with any decision to establish an MPA as proposed.",133,142,24,"24","compliance","compliance","NOUN","NN","Number=Sing","22","nmod",NA,NA
"doc60",1,1,"allowing RFMOs to submit proposals for MPAs (and attendant measures) to the decision-making bodies will enhance the possibility for compliance with any decision to establish an MPA as proposed.",144,147,25,"25","with","with","ADP","IN",NA,"27","case",NA,NA
"doc60",1,1,"allowing RFMOs to submit proposals for MPAs (and attendant measures) to the decision-making bodies will enhance the possibility for compliance with any decision to establish an MPA as proposed.",149,151,26,"26","any","any","DET","DT",NA,"27","det",NA,NA
"doc60",1,1,"allowing RFMOs to submit proposals for MPAs (and attendant measures) to the decision-making bodies will enhance the possibility for compliance with any decision to establish an MPA as proposed.",153,160,27,"27","decision","decision","NOUN","NN","Number=Sing","24","nmod",NA,NA
"doc60",1,1,"allowing RFMOs to submit proposals for MPAs (and attendant measures) to the decision-making bodies will enhance the possibility for compliance with any decision to establish an MPA as proposed.",162,163,28,"28","to","to","PART","TO",NA,"29","mark",NA,NA
"doc60",1,1,"allowing RFMOs to submit proposals for MPAs (and attendant measures) to the decision-making bodies will enhance the possibility for compliance with any decision to establish an MPA as proposed.",165,173,29,"29","establish","establish","VERB","VB","VerbForm=Inf","27","acl",NA,NA
"doc60",1,1,"allowing RFMOs to submit proposals for MPAs (and attendant measures) to the decision-making bodies will enhance the possibility for compliance with any decision to establish an MPA as proposed.",175,176,30,"30","an","a","DET","DT","Definite=Ind|PronType=Art","31","det",NA,NA
"doc60",1,1,"allowing RFMOs to submit proposals for MPAs (and attendant measures) to the decision-making bodies will enhance the possibility for compliance with any decision to establish an MPA as proposed.",178,180,31,"31","MPA","MPa","NOUN","NN","Number=Sing","29","obj",NA,NA
"doc60",1,1,"allowing RFMOs to submit proposals for MPAs (and attendant measures) to the decision-making bodies will enhance the possibility for compliance with any decision to establish an MPA as proposed.",182,183,32,"32","as","as","SCONJ","IN",NA,"33","mark",NA,NA
"doc60",1,1,"allowing RFMOs to submit proposals for MPAs (and attendant measures) to the decision-making bodies will enhance the possibility for compliance with any decision to establish an MPA as proposed.",185,192,33,"33","proposed","propose","VERB","VBN","Tense=Past|VerbForm=Part","29","advcl",NA,"SpaceAfter=No"
"doc60",1,1,"allowing RFMOs to submit proposals for MPAs (and attendant measures) to the decision-making bodies will enhance the possibility for compliance with any decision to establish an MPA as proposed.",193,193,34,"34",".",".","PUNCT",".",NA,"20","punct",NA,"SpacesAfter=\n"
"doc61",1,1,"to include clear provisions requiring States to exercise adequate control of flag vessels, their beneficial owners and their nationals (private and public).",1,2,1,"1","to","to","PART","TO",NA,"2","mark",NA,NA
"doc61",1,1,"to include clear provisions requiring States to exercise adequate control of flag vessels, their beneficial owners and their nationals (private and public).",4,10,2,"2","include","include","VERB","VB","VerbForm=Inf","0","root",NA,NA
"doc61",1,1,"to include clear provisions requiring States to exercise adequate control of flag vessels, their beneficial owners and their nationals (private and public).",12,16,3,"3","clear","clear","ADJ","JJ","Degree=Pos","4","amod",NA,NA
"doc61",1,1,"to include clear provisions requiring States to exercise adequate control of flag vessels, their beneficial owners and their nationals (private and public).",18,27,4,"4","provisions","provision","NOUN","NNS","Number=Plur","2","obj",NA,NA
"doc61",1,1,"to include clear provisions requiring States to exercise adequate control of flag vessels, their beneficial owners and their nationals (private and public).",29,37,5,"5","requiring","require","VERB","VBG","VerbForm=Ger","4","acl",NA,NA
"doc61",1,1,"to include clear provisions requiring States to exercise adequate control of flag vessels, their beneficial owners and their nationals (private and public).",39,44,6,"6","States","States","PROPN","NNP","Number=Sing","5","obj",NA,NA
"doc61",1,1,"to include clear provisions requiring States to exercise adequate control of flag vessels, their beneficial owners and their nationals (private and public).",46,47,7,"7","to","to","PART","TO",NA,"8","mark",NA,NA
"doc61",1,1,"to include clear provisions requiring States to exercise adequate control of flag vessels, their beneficial owners and their nationals (private and public).",49,56,8,"8","exercise","exercise","VERB","VB","VerbForm=Inf","5","xcomp",NA,NA
"doc61",1,1,"to include clear provisions requiring States to exercise adequate control of flag vessels, their beneficial owners and their nationals (private and public).",58,65,9,"9","adequate","adequate","ADJ","JJ","Degree=Pos","10","amod",NA,NA
"doc61",1,1,"to include clear provisions requiring States to exercise adequate control of flag vessels, their beneficial owners and their nationals (private and public).",67,73,10,"10","control","control","NOUN","NN","Number=Sing","8","obj",NA,NA
"doc61",1,1,"to include clear provisions requiring States to exercise adequate control of flag vessels, their beneficial owners and their nationals (private and public).",75,76,11,"11","of","of","ADP","IN",NA,"13","case",NA,NA
"doc61",1,1,"to include clear provisions requiring States to exercise adequate control of flag vessels, their beneficial owners and their nationals (private and public).",78,81,12,"12","flag","flag","NOUN","NN","Number=Sing","13","compound",NA,NA
"doc61",1,1,"to include clear provisions requiring States to exercise adequate control of flag vessels, their beneficial owners and their nationals (private and public).",83,89,13,"13","vessels","vessel","NOUN","NNS","Number=Plur","10","nmod",NA,"SpaceAfter=No"
"doc61",1,1,"to include clear provisions requiring States to exercise adequate control of flag vessels, their beneficial owners and their nationals (private and public).",90,90,14,"14",",",",","PUNCT",",",NA,"2","punct",NA,NA
"doc61",1,1,"to include clear provisions requiring States to exercise adequate control of flag vessels, their beneficial owners and their nationals (private and public).",92,96,15,"15","their","they","PRON","PRP$","Number=Plur|Person=3|Poss=Yes|PronType=Prs","17","nmod:poss",NA,NA
"doc61",1,1,"to include clear provisions requiring States to exercise adequate control of flag vessels, their beneficial owners and their nationals (private and public).",98,107,16,"16","beneficial","beneficial","ADJ","JJ","Degree=Pos","17","amod",NA,NA
"doc61",1,1,"to include clear provisions requiring States to exercise adequate control of flag vessels, their beneficial owners and their nationals (private and public).",109,114,17,"17","owners","owner","NOUN","NNS","Number=Plur","2","appos",NA,NA
"doc61",1,1,"to include clear provisions requiring States to exercise adequate control of flag vessels, their beneficial owners and their nationals (private and public).",116,118,18,"18","and","and","CCONJ","CC",NA,"20","cc",NA,NA
"doc61",1,1,"to include clear provisions requiring States to exercise adequate control of flag vessels, their beneficial owners and their nationals (private and public).",120,124,19,"19","their","they","PRON","PRP$","Number=Plur|Person=3|Poss=Yes|PronType=Prs","20","nmod:poss",NA,NA
"doc61",1,1,"to include clear provisions requiring States to exercise adequate control of flag vessels, their beneficial owners and their nationals (private and public).",126,134,20,"20","nationals","national","NOUN","NNS","Number=Plur","17","conj",NA,NA
"doc61",1,1,"to include clear provisions requiring States to exercise adequate control of flag vessels, their beneficial owners and their nationals (private and public).",136,136,21,"21","(","(","PUNCT","-LRB-",NA,"20","punct",NA,"SpaceAfter=No"
"doc61",1,1,"to include clear provisions requiring States to exercise adequate control of flag vessels, their beneficial owners and their nationals (private and public).",137,143,22,"22","private","private","ADJ","JJ","Degree=Pos","20","amod",NA,NA
"doc61",1,1,"to include clear provisions requiring States to exercise adequate control of flag vessels, their beneficial owners and their nationals (private and public).",145,147,23,"23","and","and","CCONJ","CC",NA,"24","cc",NA,NA
"doc61",1,1,"to include clear provisions requiring States to exercise adequate control of flag vessels, their beneficial owners and their nationals (private and public).",149,154,24,"24","public","public","ADJ","JJ","Degree=Pos","22","conj",NA,"SpaceAfter=No"
"doc61",1,1,"to include clear provisions requiring States to exercise adequate control of flag vessels, their beneficial owners and their nationals (private and public).",155,155,25,"25",")",")","PUNCT","-RRB-",NA,"20","punct",NA,"SpaceAfter=No"
"doc61",1,1,"to include clear provisions requiring States to exercise adequate control of flag vessels, their beneficial owners and their nationals (private and public).",156,156,26,"26",".",".","PUNCT",".",NA,"2","punct",NA,"SpacesAfter=\n"
"doc62",1,1,"to adoption modern principles for ocean conservation and management that would improve the implementation of the existing regulatory framework.",1,2,1,"1","to","to","PART","TO",NA,"2","mark",NA,NA
"doc62",1,1,"to adoption modern principles for ocean conservation and management that would improve the implementation of the existing regulatory framework.",4,11,2,"2","adoption","adoption","VERB","VB","VerbForm=Inf","0","root",NA,NA
"doc62",1,1,"to adoption modern principles for ocean conservation and management that would improve the implementation of the existing regulatory framework.",13,18,3,"3","modern","modern","ADJ","JJ","Degree=Pos","4","amod",NA,NA
"doc62",1,1,"to adoption modern principles for ocean conservation and management that would improve the implementation of the existing regulatory framework.",20,29,4,"4","principles","principle","NOUN","NNS","Number=Plur","2","obj",NA,NA
"doc62",1,1,"to adoption modern principles for ocean conservation and management that would improve the implementation of the existing regulatory framework.",31,33,5,"5","for","for","ADP","IN",NA,"7","case",NA,NA
"doc62",1,1,"to adoption modern principles for ocean conservation and management that would improve the implementation of the existing regulatory framework.",35,39,6,"6","ocean","ocean","ADJ","JJ","Degree=Pos","7","amod",NA,NA
"doc62",1,1,"to adoption modern principles for ocean conservation and management that would improve the implementation of the existing regulatory framework.",41,52,7,"7","conservation","conservation","NOUN","NN","Number=Sing","4","nmod",NA,NA
"doc62",1,1,"to adoption modern principles for ocean conservation and management that would improve the implementation of the existing regulatory framework.",54,56,8,"8","and","and","CCONJ","CC",NA,"9","cc",NA,NA
"doc62",1,1,"to adoption modern principles for ocean conservation and management that would improve the implementation of the existing regulatory framework.",58,67,9,"9","management","management","NOUN","NN","Number=Sing","7","conj",NA,NA
"doc62",1,1,"to adoption modern principles for ocean conservation and management that would improve the implementation of the existing regulatory framework.",69,72,10,"10","that","that","PRON","WDT","PronType=Rel","12","nsubj",NA,NA
"doc62",1,1,"to adoption modern principles for ocean conservation and management that would improve the implementation of the existing regulatory framework.",74,78,11,"11","would","would","AUX","MD","VerbForm=Fin","12","aux",NA,NA
"doc62",1,1,"to adoption modern principles for ocean conservation and management that would improve the implementation of the existing regulatory framework.",80,86,12,"12","improve","improve","VERB","VB","VerbForm=Inf","2","acl:relcl",NA,NA
"doc62",1,1,"to adoption modern principles for ocean conservation and management that would improve the implementation of the existing regulatory framework.",88,90,13,"13","the","the","DET","DT","Definite=Def|PronType=Art","14","det",NA,NA
"doc62",1,1,"to adoption modern principles for ocean conservation and management that would improve the implementation of the existing regulatory framework.",92,105,14,"14","implementation","implementation","NOUN","NN","Number=Sing","12","obj",NA,NA
"doc62",1,1,"to adoption modern principles for ocean conservation and management that would improve the implementation of the existing regulatory framework.",107,108,15,"15","of","of","ADP","IN",NA,"19","case",NA,NA
"doc62",1,1,"to adoption modern principles for ocean conservation and management that would improve the implementation of the existing regulatory framework.",110,112,16,"16","the","the","DET","DT","Definite=Def|PronType=Art","19","det",NA,NA
"doc62",1,1,"to adoption modern principles for ocean conservation and management that would improve the implementation of the existing regulatory framework.",114,121,17,"17","existing","exist","VERB","VBG","VerbForm=Ger","19","amod",NA,NA
"doc62",1,1,"to adoption modern principles for ocean conservation and management that would improve the implementation of the existing regulatory framework.",123,132,18,"18","regulatory","regulatory","ADJ","JJ","Degree=Pos","19","amod",NA,NA
"doc62",1,1,"to adoption modern principles for ocean conservation and management that would improve the implementation of the existing regulatory framework.",134,142,19,"19","framework","framework","NOUN","NN","Number=Sing","14","nmod",NA,"SpaceAfter=No"
"doc62",1,1,"to adoption modern principles for ocean conservation and management that would improve the implementation of the existing regulatory framework.",143,143,20,"20",".",".","PUNCT",".",NA,"2","punct",NA,"SpacesAfter=\n"
"doc63",1,1,"to designate a global scientific body to develop proposals for MPAs which could be approved, kept under review and assisted at the global level and managed through regional processes.",1,2,1,"1","to","to","PART","TO",NA,"2","mark",NA,NA
"doc63",1,1,"to designate a global scientific body to develop proposals for MPAs which could be approved, kept under review and assisted at the global level and managed through regional processes.",4,12,2,"2","designate","designate","VERB","VB","VerbForm=Inf","0","root",NA,NA
"doc63",1,1,"to designate a global scientific body to develop proposals for MPAs which could be approved, kept under review and assisted at the global level and managed through regional processes.",14,14,3,"3","a","a","DET","DT","Definite=Ind|PronType=Art","6","det",NA,NA
"doc63",1,1,"to designate a global scientific body to develop proposals for MPAs which could be approved, kept under review and assisted at the global level and managed through regional processes.",16,21,4,"4","global","global","ADJ","JJ","Degree=Pos","6","amod",NA,NA
"doc63",1,1,"to designate a global scientific body to develop proposals for MPAs which could be approved, kept under review and assisted at the global level and managed through regional processes.",23,32,5,"5","scientific","scientific","ADJ","JJ","Degree=Pos","6","amod",NA,NA
"doc63",1,1,"to designate a global scientific body to develop proposals for MPAs which could be approved, kept under review and assisted at the global level and managed through regional processes.",34,37,6,"6","body","body","NOUN","NN","Number=Sing","2","obj",NA,NA
"doc63",1,1,"to designate a global scientific body to develop proposals for MPAs which could be approved, kept under review and assisted at the global level and managed through regional processes.",39,40,7,"7","to","to","PART","TO",NA,"8","mark",NA,NA
"doc63",1,1,"to designate a global scientific body to develop proposals for MPAs which could be approved, kept under review and assisted at the global level and managed through regional processes.",42,48,8,"8","develop","develop","VERB","VB","VerbForm=Inf","2","advcl",NA,NA
"doc63",1,1,"to designate a global scientific body to develop proposals for MPAs which could be approved, kept under review and assisted at the global level and managed through regional processes.",50,58,9,"9","proposals","proposal","NOUN","NNS","Number=Plur","8","obj",NA,NA
"doc63",1,1,"to designate a global scientific body to develop proposals for MPAs which could be approved, kept under review and assisted at the global level and managed through regional processes.",60,62,10,"10","for","for","ADP","IN",NA,"11","case",NA,NA
"doc63",1,1,"to designate a global scientific body to develop proposals for MPAs which could be approved, kept under review and assisted at the global level and managed through regional processes.",64,67,11,"11","MPAs","MPAs","NOUN","NNS","Number=Plur","9","nmod",NA,NA
"doc63",1,1,"to designate a global scientific body to develop proposals for MPAs which could be approved, kept under review and assisted at the global level and managed through regional processes.",69,73,12,"12","which","which","PRON","WDT","PronType=Rel","15","nsubj:pass",NA,NA
"doc63",1,1,"to designate a global scientific body to develop proposals for MPAs which could be approved, kept under review and assisted at the global level and managed through regional processes.",75,79,13,"13","could","could","AUX","MD","VerbForm=Fin","15","aux",NA,NA
"doc63",1,1,"to designate a global scientific body to develop proposals for MPAs which could be approved, kept under review and assisted at the global level and managed through regional processes.",81,82,14,"14","be","be","AUX","VB","VerbForm=Inf","15","aux:pass",NA,NA
"doc63",1,1,"to designate a global scientific body to develop proposals for MPAs which could be approved, kept under review and assisted at the global level and managed through regional processes.",84,91,15,"15","approved","approve","VERB","VBN","Tense=Past|VerbForm=Part|Voice=Pass","11","acl:relcl",NA,"SpaceAfter=No"
"doc63",1,1,"to designate a global scientific body to develop proposals for MPAs which could be approved, kept under review and assisted at the global level and managed through regional processes.",92,92,16,"16",",",",","PUNCT",",",NA,"17","punct",NA,NA
"doc63",1,1,"to designate a global scientific body to develop proposals for MPAs which could be approved, kept under review and assisted at the global level and managed through regional processes.",94,97,17,"17","kept","keep","VERB","VBN","Tense=Past|VerbForm=Part","15","conj",NA,NA
"doc63",1,1,"to designate a global scientific body to develop proposals for MPAs which could be approved, kept under review and assisted at the global level and managed through regional processes.",99,103,18,"18","under","under","ADP","IN",NA,"19","case",NA,NA
"doc63",1,1,"to designate a global scientific body to develop proposals for MPAs which could be approved, kept under review and assisted at the global level and managed through regional processes.",105,110,19,"19","review","review","NOUN","NN","Number=Sing","17","obl",NA,NA
"doc63",1,1,"to designate a global scientific body to develop proposals for MPAs which could be approved, kept under review and assisted at the global level and managed through regional processes.",112,114,20,"20","and","and","CCONJ","CC",NA,"21","cc",NA,NA
"doc63",1,1,"to designate a global scientific body to develop proposals for MPAs which could be approved, kept under review and assisted at the global level and managed through regional processes.",116,123,21,"21","assisted","assist","VERB","VBN","Tense=Past|VerbForm=Part","19","conj",NA,NA
"doc63",1,1,"to designate a global scientific body to develop proposals for MPAs which could be approved, kept under review and assisted at the global level and managed through regional processes.",125,126,22,"22","at","at","ADP","IN",NA,"25","case",NA,NA
"doc63",1,1,"to designate a global scientific body to develop proposals for MPAs which could be approved, kept under review and assisted at the global level and managed through regional processes.",128,130,23,"23","the","the","DET","DT","Definite=Def|PronType=Art","25","det",NA,NA
"doc63",1,1,"to designate a global scientific body to develop proposals for MPAs which could be approved, kept under review and assisted at the global level and managed through regional processes.",132,137,24,"24","global","global","ADJ","JJ","Degree=Pos","25","amod",NA,NA
"doc63",1,1,"to designate a global scientific body to develop proposals for MPAs which could be approved, kept under review and assisted at the global level and managed through regional processes.",139,143,25,"25","level","level","NOUN","NN","Number=Sing","17","nmod",NA,NA
"doc63",1,1,"to designate a global scientific body to develop proposals for MPAs which could be approved, kept under review and assisted at the global level and managed through regional processes.",145,147,26,"26","and","and","CCONJ","CC",NA,"27","cc",NA,NA
"doc63",1,1,"to designate a global scientific body to develop proposals for MPAs which could be approved, kept under review and assisted at the global level and managed through regional processes.",149,155,27,"27","managed","manage","VERB","VBN","Tense=Past|VerbForm=Part","17","conj",NA,NA
"doc63",1,1,"to designate a global scientific body to develop proposals for MPAs which could be approved, kept under review and assisted at the global level and managed through regional processes.",157,163,28,"28","through","through","ADP","IN",NA,"30","case",NA,NA
"doc63",1,1,"to designate a global scientific body to develop proposals for MPAs which could be approved, kept under review and assisted at the global level and managed through regional processes.",165,172,29,"29","regional","regional","ADJ","JJ","Degree=Pos","30","amod",NA,NA
"doc63",1,1,"to designate a global scientific body to develop proposals for MPAs which could be approved, kept under review and assisted at the global level and managed through regional processes.",174,182,30,"30","processes","process","NOUN","NNS","Number=Plur","27","obl",NA,"SpaceAfter=No"
"doc63",1,1,"to designate a global scientific body to develop proposals for MPAs which could be approved, kept under review and assisted at the global level and managed through regional processes.",183,183,31,"31",".",".","PUNCT",".",NA,"2","punct",NA,"SpacesAfter=\n"
"doc64",1,1,"to require that State Parties and competent regional and sectoral organisations coordinate sectoral area-based measures and integrate their plans to achieve healthy oceans and marine ecosystems with minimal loss of and adverse impacts on marine biodiversity in ABNJ.",1,2,1,"1","to","to","PART","TO",NA,"2","mark",NA,NA
"doc64",1,1,"to require that State Parties and competent regional and sectoral organisations coordinate sectoral area-based measures and integrate their plans to achieve healthy oceans and marine ecosystems with minimal loss of and adverse impacts on marine biodiversity in ABNJ.",4,10,2,"2","require","require","VERB","VB","VerbForm=Inf","0","root",NA,NA
"doc64",1,1,"to require that State Parties and competent regional and sectoral organisations coordinate sectoral area-based measures and integrate their plans to achieve healthy oceans and marine ecosystems with minimal loss of and adverse impacts on marine biodiversity in ABNJ.",12,15,3,"3","that","that","SCONJ","IN",NA,"12","mark",NA,NA
"doc64",1,1,"to require that State Parties and competent regional and sectoral organisations coordinate sectoral area-based measures and integrate their plans to achieve healthy oceans and marine ecosystems with minimal loss of and adverse impacts on marine biodiversity in ABNJ.",17,21,4,"4","State","State","PROPN","NNP","Number=Sing","5","compound",NA,NA
"doc64",1,1,"to require that State Parties and competent regional and sectoral organisations coordinate sectoral area-based measures and integrate their plans to achieve healthy oceans and marine ecosystems with minimal loss of and adverse impacts on marine biodiversity in ABNJ.",23,29,5,"5","Parties","Party","PROPN","NNPS","Number=Plur","12","nsubj",NA,NA
"doc64",1,1,"to require that State Parties and competent regional and sectoral organisations coordinate sectoral area-based measures and integrate their plans to achieve healthy oceans and marine ecosystems with minimal loss of and adverse impacts on marine biodiversity in ABNJ.",31,33,6,"6","and","and","CCONJ","CC",NA,"8","cc",NA,NA
"doc64",1,1,"to require that State Parties and competent regional and sectoral organisations coordinate sectoral area-based measures and integrate their plans to achieve healthy oceans and marine ecosystems with minimal loss of and adverse impacts on marine biodiversity in ABNJ.",35,43,7,"7","competent","competent","ADJ","JJ","Degree=Pos","8","amod",NA,NA
"doc64",1,1,"to require that State Parties and competent regional and sectoral organisations coordinate sectoral area-based measures and integrate their plans to achieve healthy oceans and marine ecosystems with minimal loss of and adverse impacts on marine biodiversity in ABNJ.",45,52,8,"8","regional","regional","ADJ","JJ","Degree=Pos","5","conj",NA,NA
"doc64",1,1,"to require that State Parties and competent regional and sectoral organisations coordinate sectoral area-based measures and integrate their plans to achieve healthy oceans and marine ecosystems with minimal loss of and adverse impacts on marine biodiversity in ABNJ.",54,56,9,"9","and","and","CCONJ","CC",NA,"11","cc",NA,NA
"doc64",1,1,"to require that State Parties and competent regional and sectoral organisations coordinate sectoral area-based measures and integrate their plans to achieve healthy oceans and marine ecosystems with minimal loss of and adverse impacts on marine biodiversity in ABNJ.",58,65,10,"10","sectoral","sectoral","ADJ","JJ","Degree=Pos","11","amod",NA,NA
"doc64",1,1,"to require that State Parties and competent regional and sectoral organisations coordinate sectoral area-based measures and integrate their plans to achieve healthy oceans and marine ecosystems with minimal loss of and adverse impacts on marine biodiversity in ABNJ.",67,79,11,"11","organisations","organisation","NOUN","NNS","Number=Plur","5","conj",NA,NA
"doc64",1,1,"to require that State Parties and competent regional and sectoral organisations coordinate sectoral area-based measures and integrate their plans to achieve healthy oceans and marine ecosystems with minimal loss of and adverse impacts on marine biodiversity in ABNJ.",81,90,12,"12","coordinate","coordinate","VERB","VBP","Mood=Ind|Tense=Pres|VerbForm=Fin","2","ccomp",NA,NA
"doc64",1,1,"to require that State Parties and competent regional and sectoral organisations coordinate sectoral area-based measures and integrate their plans to achieve healthy oceans and marine ecosystems with minimal loss of and adverse impacts on marine biodiversity in ABNJ.",92,99,13,"13","sectoral","sectoral","ADJ","JJ","Degree=Pos","14","amod",NA,NA
"doc64",1,1,"to require that State Parties and competent regional and sectoral organisations coordinate sectoral area-based measures and integrate their plans to achieve healthy oceans and marine ecosystems with minimal loss of and adverse impacts on marine biodiversity in ABNJ.",101,104,14,"14","area","area","NOUN","NN","Number=Sing","16","obl:npmod",NA,"SpaceAfter=No"
"doc64",1,1,"to require that State Parties and competent regional and sectoral organisations coordinate sectoral area-based measures and integrate their plans to achieve healthy oceans and marine ecosystems with minimal loss of and adverse impacts on marine biodiversity in ABNJ.",105,105,15,"15","-","-","PUNCT","HYPH",NA,"16","punct",NA,"SpaceAfter=No"
"doc64",1,1,"to require that State Parties and competent regional and sectoral organisations coordinate sectoral area-based measures and integrate their plans to achieve healthy oceans and marine ecosystems with minimal loss of and adverse impacts on marine biodiversity in ABNJ.",106,110,16,"16","based","base","VERB","VBN","Tense=Past|VerbForm=Part","17","amod",NA,NA
"doc64",1,1,"to require that State Parties and competent regional and sectoral organisations coordinate sectoral area-based measures and integrate their plans to achieve healthy oceans and marine ecosystems with minimal loss of and adverse impacts on marine biodiversity in ABNJ.",112,119,17,"17","measures","measure","NOUN","NNS","Number=Plur","12","obj",NA,NA
"doc64",1,1,"to require that State Parties and competent regional and sectoral organisations coordinate sectoral area-based measures and integrate their plans to achieve healthy oceans and marine ecosystems with minimal loss of and adverse impacts on marine biodiversity in ABNJ.",121,123,18,"18","and","and","CCONJ","CC",NA,"19","cc",NA,NA
"doc64",1,1,"to require that State Parties and competent regional and sectoral organisations coordinate sectoral area-based measures and integrate their plans to achieve healthy oceans and marine ecosystems with minimal loss of and adverse impacts on marine biodiversity in ABNJ.",125,133,19,"19","integrate","integrate","VERB","VBP","Mood=Ind|Tense=Pres|VerbForm=Fin","17","conj",NA,NA
"doc64",1,1,"to require that State Parties and competent regional and sectoral organisations coordinate sectoral area-based measures and integrate their plans to achieve healthy oceans and marine ecosystems with minimal loss of and adverse impacts on marine biodiversity in ABNJ.",135,139,20,"20","their","they","PRON","PRP$","Number=Plur|Person=3|Poss=Yes|PronType=Prs","21","nmod:poss",NA,NA
"doc64",1,1,"to require that State Parties and competent regional and sectoral organisations coordinate sectoral area-based measures and integrate their plans to achieve healthy oceans and marine ecosystems with minimal loss of and adverse impacts on marine biodiversity in ABNJ.",141,145,21,"21","plans","plan","NOUN","NNS","Number=Plur","19","obj",NA,NA
"doc64",1,1,"to require that State Parties and competent regional and sectoral organisations coordinate sectoral area-based measures and integrate their plans to achieve healthy oceans and marine ecosystems with minimal loss of and adverse impacts on marine biodiversity in ABNJ.",147,148,22,"22","to","to","PART","TO",NA,"23","mark",NA,NA
"doc64",1,1,"to require that State Parties and competent regional and sectoral organisations coordinate sectoral area-based measures and integrate their plans to achieve healthy oceans and marine ecosystems with minimal loss of and adverse impacts on marine biodiversity in ABNJ.",150,156,23,"23","achieve","achieve","VERB","VB","VerbForm=Inf","19","advcl",NA,NA
"doc64",1,1,"to require that State Parties and competent regional and sectoral organisations coordinate sectoral area-based measures and integrate their plans to achieve healthy oceans and marine ecosystems with minimal loss of and adverse impacts on marine biodiversity in ABNJ.",158,164,24,"24","healthy","healthy","ADJ","JJ","Degree=Pos","25","amod",NA,NA
"doc64",1,1,"to require that State Parties and competent regional and sectoral organisations coordinate sectoral area-based measures and integrate their plans to achieve healthy oceans and marine ecosystems with minimal loss of and adverse impacts on marine biodiversity in ABNJ.",166,171,25,"25","oceans","oceans","NOUN","NNS","Number=Plur","23","obj",NA,NA
"doc64",1,1,"to require that State Parties and competent regional and sectoral organisations coordinate sectoral area-based measures and integrate their plans to achieve healthy oceans and marine ecosystems with minimal loss of and adverse impacts on marine biodiversity in ABNJ.",173,175,26,"26","and","and","CCONJ","CC",NA,"28","cc",NA,NA
"doc64",1,1,"to require that State Parties and competent regional and sectoral organisations coordinate sectoral area-based measures and integrate their plans to achieve healthy oceans and marine ecosystems with minimal loss of and adverse impacts on marine biodiversity in ABNJ.",177,182,27,"27","marine","marine","NOUN","NN","Number=Sing","28","compound",NA,NA
"doc64",1,1,"to require that State Parties and competent regional and sectoral organisations coordinate sectoral area-based measures and integrate their plans to achieve healthy oceans and marine ecosystems with minimal loss of and adverse impacts on marine biodiversity in ABNJ.",184,193,28,"28","ecosystems","ecosystem","NOUN","NNS","Number=Plur","25","conj",NA,NA
"doc64",1,1,"to require that State Parties and competent regional and sectoral organisations coordinate sectoral area-based measures and integrate their plans to achieve healthy oceans and marine ecosystems with minimal loss of and adverse impacts on marine biodiversity in ABNJ.",195,198,29,"29","with","with","ADP","IN",NA,"31","case",NA,NA
"doc64",1,1,"to require that State Parties and competent regional and sectoral organisations coordinate sectoral area-based measures and integrate their plans to achieve healthy oceans and marine ecosystems with minimal loss of and adverse impacts on marine biodiversity in ABNJ.",200,206,30,"30","minimal","minimal","ADJ","JJ","Degree=Pos","31","amod",NA,NA
"doc64",1,1,"to require that State Parties and competent regional and sectoral organisations coordinate sectoral area-based measures and integrate their plans to achieve healthy oceans and marine ecosystems with minimal loss of and adverse impacts on marine biodiversity in ABNJ.",208,211,31,"31","loss","loss","NOUN","NN","Number=Sing","28","nmod",NA,NA
"doc64",1,1,"to require that State Parties and competent regional and sectoral organisations coordinate sectoral area-based measures and integrate their plans to achieve healthy oceans and marine ecosystems with minimal loss of and adverse impacts on marine biodiversity in ABNJ.",213,214,32,"32","of","of","ADP","IN",NA,"35","case",NA,NA
"doc64",1,1,"to require that State Parties and competent regional and sectoral organisations coordinate sectoral area-based measures and integrate their plans to achieve healthy oceans and marine ecosystems with minimal loss of and adverse impacts on marine biodiversity in ABNJ.",216,218,33,"33","and","and","CCONJ","CC",NA,"35","cc",NA,NA
"doc64",1,1,"to require that State Parties and competent regional and sectoral organisations coordinate sectoral area-based measures and integrate their plans to achieve healthy oceans and marine ecosystems with minimal loss of and adverse impacts on marine biodiversity in ABNJ.",220,226,34,"34","adverse","adverse","ADJ","JJ","Degree=Pos","35","amod",NA,NA
"doc64",1,1,"to require that State Parties and competent regional and sectoral organisations coordinate sectoral area-based measures and integrate their plans to achieve healthy oceans and marine ecosystems with minimal loss of and adverse impacts on marine biodiversity in ABNJ.",228,234,35,"35","impacts","impact","NOUN","NNS","Number=Plur","31","nmod",NA,NA
"doc64",1,1,"to require that State Parties and competent regional and sectoral organisations coordinate sectoral area-based measures and integrate their plans to achieve healthy oceans and marine ecosystems with minimal loss of and adverse impacts on marine biodiversity in ABNJ.",236,237,36,"36","on","on","ADP","IN",NA,"38","case",NA,NA
"doc64",1,1,"to require that State Parties and competent regional and sectoral organisations coordinate sectoral area-based measures and integrate their plans to achieve healthy oceans and marine ecosystems with minimal loss of and adverse impacts on marine biodiversity in ABNJ.",239,244,37,"37","marine","marine","NOUN","NN","Number=Sing","38","compound",NA,NA
"doc64",1,1,"to require that State Parties and competent regional and sectoral organisations coordinate sectoral area-based measures and integrate their plans to achieve healthy oceans and marine ecosystems with minimal loss of and adverse impacts on marine biodiversity in ABNJ.",246,257,38,"38","biodiversity","biodiversity","NOUN","NN","Number=Sing","35","nmod",NA,NA
"doc64",1,1,"to require that State Parties and competent regional and sectoral organisations coordinate sectoral area-based measures and integrate their plans to achieve healthy oceans and marine ecosystems with minimal loss of and adverse impacts on marine biodiversity in ABNJ.",259,260,39,"39","in","in","ADP","IN",NA,"40","case",NA,NA
"doc64",1,1,"to require that State Parties and competent regional and sectoral organisations coordinate sectoral area-based measures and integrate their plans to achieve healthy oceans and marine ecosystems with minimal loss of and adverse impacts on marine biodiversity in ABNJ.",262,265,40,"40","ABNJ","ABNJ","PROPN","NNP","Number=Sing","35","nmod",NA,"SpaceAfter=No"
"doc64",1,1,"to require that State Parties and competent regional and sectoral organisations coordinate sectoral area-based measures and integrate their plans to achieve healthy oceans and marine ecosystems with minimal loss of and adverse impacts on marine biodiversity in ABNJ.",266,266,41,"41",".",".","PUNCT",".",NA,"2","punct",NA,"SpacesAfter=\n"
"doc65",1,1,"Parties may commit to adopt measures to encourage compliance and guarantee that no stakeholder engages in activities contrary to the principles or purposes of the agreement.",1,7,1,"1","Parties","party","NOUN","NNS","Number=Plur","3","nsubj",NA,NA
"doc65",1,1,"Parties may commit to adopt measures to encourage compliance and guarantee that no stakeholder engages in activities contrary to the principles or purposes of the agreement.",9,11,2,"2","may","may","AUX","MD","VerbForm=Fin","3","aux",NA,NA
"doc65",1,1,"Parties may commit to adopt measures to encourage compliance and guarantee that no stakeholder engages in activities contrary to the principles or purposes of the agreement.",13,18,3,"3","commit","commit","VERB","VB","VerbForm=Inf","0","root",NA,NA
"doc65",1,1,"Parties may commit to adopt measures to encourage compliance and guarantee that no stakeholder engages in activities contrary to the principles or purposes of the agreement.",20,21,4,"4","to","to","PART","TO",NA,"5","mark",NA,NA
"doc65",1,1,"Parties may commit to adopt measures to encourage compliance and guarantee that no stakeholder engages in activities contrary to the principles or purposes of the agreement.",23,27,5,"5","adopt","adopt","VERB","VB","VerbForm=Inf","3","xcomp",NA,NA
"doc65",1,1,"Parties may commit to adopt measures to encourage compliance and guarantee that no stakeholder engages in activities contrary to the principles or purposes of the agreement.",29,36,6,"6","measures","measure","NOUN","NNS","Number=Plur","5","obj",NA,NA
"doc65",1,1,"Parties may commit to adopt measures to encourage compliance and guarantee that no stakeholder engages in activities contrary to the principles or purposes of the agreement.",38,39,7,"7","to","to","PART","TO",NA,"8","mark",NA,NA
"doc65",1,1,"Parties may commit to adopt measures to encourage compliance and guarantee that no stakeholder engages in activities contrary to the principles or purposes of the agreement.",41,49,8,"8","encourage","encourage","VERB","VB","VerbForm=Inf","5","advcl",NA,NA
"doc65",1,1,"Parties may commit to adopt measures to encourage compliance and guarantee that no stakeholder engages in activities contrary to the principles or purposes of the agreement.",51,60,9,"9","compliance","compliance","NOUN","NN","Number=Sing","8","obj",NA,NA
"doc65",1,1,"Parties may commit to adopt measures to encourage compliance and guarantee that no stakeholder engages in activities contrary to the principles or purposes of the agreement.",62,64,10,"10","and","and","CCONJ","CC",NA,"11","cc",NA,NA
"doc65",1,1,"Parties may commit to adopt measures to encourage compliance and guarantee that no stakeholder engages in activities contrary to the principles or purposes of the agreement.",66,74,11,"11","guarantee","guarantee","VERB","VBP","Mood=Ind|Tense=Pres|VerbForm=Fin","3","conj",NA,NA
"doc65",1,1,"Parties may commit to adopt measures to encourage compliance and guarantee that no stakeholder engages in activities contrary to the principles or purposes of the agreement.",76,79,12,"12","that","that","SCONJ","IN",NA,"15","mark",NA,NA
"doc65",1,1,"Parties may commit to adopt measures to encourage compliance and guarantee that no stakeholder engages in activities contrary to the principles or purposes of the agreement.",81,82,13,"13","no","no","DET","DT",NA,"15","det",NA,NA
"doc65",1,1,"Parties may commit to adopt measures to encourage compliance and guarantee that no stakeholder engages in activities contrary to the principles or purposes of the agreement.",84,94,14,"14","stakeholder","stakeholder","NOUN","NN","Number=Sing","15","compound",NA,NA
"doc65",1,1,"Parties may commit to adopt measures to encourage compliance and guarantee that no stakeholder engages in activities contrary to the principles or purposes of the agreement.",96,102,15,"15","engages","engage","NOUN","NNS","Number=Plur","11","ccomp",NA,NA
"doc65",1,1,"Parties may commit to adopt measures to encourage compliance and guarantee that no stakeholder engages in activities contrary to the principles or purposes of the agreement.",104,105,16,"16","in","in","ADP","IN",NA,"17","case",NA,NA
"doc65",1,1,"Parties may commit to adopt measures to encourage compliance and guarantee that no stakeholder engages in activities contrary to the principles or purposes of the agreement.",107,116,17,"17","activities","activity","NOUN","NNS","Number=Plur","15","nmod",NA,NA
"doc65",1,1,"Parties may commit to adopt measures to encourage compliance and guarantee that no stakeholder engages in activities contrary to the principles or purposes of the agreement.",118,125,18,"18","contrary","contrary","ADJ","JJ","Degree=Pos","17","amod",NA,NA
"doc65",1,1,"Parties may commit to adopt measures to encourage compliance and guarantee that no stakeholder engages in activities contrary to the principles or purposes of the agreement.",127,128,19,"19","to","to","ADP","IN",NA,"21","case",NA,NA
"doc65",1,1,"Parties may commit to adopt measures to encourage compliance and guarantee that no stakeholder engages in activities contrary to the principles or purposes of the agreement.",130,132,20,"20","the","the","DET","DT","Definite=Def|PronType=Art","21","det",NA,NA
"doc65",1,1,"Parties may commit to adopt measures to encourage compliance and guarantee that no stakeholder engages in activities contrary to the principles or purposes of the agreement.",134,143,21,"21","principles","principle","NOUN","NNS","Number=Plur","18","obl",NA,NA
"doc65",1,1,"Parties may commit to adopt measures to encourage compliance and guarantee that no stakeholder engages in activities contrary to the principles or purposes of the agreement.",145,146,22,"22","or","or","CCONJ","CC",NA,"23","cc",NA,NA
"doc65",1,1,"Parties may commit to adopt measures to encourage compliance and guarantee that no stakeholder engages in activities contrary to the principles or purposes of the agreement.",148,155,23,"23","purposes","purpose","NOUN","NNS","Number=Plur","21","conj",NA,NA
"doc65",1,1,"Parties may commit to adopt measures to encourage compliance and guarantee that no stakeholder engages in activities contrary to the principles or purposes of the agreement.",157,158,24,"24","of","of","ADP","IN",NA,"26","case",NA,NA
"doc65",1,1,"Parties may commit to adopt measures to encourage compliance and guarantee that no stakeholder engages in activities contrary to the principles or purposes of the agreement.",160,162,25,"25","the","the","DET","DT","Definite=Def|PronType=Art","26","det",NA,NA
"doc65",1,1,"Parties may commit to adopt measures to encourage compliance and guarantee that no stakeholder engages in activities contrary to the principles or purposes of the agreement.",164,172,26,"26","agreement","agreement","NOUN","NN","Number=Sing","21","nmod",NA,"SpaceAfter=No"
"doc65",1,1,"Parties may commit to adopt measures to encourage compliance and guarantee that no stakeholder engages in activities contrary to the principles or purposes of the agreement.",173,173,27,"27",".",".","PUNCT",".",NA,"3","punct",NA,"SpacesAfter=\n"
"doc66",1,1,"to provide an integrated and more uniform approach to the establishment of MPAs, which cannot be achieved through sectoral RFMOs.",1,2,1,"1","to","to","PART","TO",NA,"2","mark",NA,NA
"doc66",1,1,"to provide an integrated and more uniform approach to the establishment of MPAs, which cannot be achieved through sectoral RFMOs.",4,10,2,"2","provide","provide","VERB","VB","VerbForm=Inf","0","root",NA,NA
"doc66",1,1,"to provide an integrated and more uniform approach to the establishment of MPAs, which cannot be achieved through sectoral RFMOs.",12,13,3,"3","an","a","DET","DT","Definite=Ind|PronType=Art","8","det",NA,NA
"doc66",1,1,"to provide an integrated and more uniform approach to the establishment of MPAs, which cannot be achieved through sectoral RFMOs.",15,24,4,"4","integrated","integrated","ADJ","JJ","Degree=Pos","8","amod",NA,NA
"doc66",1,1,"to provide an integrated and more uniform approach to the establishment of MPAs, which cannot be achieved through sectoral RFMOs.",26,28,5,"5","and","and","CCONJ","CC",NA,"7","cc",NA,NA
"doc66",1,1,"to provide an integrated and more uniform approach to the establishment of MPAs, which cannot be achieved through sectoral RFMOs.",30,33,6,"6","more","more","ADV","RBR",NA,"7","advmod",NA,NA
"doc66",1,1,"to provide an integrated and more uniform approach to the establishment of MPAs, which cannot be achieved through sectoral RFMOs.",35,41,7,"7","uniform","uniform","ADJ","JJ","Degree=Pos","4","conj",NA,NA
"doc66",1,1,"to provide an integrated and more uniform approach to the establishment of MPAs, which cannot be achieved through sectoral RFMOs.",43,50,8,"8","approach","approach","NOUN","NN","Number=Sing","2","obj",NA,NA
"doc66",1,1,"to provide an integrated and more uniform approach to the establishment of MPAs, which cannot be achieved through sectoral RFMOs.",52,53,9,"9","to","to","ADP","IN",NA,"11","case",NA,NA
"doc66",1,1,"to provide an integrated and more uniform approach to the establishment of MPAs, which cannot be achieved through sectoral RFMOs.",55,57,10,"10","the","the","DET","DT","Definite=Def|PronType=Art","11","det",NA,NA
"doc66",1,1,"to provide an integrated and more uniform approach to the establishment of MPAs, which cannot be achieved through sectoral RFMOs.",59,71,11,"11","establishment","establishment","NOUN","NN","Number=Sing","8","nmod",NA,NA
"doc66",1,1,"to provide an integrated and more uniform approach to the establishment of MPAs, which cannot be achieved through sectoral RFMOs.",73,74,12,"12","of","of","ADP","IN",NA,"13","case",NA,NA
"doc66",1,1,"to provide an integrated and more uniform approach to the establishment of MPAs, which cannot be achieved through sectoral RFMOs.",76,79,13,"13","MPAs","MPAs","PROPN","NNP","Number=Sing","11","nmod",NA,"SpaceAfter=No"
"doc66",1,1,"to provide an integrated and more uniform approach to the establishment of MPAs, which cannot be achieved through sectoral RFMOs.",80,80,14,"14",",",",","PUNCT",",",NA,"2","punct",NA,NA
"doc66",1,1,"to provide an integrated and more uniform approach to the establishment of MPAs, which cannot be achieved through sectoral RFMOs.",82,86,15,"15","which","which","PRON","WDT","PronType=Rel","19","nsubj:pass",NA,NA
"doc66",1,1,"to provide an integrated and more uniform approach to the establishment of MPAs, which cannot be achieved through sectoral RFMOs.",88,90,16,"16","can","can","AUX","MD","VerbForm=Fin","19","aux",NA,"SpaceAfter=No"
"doc66",1,1,"to provide an integrated and more uniform approach to the establishment of MPAs, which cannot be achieved through sectoral RFMOs.",91,93,17,"17","not","not","PART","RB",NA,"19","advmod",NA,NA
"doc66",1,1,"to provide an integrated and more uniform approach to the establishment of MPAs, which cannot be achieved through sectoral RFMOs.",95,96,18,"18","be","be","AUX","VB","VerbForm=Inf","19","aux:pass",NA,NA
"doc66",1,1,"to provide an integrated and more uniform approach to the establishment of MPAs, which cannot be achieved through sectoral RFMOs.",98,105,19,"19","achieved","achieve","VERB","VBN","Tense=Past|VerbForm=Part|Voice=Pass","2","acl:relcl",NA,NA
"doc66",1,1,"to provide an integrated and more uniform approach to the establishment of MPAs, which cannot be achieved through sectoral RFMOs.",107,113,20,"20","through","through","ADP","IN",NA,"22","case",NA,NA
"doc66",1,1,"to provide an integrated and more uniform approach to the establishment of MPAs, which cannot be achieved through sectoral RFMOs.",115,122,21,"21","sectoral","sectoral","ADJ","JJ","Degree=Pos","22","amod",NA,NA
"doc66",1,1,"to provide an integrated and more uniform approach to the establishment of MPAs, which cannot be achieved through sectoral RFMOs.",124,128,22,"22","RFMOs","RFMOs","NOUN","NNS","Number=Plur","19","obl",NA,"SpaceAfter=No"
"doc66",1,1,"to provide an integrated and more uniform approach to the establishment of MPAs, which cannot be achieved through sectoral RFMOs.",129,129,23,"23",".",".","PUNCT",".",NA,"2","punct",NA,"SpacesAfter=\n"
"doc67",1,1,"to bring in new tools for the governance of marine biodiversity in ABNJ, such as multi-sectoral MPAs, strategic environmental assessments or an access and benefit-sharing mechanism.",1,2,1,"1","to","to","PART","TO",NA,"2","mark",NA,NA
"doc67",1,1,"to bring in new tools for the governance of marine biodiversity in ABNJ, such as multi-sectoral MPAs, strategic environmental assessments or an access and benefit-sharing mechanism.",4,8,2,"2","bring","bring","VERB","VB","VerbForm=Inf","0","root",NA,NA
"doc67",1,1,"to bring in new tools for the governance of marine biodiversity in ABNJ, such as multi-sectoral MPAs, strategic environmental assessments or an access and benefit-sharing mechanism.",10,11,3,"3","in","in","ADP","IN",NA,"5","case",NA,NA
"doc67",1,1,"to bring in new tools for the governance of marine biodiversity in ABNJ, such as multi-sectoral MPAs, strategic environmental assessments or an access and benefit-sharing mechanism.",13,15,4,"4","new","new","ADJ","JJ","Degree=Pos","5","amod",NA,NA
"doc67",1,1,"to bring in new tools for the governance of marine biodiversity in ABNJ, such as multi-sectoral MPAs, strategic environmental assessments or an access and benefit-sharing mechanism.",17,21,5,"5","tools","tool","NOUN","NNS","Number=Plur","2","obl",NA,NA
"doc67",1,1,"to bring in new tools for the governance of marine biodiversity in ABNJ, such as multi-sectoral MPAs, strategic environmental assessments or an access and benefit-sharing mechanism.",23,25,6,"6","for","for","ADP","IN",NA,"8","case",NA,NA
"doc67",1,1,"to bring in new tools for the governance of marine biodiversity in ABNJ, such as multi-sectoral MPAs, strategic environmental assessments or an access and benefit-sharing mechanism.",27,29,7,"7","the","the","DET","DT","Definite=Def|PronType=Art","8","det",NA,NA
"doc67",1,1,"to bring in new tools for the governance of marine biodiversity in ABNJ, such as multi-sectoral MPAs, strategic environmental assessments or an access and benefit-sharing mechanism.",31,40,8,"8","governance","governance","NOUN","NN","Number=Sing","2","obl",NA,NA
"doc67",1,1,"to bring in new tools for the governance of marine biodiversity in ABNJ, such as multi-sectoral MPAs, strategic environmental assessments or an access and benefit-sharing mechanism.",42,43,9,"9","of","of","ADP","IN",NA,"11","case",NA,NA
"doc67",1,1,"to bring in new tools for the governance of marine biodiversity in ABNJ, such as multi-sectoral MPAs, strategic environmental assessments or an access and benefit-sharing mechanism.",45,50,10,"10","marine","marine","NUM","CD","NumType=Card","11","nummod",NA,NA
"doc67",1,1,"to bring in new tools for the governance of marine biodiversity in ABNJ, such as multi-sectoral MPAs, strategic environmental assessments or an access and benefit-sharing mechanism.",52,63,11,"11","biodiversity","biodiversity","NOUN","NN","Number=Sing","8","nmod",NA,NA
"doc67",1,1,"to bring in new tools for the governance of marine biodiversity in ABNJ, such as multi-sectoral MPAs, strategic environmental assessments or an access and benefit-sharing mechanism.",65,66,12,"12","in","in","ADP","IN",NA,"13","case",NA,NA
"doc67",1,1,"to bring in new tools for the governance of marine biodiversity in ABNJ, such as multi-sectoral MPAs, strategic environmental assessments or an access and benefit-sharing mechanism.",68,71,13,"13","ABNJ","ABNJ","PROPN","NNP","Number=Sing","11","nmod",NA,"SpaceAfter=No"
"doc67",1,1,"to bring in new tools for the governance of marine biodiversity in ABNJ, such as multi-sectoral MPAs, strategic environmental assessments or an access and benefit-sharing mechanism.",72,72,14,"14",",",",","PUNCT",",",NA,"2","punct",NA,NA
"doc67",1,1,"to bring in new tools for the governance of marine biodiversity in ABNJ, such as multi-sectoral MPAs, strategic environmental assessments or an access and benefit-sharing mechanism.",74,77,15,"15","such","such","ADJ","JJ","Degree=Pos","18","case",NA,NA
"doc67",1,1,"to bring in new tools for the governance of marine biodiversity in ABNJ, such as multi-sectoral MPAs, strategic environmental assessments or an access and benefit-sharing mechanism.",79,80,16,"16","as","as","ADP","IN",NA,"15","fixed",NA,NA
"doc67",1,1,"to bring in new tools for the governance of marine biodiversity in ABNJ, such as multi-sectoral MPAs, strategic environmental assessments or an access and benefit-sharing mechanism.",82,95,17,"17","multi-sectoral","multi-sectoral","ADJ","JJ","Degree=Pos","18","amod",NA,NA
"doc67",1,1,"to bring in new tools for the governance of marine biodiversity in ABNJ, such as multi-sectoral MPAs, strategic environmental assessments or an access and benefit-sharing mechanism.",97,100,18,"18","MPAs","MPAs","NOUN","NNS","Number=Plur","2","obl",NA,"SpaceAfter=No"
"doc67",1,1,"to bring in new tools for the governance of marine biodiversity in ABNJ, such as multi-sectoral MPAs, strategic environmental assessments or an access and benefit-sharing mechanism.",101,101,19,"19",",",",","PUNCT",",",NA,"22","punct",NA,NA
"doc67",1,1,"to bring in new tools for the governance of marine biodiversity in ABNJ, such as multi-sectoral MPAs, strategic environmental assessments or an access and benefit-sharing mechanism.",103,111,20,"20","strategic","strategic","ADJ","JJ","Degree=Pos","22","amod",NA,NA
"doc67",1,1,"to bring in new tools for the governance of marine biodiversity in ABNJ, such as multi-sectoral MPAs, strategic environmental assessments or an access and benefit-sharing mechanism.",113,125,21,"21","environmental","environmental","ADJ","JJ","Degree=Pos","22","amod",NA,NA
"doc67",1,1,"to bring in new tools for the governance of marine biodiversity in ABNJ, such as multi-sectoral MPAs, strategic environmental assessments or an access and benefit-sharing mechanism.",127,137,22,"22","assessments","assessment","NOUN","NNS","Number=Plur","18","conj",NA,NA
"doc67",1,1,"to bring in new tools for the governance of marine biodiversity in ABNJ, such as multi-sectoral MPAs, strategic environmental assessments or an access and benefit-sharing mechanism.",139,140,23,"23","or","or","CCONJ","CC",NA,"25","cc",NA,NA
"doc67",1,1,"to bring in new tools for the governance of marine biodiversity in ABNJ, such as multi-sectoral MPAs, strategic environmental assessments or an access and benefit-sharing mechanism.",142,143,24,"24","an","a","DET","DT","Definite=Ind|PronType=Art","25","det",NA,NA
"doc67",1,1,"to bring in new tools for the governance of marine biodiversity in ABNJ, such as multi-sectoral MPAs, strategic environmental assessments or an access and benefit-sharing mechanism.",145,150,25,"25","access","access","NOUN","NN","Number=Sing","18","conj",NA,NA
"doc67",1,1,"to bring in new tools for the governance of marine biodiversity in ABNJ, such as multi-sectoral MPAs, strategic environmental assessments or an access and benefit-sharing mechanism.",152,154,26,"26","and","and","CCONJ","CC",NA,"30","cc",NA,NA
"doc67",1,1,"to bring in new tools for the governance of marine biodiversity in ABNJ, such as multi-sectoral MPAs, strategic environmental assessments or an access and benefit-sharing mechanism.",156,162,27,"27","benefit","benefit","NOUN","NN","Number=Sing","29","compound",NA,"SpaceAfter=No"
"doc67",1,1,"to bring in new tools for the governance of marine biodiversity in ABNJ, such as multi-sectoral MPAs, strategic environmental assessments or an access and benefit-sharing mechanism.",163,163,28,"28","-","-","PUNCT","HYPH",NA,"29","punct",NA,"SpaceAfter=No"
"doc67",1,1,"to bring in new tools for the governance of marine biodiversity in ABNJ, such as multi-sectoral MPAs, strategic environmental assessments or an access and benefit-sharing mechanism.",164,170,29,"29","sharing","share","NOUN","NN","Number=Sing","30","compound",NA,NA
"doc67",1,1,"to bring in new tools for the governance of marine biodiversity in ABNJ, such as multi-sectoral MPAs, strategic environmental assessments or an access and benefit-sharing mechanism.",172,180,30,"30","mechanism","mechanism","NOUN","NN","Number=Sing","18","conj",NA,"SpaceAfter=No"
"doc67",1,1,"to bring in new tools for the governance of marine biodiversity in ABNJ, such as multi-sectoral MPAs, strategic environmental assessments or an access and benefit-sharing mechanism.",181,181,31,"31",".",".","PUNCT",".",NA,"2","punct",NA,"SpacesAfter=\n"
"doc68",1,1,"to ensure consistent application of modern ocean governance principles in sectoral management regimes and provide for enhanced international cooperation.",1,2,1,"1","to","to","PART","TO",NA,"2","mark",NA,NA
"doc68",1,1,"to ensure consistent application of modern ocean governance principles in sectoral management regimes and provide for enhanced international cooperation.",4,9,2,"2","ensure","ensure","VERB","VB","VerbForm=Inf","0","root",NA,NA
"doc68",1,1,"to ensure consistent application of modern ocean governance principles in sectoral management regimes and provide for enhanced international cooperation.",11,20,3,"3","consistent","consistent","ADJ","JJ","Degree=Pos","4","amod",NA,NA
"doc68",1,1,"to ensure consistent application of modern ocean governance principles in sectoral management regimes and provide for enhanced international cooperation.",22,32,4,"4","application","application","NOUN","NN","Number=Sing","2","obj",NA,NA
"doc68",1,1,"to ensure consistent application of modern ocean governance principles in sectoral management regimes and provide for enhanced international cooperation.",34,35,5,"5","of","of","ADP","IN",NA,"9","case",NA,NA
"doc68",1,1,"to ensure consistent application of modern ocean governance principles in sectoral management regimes and provide for enhanced international cooperation.",37,42,6,"6","modern","modern","ADJ","JJ","Degree=Pos","9","amod",NA,NA
"doc68",1,1,"to ensure consistent application of modern ocean governance principles in sectoral management regimes and provide for enhanced international cooperation.",44,48,7,"7","ocean","ocean","NOUN","NN","Number=Sing","8","compound",NA,NA
"doc68",1,1,"to ensure consistent application of modern ocean governance principles in sectoral management regimes and provide for enhanced international cooperation.",50,59,8,"8","governance","governance","NOUN","NN","Number=Sing","9","compound",NA,NA
"doc68",1,1,"to ensure consistent application of modern ocean governance principles in sectoral management regimes and provide for enhanced international cooperation.",61,70,9,"9","principles","principle","NOUN","NNS","Number=Plur","4","nmod",NA,NA
"doc68",1,1,"to ensure consistent application of modern ocean governance principles in sectoral management regimes and provide for enhanced international cooperation.",72,73,10,"10","in","in","ADP","IN",NA,"13","case",NA,NA
"doc68",1,1,"to ensure consistent application of modern ocean governance principles in sectoral management regimes and provide for enhanced international cooperation.",75,82,11,"11","sectoral","sectoral","ADJ","JJ","Degree=Pos","13","amod",NA,NA
"doc68",1,1,"to ensure consistent application of modern ocean governance principles in sectoral management regimes and provide for enhanced international cooperation.",84,93,12,"12","management","management","NOUN","NN","Number=Sing","13","compound",NA,NA
"doc68",1,1,"to ensure consistent application of modern ocean governance principles in sectoral management regimes and provide for enhanced international cooperation.",95,101,13,"13","regimes","regime","NOUN","NNS","Number=Plur","9","nmod",NA,NA
"doc68",1,1,"to ensure consistent application of modern ocean governance principles in sectoral management regimes and provide for enhanced international cooperation.",103,105,14,"14","and","and","CCONJ","CC",NA,"15","cc",NA,NA
"doc68",1,1,"to ensure consistent application of modern ocean governance principles in sectoral management regimes and provide for enhanced international cooperation.",107,113,15,"15","provide","provide","VERB","VB","VerbForm=Inf","2","conj",NA,NA
"doc68",1,1,"to ensure consistent application of modern ocean governance principles in sectoral management regimes and provide for enhanced international cooperation.",115,117,16,"16","for","for","ADP","IN",NA,"19","case",NA,NA
"doc68",1,1,"to ensure consistent application of modern ocean governance principles in sectoral management regimes and provide for enhanced international cooperation.",119,126,17,"17","enhanced","enhanced","VERB","VBN","Tense=Past|VerbForm=Part","19","amod",NA,NA
"doc68",1,1,"to ensure consistent application of modern ocean governance principles in sectoral management regimes and provide for enhanced international cooperation.",128,140,18,"18","international","international","ADJ","JJ","Degree=Pos","19","amod",NA,NA
"doc68",1,1,"to ensure consistent application of modern ocean governance principles in sectoral management regimes and provide for enhanced international cooperation.",142,152,19,"19","cooperation","cooperation","NOUN","NN","Number=Sing","15","obl",NA,"SpaceAfter=No"
"doc68",1,1,"to ensure consistent application of modern ocean governance principles in sectoral management regimes and provide for enhanced international cooperation.",153,153,20,"20",".",".","PUNCT",".",NA,"2","punct",NA,"SpacesAfter=\n"
"doc69",1,1,"to develop a process for spatial planning designed to foster integrated ecosystem based planning and management which includes the establishment of the system of MPAs in ABNJ.",1,2,1,"1","to","to","PART","TO",NA,"2","mark",NA,NA
"doc69",1,1,"to develop a process for spatial planning designed to foster integrated ecosystem based planning and management which includes the establishment of the system of MPAs in ABNJ.",4,10,2,"2","develop","develop","VERB","VB","VerbForm=Inf","0","root",NA,NA
"doc69",1,1,"to develop a process for spatial planning designed to foster integrated ecosystem based planning and management which includes the establishment of the system of MPAs in ABNJ.",12,12,3,"3","a","a","DET","DT","Definite=Ind|PronType=Art","4","det",NA,NA
"doc69",1,1,"to develop a process for spatial planning designed to foster integrated ecosystem based planning and management which includes the establishment of the system of MPAs in ABNJ.",14,20,4,"4","process","process","NOUN","NN","Number=Sing","2","obj",NA,NA
"doc69",1,1,"to develop a process for spatial planning designed to foster integrated ecosystem based planning and management which includes the establishment of the system of MPAs in ABNJ.",22,24,5,"5","for","for","ADP","IN",NA,"7","case",NA,NA
"doc69",1,1,"to develop a process for spatial planning designed to foster integrated ecosystem based planning and management which includes the establishment of the system of MPAs in ABNJ.",26,32,6,"6","spatial","spatial","ADJ","JJ","Degree=Pos","7","amod",NA,NA
"doc69",1,1,"to develop a process for spatial planning designed to foster integrated ecosystem based planning and management which includes the establishment of the system of MPAs in ABNJ.",34,41,7,"7","planning","planning","NOUN","NN","Number=Sing","4","nmod",NA,NA
"doc69",1,1,"to develop a process for spatial planning designed to foster integrated ecosystem based planning and management which includes the establishment of the system of MPAs in ABNJ.",43,50,8,"8","designed","design","VERB","VBN","Tense=Past|VerbForm=Part","7","acl",NA,NA
"doc69",1,1,"to develop a process for spatial planning designed to foster integrated ecosystem based planning and management which includes the establishment of the system of MPAs in ABNJ.",52,53,9,"9","to","to","ADP","IN",NA,"10","case",NA,NA
"doc69",1,1,"to develop a process for spatial planning designed to foster integrated ecosystem based planning and management which includes the establishment of the system of MPAs in ABNJ.",55,60,10,"10","foster","foster","NOUN","NN","Number=Sing","8","obl",NA,NA
"doc69",1,1,"to develop a process for spatial planning designed to foster integrated ecosystem based planning and management which includes the establishment of the system of MPAs in ABNJ.",62,71,11,"11","integrated","integrate","VERB","VBN","Tense=Past|VerbForm=Part","10","acl",NA,NA
"doc69",1,1,"to develop a process for spatial planning designed to foster integrated ecosystem based planning and management which includes the establishment of the system of MPAs in ABNJ.",73,81,12,"12","ecosystem","ecosystem","NOUN","NN","Number=Sing","13","compound",NA,NA
"doc69",1,1,"to develop a process for spatial planning designed to foster integrated ecosystem based planning and management which includes the establishment of the system of MPAs in ABNJ.",83,87,13,"13","based","base","VERB","VBN","Tense=Past|VerbForm=Part","14","case",NA,NA
"doc69",1,1,"to develop a process for spatial planning designed to foster integrated ecosystem based planning and management which includes the establishment of the system of MPAs in ABNJ.",89,96,14,"14","planning","planning","NOUN","NN","Number=Sing","11","obl",NA,NA
"doc69",1,1,"to develop a process for spatial planning designed to foster integrated ecosystem based planning and management which includes the establishment of the system of MPAs in ABNJ.",98,100,15,"15","and","and","CCONJ","CC",NA,"16","cc",NA,NA
"doc69",1,1,"to develop a process for spatial planning designed to foster integrated ecosystem based planning and management which includes the establishment of the system of MPAs in ABNJ.",102,111,16,"16","management","management","NOUN","NN","Number=Sing","14","conj",NA,NA
"doc69",1,1,"to develop a process for spatial planning designed to foster integrated ecosystem based planning and management which includes the establishment of the system of MPAs in ABNJ.",113,117,17,"17","which","which","PRON","WDT","PronType=Rel","18","nsubj",NA,NA
"doc69",1,1,"to develop a process for spatial planning designed to foster integrated ecosystem based planning and management which includes the establishment of the system of MPAs in ABNJ.",119,126,18,"18","includes","include","VERB","VBZ","Mood=Ind|Number=Sing|Person=3|Tense=Pres|VerbForm=Fin","14","acl:relcl",NA,NA
"doc69",1,1,"to develop a process for spatial planning designed to foster integrated ecosystem based planning and management which includes the establishment of the system of MPAs in ABNJ.",128,130,19,"19","the","the","DET","DT","Definite=Def|PronType=Art","20","det",NA,NA
"doc69",1,1,"to develop a process for spatial planning designed to foster integrated ecosystem based planning and management which includes the establishment of the system of MPAs in ABNJ.",132,144,20,"20","establishment","establishment","NOUN","NN","Number=Sing","18","obj",NA,NA
"doc69",1,1,"to develop a process for spatial planning designed to foster integrated ecosystem based planning and management which includes the establishment of the system of MPAs in ABNJ.",146,147,21,"21","of","of","ADP","IN",NA,"23","case",NA,NA
"doc69",1,1,"to develop a process for spatial planning designed to foster integrated ecosystem based planning and management which includes the establishment of the system of MPAs in ABNJ.",149,151,22,"22","the","the","DET","DT","Definite=Def|PronType=Art","23","det",NA,NA
"doc69",1,1,"to develop a process for spatial planning designed to foster integrated ecosystem based planning and management which includes the establishment of the system of MPAs in ABNJ.",153,158,23,"23","system","system","NOUN","NN","Number=Sing","20","nmod",NA,NA
"doc69",1,1,"to develop a process for spatial planning designed to foster integrated ecosystem based planning and management which includes the establishment of the system of MPAs in ABNJ.",160,161,24,"24","of","of","ADP","IN",NA,"25","case",NA,NA
"doc69",1,1,"to develop a process for spatial planning designed to foster integrated ecosystem based planning and management which includes the establishment of the system of MPAs in ABNJ.",163,166,25,"25","MPAs","MPAs","NOUN","NNS","Number=Plur","23","nmod",NA,NA
"doc69",1,1,"to develop a process for spatial planning designed to foster integrated ecosystem based planning and management which includes the establishment of the system of MPAs in ABNJ.",168,169,26,"26","in","in","ADP","IN",NA,"27","case",NA,NA
"doc69",1,1,"to develop a process for spatial planning designed to foster integrated ecosystem based planning and management which includes the establishment of the system of MPAs in ABNJ.",171,174,27,"27","ABNJ","ABNJ","PROPN","NNP","Number=Sing","25","nmod",NA,"SpaceAfter=No"
"doc69",1,1,"to develop a process for spatial planning designed to foster integrated ecosystem based planning and management which includes the establishment of the system of MPAs in ABNJ.",175,175,28,"28",".",".","PUNCT",".",NA,"2","punct",NA,"SpacesAfter=\n"
"doc70",1,1,"to provide a framework for comprehensive, cross-sectoral integrated protection, modern management approaches and tools, as well as effective compliance and enforcement powers.",1,2,1,"1","to","to","PART","TO",NA,"2","mark",NA,NA
"doc70",1,1,"to provide a framework for comprehensive, cross-sectoral integrated protection, modern management approaches and tools, as well as effective compliance and enforcement powers.",4,10,2,"2","provide","provide","VERB","VB","VerbForm=Inf","0","root",NA,NA
"doc70",1,1,"to provide a framework for comprehensive, cross-sectoral integrated protection, modern management approaches and tools, as well as effective compliance and enforcement powers.",12,12,3,"3","a","a","DET","DT","Definite=Ind|PronType=Art","4","det",NA,NA
"doc70",1,1,"to provide a framework for comprehensive, cross-sectoral integrated protection, modern management approaches and tools, as well as effective compliance and enforcement powers.",14,22,4,"4","framework","framework","NOUN","NN","Number=Sing","2","obj",NA,NA
"doc70",1,1,"to provide a framework for comprehensive, cross-sectoral integrated protection, modern management approaches and tools, as well as effective compliance and enforcement powers.",24,26,5,"5","for","for","ADP","IN",NA,"6","case",NA,NA
"doc70",1,1,"to provide a framework for comprehensive, cross-sectoral integrated protection, modern management approaches and tools, as well as effective compliance and enforcement powers.",28,40,6,"6","comprehensive","comprehensive","ADJ","JJ","Degree=Pos","4","nmod",NA,"SpaceAfter=No"
"doc70",1,1,"to provide a framework for comprehensive, cross-sectoral integrated protection, modern management approaches and tools, as well as effective compliance and enforcement powers.",41,41,7,"7",",",",","PUNCT",",",NA,"10","punct",NA,NA
"doc70",1,1,"to provide a framework for comprehensive, cross-sectoral integrated protection, modern management approaches and tools, as well as effective compliance and enforcement powers.",43,56,8,"8","cross-sectoral","cross-sectoral","ADJ","JJ","Degree=Pos","10","amod",NA,NA
"doc70",1,1,"to provide a framework for comprehensive, cross-sectoral integrated protection, modern management approaches and tools, as well as effective compliance and enforcement powers.",58,67,9,"9","integrated","integrated","ADJ","JJ","Degree=Pos","10","amod",NA,NA
"doc70",1,1,"to provide a framework for comprehensive, cross-sectoral integrated protection, modern management approaches and tools, as well as effective compliance and enforcement powers.",69,78,10,"10","protection","protection","NOUN","NN","Number=Sing","2","conj",NA,"SpaceAfter=No"
"doc70",1,1,"to provide a framework for comprehensive, cross-sectoral integrated protection, modern management approaches and tools, as well as effective compliance and enforcement powers.",79,79,11,"11",",",",","PUNCT",",",NA,"14","punct",NA,NA
"doc70",1,1,"to provide a framework for comprehensive, cross-sectoral integrated protection, modern management approaches and tools, as well as effective compliance and enforcement powers.",81,86,12,"12","modern","modern","ADJ","JJ","Degree=Pos","13","amod",NA,NA
"doc70",1,1,"to provide a framework for comprehensive, cross-sectoral integrated protection, modern management approaches and tools, as well as effective compliance and enforcement powers.",88,97,13,"13","management","management","NOUN","NN","Number=Sing","14","compound",NA,NA
"doc70",1,1,"to provide a framework for comprehensive, cross-sectoral integrated protection, modern management approaches and tools, as well as effective compliance and enforcement powers.",99,108,14,"14","approaches","approach","NOUN","NNS","Number=Plur","2","conj",NA,NA
"doc70",1,1,"to provide a framework for comprehensive, cross-sectoral integrated protection, modern management approaches and tools, as well as effective compliance and enforcement powers.",110,112,15,"15","and","and","CCONJ","CC",NA,"16","cc",NA,NA
"doc70",1,1,"to provide a framework for comprehensive, cross-sectoral integrated protection, modern management approaches and tools, as well as effective compliance and enforcement powers.",114,118,16,"16","tools","tool","NOUN","NNS","Number=Plur","2","conj",NA,"SpaceAfter=No"
"doc70",1,1,"to provide a framework for comprehensive, cross-sectoral integrated protection, modern management approaches and tools, as well as effective compliance and enforcement powers.",119,119,17,"17",",",",","PUNCT",",",NA,"22","punct",NA,NA
"doc70",1,1,"to provide a framework for comprehensive, cross-sectoral integrated protection, modern management approaches and tools, as well as effective compliance and enforcement powers.",121,122,18,"18","as","as","ADV","RB",NA,"22","cc",NA,NA
"doc70",1,1,"to provide a framework for comprehensive, cross-sectoral integrated protection, modern management approaches and tools, as well as effective compliance and enforcement powers.",124,127,19,"19","well","well","ADV","RB","Degree=Pos","18","fixed",NA,NA
"doc70",1,1,"to provide a framework for comprehensive, cross-sectoral integrated protection, modern management approaches and tools, as well as effective compliance and enforcement powers.",129,130,20,"20","as","as","ADP","IN",NA,"18","fixed",NA,NA
"doc70",1,1,"to provide a framework for comprehensive, cross-sectoral integrated protection, modern management approaches and tools, as well as effective compliance and enforcement powers.",132,140,21,"21","effective","effective","ADJ","JJ","Degree=Pos","22","amod",NA,NA
"doc70",1,1,"to provide a framework for comprehensive, cross-sectoral integrated protection, modern management approaches and tools, as well as effective compliance and enforcement powers.",142,151,22,"22","compliance","compliance","NOUN","NN","Number=Sing","16","conj",NA,NA
"doc70",1,1,"to provide a framework for comprehensive, cross-sectoral integrated protection, modern management approaches and tools, as well as effective compliance and enforcement powers.",153,155,23,"23","and","and","CCONJ","CC",NA,"25","cc",NA,NA
"doc70",1,1,"to provide a framework for comprehensive, cross-sectoral integrated protection, modern management approaches and tools, as well as effective compliance and enforcement powers.",157,167,24,"24","enforcement","enforcement","NOUN","NN","Number=Sing","25","compound",NA,NA
"doc70",1,1,"to provide a framework for comprehensive, cross-sectoral integrated protection, modern management approaches and tools, as well as effective compliance and enforcement powers.",169,174,25,"25","powers","power","NOUN","NNS","Number=Plur","22","conj",NA,"SpaceAfter=No"
"doc70",1,1,"to provide a framework for comprehensive, cross-sectoral integrated protection, modern management approaches and tools, as well as effective compliance and enforcement powers.",175,175,26,"26",".",".","PUNCT",".",NA,"2","punct",NA,"SpacesAfter=\n"
"doc71",1,1,"to place an obligation on States Parties to support, in other fora, the recognition of the measures adopted under the treaty.",1,2,1,"1","to","to","PART","TO",NA,"2","mark",NA,NA
"doc71",1,1,"to place an obligation on States Parties to support, in other fora, the recognition of the measures adopted under the treaty.",4,8,2,"2","place","place","VERB","VB","VerbForm=Inf","0","root",NA,NA
"doc71",1,1,"to place an obligation on States Parties to support, in other fora, the recognition of the measures adopted under the treaty.",10,11,3,"3","an","a","DET","DT","Definite=Ind|PronType=Art","4","det",NA,NA
"doc71",1,1,"to place an obligation on States Parties to support, in other fora, the recognition of the measures adopted under the treaty.",13,22,4,"4","obligation","obligation","NOUN","NN","Number=Sing","2","obj",NA,NA
"doc71",1,1,"to place an obligation on States Parties to support, in other fora, the recognition of the measures adopted under the treaty.",24,25,5,"5","on","on","ADP","IN",NA,"7","case",NA,NA
"doc71",1,1,"to place an obligation on States Parties to support, in other fora, the recognition of the measures adopted under the treaty.",27,32,6,"6","States","states","PROPN","NNP","Number=Sing","7","compound",NA,NA
"doc71",1,1,"to place an obligation on States Parties to support, in other fora, the recognition of the measures adopted under the treaty.",34,40,7,"7","Parties","party","NOUN","NNS","Number=Plur","4","nmod",NA,NA
"doc71",1,1,"to place an obligation on States Parties to support, in other fora, the recognition of the measures adopted under the treaty.",42,43,8,"8","to","to","PART","TO",NA,"9","mark",NA,NA
"doc71",1,1,"to place an obligation on States Parties to support, in other fora, the recognition of the measures adopted under the treaty.",45,51,9,"9","support","support","VERB","VB","VerbForm=Inf","2","advcl",NA,"SpaceAfter=No"
"doc71",1,1,"to place an obligation on States Parties to support, in other fora, the recognition of the measures adopted under the treaty.",52,52,10,"10",",",",","PUNCT",",",NA,"2","punct",NA,NA
"doc71",1,1,"to place an obligation on States Parties to support, in other fora, the recognition of the measures adopted under the treaty.",54,55,11,"11","in","in","ADP","IN",NA,"13","case",NA,NA
"doc71",1,1,"to place an obligation on States Parties to support, in other fora, the recognition of the measures adopted under the treaty.",57,61,12,"12","other","other","ADJ","JJ","Degree=Pos","13","amod",NA,NA
"doc71",1,1,"to place an obligation on States Parties to support, in other fora, the recognition of the measures adopted under the treaty.",63,66,13,"13","fora","fora","NOUN","NN","Number=Sing","2","obl",NA,"SpaceAfter=No"
"doc71",1,1,"to place an obligation on States Parties to support, in other fora, the recognition of the measures adopted under the treaty.",67,67,14,"14",",",",","PUNCT",",",NA,"13","punct",NA,NA
"doc71",1,1,"to place an obligation on States Parties to support, in other fora, the recognition of the measures adopted under the treaty.",69,71,15,"15","the","the","DET","DT","Definite=Def|PronType=Art","16","det",NA,NA
"doc71",1,1,"to place an obligation on States Parties to support, in other fora, the recognition of the measures adopted under the treaty.",73,83,16,"16","recognition","recognition","NOUN","NN","Number=Sing","13","appos",NA,NA
"doc71",1,1,"to place an obligation on States Parties to support, in other fora, the recognition of the measures adopted under the treaty.",85,86,17,"17","of","of","ADP","IN",NA,"19","case",NA,NA
"doc71",1,1,"to place an obligation on States Parties to support, in other fora, the recognition of the measures adopted under the treaty.",88,90,18,"18","the","the","DET","DT","Definite=Def|PronType=Art","19","det",NA,NA
"doc71",1,1,"to place an obligation on States Parties to support, in other fora, the recognition of the measures adopted under the treaty.",92,99,19,"19","measures","measure","NOUN","NNS","Number=Plur","16","nmod",NA,NA
"doc71",1,1,"to place an obligation on States Parties to support, in other fora, the recognition of the measures adopted under the treaty.",101,107,20,"20","adopted","adopt","VERB","VBN","Tense=Past|VerbForm=Part","19","acl",NA,NA
"doc71",1,1,"to place an obligation on States Parties to support, in other fora, the recognition of the measures adopted under the treaty.",109,113,21,"21","under","under","ADP","IN",NA,"23","case",NA,NA
"doc71",1,1,"to place an obligation on States Parties to support, in other fora, the recognition of the measures adopted under the treaty.",115,117,22,"22","the","the","DET","DT","Definite=Def|PronType=Art","23","det",NA,NA
"doc71",1,1,"to place an obligation on States Parties to support, in other fora, the recognition of the measures adopted under the treaty.",119,124,23,"23","treaty","treaty","NOUN","NN","Number=Sing","20","obl",NA,"SpaceAfter=No"
"doc71",1,1,"to place an obligation on States Parties to support, in other fora, the recognition of the measures adopted under the treaty.",125,125,24,"24",".",".","PUNCT",".",NA,"2","punct",NA,"SpacesAfter=\n"
"doc72",1,1,"Underlying conservation, management and governance principles and an institutional framework for its implementation not well addressed in the new agreement.",1,10,1,"1","Underlying","underly","VERB","VBG","VerbForm=Ger","7","amod",NA,NA
"doc72",1,1,"Underlying conservation, management and governance principles and an institutional framework for its implementation not well addressed in the new agreement.",12,23,2,"2","conservation","conservation","NOUN","NN","Number=Sing","7","compound",NA,"SpaceAfter=No"
"doc72",1,1,"Underlying conservation, management and governance principles and an institutional framework for its implementation not well addressed in the new agreement.",24,24,3,"3",",",",","PUNCT",",",NA,"4","punct",NA,NA
"doc72",1,1,"Underlying conservation, management and governance principles and an institutional framework for its implementation not well addressed in the new agreement.",26,35,4,"4","management","management","NOUN","NN","Number=Sing","2","conj",NA,NA
"doc72",1,1,"Underlying conservation, management and governance principles and an institutional framework for its implementation not well addressed in the new agreement.",37,39,5,"5","and","and","CCONJ","CC",NA,"6","cc",NA,NA
"doc72",1,1,"Underlying conservation, management and governance principles and an institutional framework for its implementation not well addressed in the new agreement.",41,50,6,"6","governance","governance","NOUN","NN","Number=Sing","2","conj",NA,NA
"doc72",1,1,"Underlying conservation, management and governance principles and an institutional framework for its implementation not well addressed in the new agreement.",52,61,7,"7","principles","principle","NOUN","NNS","Number=Plur","17","nsubj",NA,NA
"doc72",1,1,"Underlying conservation, management and governance principles and an institutional framework for its implementation not well addressed in the new agreement.",63,65,8,"8","and","and","CCONJ","CC",NA,"11","cc",NA,NA
"doc72",1,1,"Underlying conservation, management and governance principles and an institutional framework for its implementation not well addressed in the new agreement.",67,68,9,"9","an","a","DET","DT","Definite=Ind|PronType=Art","11","det",NA,NA
"doc72",1,1,"Underlying conservation, management and governance principles and an institutional framework for its implementation not well addressed in the new agreement.",70,82,10,"10","institutional","institutional","ADJ","JJ","Degree=Pos","11","amod",NA,NA
"doc72",1,1,"Underlying conservation, management and governance principles and an institutional framework for its implementation not well addressed in the new agreement.",84,92,11,"11","framework","framework","NOUN","NN","Number=Sing","7","conj",NA,NA
"doc72",1,1,"Underlying conservation, management and governance principles and an institutional framework for its implementation not well addressed in the new agreement.",94,96,12,"12","for","for","ADP","IN",NA,"14","case",NA,NA
"doc72",1,1,"Underlying conservation, management and governance principles and an institutional framework for its implementation not well addressed in the new agreement.",98,100,13,"13","its","its","PRON","PRP$","Gender=Neut|Number=Sing|Person=3|Poss=Yes|PronType=Prs","14","nmod:poss",NA,NA
"doc72",1,1,"Underlying conservation, management and governance principles and an institutional framework for its implementation not well addressed in the new agreement.",102,115,14,"14","implementation","implementation","NOUN","NN","Number=Sing","7","nmod",NA,NA
"doc72",1,1,"Underlying conservation, management and governance principles and an institutional framework for its implementation not well addressed in the new agreement.",117,119,15,"15","not","not","ADV","RB",NA,"17","advmod",NA,NA
"doc72",1,1,"Underlying conservation, management and governance principles and an institutional framework for its implementation not well addressed in the new agreement.",121,124,16,"16","well","well","ADV","RB","Degree=Pos","17","advmod",NA,NA
"doc72",1,1,"Underlying conservation, management and governance principles and an institutional framework for its implementation not well addressed in the new agreement.",126,134,17,"17","addressed","address","VERB","VBN","Tense=Past|VerbForm=Part|Voice=Pass","0","root",NA,NA
"doc72",1,1,"Underlying conservation, management and governance principles and an institutional framework for its implementation not well addressed in the new agreement.",136,137,18,"18","in","in","ADP","IN",NA,"21","case",NA,NA
"doc72",1,1,"Underlying conservation, management and governance principles and an institutional framework for its implementation not well addressed in the new agreement.",139,141,19,"19","the","the","DET","DT","Definite=Def|PronType=Art","21","det",NA,NA
"doc72",1,1,"Underlying conservation, management and governance principles and an institutional framework for its implementation not well addressed in the new agreement.",143,145,20,"20","new","new","ADJ","JJ","Degree=Pos","21","amod",NA,NA
"doc72",1,1,"Underlying conservation, management and governance principles and an institutional framework for its implementation not well addressed in the new agreement.",147,155,21,"21","agreement","agreement","NOUN","NN","Number=Sing","17","obl",NA,"SpaceAfter=No"
"doc72",1,1,"Underlying conservation, management and governance principles and an institutional framework for its implementation not well addressed in the new agreement.",156,156,22,"22",".",".","PUNCT",".",NA,"17","punct",NA,"SpacesAfter=\n"
"doc73",1,1,"to include modern governance principles, such as ecosystem approach, the precautionary principle, transparency and participation in decision-marking processes, reflecting both legal and governance considerations.",1,2,1,"1","to","to","PART","TO",NA,"2","mark",NA,NA
"doc73",1,1,"to include modern governance principles, such as ecosystem approach, the precautionary principle, transparency and participation in decision-marking processes, reflecting both legal and governance considerations.",4,10,2,"2","include","include","VERB","VB","VerbForm=Inf","0","root",NA,NA
"doc73",1,1,"to include modern governance principles, such as ecosystem approach, the precautionary principle, transparency and participation in decision-marking processes, reflecting both legal and governance considerations.",12,17,3,"3","modern","modern","ADJ","JJ","Degree=Pos","5","amod",NA,NA
"doc73",1,1,"to include modern governance principles, such as ecosystem approach, the precautionary principle, transparency and participation in decision-marking processes, reflecting both legal and governance considerations.",19,28,4,"4","governance","governance","NOUN","NN","Number=Sing","5","compound",NA,NA
"doc73",1,1,"to include modern governance principles, such as ecosystem approach, the precautionary principle, transparency and participation in decision-marking processes, reflecting both legal and governance considerations.",30,39,5,"5","principles","principle","NOUN","NNS","Number=Plur","2","obj",NA,"SpaceAfter=No"
"doc73",1,1,"to include modern governance principles, such as ecosystem approach, the precautionary principle, transparency and participation in decision-marking processes, reflecting both legal and governance considerations.",40,40,6,"6",",",",","PUNCT",",",NA,"5","punct",NA,NA
"doc73",1,1,"to include modern governance principles, such as ecosystem approach, the precautionary principle, transparency and participation in decision-marking processes, reflecting both legal and governance considerations.",42,45,7,"7","such","such","ADJ","JJ","Degree=Pos","10","case",NA,NA
"doc73",1,1,"to include modern governance principles, such as ecosystem approach, the precautionary principle, transparency and participation in decision-marking processes, reflecting both legal and governance considerations.",47,48,8,"8","as","as","ADP","IN",NA,"7","fixed",NA,NA
"doc73",1,1,"to include modern governance principles, such as ecosystem approach, the precautionary principle, transparency and participation in decision-marking processes, reflecting both legal and governance considerations.",50,58,9,"9","ecosystem","ecosystem","NOUN","NN","Number=Sing","10","compound",NA,NA
"doc73",1,1,"to include modern governance principles, such as ecosystem approach, the precautionary principle, transparency and participation in decision-marking processes, reflecting both legal and governance considerations.",60,67,10,"10","approach","approach","NOUN","NN","Number=Sing","5","nmod",NA,"SpaceAfter=No"
"doc73",1,1,"to include modern governance principles, such as ecosystem approach, the precautionary principle, transparency and participation in decision-marking processes, reflecting both legal and governance considerations.",68,68,11,"11",",",",","PUNCT",",",NA,"14","punct",NA,NA
"doc73",1,1,"to include modern governance principles, such as ecosystem approach, the precautionary principle, transparency and participation in decision-marking processes, reflecting both legal and governance considerations.",70,72,12,"12","the","the","DET","DT","Definite=Def|PronType=Art","14","det",NA,NA
"doc73",1,1,"to include modern governance principles, such as ecosystem approach, the precautionary principle, transparency and participation in decision-marking processes, reflecting both legal and governance considerations.",74,86,13,"13","precautionary","precautionary","ADJ","JJ","Degree=Pos","14","amod",NA,NA
"doc73",1,1,"to include modern governance principles, such as ecosystem approach, the precautionary principle, transparency and participation in decision-marking processes, reflecting both legal and governance considerations.",88,96,14,"14","principle","principle","NOUN","NN","Number=Sing","2","appos",NA,"SpaceAfter=No"
"doc73",1,1,"to include modern governance principles, such as ecosystem approach, the precautionary principle, transparency and participation in decision-marking processes, reflecting both legal and governance considerations.",97,97,15,"15",",",",","PUNCT",",",NA,"16","punct",NA,NA
"doc73",1,1,"to include modern governance principles, such as ecosystem approach, the precautionary principle, transparency and participation in decision-marking processes, reflecting both legal and governance considerations.",99,110,16,"16","transparency","transparency","NOUN","NN","Number=Sing","14","conj",NA,NA
"doc73",1,1,"to include modern governance principles, such as ecosystem approach, the precautionary principle, transparency and participation in decision-marking processes, reflecting both legal and governance considerations.",112,114,17,"17","and","and","CCONJ","CC",NA,"18","cc",NA,NA
"doc73",1,1,"to include modern governance principles, such as ecosystem approach, the precautionary principle, transparency and participation in decision-marking processes, reflecting both legal and governance considerations.",116,128,18,"18","participation","participation","NOUN","NN","Number=Sing","14","conj",NA,NA
"doc73",1,1,"to include modern governance principles, such as ecosystem approach, the precautionary principle, transparency and participation in decision-marking processes, reflecting both legal and governance considerations.",130,131,19,"19","in","in","ADP","IN",NA,"23","case",NA,NA
"doc73",1,1,"to include modern governance principles, such as ecosystem approach, the precautionary principle, transparency and participation in decision-marking processes, reflecting both legal and governance considerations.",133,140,20,"20","decision","decision","NOUN","NN","Number=Sing","22","compound",NA,"SpaceAfter=No"
"doc73",1,1,"to include modern governance principles, such as ecosystem approach, the precautionary principle, transparency and participation in decision-marking processes, reflecting both legal and governance considerations.",141,141,21,"21","-","-","PUNCT","HYPH",NA,"22","punct",NA,"SpaceAfter=No"
"doc73",1,1,"to include modern governance principles, such as ecosystem approach, the precautionary principle, transparency and participation in decision-marking processes, reflecting both legal and governance considerations.",142,148,22,"22","marking","marking","NOUN","NN","Number=Sing","23","compound",NA,NA
"doc73",1,1,"to include modern governance principles, such as ecosystem approach, the precautionary principle, transparency and participation in decision-marking processes, reflecting both legal and governance considerations.",150,158,23,"23","processes","process","NOUN","NNS","Number=Plur","14","nmod",NA,"SpaceAfter=No"
"doc73",1,1,"to include modern governance principles, such as ecosystem approach, the precautionary principle, transparency and participation in decision-marking processes, reflecting both legal and governance considerations.",159,159,24,"24",",",",","PUNCT",",",NA,"23","punct",NA,NA
"doc73",1,1,"to include modern governance principles, such as ecosystem approach, the precautionary principle, transparency and participation in decision-marking processes, reflecting both legal and governance considerations.",161,170,25,"25","reflecting","reflect","VERB","VBG","VerbForm=Ger","23","acl",NA,NA
"doc73",1,1,"to include modern governance principles, such as ecosystem approach, the precautionary principle, transparency and participation in decision-marking processes, reflecting both legal and governance considerations.",172,175,26,"26","both","both","CCONJ","CC",NA,"27","cc:preconj",NA,NA
"doc73",1,1,"to include modern governance principles, such as ecosystem approach, the precautionary principle, transparency and participation in decision-marking processes, reflecting both legal and governance considerations.",177,181,27,"27","legal","legal","ADJ","JJ","Degree=Pos","30","amod",NA,NA
"doc73",1,1,"to include modern governance principles, such as ecosystem approach, the precautionary principle, transparency and participation in decision-marking processes, reflecting both legal and governance considerations.",183,185,28,"28","and","and","CCONJ","CC",NA,"29","cc",NA,NA
"doc73",1,1,"to include modern governance principles, such as ecosystem approach, the precautionary principle, transparency and participation in decision-marking processes, reflecting both legal and governance considerations.",187,196,29,"29","governance","governance","NOUN","NN","Number=Sing","27","conj",NA,NA
"doc73",1,1,"to include modern governance principles, such as ecosystem approach, the precautionary principle, transparency and participation in decision-marking processes, reflecting both legal and governance considerations.",198,211,30,"30","considerations","consideration","NOUN","NNS","Number=Plur","25","obj",NA,"SpaceAfter=No"
"doc73",1,1,"to include modern governance principles, such as ecosystem approach, the precautionary principle, transparency and participation in decision-marking processes, reflecting both legal and governance considerations.",212,212,31,"31",".",".","PUNCT",".",NA,"2","punct",NA,"SpacesAfter=\n"
"doc74",1,1,"to provide common overarching principles and objectives and a process for review of implementation and progress.",1,2,1,"1","to","to","PART","TO",NA,"2","mark",NA,NA
"doc74",1,1,"to provide common overarching principles and objectives and a process for review of implementation and progress.",4,10,2,"2","provide","provide","VERB","VB","VerbForm=Inf","0","root",NA,NA
"doc74",1,1,"to provide common overarching principles and objectives and a process for review of implementation and progress.",12,17,3,"3","common","common","ADJ","JJ","Degree=Pos","5","amod",NA,NA
"doc74",1,1,"to provide common overarching principles and objectives and a process for review of implementation and progress.",19,29,4,"4","overarching","overarching","NOUN","NN","Number=Sing","5","compound",NA,NA
"doc74",1,1,"to provide common overarching principles and objectives and a process for review of implementation and progress.",31,40,5,"5","principles","principle","NOUN","NNS","Number=Plur","2","obj",NA,NA
"doc74",1,1,"to provide common overarching principles and objectives and a process for review of implementation and progress.",42,44,6,"6","and","and","CCONJ","CC",NA,"7","cc",NA,NA
"doc74",1,1,"to provide common overarching principles and objectives and a process for review of implementation and progress.",46,55,7,"7","objectives","objective","NOUN","NNS","Number=Plur","5","conj",NA,NA
"doc74",1,1,"to provide common overarching principles and objectives and a process for review of implementation and progress.",57,59,8,"8","and","and","CCONJ","CC",NA,"10","cc",NA,NA
"doc74",1,1,"to provide common overarching principles and objectives and a process for review of implementation and progress.",61,61,9,"9","a","a","DET","DT","Definite=Ind|PronType=Art","10","det",NA,NA
"doc74",1,1,"to provide common overarching principles and objectives and a process for review of implementation and progress.",63,69,10,"10","process","process","NOUN","NN","Number=Sing","2","conj",NA,NA
"doc74",1,1,"to provide common overarching principles and objectives and a process for review of implementation and progress.",71,73,11,"11","for","for","ADP","IN",NA,"12","case",NA,NA
"doc74",1,1,"to provide common overarching principles and objectives and a process for review of implementation and progress.",75,80,12,"12","review","review","NOUN","NN","Number=Sing","10","nmod",NA,NA
"doc74",1,1,"to provide common overarching principles and objectives and a process for review of implementation and progress.",82,83,13,"13","of","of","ADP","IN",NA,"14","case",NA,NA
"doc74",1,1,"to provide common overarching principles and objectives and a process for review of implementation and progress.",85,98,14,"14","implementation","implementation","NOUN","NN","Number=Sing","12","nmod",NA,NA
"doc74",1,1,"to provide common overarching principles and objectives and a process for review of implementation and progress.",100,102,15,"15","and","and","CCONJ","CC",NA,"16","cc",NA,NA
"doc74",1,1,"to provide common overarching principles and objectives and a process for review of implementation and progress.",104,111,16,"16","progress","progress","NOUN","NN","Number=Sing","14","conj",NA,"SpaceAfter=No"
"doc74",1,1,"to provide common overarching principles and objectives and a process for review of implementation and progress.",112,112,17,"17",".",".","PUNCT",".",NA,"2","punct",NA,"SpacesAfter=\n"
"doc75",1,1,"to explain in detail the requirements for when an MPA should be put in place, the decision-making processes for putting it in place and for the identification of specific measures to be adopted, and the legal effects of such an MPA.",1,2,1,"1","to","to","PART","TO",NA,"2","mark",NA,NA
"doc75",1,1,"to explain in detail the requirements for when an MPA should be put in place, the decision-making processes for putting it in place and for the identification of specific measures to be adopted, and the legal effects of such an MPA.",4,10,2,"2","explain","explain","VERB","VB","VerbForm=Inf","0","root",NA,NA
"doc75",1,1,"to explain in detail the requirements for when an MPA should be put in place, the decision-making processes for putting it in place and for the identification of specific measures to be adopted, and the legal effects of such an MPA.",12,13,3,"3","in","in","ADP","IN",NA,"4","case",NA,NA
"doc75",1,1,"to explain in detail the requirements for when an MPA should be put in place, the decision-making processes for putting it in place and for the identification of specific measures to be adopted, and the legal effects of such an MPA.",15,20,4,"4","detail","detail","NOUN","NN","Number=Sing","2","obl",NA,NA
"doc75",1,1,"to explain in detail the requirements for when an MPA should be put in place, the decision-making processes for putting it in place and for the identification of specific measures to be adopted, and the legal effects of such an MPA.",22,24,5,"5","the","the","DET","DT","Definite=Def|PronType=Art","6","det",NA,NA
"doc75",1,1,"to explain in detail the requirements for when an MPA should be put in place, the decision-making processes for putting it in place and for the identification of specific measures to be adopted, and the legal effects of such an MPA.",26,37,6,"6","requirements","requirement","NOUN","NNS","Number=Plur","2","obj",NA,NA
"doc75",1,1,"to explain in detail the requirements for when an MPA should be put in place, the decision-making processes for putting it in place and for the identification of specific measures to be adopted, and the legal effects of such an MPA.",39,41,7,"7","for","for","SCONJ","IN",NA,"13","mark",NA,NA
"doc75",1,1,"to explain in detail the requirements for when an MPA should be put in place, the decision-making processes for putting it in place and for the identification of specific measures to be adopted, and the legal effects of such an MPA.",43,46,8,"8","when","when","ADV","WRB","PronType=Int","13","mark",NA,NA
"doc75",1,1,"to explain in detail the requirements for when an MPA should be put in place, the decision-making processes for putting it in place and for the identification of specific measures to be adopted, and the legal effects of such an MPA.",48,49,9,"9","an","a","DET","DT","Definite=Ind|PronType=Art","10","det",NA,NA
"doc75",1,1,"to explain in detail the requirements for when an MPA should be put in place, the decision-making processes for putting it in place and for the identification of specific measures to be adopted, and the legal effects of such an MPA.",51,53,10,"10","MPA","MPa","NOUN","NN","Number=Sing","13","nsubj:pass",NA,NA
"doc75",1,1,"to explain in detail the requirements for when an MPA should be put in place, the decision-making processes for putting it in place and for the identification of specific measures to be adopted, and the legal effects of such an MPA.",55,60,11,"11","should","should","AUX","MD","VerbForm=Fin","13","aux",NA,NA
"doc75",1,1,"to explain in detail the requirements for when an MPA should be put in place, the decision-making processes for putting it in place and for the identification of specific measures to be adopted, and the legal effects of such an MPA.",62,63,12,"12","be","be","AUX","VB","VerbForm=Inf","13","aux:pass",NA,NA
"doc75",1,1,"to explain in detail the requirements for when an MPA should be put in place, the decision-making processes for putting it in place and for the identification of specific measures to be adopted, and the legal effects of such an MPA.",65,67,13,"13","put","put","VERB","VBN","Tense=Past|VerbForm=Part|Voice=Pass","6","acl",NA,NA
"doc75",1,1,"to explain in detail the requirements for when an MPA should be put in place, the decision-making processes for putting it in place and for the identification of specific measures to be adopted, and the legal effects of such an MPA.",69,70,14,"14","in","in","ADP","IN",NA,"15","case",NA,NA
"doc75",1,1,"to explain in detail the requirements for when an MPA should be put in place, the decision-making processes for putting it in place and for the identification of specific measures to be adopted, and the legal effects of such an MPA.",72,76,15,"15","place","place","NOUN","NN","Number=Sing","13","obl",NA,"SpaceAfter=No"
"doc75",1,1,"to explain in detail the requirements for when an MPA should be put in place, the decision-making processes for putting it in place and for the identification of specific measures to be adopted, and the legal effects of such an MPA.",77,77,16,"16",",",",","PUNCT",",",NA,"2","punct",NA,NA
"doc75",1,1,"to explain in detail the requirements for when an MPA should be put in place, the decision-making processes for putting it in place and for the identification of specific measures to be adopted, and the legal effects of such an MPA.",79,81,17,"17","the","the","DET","DT","Definite=Def|PronType=Art","21","det",NA,NA
"doc75",1,1,"to explain in detail the requirements for when an MPA should be put in place, the decision-making processes for putting it in place and for the identification of specific measures to be adopted, and the legal effects of such an MPA.",83,90,18,"18","decision","decision","NOUN","NN","Number=Sing","20","compound",NA,"SpaceAfter=No"
"doc75",1,1,"to explain in detail the requirements for when an MPA should be put in place, the decision-making processes for putting it in place and for the identification of specific measures to be adopted, and the legal effects of such an MPA.",91,91,19,"19","-","-","PUNCT","HYPH",NA,"20","punct",NA,"SpaceAfter=No"
"doc75",1,1,"to explain in detail the requirements for when an MPA should be put in place, the decision-making processes for putting it in place and for the identification of specific measures to be adopted, and the legal effects of such an MPA.",92,97,20,"20","making","make","NOUN","NN","Number=Sing","21","compound",NA,NA
"doc75",1,1,"to explain in detail the requirements for when an MPA should be put in place, the decision-making processes for putting it in place and for the identification of specific measures to be adopted, and the legal effects of such an MPA.",99,107,21,"21","processes","process","NOUN","NNS","Number=Plur","2","obj",NA,NA
"doc75",1,1,"to explain in detail the requirements for when an MPA should be put in place, the decision-making processes for putting it in place and for the identification of specific measures to be adopted, and the legal effects of such an MPA.",109,111,22,"22","for","for","SCONJ","IN",NA,"23","mark",NA,NA
"doc75",1,1,"to explain in detail the requirements for when an MPA should be put in place, the decision-making processes for putting it in place and for the identification of specific measures to be adopted, and the legal effects of such an MPA.",113,119,23,"23","putting","put","VERB","VBG","VerbForm=Ger","21","acl",NA,NA
"doc75",1,1,"to explain in detail the requirements for when an MPA should be put in place, the decision-making processes for putting it in place and for the identification of specific measures to be adopted, and the legal effects of such an MPA.",121,122,24,"24","it","it","PRON","PRP","Case=Acc|Gender=Neut|Number=Sing|Person=3|PronType=Prs","23","obj",NA,NA
"doc75",1,1,"to explain in detail the requirements for when an MPA should be put in place, the decision-making processes for putting it in place and for the identification of specific measures to be adopted, and the legal effects of such an MPA.",124,125,25,"25","in","in","ADP","IN",NA,"26","case",NA,NA
"doc75",1,1,"to explain in detail the requirements for when an MPA should be put in place, the decision-making processes for putting it in place and for the identification of specific measures to be adopted, and the legal effects of such an MPA.",127,131,26,"26","place","place","NOUN","NN","Number=Sing","23","obl",NA,NA
"doc75",1,1,"to explain in detail the requirements for when an MPA should be put in place, the decision-making processes for putting it in place and for the identification of specific measures to be adopted, and the legal effects of such an MPA.",133,135,27,"27","and","and","CCONJ","CC",NA,"30","cc",NA,NA
"doc75",1,1,"to explain in detail the requirements for when an MPA should be put in place, the decision-making processes for putting it in place and for the identification of specific measures to be adopted, and the legal effects of such an MPA.",137,139,28,"28","for","for","ADP","IN",NA,"30","case",NA,NA
"doc75",1,1,"to explain in detail the requirements for when an MPA should be put in place, the decision-making processes for putting it in place and for the identification of specific measures to be adopted, and the legal effects of such an MPA.",141,143,29,"29","the","the","DET","DT","Definite=Def|PronType=Art","30","det",NA,NA
"doc75",1,1,"to explain in detail the requirements for when an MPA should be put in place, the decision-making processes for putting it in place and for the identification of specific measures to be adopted, and the legal effects of such an MPA.",145,158,30,"30","identification","identification","NOUN","NN","Number=Sing","21","conj",NA,NA
"doc75",1,1,"to explain in detail the requirements for when an MPA should be put in place, the decision-making processes for putting it in place and for the identification of specific measures to be adopted, and the legal effects of such an MPA.",160,161,31,"31","of","of","ADP","IN",NA,"33","case",NA,NA
"doc75",1,1,"to explain in detail the requirements for when an MPA should be put in place, the decision-making processes for putting it in place and for the identification of specific measures to be adopted, and the legal effects of such an MPA.",163,170,32,"32","specific","specific","ADJ","JJ","Degree=Pos","33","amod",NA,NA
"doc75",1,1,"to explain in detail the requirements for when an MPA should be put in place, the decision-making processes for putting it in place and for the identification of specific measures to be adopted, and the legal effects of such an MPA.",172,179,33,"33","measures","measure","NOUN","NNS","Number=Plur","30","nmod",NA,NA
"doc75",1,1,"to explain in detail the requirements for when an MPA should be put in place, the decision-making processes for putting it in place and for the identification of specific measures to be adopted, and the legal effects of such an MPA.",181,182,34,"34","to","to","PART","TO",NA,"36","mark",NA,NA
"doc75",1,1,"to explain in detail the requirements for when an MPA should be put in place, the decision-making processes for putting it in place and for the identification of specific measures to be adopted, and the legal effects of such an MPA.",184,185,35,"35","be","be","AUX","VB","VerbForm=Inf","36","aux:pass",NA,NA
"doc75",1,1,"to explain in detail the requirements for when an MPA should be put in place, the decision-making processes for putting it in place and for the identification of specific measures to be adopted, and the legal effects of such an MPA.",187,193,36,"36","adopted","adopt","VERB","VBN","Tense=Past|VerbForm=Part|Voice=Pass","30","acl",NA,"SpaceAfter=No"
"doc75",1,1,"to explain in detail the requirements for when an MPA should be put in place, the decision-making processes for putting it in place and for the identification of specific measures to be adopted, and the legal effects of such an MPA.",194,194,37,"37",",",",","PUNCT",",",NA,"41","punct",NA,NA
"doc75",1,1,"to explain in detail the requirements for when an MPA should be put in place, the decision-making processes for putting it in place and for the identification of specific measures to be adopted, and the legal effects of such an MPA.",196,198,38,"38","and","and","CCONJ","CC",NA,"41","cc",NA,NA
"doc75",1,1,"to explain in detail the requirements for when an MPA should be put in place, the decision-making processes for putting it in place and for the identification of specific measures to be adopted, and the legal effects of such an MPA.",200,202,39,"39","the","the","DET","DT","Definite=Def|PronType=Art","41","det",NA,NA
"doc75",1,1,"to explain in detail the requirements for when an MPA should be put in place, the decision-making processes for putting it in place and for the identification of specific measures to be adopted, and the legal effects of such an MPA.",204,208,40,"40","legal","legal","ADJ","JJ","Degree=Pos","41","amod",NA,NA
"doc75",1,1,"to explain in detail the requirements for when an MPA should be put in place, the decision-making processes for putting it in place and for the identification of specific measures to be adopted, and the legal effects of such an MPA.",210,216,41,"41","effects","effect","NOUN","NNS","Number=Plur","2","conj",NA,NA
"doc75",1,1,"to explain in detail the requirements for when an MPA should be put in place, the decision-making processes for putting it in place and for the identification of specific measures to be adopted, and the legal effects of such an MPA.",218,219,42,"42","of","of","ADP","IN",NA,"45","case",NA,NA
"doc75",1,1,"to explain in detail the requirements for when an MPA should be put in place, the decision-making processes for putting it in place and for the identification of specific measures to be adopted, and the legal effects of such an MPA.",221,224,43,"43","such","such","DET","PDT",NA,"45","det:predet",NA,NA
"doc75",1,1,"to explain in detail the requirements for when an MPA should be put in place, the decision-making processes for putting it in place and for the identification of specific measures to be adopted, and the legal effects of such an MPA.",226,227,44,"44","an","a","DET","DT","Definite=Ind|PronType=Art","45","det",NA,NA
"doc75",1,1,"to explain in detail the requirements for when an MPA should be put in place, the decision-making processes for putting it in place and for the identification of specific measures to be adopted, and the legal effects of such an MPA.",229,231,45,"45","MPA","MPa","NOUN","NN","Number=Sing","41","nmod",NA,"SpaceAfter=No"
"doc75",1,1,"to explain in detail the requirements for when an MPA should be put in place, the decision-making processes for putting it in place and for the identification of specific measures to be adopted, and the legal effects of such an MPA.",232,232,46,"46",".",".","PUNCT",".",NA,"2","punct",NA,"SpacesAfter=\n"
"doc76",1,1,"to build consensus to achieve ecology and equity in each of the four elements of the package deal.",1,2,1,"1","to","to","PART","TO",NA,"2","mark",NA,NA
"doc76",1,1,"to build consensus to achieve ecology and equity in each of the four elements of the package deal.",4,8,2,"2","build","build","VERB","VB","VerbForm=Inf","0","root",NA,NA
"doc76",1,1,"to build consensus to achieve ecology and equity in each of the four elements of the package deal.",10,18,3,"3","consensus","consensus","NOUN","NN","Number=Sing","2","obj",NA,NA
"doc76",1,1,"to build consensus to achieve ecology and equity in each of the four elements of the package deal.",20,21,4,"4","to","to","PART","TO",NA,"5","mark",NA,NA
"doc76",1,1,"to build consensus to achieve ecology and equity in each of the four elements of the package deal.",23,29,5,"5","achieve","achieve","VERB","VB","VerbForm=Inf","2","xcomp",NA,NA
"doc76",1,1,"to build consensus to achieve ecology and equity in each of the four elements of the package deal.",31,37,6,"6","ecology","ecology","NOUN","NN","Number=Sing","5","obj",NA,NA
"doc76",1,1,"to build consensus to achieve ecology and equity in each of the four elements of the package deal.",39,41,7,"7","and","and","CCONJ","CC",NA,"8","cc",NA,NA
"doc76",1,1,"to build consensus to achieve ecology and equity in each of the four elements of the package deal.",43,48,8,"8","equity","equity","NOUN","NN","Number=Sing","6","conj",NA,NA
"doc76",1,1,"to build consensus to achieve ecology and equity in each of the four elements of the package deal.",50,51,9,"9","in","in","ADP","IN",NA,"10","case",NA,NA
"doc76",1,1,"to build consensus to achieve ecology and equity in each of the four elements of the package deal.",53,56,10,"10","each","each","DET","DT",NA,"5","obl",NA,NA
"doc76",1,1,"to build consensus to achieve ecology and equity in each of the four elements of the package deal.",58,59,11,"11","of","of","ADP","IN",NA,"14","case",NA,NA
"doc76",1,1,"to build consensus to achieve ecology and equity in each of the four elements of the package deal.",61,63,12,"12","the","the","DET","DT","Definite=Def|PronType=Art","14","det",NA,NA
"doc76",1,1,"to build consensus to achieve ecology and equity in each of the four elements of the package deal.",65,68,13,"13","four","four","NUM","CD","NumType=Card","14","nummod",NA,NA
"doc76",1,1,"to build consensus to achieve ecology and equity in each of the four elements of the package deal.",70,77,14,"14","elements","element","NOUN","NNS","Number=Plur","10","nmod",NA,NA
"doc76",1,1,"to build consensus to achieve ecology and equity in each of the four elements of the package deal.",79,80,15,"15","of","of","ADP","IN",NA,"18","case",NA,NA
"doc76",1,1,"to build consensus to achieve ecology and equity in each of the four elements of the package deal.",82,84,16,"16","the","the","DET","DT","Definite=Def|PronType=Art","18","det",NA,NA
"doc76",1,1,"to build consensus to achieve ecology and equity in each of the four elements of the package deal.",86,92,17,"17","package","package","NOUN","NN","Number=Sing","18","compound",NA,NA
"doc76",1,1,"to build consensus to achieve ecology and equity in each of the four elements of the package deal.",94,97,18,"18","deal","deal","NOUN","NN","Number=Sing","14","nmod",NA,"SpaceAfter=No"
"doc76",1,1,"to build consensus to achieve ecology and equity in each of the four elements of the package deal.",98,98,19,"19",".",".","PUNCT",".",NA,"2","punct",NA,"SpacesAfter=\n"
"doc77",1,1,"to fix the current lack of cooperation and coordination, coherency and consistency across global, sectoral and regional regimes.",1,2,1,"1","to","to","PART","TO",NA,"2","mark",NA,NA
"doc77",1,1,"to fix the current lack of cooperation and coordination, coherency and consistency across global, sectoral and regional regimes.",4,6,2,"2","fix","fix","VERB","VB","VerbForm=Inf","0","root",NA,NA
"doc77",1,1,"to fix the current lack of cooperation and coordination, coherency and consistency across global, sectoral and regional regimes.",8,10,3,"3","the","the","DET","DT","Definite=Def|PronType=Art","5","det",NA,NA
"doc77",1,1,"to fix the current lack of cooperation and coordination, coherency and consistency across global, sectoral and regional regimes.",12,18,4,"4","current","current","ADJ","JJ","Degree=Pos","5","amod",NA,NA
"doc77",1,1,"to fix the current lack of cooperation and coordination, coherency and consistency across global, sectoral and regional regimes.",20,23,5,"5","lack","lack","NOUN","NN","Number=Sing","2","obj",NA,NA
"doc77",1,1,"to fix the current lack of cooperation and coordination, coherency and consistency across global, sectoral and regional regimes.",25,26,6,"6","of","of","ADP","IN",NA,"7","case",NA,NA
"doc77",1,1,"to fix the current lack of cooperation and coordination, coherency and consistency across global, sectoral and regional regimes.",28,38,7,"7","cooperation","cooperation","NOUN","NN","Number=Sing","5","nmod",NA,NA
"doc77",1,1,"to fix the current lack of cooperation and coordination, coherency and consistency across global, sectoral and regional regimes.",40,42,8,"8","and","and","CCONJ","CC",NA,"9","cc",NA,NA
"doc77",1,1,"to fix the current lack of cooperation and coordination, coherency and consistency across global, sectoral and regional regimes.",44,55,9,"9","coordination","coordination","NOUN","NN","Number=Sing","7","conj",NA,"SpaceAfter=No"
"doc77",1,1,"to fix the current lack of cooperation and coordination, coherency and consistency across global, sectoral and regional regimes.",56,56,10,"10",",",",","PUNCT",",",NA,"11","punct",NA,NA
"doc77",1,1,"to fix the current lack of cooperation and coordination, coherency and consistency across global, sectoral and regional regimes.",58,66,11,"11","coherency","coherency","NOUN","NN","Number=Sing","2","conj",NA,NA
"doc77",1,1,"to fix the current lack of cooperation and coordination, coherency and consistency across global, sectoral and regional regimes.",68,70,12,"12","and","and","CCONJ","CC",NA,"13","cc",NA,NA
"doc77",1,1,"to fix the current lack of cooperation and coordination, coherency and consistency across global, sectoral and regional regimes.",72,82,13,"13","consistency","consistency","NOUN","NN","Number=Sing","2","conj",NA,NA
"doc77",1,1,"to fix the current lack of cooperation and coordination, coherency and consistency across global, sectoral and regional regimes.",84,89,14,"14","across","across","ADP","IN",NA,"20","case",NA,NA
"doc77",1,1,"to fix the current lack of cooperation and coordination, coherency and consistency across global, sectoral and regional regimes.",91,96,15,"15","global","global","ADJ","JJ","Degree=Pos","20","amod",NA,"SpaceAfter=No"
"doc77",1,1,"to fix the current lack of cooperation and coordination, coherency and consistency across global, sectoral and regional regimes.",97,97,16,"16",",",",","PUNCT",",",NA,"17","punct",NA,NA
"doc77",1,1,"to fix the current lack of cooperation and coordination, coherency and consistency across global, sectoral and regional regimes.",99,106,17,"17","sectoral","sectoral","ADJ","JJ","Degree=Pos","15","conj",NA,NA
"doc77",1,1,"to fix the current lack of cooperation and coordination, coherency and consistency across global, sectoral and regional regimes.",108,110,18,"18","and","and","CCONJ","CC",NA,"19","cc",NA,NA
"doc77",1,1,"to fix the current lack of cooperation and coordination, coherency and consistency across global, sectoral and regional regimes.",112,119,19,"19","regional","regional","ADJ","JJ","Degree=Pos","15","conj",NA,NA
"doc77",1,1,"to fix the current lack of cooperation and coordination, coherency and consistency across global, sectoral and regional regimes.",121,127,20,"20","regimes","regime","NOUN","NNS","Number=Plur","13","nmod",NA,"SpaceAfter=No"
"doc77",1,1,"to fix the current lack of cooperation and coordination, coherency and consistency across global, sectoral and regional regimes.",128,128,21,"21",".",".","PUNCT",".",NA,"2","punct",NA,"SpacesAfter=\n"
"doc78",1,1,"Excluding fishing activities from the scope of the BBNJ agreement makes little sense.",1,9,1,"1","Excluding","exclude","VERB","VBG","VerbForm=Ger","3","amod",NA,NA
"doc78",1,1,"Excluding fishing activities from the scope of the BBNJ agreement makes little sense.",11,17,2,"2","fishing","fishing","NOUN","NN","Number=Sing","3","compound",NA,NA
"doc78",1,1,"Excluding fishing activities from the scope of the BBNJ agreement makes little sense.",19,28,3,"3","activities","activity","NOUN","NNS","Number=Plur","11","nsubj",NA,NA
"doc78",1,1,"Excluding fishing activities from the scope of the BBNJ agreement makes little sense.",30,33,4,"4","from","from","ADP","IN",NA,"6","case",NA,NA
"doc78",1,1,"Excluding fishing activities from the scope of the BBNJ agreement makes little sense.",35,37,5,"5","the","the","DET","DT","Definite=Def|PronType=Art","6","det",NA,NA
"doc78",1,1,"Excluding fishing activities from the scope of the BBNJ agreement makes little sense.",39,43,6,"6","scope","scope","NOUN","NN","Number=Sing","3","nmod",NA,NA
"doc78",1,1,"Excluding fishing activities from the scope of the BBNJ agreement makes little sense.",45,46,7,"7","of","of","ADP","IN",NA,"10","case",NA,NA
"doc78",1,1,"Excluding fishing activities from the scope of the BBNJ agreement makes little sense.",48,50,8,"8","the","the","DET","DT","Definite=Def|PronType=Art","10","det",NA,NA
"doc78",1,1,"Excluding fishing activities from the scope of the BBNJ agreement makes little sense.",52,55,9,"9","BBNJ","BBNJ","PROPN","NNP","Number=Sing","10","compound",NA,NA
"doc78",1,1,"Excluding fishing activities from the scope of the BBNJ agreement makes little sense.",57,65,10,"10","agreement","agreement","NOUN","NN","Number=Sing","6","nmod",NA,NA
"doc78",1,1,"Excluding fishing activities from the scope of the BBNJ agreement makes little sense.",67,71,11,"11","makes","make","VERB","VBZ","Mood=Ind|Number=Sing|Person=3|Tense=Pres|VerbForm=Fin","0","root",NA,NA
"doc78",1,1,"Excluding fishing activities from the scope of the BBNJ agreement makes little sense.",73,78,12,"12","little","little","ADJ","JJ","Degree=Pos","13","amod",NA,NA
"doc78",1,1,"Excluding fishing activities from the scope of the BBNJ agreement makes little sense.",80,84,13,"13","sense","sense","NOUN","NN","Number=Sing","11","obj",NA,"SpaceAfter=No"
"doc78",1,1,"Excluding fishing activities from the scope of the BBNJ agreement makes little sense.",85,85,14,"14",".",".","PUNCT",".",NA,"11","punct",NA,"SpacesAfter=\n"
"doc79",1,1,"to use guiding principles to establish MPAs and to conduct EIAs",1,2,1,"1","to","to","PART","TO",NA,"2","mark",NA,NA
"doc79",1,1,"to use guiding principles to establish MPAs and to conduct EIAs",4,6,2,"2","use","use","VERB","VB","VerbForm=Inf","0","root",NA,NA
"doc79",1,1,"to use guiding principles to establish MPAs and to conduct EIAs",8,14,3,"3","guiding","guiding","VERB","VBG","VerbForm=Ger","4","amod",NA,NA
"doc79",1,1,"to use guiding principles to establish MPAs and to conduct EIAs",16,25,4,"4","principles","principle","NOUN","NNS","Number=Plur","2","obj",NA,NA
"doc79",1,1,"to use guiding principles to establish MPAs and to conduct EIAs",27,28,5,"5","to","to","PART","TO",NA,"6","mark",NA,NA
"doc79",1,1,"to use guiding principles to establish MPAs and to conduct EIAs",30,38,6,"6","establish","establish","VERB","VB","VerbForm=Inf","2","advcl",NA,NA
"doc79",1,1,"to use guiding principles to establish MPAs and to conduct EIAs",40,43,7,"7","MPAs","MPAs","PROPN","NNP","Number=Sing","6","obj",NA,NA
"doc79",1,1,"to use guiding principles to establish MPAs and to conduct EIAs",45,47,8,"8","and","and","CCONJ","CC",NA,"10","cc",NA,NA
"doc79",1,1,"to use guiding principles to establish MPAs and to conduct EIAs",49,50,9,"9","to","to","PART","TO",NA,"10","mark",NA,NA
"doc79",1,1,"to use guiding principles to establish MPAs and to conduct EIAs",52,58,10,"10","conduct","conduct","VERB","VB","VerbForm=Inf","6","conj",NA,NA
"doc79",1,1,"to use guiding principles to establish MPAs and to conduct EIAs",60,63,11,"11","EIAs","EIAs","PROPN","NNP","Number=Sing","10","obj",NA,"SpacesAfter=\n"
"doc80",1,1,"to prevent duplication of effort and enhancing exchange of best practices and information amongst regional and sectoral organizations.",1,2,1,"1","to","to","PART","TO",NA,"2","mark",NA,NA
"doc80",1,1,"to prevent duplication of effort and enhancing exchange of best practices and information amongst regional and sectoral organizations.",4,10,2,"2","prevent","prevent","VERB","VB","VerbForm=Inf","0","root",NA,NA
"doc80",1,1,"to prevent duplication of effort and enhancing exchange of best practices and information amongst regional and sectoral organizations.",12,22,3,"3","duplication","duplication","NOUN","NN","Number=Sing","2","obj",NA,NA
"doc80",1,1,"to prevent duplication of effort and enhancing exchange of best practices and information amongst regional and sectoral organizations.",24,25,4,"4","of","of","ADP","IN",NA,"5","case",NA,NA
"doc80",1,1,"to prevent duplication of effort and enhancing exchange of best practices and information amongst regional and sectoral organizations.",27,32,5,"5","effort","effort","NOUN","NN","Number=Sing","3","nmod",NA,NA
"doc80",1,1,"to prevent duplication of effort and enhancing exchange of best practices and information amongst regional and sectoral organizations.",34,36,6,"6","and","and","CCONJ","CC",NA,"7","cc",NA,NA
"doc80",1,1,"to prevent duplication of effort and enhancing exchange of best practices and information amongst regional and sectoral organizations.",38,46,7,"7","enhancing","enhance","VERB","VBG","VerbForm=Ger","2","conj",NA,NA
"doc80",1,1,"to prevent duplication of effort and enhancing exchange of best practices and information amongst regional and sectoral organizations.",48,55,8,"8","exchange","exchange","NOUN","NN","Number=Sing","7","obj",NA,NA
"doc80",1,1,"to prevent duplication of effort and enhancing exchange of best practices and information amongst regional and sectoral organizations.",57,58,9,"9","of","of","ADP","IN",NA,"11","case",NA,NA
"doc80",1,1,"to prevent duplication of effort and enhancing exchange of best practices and information amongst regional and sectoral organizations.",60,63,10,"10","best","best","ADJ","JJS","Degree=Sup","11","amod",NA,NA
"doc80",1,1,"to prevent duplication of effort and enhancing exchange of best practices and information amongst regional and sectoral organizations.",65,73,11,"11","practices","practice","NOUN","NNS","Number=Plur","8","nmod",NA,NA
"doc80",1,1,"to prevent duplication of effort and enhancing exchange of best practices and information amongst regional and sectoral organizations.",75,77,12,"12","and","and","CCONJ","CC",NA,"13","cc",NA,NA
"doc80",1,1,"to prevent duplication of effort and enhancing exchange of best practices and information amongst regional and sectoral organizations.",79,89,13,"13","information","information","NOUN","NN","Number=Sing","11","conj",NA,NA
"doc80",1,1,"to prevent duplication of effort and enhancing exchange of best practices and information amongst regional and sectoral organizations.",91,97,14,"14","amongst","amongst","ADP","IN",NA,"18","case",NA,NA
"doc80",1,1,"to prevent duplication of effort and enhancing exchange of best practices and information amongst regional and sectoral organizations.",99,106,15,"15","regional","regional","ADJ","JJ","Degree=Pos","18","amod",NA,NA
"doc80",1,1,"to prevent duplication of effort and enhancing exchange of best practices and information amongst regional and sectoral organizations.",108,110,16,"16","and","and","CCONJ","CC",NA,"17","cc",NA,NA
"doc80",1,1,"to prevent duplication of effort and enhancing exchange of best practices and information amongst regional and sectoral organizations.",112,119,17,"17","sectoral","sectoral","ADJ","JJ","Degree=Pos","15","conj",NA,NA
"doc80",1,1,"to prevent duplication of effort and enhancing exchange of best practices and information amongst regional and sectoral organizations.",121,133,18,"18","organizations","organization","NOUN","NNS","Number=Plur","11","nmod",NA,"SpaceAfter=No"
"doc80",1,1,"to prevent duplication of effort and enhancing exchange of best practices and information amongst regional and sectoral organizations.",134,134,19,"19",".",".","PUNCT",".",NA,"2","punct",NA,"SpacesAfter=\n"
"doc81",1,1,"the difficulty to apply the measures to non-States.",1,3,1,"1","the","the","DET","DT","Definite=Def|PronType=Art","2","det",NA,NA
"doc81",1,1,"the difficulty to apply the measures to non-States.",5,14,2,"2","difficulty","difficulty","NOUN","NN","Number=Sing","0","root",NA,NA
"doc81",1,1,"the difficulty to apply the measures to non-States.",16,17,3,"3","to","to","PART","TO",NA,"4","mark",NA,NA
"doc81",1,1,"the difficulty to apply the measures to non-States.",19,23,4,"4","apply","apply","VERB","VB","VerbForm=Inf","2","acl",NA,NA
"doc81",1,1,"the difficulty to apply the measures to non-States.",25,27,5,"5","the","the","DET","DT","Definite=Def|PronType=Art","6","det",NA,NA
"doc81",1,1,"the difficulty to apply the measures to non-States.",29,36,6,"6","measures","measure","NOUN","NNS","Number=Plur","4","obj",NA,NA
"doc81",1,1,"the difficulty to apply the measures to non-States.",38,39,7,"7","to","to","ADP","IN",NA,"8","case",NA,NA
"doc81",1,1,"the difficulty to apply the measures to non-States.",41,50,8,"8","non-States","non-States","NOUN","NNS","Number=Plur","4","obl",NA,"SpaceAfter=No"
"doc81",1,1,"the difficulty to apply the measures to non-States.",51,51,9,"9",".",".","PUNCT",".",NA,"2","punct",NA,"SpacesAfter=\n"
"doc82",1,1,"to create stronger vertical and horizontal linkages between regional environmental protection frameworks and global and regional bodies with sectoral responsibilities.",1,2,1,"1","to","to","PART","TO",NA,"2","mark",NA,NA
"doc82",1,1,"to create stronger vertical and horizontal linkages between regional environmental protection frameworks and global and regional bodies with sectoral responsibilities.",4,9,2,"2","create","create","VERB","VB","VerbForm=Inf","0","root",NA,NA
"doc82",1,1,"to create stronger vertical and horizontal linkages between regional environmental protection frameworks and global and regional bodies with sectoral responsibilities.",11,18,3,"3","stronger","stronger","ADJ","JJR","Degree=Cmp","7","amod",NA,NA
"doc82",1,1,"to create stronger vertical and horizontal linkages between regional environmental protection frameworks and global and regional bodies with sectoral responsibilities.",20,27,4,"4","vertical","vertical","ADJ","JJ","Degree=Pos","7","amod",NA,NA
"doc82",1,1,"to create stronger vertical and horizontal linkages between regional environmental protection frameworks and global and regional bodies with sectoral responsibilities.",29,31,5,"5","and","and","CCONJ","CC",NA,"6","cc",NA,NA
"doc82",1,1,"to create stronger vertical and horizontal linkages between regional environmental protection frameworks and global and regional bodies with sectoral responsibilities.",33,42,6,"6","horizontal","horizontal","ADJ","JJ","Degree=Pos","4","conj",NA,NA
"doc82",1,1,"to create stronger vertical and horizontal linkages between regional environmental protection frameworks and global and regional bodies with sectoral responsibilities.",44,51,7,"7","linkages","linkage","NOUN","NNS","Number=Plur","2","obj",NA,NA
"doc82",1,1,"to create stronger vertical and horizontal linkages between regional environmental protection frameworks and global and regional bodies with sectoral responsibilities.",53,59,8,"8","between","between","ADP","IN",NA,"12","case",NA,NA
"doc82",1,1,"to create stronger vertical and horizontal linkages between regional environmental protection frameworks and global and regional bodies with sectoral responsibilities.",61,68,9,"9","regional","regional","ADJ","JJ","Degree=Pos","12","amod",NA,NA
"doc82",1,1,"to create stronger vertical and horizontal linkages between regional environmental protection frameworks and global and regional bodies with sectoral responsibilities.",70,82,10,"10","environmental","environmental","ADJ","JJ","Degree=Pos","11","amod",NA,NA
"doc82",1,1,"to create stronger vertical and horizontal linkages between regional environmental protection frameworks and global and regional bodies with sectoral responsibilities.",84,93,11,"11","protection","protection","NOUN","NN","Number=Sing","12","compound",NA,NA
"doc82",1,1,"to create stronger vertical and horizontal linkages between regional environmental protection frameworks and global and regional bodies with sectoral responsibilities.",95,104,12,"12","frameworks","framework","NOUN","NNS","Number=Plur","7","nmod",NA,NA
"doc82",1,1,"to create stronger vertical and horizontal linkages between regional environmental protection frameworks and global and regional bodies with sectoral responsibilities.",106,108,13,"13","and","and","CCONJ","CC",NA,"17","cc",NA,NA
"doc82",1,1,"to create stronger vertical and horizontal linkages between regional environmental protection frameworks and global and regional bodies with sectoral responsibilities.",110,115,14,"14","global","global","ADJ","JJ","Degree=Pos","17","amod",NA,NA
"doc82",1,1,"to create stronger vertical and horizontal linkages between regional environmental protection frameworks and global and regional bodies with sectoral responsibilities.",117,119,15,"15","and","and","CCONJ","CC",NA,"16","cc",NA,NA
"doc82",1,1,"to create stronger vertical and horizontal linkages between regional environmental protection frameworks and global and regional bodies with sectoral responsibilities.",121,128,16,"16","regional","regional","ADJ","JJ","Degree=Pos","14","conj",NA,NA
"doc82",1,1,"to create stronger vertical and horizontal linkages between regional environmental protection frameworks and global and regional bodies with sectoral responsibilities.",130,135,17,"17","bodies","body","NOUN","NNS","Number=Plur","12","conj",NA,NA
"doc82",1,1,"to create stronger vertical and horizontal linkages between regional environmental protection frameworks and global and regional bodies with sectoral responsibilities.",137,140,18,"18","with","with","ADP","IN",NA,"20","case",NA,NA
"doc82",1,1,"to create stronger vertical and horizontal linkages between regional environmental protection frameworks and global and regional bodies with sectoral responsibilities.",142,149,19,"19","sectoral","sectoral","ADJ","JJ","Degree=Pos","20","amod",NA,NA
"doc82",1,1,"to create stronger vertical and horizontal linkages between regional environmental protection frameworks and global and regional bodies with sectoral responsibilities.",151,166,20,"20","responsibilities","responsibility","NOUN","NNS","Number=Plur","17","nmod",NA,"SpaceAfter=No"
"doc82",1,1,"to create stronger vertical and horizontal linkages between regional environmental protection frameworks and global and regional bodies with sectoral responsibilities.",167,167,21,"21",".",".","PUNCT",".",NA,"2","punct",NA,"SpacesAfter=\n"
"doc83",1,1,"to establish a compliance commission charged with reviewing the performance of States, RFMOs and other regional entities to enhance implementation.",1,2,1,"1","to","to","PART","TO",NA,"2","mark",NA,NA
"doc83",1,1,"to establish a compliance commission charged with reviewing the performance of States, RFMOs and other regional entities to enhance implementation.",4,12,2,"2","establish","establish","VERB","VB","VerbForm=Inf","0","root",NA,NA
"doc83",1,1,"to establish a compliance commission charged with reviewing the performance of States, RFMOs and other regional entities to enhance implementation.",14,14,3,"3","a","a","DET","DT","Definite=Ind|PronType=Art","5","det",NA,NA
"doc83",1,1,"to establish a compliance commission charged with reviewing the performance of States, RFMOs and other regional entities to enhance implementation.",16,25,4,"4","compliance","compliance","NOUN","NN","Number=Sing","5","compound",NA,NA
"doc83",1,1,"to establish a compliance commission charged with reviewing the performance of States, RFMOs and other regional entities to enhance implementation.",27,36,5,"5","commission","commission","NOUN","NN","Number=Sing","2","obj",NA,NA
"doc83",1,1,"to establish a compliance commission charged with reviewing the performance of States, RFMOs and other regional entities to enhance implementation.",38,44,6,"6","charged","charge","VERB","VBN","Tense=Past|VerbForm=Part","2","xcomp",NA,NA
"doc83",1,1,"to establish a compliance commission charged with reviewing the performance of States, RFMOs and other regional entities to enhance implementation.",46,49,7,"7","with","with","SCONJ","IN",NA,"8","mark",NA,NA
"doc83",1,1,"to establish a compliance commission charged with reviewing the performance of States, RFMOs and other regional entities to enhance implementation.",51,59,8,"8","reviewing","review","VERB","VBG","VerbForm=Ger","6","advcl",NA,NA
"doc83",1,1,"to establish a compliance commission charged with reviewing the performance of States, RFMOs and other regional entities to enhance implementation.",61,63,9,"9","the","the","DET","DT","Definite=Def|PronType=Art","10","det",NA,NA
"doc83",1,1,"to establish a compliance commission charged with reviewing the performance of States, RFMOs and other regional entities to enhance implementation.",65,75,10,"10","performance","performance","NOUN","NN","Number=Sing","8","obj",NA,NA
"doc83",1,1,"to establish a compliance commission charged with reviewing the performance of States, RFMOs and other regional entities to enhance implementation.",77,78,11,"11","of","of","ADP","IN",NA,"12","case",NA,NA
"doc83",1,1,"to establish a compliance commission charged with reviewing the performance of States, RFMOs and other regional entities to enhance implementation.",80,85,12,"12","States","States","PROPN","NNP","Number=Sing","10","nmod",NA,"SpaceAfter=No"
"doc83",1,1,"to establish a compliance commission charged with reviewing the performance of States, RFMOs and other regional entities to enhance implementation.",86,86,13,"13",",",",","PUNCT",",",NA,"14","punct",NA,NA
"doc83",1,1,"to establish a compliance commission charged with reviewing the performance of States, RFMOs and other regional entities to enhance implementation.",88,92,14,"14","RFMOs","RFMOs","PROPN","NNP","Number=Sing","12","conj",NA,NA
"doc83",1,1,"to establish a compliance commission charged with reviewing the performance of States, RFMOs and other regional entities to enhance implementation.",94,96,15,"15","and","and","CCONJ","CC",NA,"18","cc",NA,NA
"doc83",1,1,"to establish a compliance commission charged with reviewing the performance of States, RFMOs and other regional entities to enhance implementation.",98,102,16,"16","other","other","ADJ","JJ","Degree=Pos","18","amod",NA,NA
"doc83",1,1,"to establish a compliance commission charged with reviewing the performance of States, RFMOs and other regional entities to enhance implementation.",104,111,17,"17","regional","regional","ADJ","JJ","Degree=Pos","18","amod",NA,NA
"doc83",1,1,"to establish a compliance commission charged with reviewing the performance of States, RFMOs and other regional entities to enhance implementation.",113,120,18,"18","entities","entities","NOUN","NNS","Number=Plur","12","conj",NA,NA
"doc83",1,1,"to establish a compliance commission charged with reviewing the performance of States, RFMOs and other regional entities to enhance implementation.",122,123,19,"19","to","to","PART","TO",NA,"20","mark",NA,NA
"doc83",1,1,"to establish a compliance commission charged with reviewing the performance of States, RFMOs and other regional entities to enhance implementation.",125,131,20,"20","enhance","enhance","VERB","VB","VerbForm=Inf","18","acl",NA,NA
"doc83",1,1,"to establish a compliance commission charged with reviewing the performance of States, RFMOs and other regional entities to enhance implementation.",133,146,21,"21","implementation","implementation","NOUN","NN","Number=Sing","20","obj",NA,"SpaceAfter=No"
"doc83",1,1,"to establish a compliance commission charged with reviewing the performance of States, RFMOs and other regional entities to enhance implementation.",147,147,22,"22",".",".","PUNCT",".",NA,"2","punct",NA,"SpacesAfter=\n"
"doc84",1,1,"to provide a regular process for reviewing the effectiveness of UNCLOS and related agreements in order to provide consistency.",1,2,1,"1","to","to","PART","TO",NA,"2","mark",NA,NA
"doc84",1,1,"to provide a regular process for reviewing the effectiveness of UNCLOS and related agreements in order to provide consistency.",4,10,2,"2","provide","provide","VERB","VB","VerbForm=Inf","0","root",NA,NA
"doc84",1,1,"to provide a regular process for reviewing the effectiveness of UNCLOS and related agreements in order to provide consistency.",12,12,3,"3","a","a","DET","DT","Definite=Ind|PronType=Art","5","det",NA,NA
"doc84",1,1,"to provide a regular process for reviewing the effectiveness of UNCLOS and related agreements in order to provide consistency.",14,20,4,"4","regular","regular","ADJ","JJ","Degree=Pos","5","amod",NA,NA
"doc84",1,1,"to provide a regular process for reviewing the effectiveness of UNCLOS and related agreements in order to provide consistency.",22,28,5,"5","process","process","NOUN","NN","Number=Sing","2","obj",NA,NA
"doc84",1,1,"to provide a regular process for reviewing the effectiveness of UNCLOS and related agreements in order to provide consistency.",30,32,6,"6","for","for","SCONJ","IN",NA,"7","mark",NA,NA
"doc84",1,1,"to provide a regular process for reviewing the effectiveness of UNCLOS and related agreements in order to provide consistency.",34,42,7,"7","reviewing","review","VERB","VBG","VerbForm=Ger","2","advcl",NA,NA
"doc84",1,1,"to provide a regular process for reviewing the effectiveness of UNCLOS and related agreements in order to provide consistency.",44,46,8,"8","the","the","DET","DT","Definite=Def|PronType=Art","9","det",NA,NA
"doc84",1,1,"to provide a regular process for reviewing the effectiveness of UNCLOS and related agreements in order to provide consistency.",48,60,9,"9","effectiveness","effectiveness","NOUN","NN","Number=Sing","7","obj",NA,NA
"doc84",1,1,"to provide a regular process for reviewing the effectiveness of UNCLOS and related agreements in order to provide consistency.",62,63,10,"10","of","of","ADP","IN",NA,"11","case",NA,NA
"doc84",1,1,"to provide a regular process for reviewing the effectiveness of UNCLOS and related agreements in order to provide consistency.",65,70,11,"11","UNCLOS","Unclo","NOUN","NNS","Number=Plur","9","nmod",NA,NA
"doc84",1,1,"to provide a regular process for reviewing the effectiveness of UNCLOS and related agreements in order to provide consistency.",72,74,12,"12","and","and","CCONJ","CC",NA,"14","cc",NA,NA
"doc84",1,1,"to provide a regular process for reviewing the effectiveness of UNCLOS and related agreements in order to provide consistency.",76,82,13,"13","related","related","ADJ","JJ","Degree=Pos","14","amod",NA,NA
"doc84",1,1,"to provide a regular process for reviewing the effectiveness of UNCLOS and related agreements in order to provide consistency.",84,93,14,"14","agreements","agreement","NOUN","NNS","Number=Plur","11","conj",NA,NA
"doc84",1,1,"to provide a regular process for reviewing the effectiveness of UNCLOS and related agreements in order to provide consistency.",95,96,15,"15","in","in","ADP","IN",NA,"18","mark",NA,NA
"doc84",1,1,"to provide a regular process for reviewing the effectiveness of UNCLOS and related agreements in order to provide consistency.",98,102,16,"16","order","order","NOUN","NN","Number=Sing","15","fixed",NA,NA
"doc84",1,1,"to provide a regular process for reviewing the effectiveness of UNCLOS and related agreements in order to provide consistency.",104,105,17,"17","to","to","PART","TO",NA,"18","mark",NA,NA
"doc84",1,1,"to provide a regular process for reviewing the effectiveness of UNCLOS and related agreements in order to provide consistency.",107,113,18,"18","provide","provide","VERB","VB","VerbForm=Inf","14","acl",NA,NA
"doc84",1,1,"to provide a regular process for reviewing the effectiveness of UNCLOS and related agreements in order to provide consistency.",115,125,19,"19","consistency","consistency","NOUN","NN","Number=Sing","18","obj",NA,"SpaceAfter=No"
"doc84",1,1,"to provide a regular process for reviewing the effectiveness of UNCLOS and related agreements in order to provide consistency.",126,126,20,"20",".",".","PUNCT",".",NA,"2","punct",NA,"SpacesAfter=\n"
"doc85",1,1,"to set clear requirements for RFMO and flag-State performance and accountability.",1,2,1,"1","to","to","PART","TO",NA,"2","mark",NA,NA
"doc85",1,1,"to set clear requirements for RFMO and flag-State performance and accountability.",4,6,2,"2","set","set","VERB","VB","VerbForm=Inf","0","root",NA,NA
"doc85",1,1,"to set clear requirements for RFMO and flag-State performance and accountability.",8,12,3,"3","clear","clear","ADJ","JJ","Degree=Pos","4","amod",NA,NA
"doc85",1,1,"to set clear requirements for RFMO and flag-State performance and accountability.",14,25,4,"4","requirements","requirement","NOUN","NNS","Number=Plur","2","obj",NA,NA
"doc85",1,1,"to set clear requirements for RFMO and flag-State performance and accountability.",27,29,5,"5","for","for","ADP","IN",NA,"6","case",NA,NA
"doc85",1,1,"to set clear requirements for RFMO and flag-State performance and accountability.",31,34,6,"6","RFMO","Rfmo","NOUN","NN","Number=Sing","4","nmod",NA,NA
"doc85",1,1,"to set clear requirements for RFMO and flag-State performance and accountability.",36,38,7,"7","and","and","CCONJ","CC",NA,"11","cc",NA,NA
"doc85",1,1,"to set clear requirements for RFMO and flag-State performance and accountability.",40,43,8,"8","flag","flag","NOUN","NN","Number=Sing","10","compound",NA,"SpaceAfter=No"
"doc85",1,1,"to set clear requirements for RFMO and flag-State performance and accountability.",44,44,9,"9","-","-","PUNCT","HYPH",NA,"10","punct",NA,"SpaceAfter=No"
"doc85",1,1,"to set clear requirements for RFMO and flag-State performance and accountability.",45,49,10,"10","State","state","NOUN","NN","Number=Sing","11","compound",NA,NA
"doc85",1,1,"to set clear requirements for RFMO and flag-State performance and accountability.",51,61,11,"11","performance","performance","NOUN","NN","Number=Sing","6","conj",NA,NA
"doc85",1,1,"to set clear requirements for RFMO and flag-State performance and accountability.",63,65,12,"12","and","and","CCONJ","CC",NA,"13","cc",NA,NA
"doc85",1,1,"to set clear requirements for RFMO and flag-State performance and accountability.",67,80,13,"13","accountability","accountability","NOUN","NN","Number=Sing","6","conj",NA,"SpaceAfter=No"
"doc85",1,1,"to set clear requirements for RFMO and flag-State performance and accountability.",81,81,14,"14",".",".","PUNCT",".",NA,"2","punct",NA,"SpacesAfter=\n"
"doc86",1,1,"to interpret and applied the new agreement together with UNCLOS as a single instrument and give a broad mandate to States Parties and international organizations to establish and maintain a representative network of MPAs and reserves.",1,2,1,"1","to","to","PART","TO",NA,"2","mark",NA,NA
"doc86",1,1,"to interpret and applied the new agreement together with UNCLOS as a single instrument and give a broad mandate to States Parties and international organizations to establish and maintain a representative network of MPAs and reserves.",4,12,2,"2","interpret","interpret","VERB","VB","VerbForm=Inf","0","root",NA,NA
"doc86",1,1,"to interpret and applied the new agreement together with UNCLOS as a single instrument and give a broad mandate to States Parties and international organizations to establish and maintain a representative network of MPAs and reserves.",14,16,3,"3","and","and","CCONJ","CC",NA,"4","cc",NA,NA
"doc86",1,1,"to interpret and applied the new agreement together with UNCLOS as a single instrument and give a broad mandate to States Parties and international organizations to establish and maintain a representative network of MPAs and reserves.",18,24,4,"4","applied","apply","VERB","VBD","Mood=Ind|Tense=Past|VerbForm=Fin","2","conj",NA,NA
"doc86",1,1,"to interpret and applied the new agreement together with UNCLOS as a single instrument and give a broad mandate to States Parties and international organizations to establish and maintain a representative network of MPAs and reserves.",26,28,5,"5","the","the","DET","DT","Definite=Def|PronType=Art","7","det",NA,NA
"doc86",1,1,"to interpret and applied the new agreement together with UNCLOS as a single instrument and give a broad mandate to States Parties and international organizations to establish and maintain a representative network of MPAs and reserves.",30,32,6,"6","new","new","ADJ","JJ","Degree=Pos","7","amod",NA,NA
"doc86",1,1,"to interpret and applied the new agreement together with UNCLOS as a single instrument and give a broad mandate to States Parties and international organizations to establish and maintain a representative network of MPAs and reserves.",34,42,7,"7","agreement","agreement","NOUN","NN","Number=Sing","2","obj",NA,NA
"doc86",1,1,"to interpret and applied the new agreement together with UNCLOS as a single instrument and give a broad mandate to States Parties and international organizations to establish and maintain a representative network of MPAs and reserves.",44,51,8,"8","together","together","ADV","RB",NA,"2","advmod",NA,NA
"doc86",1,1,"to interpret and applied the new agreement together with UNCLOS as a single instrument and give a broad mandate to States Parties and international organizations to establish and maintain a representative network of MPAs and reserves.",53,56,9,"9","with","with","ADP","IN",NA,"10","case",NA,NA
"doc86",1,1,"to interpret and applied the new agreement together with UNCLOS as a single instrument and give a broad mandate to States Parties and international organizations to establish and maintain a representative network of MPAs and reserves.",58,63,10,"10","UNCLOS","UNCLOS","PROPN","NNP","Number=Sing","2","obl",NA,NA
"doc86",1,1,"to interpret and applied the new agreement together with UNCLOS as a single instrument and give a broad mandate to States Parties and international organizations to establish and maintain a representative network of MPAs and reserves.",65,66,11,"11","as","as","ADP","IN",NA,"14","case",NA,NA
"doc86",1,1,"to interpret and applied the new agreement together with UNCLOS as a single instrument and give a broad mandate to States Parties and international organizations to establish and maintain a representative network of MPAs and reserves.",68,68,12,"12","a","a","DET","DT","Definite=Ind|PronType=Art","14","det",NA,NA
"doc86",1,1,"to interpret and applied the new agreement together with UNCLOS as a single instrument and give a broad mandate to States Parties and international organizations to establish and maintain a representative network of MPAs and reserves.",70,75,13,"13","single","single","ADJ","JJ","Degree=Pos","14","amod",NA,NA
"doc86",1,1,"to interpret and applied the new agreement together with UNCLOS as a single instrument and give a broad mandate to States Parties and international organizations to establish and maintain a representative network of MPAs and reserves.",77,86,14,"14","instrument","instrument","NOUN","NN","Number=Sing","2","obl",NA,NA
"doc86",1,1,"to interpret and applied the new agreement together with UNCLOS as a single instrument and give a broad mandate to States Parties and international organizations to establish and maintain a representative network of MPAs and reserves.",88,90,15,"15","and","and","CCONJ","CC",NA,"16","cc",NA,NA
"doc86",1,1,"to interpret and applied the new agreement together with UNCLOS as a single instrument and give a broad mandate to States Parties and international organizations to establish and maintain a representative network of MPAs and reserves.",92,95,16,"16","give","give","VERB","VB","VerbForm=Inf","2","conj",NA,NA
"doc86",1,1,"to interpret and applied the new agreement together with UNCLOS as a single instrument and give a broad mandate to States Parties and international organizations to establish and maintain a representative network of MPAs and reserves.",97,97,17,"17","a","a","DET","DT","Definite=Ind|PronType=Art","19","det",NA,NA
"doc86",1,1,"to interpret and applied the new agreement together with UNCLOS as a single instrument and give a broad mandate to States Parties and international organizations to establish and maintain a representative network of MPAs and reserves.",99,103,18,"18","broad","broad","ADJ","JJ","Degree=Pos","19","amod",NA,NA
"doc86",1,1,"to interpret and applied the new agreement together with UNCLOS as a single instrument and give a broad mandate to States Parties and international organizations to establish and maintain a representative network of MPAs and reserves.",105,111,19,"19","mandate","mandate","NOUN","NN","Number=Sing","16","obj",NA,NA
"doc86",1,1,"to interpret and applied the new agreement together with UNCLOS as a single instrument and give a broad mandate to States Parties and international organizations to establish and maintain a representative network of MPAs and reserves.",113,114,20,"20","to","to","ADP","IN",NA,"22","case",NA,NA
"doc86",1,1,"to interpret and applied the new agreement together with UNCLOS as a single instrument and give a broad mandate to States Parties and international organizations to establish and maintain a representative network of MPAs and reserves.",116,121,21,"21","States","state","PROPN","NNP","Number=Sing","22","compound",NA,NA
"doc86",1,1,"to interpret and applied the new agreement together with UNCLOS as a single instrument and give a broad mandate to States Parties and international organizations to establish and maintain a representative network of MPAs and reserves.",123,129,22,"22","Parties","party","PROPN","NNPS","Number=Plur","19","nmod",NA,NA
"doc86",1,1,"to interpret and applied the new agreement together with UNCLOS as a single instrument and give a broad mandate to States Parties and international organizations to establish and maintain a representative network of MPAs and reserves.",131,133,23,"23","and","and","CCONJ","CC",NA,"25","cc",NA,NA
"doc86",1,1,"to interpret and applied the new agreement together with UNCLOS as a single instrument and give a broad mandate to States Parties and international organizations to establish and maintain a representative network of MPAs and reserves.",135,147,24,"24","international","international","ADJ","JJ","Degree=Pos","25","amod",NA,NA
"doc86",1,1,"to interpret and applied the new agreement together with UNCLOS as a single instrument and give a broad mandate to States Parties and international organizations to establish and maintain a representative network of MPAs and reserves.",149,161,25,"25","organizations","organization","NOUN","NNS","Number=Plur","22","conj",NA,NA
"doc86",1,1,"to interpret and applied the new agreement together with UNCLOS as a single instrument and give a broad mandate to States Parties and international organizations to establish and maintain a representative network of MPAs and reserves.",163,164,26,"26","to","to","PART","TO",NA,"27","mark",NA,NA
"doc86",1,1,"to interpret and applied the new agreement together with UNCLOS as a single instrument and give a broad mandate to States Parties and international organizations to establish and maintain a representative network of MPAs and reserves.",166,174,27,"27","establish","establish","VERB","VB","VerbForm=Inf","19","acl",NA,NA
"doc86",1,1,"to interpret and applied the new agreement together with UNCLOS as a single instrument and give a broad mandate to States Parties and international organizations to establish and maintain a representative network of MPAs and reserves.",176,178,28,"28","and","and","CCONJ","CC",NA,"29","cc",NA,NA
"doc86",1,1,"to interpret and applied the new agreement together with UNCLOS as a single instrument and give a broad mandate to States Parties and international organizations to establish and maintain a representative network of MPAs and reserves.",180,187,29,"29","maintain","maintain","VERB","VB","VerbForm=Inf","27","conj",NA,NA
"doc86",1,1,"to interpret and applied the new agreement together with UNCLOS as a single instrument and give a broad mandate to States Parties and international organizations to establish and maintain a representative network of MPAs and reserves.",189,189,30,"30","a","a","DET","DT","Definite=Ind|PronType=Art","32","det",NA,NA
"doc86",1,1,"to interpret and applied the new agreement together with UNCLOS as a single instrument and give a broad mandate to States Parties and international organizations to establish and maintain a representative network of MPAs and reserves.",191,204,31,"31","representative","representative","ADJ","JJ","Degree=Pos","32","amod",NA,NA
"doc86",1,1,"to interpret and applied the new agreement together with UNCLOS as a single instrument and give a broad mandate to States Parties and international organizations to establish and maintain a representative network of MPAs and reserves.",206,212,32,"32","network","network","NOUN","NN","Number=Sing","29","obj",NA,NA
"doc86",1,1,"to interpret and applied the new agreement together with UNCLOS as a single instrument and give a broad mandate to States Parties and international organizations to establish and maintain a representative network of MPAs and reserves.",214,215,33,"33","of","of","ADP","IN",NA,"34","case",NA,NA
"doc86",1,1,"to interpret and applied the new agreement together with UNCLOS as a single instrument and give a broad mandate to States Parties and international organizations to establish and maintain a representative network of MPAs and reserves.",217,220,34,"34","MPAs","MPA","NOUN","NNS","Number=Plur","32","nmod",NA,NA
"doc86",1,1,"to interpret and applied the new agreement together with UNCLOS as a single instrument and give a broad mandate to States Parties and international organizations to establish and maintain a representative network of MPAs and reserves.",222,224,35,"35","and","and","CCONJ","CC",NA,"36","cc",NA,NA
"doc86",1,1,"to interpret and applied the new agreement together with UNCLOS as a single instrument and give a broad mandate to States Parties and international organizations to establish and maintain a representative network of MPAs and reserves.",226,233,36,"36","reserves","reserve","NOUN","NNS","Number=Plur","34","conj",NA,"SpaceAfter=No"
"doc86",1,1,"to interpret and applied the new agreement together with UNCLOS as a single instrument and give a broad mandate to States Parties and international organizations to establish and maintain a representative network of MPAs and reserves.",234,234,37,"37",".",".","PUNCT",".",NA,"2","punct",NA,"SpacesAfter=\n"
"doc87",1,1,"to create a mechanism for financial and technical assistance to build capacity and facilitate developing country participation.",1,2,1,"1","to","to","PART","TO",NA,"2","mark",NA,NA
"doc87",1,1,"to create a mechanism for financial and technical assistance to build capacity and facilitate developing country participation.",4,9,2,"2","create","create","VERB","VB","VerbForm=Inf","0","root",NA,NA
"doc87",1,1,"to create a mechanism for financial and technical assistance to build capacity and facilitate developing country participation.",11,11,3,"3","a","a","DET","DT","Definite=Ind|PronType=Art","4","det",NA,NA
"doc87",1,1,"to create a mechanism for financial and technical assistance to build capacity and facilitate developing country participation.",13,21,4,"4","mechanism","mechanism","NOUN","NN","Number=Sing","2","obj",NA,NA
"doc87",1,1,"to create a mechanism for financial and technical assistance to build capacity and facilitate developing country participation.",23,25,5,"5","for","for","ADP","IN",NA,"9","case",NA,NA
"doc87",1,1,"to create a mechanism for financial and technical assistance to build capacity and facilitate developing country participation.",27,35,6,"6","financial","financial","ADJ","JJ","Degree=Pos","9","amod",NA,NA
"doc87",1,1,"to create a mechanism for financial and technical assistance to build capacity and facilitate developing country participation.",37,39,7,"7","and","and","CCONJ","CC",NA,"8","cc",NA,NA
"doc87",1,1,"to create a mechanism for financial and technical assistance to build capacity and facilitate developing country participation.",41,49,8,"8","technical","technical","ADJ","JJ","Degree=Pos","6","conj",NA,NA
"doc87",1,1,"to create a mechanism for financial and technical assistance to build capacity and facilitate developing country participation.",51,60,9,"9","assistance","assistance","NOUN","NN","Number=Sing","4","nmod",NA,NA
"doc87",1,1,"to create a mechanism for financial and technical assistance to build capacity and facilitate developing country participation.",62,63,10,"10","to","to","PART","TO",NA,"11","mark",NA,NA
"doc87",1,1,"to create a mechanism for financial and technical assistance to build capacity and facilitate developing country participation.",65,69,11,"11","build","build","VERB","VB","VerbForm=Inf","2","advcl",NA,NA
"doc87",1,1,"to create a mechanism for financial and technical assistance to build capacity and facilitate developing country participation.",71,78,12,"12","capacity","capacity","NOUN","NN","Number=Sing","11","obj",NA,NA
"doc87",1,1,"to create a mechanism for financial and technical assistance to build capacity and facilitate developing country participation.",80,82,13,"13","and","and","CCONJ","CC",NA,"14","cc",NA,NA
"doc87",1,1,"to create a mechanism for financial and technical assistance to build capacity and facilitate developing country participation.",84,93,14,"14","facilitate","facilitate","NOUN","NN","Number=Sing","12","conj",NA,NA
"doc87",1,1,"to create a mechanism for financial and technical assistance to build capacity and facilitate developing country participation.",95,104,15,"15","developing","develop","VERB","VBG","VerbForm=Ger","12","acl",NA,NA
"doc87",1,1,"to create a mechanism for financial and technical assistance to build capacity and facilitate developing country participation.",106,112,16,"16","country","country","NOUN","NN","Number=Sing","17","compound",NA,NA
"doc87",1,1,"to create a mechanism for financial and technical assistance to build capacity and facilitate developing country participation.",114,126,17,"17","participation","participation","NOUN","NN","Number=Sing","15","obj",NA,"SpaceAfter=No"
"doc87",1,1,"to create a mechanism for financial and technical assistance to build capacity and facilitate developing country participation.",127,127,18,"18",".",".","PUNCT",".",NA,"2","punct",NA,"SpacesAfter=\n"
"doc88",1,1,"To consolidate the fundamental principles of ocean management and governance.",1,2,1,"1","To","to","PART","TO",NA,"2","mark",NA,NA
"doc88",1,1,"To consolidate the fundamental principles of ocean management and governance.",4,14,2,"2","consolidate","consolidate","VERB","VB","VerbForm=Inf","0","root",NA,NA
"doc88",1,1,"To consolidate the fundamental principles of ocean management and governance.",16,18,3,"3","the","the","DET","DT","Definite=Def|PronType=Art","5","det",NA,NA
"doc88",1,1,"To consolidate the fundamental principles of ocean management and governance.",20,30,4,"4","fundamental","fundamental","ADJ","JJ","Degree=Pos","5","amod",NA,NA
"doc88",1,1,"To consolidate the fundamental principles of ocean management and governance.",32,41,5,"5","principles","principles","NOUN","NNS","Number=Plur","2","obj",NA,NA
"doc88",1,1,"To consolidate the fundamental principles of ocean management and governance.",43,44,6,"6","of","of","ADP","IN",NA,"8","case",NA,NA
"doc88",1,1,"To consolidate the fundamental principles of ocean management and governance.",46,50,7,"7","ocean","ocean","ADJ","JJ","Degree=Pos","8","amod",NA,NA
"doc88",1,1,"To consolidate the fundamental principles of ocean management and governance.",52,61,8,"8","management","management","NOUN","NN","Number=Sing","5","nmod",NA,NA
"doc88",1,1,"To consolidate the fundamental principles of ocean management and governance.",63,65,9,"9","and","and","CCONJ","CC",NA,"10","cc",NA,NA
"doc88",1,1,"To consolidate the fundamental principles of ocean management and governance.",67,76,10,"10","governance","governance","NOUN","NN","Number=Sing","8","conj",NA,"SpaceAfter=No"
"doc88",1,1,"To consolidate the fundamental principles of ocean management and governance.",77,77,11,"11",".",".","PUNCT",".",NA,"2","punct",NA,"SpacesAfter=\n"
"doc89",1,1,"to provide the basis for a global ecosystem-based and precautionary management regime.",1,2,1,"1","to","to","PART","TO",NA,"2","mark",NA,NA
"doc89",1,1,"to provide the basis for a global ecosystem-based and precautionary management regime.",4,10,2,"2","provide","provide","VERB","VB","VerbForm=Inf","0","root",NA,NA
"doc89",1,1,"to provide the basis for a global ecosystem-based and precautionary management regime.",12,14,3,"3","the","the","DET","DT","Definite=Def|PronType=Art","4","det",NA,NA
"doc89",1,1,"to provide the basis for a global ecosystem-based and precautionary management regime.",16,20,4,"4","basis","basis","NOUN","NN","Number=Sing","2","obj",NA,NA
"doc89",1,1,"to provide the basis for a global ecosystem-based and precautionary management regime.",22,24,5,"5","for","for","ADP","IN",NA,"10","case",NA,NA
"doc89",1,1,"to provide the basis for a global ecosystem-based and precautionary management regime.",26,26,6,"6","a","a","DET","DT","Definite=Ind|PronType=Art","10","det",NA,NA
"doc89",1,1,"to provide the basis for a global ecosystem-based and precautionary management regime.",28,33,7,"7","global","global","ADJ","JJ","Degree=Pos","10","amod",NA,NA
"doc89",1,1,"to provide the basis for a global ecosystem-based and precautionary management regime.",35,43,8,"8","ecosystem","ecosystem","NOUN","NN","Number=Sing","10","compound",NA,"SpaceAfter=No"
"doc89",1,1,"to provide the basis for a global ecosystem-based and precautionary management regime.",44,44,9,"9","-","-","PUNCT","HYPH",NA,"10","punct",NA,"SpaceAfter=No"
"doc89",1,1,"to provide the basis for a global ecosystem-based and precautionary management regime.",45,49,10,"10","based","base","NOUN","NN","Number=Sing","2","obl",NA,NA
"doc89",1,1,"to provide the basis for a global ecosystem-based and precautionary management regime.",51,53,11,"11","and","and","CCONJ","CC",NA,"14","cc",NA,NA
"doc89",1,1,"to provide the basis for a global ecosystem-based and precautionary management regime.",55,67,12,"12","precautionary","precautionary","NOUN","NN","Number=Sing","13","compound",NA,NA
"doc89",1,1,"to provide the basis for a global ecosystem-based and precautionary management regime.",69,78,13,"13","management","management","NOUN","NN","Number=Sing","14","compound",NA,NA
"doc89",1,1,"to provide the basis for a global ecosystem-based and precautionary management regime.",80,85,14,"14","regime","regime","NOUN","NN","Number=Sing","10","conj",NA,"SpaceAfter=No"
"doc89",1,1,"to provide the basis for a global ecosystem-based and precautionary management regime.",86,86,15,"15",".",".","PUNCT",".",NA,"2","punct",NA,"SpacesAfter=\n"
"doc90",1,1,"to give regional initiatives a global imprimatur for regional conservation measures and mechanisms to encourage compliance by extra-regional States and non-parties.",1,2,1,"1","to","to","PART","TO",NA,"2","mark",NA,NA
"doc90",1,1,"to give regional initiatives a global imprimatur for regional conservation measures and mechanisms to encourage compliance by extra-regional States and non-parties.",4,7,2,"2","give","give","VERB","VB","VerbForm=Inf","0","root",NA,NA
"doc90",1,1,"to give regional initiatives a global imprimatur for regional conservation measures and mechanisms to encourage compliance by extra-regional States and non-parties.",9,16,3,"3","regional","regional","ADJ","JJ","Degree=Pos","4","amod",NA,NA
"doc90",1,1,"to give regional initiatives a global imprimatur for regional conservation measures and mechanisms to encourage compliance by extra-regional States and non-parties.",18,28,4,"4","initiatives","initiative","NOUN","NNS","Number=Plur","2","iobj",NA,NA
"doc90",1,1,"to give regional initiatives a global imprimatur for regional conservation measures and mechanisms to encourage compliance by extra-regional States and non-parties.",30,30,5,"5","a","a","DET","DT","Definite=Ind|PronType=Art","7","det",NA,NA
"doc90",1,1,"to give regional initiatives a global imprimatur for regional conservation measures and mechanisms to encourage compliance by extra-regional States and non-parties.",32,37,6,"6","global","global","ADJ","JJ","Degree=Pos","7","amod",NA,NA
"doc90",1,1,"to give regional initiatives a global imprimatur for regional conservation measures and mechanisms to encourage compliance by extra-regional States and non-parties.",39,48,7,"7","imprimatur","imprimatur","NOUN","NN","Number=Sing","2","obj",NA,NA
"doc90",1,1,"to give regional initiatives a global imprimatur for regional conservation measures and mechanisms to encourage compliance by extra-regional States and non-parties.",50,52,8,"8","for","for","ADP","IN",NA,"11","case",NA,NA
"doc90",1,1,"to give regional initiatives a global imprimatur for regional conservation measures and mechanisms to encourage compliance by extra-regional States and non-parties.",54,61,9,"9","regional","regional","ADJ","JJ","Degree=Pos","11","amod",NA,NA
"doc90",1,1,"to give regional initiatives a global imprimatur for regional conservation measures and mechanisms to encourage compliance by extra-regional States and non-parties.",63,74,10,"10","conservation","conservation","NOUN","NN","Number=Sing","11","compound",NA,NA
"doc90",1,1,"to give regional initiatives a global imprimatur for regional conservation measures and mechanisms to encourage compliance by extra-regional States and non-parties.",76,83,11,"11","measures","measure","NOUN","NNS","Number=Plur","7","nmod",NA,NA
"doc90",1,1,"to give regional initiatives a global imprimatur for regional conservation measures and mechanisms to encourage compliance by extra-regional States and non-parties.",85,87,12,"12","and","and","CCONJ","CC",NA,"13","cc",NA,NA
"doc90",1,1,"to give regional initiatives a global imprimatur for regional conservation measures and mechanisms to encourage compliance by extra-regional States and non-parties.",89,98,13,"13","mechanisms","mechanism","NOUN","NNS","Number=Plur","11","conj",NA,NA
"doc90",1,1,"to give regional initiatives a global imprimatur for regional conservation measures and mechanisms to encourage compliance by extra-regional States and non-parties.",100,101,14,"14","to","to","PART","TO",NA,"15","mark",NA,NA
"doc90",1,1,"to give regional initiatives a global imprimatur for regional conservation measures and mechanisms to encourage compliance by extra-regional States and non-parties.",103,111,15,"15","encourage","encourage","VERB","VB","VerbForm=Inf","2","advcl",NA,NA
"doc90",1,1,"to give regional initiatives a global imprimatur for regional conservation measures and mechanisms to encourage compliance by extra-regional States and non-parties.",113,122,16,"16","compliance","compliance","NOUN","NN","Number=Sing","15","obj",NA,NA
"doc90",1,1,"to give regional initiatives a global imprimatur for regional conservation measures and mechanisms to encourage compliance by extra-regional States and non-parties.",124,125,17,"17","by","by","ADP","IN",NA,"19","case",NA,NA
"doc90",1,1,"to give regional initiatives a global imprimatur for regional conservation measures and mechanisms to encourage compliance by extra-regional States and non-parties.",127,140,18,"18","extra-regional","extra-regional","ADJ","JJ","Degree=Pos","19","amod",NA,NA
"doc90",1,1,"to give regional initiatives a global imprimatur for regional conservation measures and mechanisms to encourage compliance by extra-regional States and non-parties.",142,147,19,"19","States","States","NOUN","NNS","Number=Plur","15","obl",NA,NA
"doc90",1,1,"to give regional initiatives a global imprimatur for regional conservation measures and mechanisms to encourage compliance by extra-regional States and non-parties.",149,151,20,"20","and","and","CCONJ","CC",NA,"21","cc",NA,NA
"doc90",1,1,"to give regional initiatives a global imprimatur for regional conservation measures and mechanisms to encourage compliance by extra-regional States and non-parties.",153,163,21,"21","non-parties","non-party","NOUN","NNS","Number=Plur","19","conj",NA,"SpaceAfter=No"
"doc90",1,1,"to give regional initiatives a global imprimatur for regional conservation measures and mechanisms to encourage compliance by extra-regional States and non-parties.",164,164,22,"22",".",".","PUNCT",".",NA,"2","punct",NA,"SpacesAfter=\n"
"doc91",1,1,"to address the institutional weaknesses of UNCLOS that hamper effective implementation of existing instruments.",1,2,1,"1","to","to","PART","TO",NA,"2","mark",NA,NA
"doc91",1,1,"to address the institutional weaknesses of UNCLOS that hamper effective implementation of existing instruments.",4,10,2,"2","address","address","VERB","VB","VerbForm=Inf","15","advcl",NA,NA
"doc91",1,1,"to address the institutional weaknesses of UNCLOS that hamper effective implementation of existing instruments.",12,14,3,"3","the","the","DET","DT","Definite=Def|PronType=Art","5","det",NA,NA
"doc91",1,1,"to address the institutional weaknesses of UNCLOS that hamper effective implementation of existing instruments.",16,28,4,"4","institutional","institutional","ADJ","JJ","Degree=Pos","5","amod",NA,NA
"doc91",1,1,"to address the institutional weaknesses of UNCLOS that hamper effective implementation of existing instruments.",30,39,5,"5","weaknesses","weakness","NOUN","NNS","Number=Plur","2","obj",NA,NA
"doc91",1,1,"to address the institutional weaknesses of UNCLOS that hamper effective implementation of existing instruments.",41,42,6,"6","of","of","ADP","IN",NA,"7","case",NA,NA
"doc91",1,1,"to address the institutional weaknesses of UNCLOS that hamper effective implementation of existing instruments.",44,49,7,"7","UNCLOS","Unclo","NOUN","NNS","Number=Plur","5","nmod",NA,NA
"doc91",1,1,"to address the institutional weaknesses of UNCLOS that hamper effective implementation of existing instruments.",51,54,8,"8","that","that","PRON","WDT","PronType=Rel","9","nsubj",NA,NA
"doc91",1,1,"to address the institutional weaknesses of UNCLOS that hamper effective implementation of existing instruments.",56,61,9,"9","hamper","hamper","VERB","VBP","Mood=Ind|Tense=Pres|VerbForm=Fin","5","acl:relcl",NA,NA
"doc91",1,1,"to address the institutional weaknesses of UNCLOS that hamper effective implementation of existing instruments.",63,71,10,"10","effective","effective","ADJ","JJ","Degree=Pos","11","amod",NA,NA
"doc91",1,1,"to address the institutional weaknesses of UNCLOS that hamper effective implementation of existing instruments.",73,86,11,"11","implementation","implementation","NOUN","NN","Number=Sing","9","obj",NA,NA
"doc91",1,1,"to address the institutional weaknesses of UNCLOS that hamper effective implementation of existing instruments.",88,89,12,"12","of","of","ADP","IN",NA,"14","case",NA,NA
"doc91",1,1,"to address the institutional weaknesses of UNCLOS that hamper effective implementation of existing instruments.",91,98,13,"13","existing","exist","VERB","VBG","VerbForm=Ger","14","amod",NA,NA
"doc91",1,1,"to address the institutional weaknesses of UNCLOS that hamper effective implementation of existing instruments.",100,110,14,"14","instruments","instrument","NOUN","NNS","Number=Plur","11","nmod",NA,"SpaceAfter=No"
"doc91",1,1,"to address the institutional weaknesses of UNCLOS that hamper effective implementation of existing instruments.",111,111,15,"15",".",".","PUNCT",".",NA,"0","root",NA,"SpacesAfter=\n"
"doc92",1,1,"to provide a regular forum for review, information exchange, mutual evaluation and updating to provide consistency as well as flexibility to respond to new issues and threats.",1,2,1,"1","to","to","PART","TO",NA,"2","mark",NA,NA
"doc92",1,1,"to provide a regular forum for review, information exchange, mutual evaluation and updating to provide consistency as well as flexibility to respond to new issues and threats.",4,10,2,"2","provide","provide","VERB","VB","VerbForm=Inf","0","root",NA,NA
"doc92",1,1,"to provide a regular forum for review, information exchange, mutual evaluation and updating to provide consistency as well as flexibility to respond to new issues and threats.",12,12,3,"3","a","a","DET","DT","Definite=Ind|PronType=Art","5","det",NA,NA
"doc92",1,1,"to provide a regular forum for review, information exchange, mutual evaluation and updating to provide consistency as well as flexibility to respond to new issues and threats.",14,20,4,"4","regular","regular","ADJ","JJ","Degree=Pos","5","amod",NA,NA
"doc92",1,1,"to provide a regular forum for review, information exchange, mutual evaluation and updating to provide consistency as well as flexibility to respond to new issues and threats.",22,26,5,"5","forum","forum","NOUN","NN","Number=Sing","2","obj",NA,NA
"doc92",1,1,"to provide a regular forum for review, information exchange, mutual evaluation and updating to provide consistency as well as flexibility to respond to new issues and threats.",28,30,6,"6","for","for","ADP","IN",NA,"7","case",NA,NA
"doc92",1,1,"to provide a regular forum for review, information exchange, mutual evaluation and updating to provide consistency as well as flexibility to respond to new issues and threats.",32,37,7,"7","review","review","NOUN","NN","Number=Sing","2","obl",NA,"SpaceAfter=No"
"doc92",1,1,"to provide a regular forum for review, information exchange, mutual evaluation and updating to provide consistency as well as flexibility to respond to new issues and threats.",38,38,8,"8",",",",","PUNCT",",",NA,"10","punct",NA,NA
"doc92",1,1,"to provide a regular forum for review, information exchange, mutual evaluation and updating to provide consistency as well as flexibility to respond to new issues and threats.",40,50,9,"9","information","information","NOUN","NN","Number=Sing","10","compound",NA,NA
"doc92",1,1,"to provide a regular forum for review, information exchange, mutual evaluation and updating to provide consistency as well as flexibility to respond to new issues and threats.",52,59,10,"10","exchange","exchange","NOUN","NN","Number=Sing","7","conj",NA,"SpaceAfter=No"
"doc92",1,1,"to provide a regular forum for review, information exchange, mutual evaluation and updating to provide consistency as well as flexibility to respond to new issues and threats.",60,60,11,"11",",",",","PUNCT",",",NA,"13","punct",NA,NA
"doc92",1,1,"to provide a regular forum for review, information exchange, mutual evaluation and updating to provide consistency as well as flexibility to respond to new issues and threats.",62,67,12,"12","mutual","mutual","ADJ","JJ","Degree=Pos","13","amod",NA,NA
"doc92",1,1,"to provide a regular forum for review, information exchange, mutual evaluation and updating to provide consistency as well as flexibility to respond to new issues and threats.",69,78,13,"13","evaluation","evaluation","NOUN","NN","Number=Sing","10","conj",NA,NA
"doc92",1,1,"to provide a regular forum for review, information exchange, mutual evaluation and updating to provide consistency as well as flexibility to respond to new issues and threats.",80,82,14,"14","and","and","CCONJ","CC",NA,"15","cc",NA,NA
"doc92",1,1,"to provide a regular forum for review, information exchange, mutual evaluation and updating to provide consistency as well as flexibility to respond to new issues and threats.",84,91,15,"15","updating","update","NOUN","NN","Number=Sing","10","conj",NA,NA
"doc92",1,1,"to provide a regular forum for review, information exchange, mutual evaluation and updating to provide consistency as well as flexibility to respond to new issues and threats.",93,94,16,"16","to","to","PART","TO",NA,"17","mark",NA,NA
"doc92",1,1,"to provide a regular forum for review, information exchange, mutual evaluation and updating to provide consistency as well as flexibility to respond to new issues and threats.",96,102,17,"17","provide","provide","VERB","VB","VerbForm=Inf","10","acl",NA,NA
"doc92",1,1,"to provide a regular forum for review, information exchange, mutual evaluation and updating to provide consistency as well as flexibility to respond to new issues and threats.",104,114,18,"18","consistency","consistency","NOUN","NN","Number=Sing","17","obj",NA,NA
"doc92",1,1,"to provide a regular forum for review, information exchange, mutual evaluation and updating to provide consistency as well as flexibility to respond to new issues and threats.",116,117,19,"19","as","as","ADV","RB",NA,"22","cc",NA,NA
"doc92",1,1,"to provide a regular forum for review, information exchange, mutual evaluation and updating to provide consistency as well as flexibility to respond to new issues and threats.",119,122,20,"20","well","well","ADV","RB","Degree=Pos","19","fixed",NA,NA
"doc92",1,1,"to provide a regular forum for review, information exchange, mutual evaluation and updating to provide consistency as well as flexibility to respond to new issues and threats.",124,125,21,"21","as","as","ADP","IN",NA,"19","fixed",NA,NA
"doc92",1,1,"to provide a regular forum for review, information exchange, mutual evaluation and updating to provide consistency as well as flexibility to respond to new issues and threats.",127,137,22,"22","flexibility","flexibility","NOUN","NN","Number=Sing","18","conj",NA,NA
"doc92",1,1,"to provide a regular forum for review, information exchange, mutual evaluation and updating to provide consistency as well as flexibility to respond to new issues and threats.",139,140,23,"23","to","to","PART","TO",NA,"24","mark",NA,NA
"doc92",1,1,"to provide a regular forum for review, information exchange, mutual evaluation and updating to provide consistency as well as flexibility to respond to new issues and threats.",142,148,24,"24","respond","respond","VERB","VB","VerbForm=Inf","18","acl",NA,NA
"doc92",1,1,"to provide a regular forum for review, information exchange, mutual evaluation and updating to provide consistency as well as flexibility to respond to new issues and threats.",150,151,25,"25","to","to","ADP","IN",NA,"27","case",NA,NA
"doc92",1,1,"to provide a regular forum for review, information exchange, mutual evaluation and updating to provide consistency as well as flexibility to respond to new issues and threats.",153,155,26,"26","new","new","ADJ","JJ","Degree=Pos","27","amod",NA,NA
"doc92",1,1,"to provide a regular forum for review, information exchange, mutual evaluation and updating to provide consistency as well as flexibility to respond to new issues and threats.",157,162,27,"27","issues","issue","NOUN","NNS","Number=Plur","24","obl",NA,NA
"doc92",1,1,"to provide a regular forum for review, information exchange, mutual evaluation and updating to provide consistency as well as flexibility to respond to new issues and threats.",164,166,28,"28","and","and","CCONJ","CC",NA,"29","cc",NA,NA
"doc92",1,1,"to provide a regular forum for review, information exchange, mutual evaluation and updating to provide consistency as well as flexibility to respond to new issues and threats.",168,174,29,"29","threats","threat","NOUN","NNS","Number=Plur","27","conj",NA,"SpaceAfter=No"
"doc92",1,1,"to provide a regular forum for review, information exchange, mutual evaluation and updating to provide consistency as well as flexibility to respond to new issues and threats.",175,175,30,"30",".",".","PUNCT",".",NA,"2","punct",NA,"SpacesAfter=\n"
"doc93",1,1,"to create a bridge between global, regional and sectoral organizations, preventing duplication of effort and enhancing exchange of best practices and information.",1,2,1,"1","to","to","PART","TO",NA,"2","mark",NA,NA
"doc93",1,1,"to create a bridge between global, regional and sectoral organizations, preventing duplication of effort and enhancing exchange of best practices and information.",4,9,2,"2","create","create","VERB","VB","VerbForm=Inf","0","root",NA,NA
"doc93",1,1,"to create a bridge between global, regional and sectoral organizations, preventing duplication of effort and enhancing exchange of best practices and information.",11,11,3,"3","a","a","DET","DT","Definite=Ind|PronType=Art","4","det",NA,NA
"doc93",1,1,"to create a bridge between global, regional and sectoral organizations, preventing duplication of effort and enhancing exchange of best practices and information.",13,18,4,"4","bridge","bridge","NOUN","NN","Number=Sing","2","obj",NA,NA
"doc93",1,1,"to create a bridge between global, regional and sectoral organizations, preventing duplication of effort and enhancing exchange of best practices and information.",20,26,5,"5","between","between","ADP","IN",NA,"11","case",NA,NA
"doc93",1,1,"to create a bridge between global, regional and sectoral organizations, preventing duplication of effort and enhancing exchange of best practices and information.",28,33,6,"6","global","global","ADJ","JJ","Degree=Pos","11","amod",NA,"SpaceAfter=No"
"doc93",1,1,"to create a bridge between global, regional and sectoral organizations, preventing duplication of effort and enhancing exchange of best practices and information.",34,34,7,"7",",",",","PUNCT",",",NA,"8","punct",NA,NA
"doc93",1,1,"to create a bridge between global, regional and sectoral organizations, preventing duplication of effort and enhancing exchange of best practices and information.",36,43,8,"8","regional","regional","ADJ","JJ","Degree=Pos","6","conj",NA,NA
"doc93",1,1,"to create a bridge between global, regional and sectoral organizations, preventing duplication of effort and enhancing exchange of best practices and information.",45,47,9,"9","and","and","CCONJ","CC",NA,"10","cc",NA,NA
"doc93",1,1,"to create a bridge between global, regional and sectoral organizations, preventing duplication of effort and enhancing exchange of best practices and information.",49,56,10,"10","sectoral","sectoral","ADJ","JJ","Degree=Pos","6","conj",NA,NA
"doc93",1,1,"to create a bridge between global, regional and sectoral organizations, preventing duplication of effort and enhancing exchange of best practices and information.",58,70,11,"11","organizations","organization","NOUN","NNS","Number=Plur","4","nmod",NA,"SpaceAfter=No"
"doc93",1,1,"to create a bridge between global, regional and sectoral organizations, preventing duplication of effort and enhancing exchange of best practices and information.",71,71,12,"12",",",",","PUNCT",",",NA,"2","punct",NA,NA
"doc93",1,1,"to create a bridge between global, regional and sectoral organizations, preventing duplication of effort and enhancing exchange of best practices and information.",73,82,13,"13","preventing","prevent","VERB","VBG","VerbForm=Ger","2","advcl",NA,NA
"doc93",1,1,"to create a bridge between global, regional and sectoral organizations, preventing duplication of effort and enhancing exchange of best practices and information.",84,94,14,"14","duplication","duplication","NOUN","NN","Number=Sing","13","obj",NA,NA
"doc93",1,1,"to create a bridge between global, regional and sectoral organizations, preventing duplication of effort and enhancing exchange of best practices and information.",96,97,15,"15","of","of","ADP","IN",NA,"16","case",NA,NA
"doc93",1,1,"to create a bridge between global, regional and sectoral organizations, preventing duplication of effort and enhancing exchange of best practices and information.",99,104,16,"16","effort","effort","NOUN","NN","Number=Sing","14","nmod",NA,NA
"doc93",1,1,"to create a bridge between global, regional and sectoral organizations, preventing duplication of effort and enhancing exchange of best practices and information.",106,108,17,"17","and","and","CCONJ","CC",NA,"18","cc",NA,NA
"doc93",1,1,"to create a bridge between global, regional and sectoral organizations, preventing duplication of effort and enhancing exchange of best practices and information.",110,118,18,"18","enhancing","enhance","VERB","VBG","VerbForm=Ger","13","conj",NA,NA
"doc93",1,1,"to create a bridge between global, regional and sectoral organizations, preventing duplication of effort and enhancing exchange of best practices and information.",120,127,19,"19","exchange","exchange","NOUN","NN","Number=Sing","18","obj",NA,NA
"doc93",1,1,"to create a bridge between global, regional and sectoral organizations, preventing duplication of effort and enhancing exchange of best practices and information.",129,130,20,"20","of","of","ADP","IN",NA,"22","case",NA,NA
"doc93",1,1,"to create a bridge between global, regional and sectoral organizations, preventing duplication of effort and enhancing exchange of best practices and information.",132,135,21,"21","best","best","ADJ","JJS","Degree=Sup","22","amod",NA,NA
"doc93",1,1,"to create a bridge between global, regional and sectoral organizations, preventing duplication of effort and enhancing exchange of best practices and information.",137,145,22,"22","practices","practice","NOUN","NNS","Number=Plur","19","nmod",NA,NA
"doc93",1,1,"to create a bridge between global, regional and sectoral organizations, preventing duplication of effort and enhancing exchange of best practices and information.",147,149,23,"23","and","and","CCONJ","CC",NA,"24","cc",NA,NA
"doc93",1,1,"to create a bridge between global, regional and sectoral organizations, preventing duplication of effort and enhancing exchange of best practices and information.",151,161,24,"24","information","information","NOUN","NN","Number=Sing","22","conj",NA,"SpaceAfter=No"
"doc93",1,1,"to create a bridge between global, regional and sectoral organizations, preventing duplication of effort and enhancing exchange of best practices and information.",162,162,25,"25",".",".","PUNCT",".",NA,"2","punct",NA,"SpacesAfter=\n"
"doc94",1,1,"Waiting for the conclusion of the BBNJ agreement may delay the conservation of crucial areas and ecosystem services.",1,7,1,"1","Waiting","wait","VERB","VBG","VerbForm=Ger","10","csubj",NA,NA
"doc94",1,1,"Waiting for the conclusion of the BBNJ agreement may delay the conservation of crucial areas and ecosystem services.",9,11,2,"2","for","for","ADP","IN",NA,"4","case",NA,NA
"doc94",1,1,"Waiting for the conclusion of the BBNJ agreement may delay the conservation of crucial areas and ecosystem services.",13,15,3,"3","the","the","DET","DT","Definite=Def|PronType=Art","4","det",NA,NA
"doc94",1,1,"Waiting for the conclusion of the BBNJ agreement may delay the conservation of crucial areas and ecosystem services.",17,26,4,"4","conclusion","conclusion","NOUN","NN","Number=Sing","1","obl",NA,NA
"doc94",1,1,"Waiting for the conclusion of the BBNJ agreement may delay the conservation of crucial areas and ecosystem services.",28,29,5,"5","of","of","ADP","IN",NA,"8","case",NA,NA
"doc94",1,1,"Waiting for the conclusion of the BBNJ agreement may delay the conservation of crucial areas and ecosystem services.",31,33,6,"6","the","the","DET","DT","Definite=Def|PronType=Art","8","det",NA,NA
"doc94",1,1,"Waiting for the conclusion of the BBNJ agreement may delay the conservation of crucial areas and ecosystem services.",35,38,7,"7","BBNJ","Bbnj","PROPN","NNP","Number=Sing","8","compound",NA,NA
"doc94",1,1,"Waiting for the conclusion of the BBNJ agreement may delay the conservation of crucial areas and ecosystem services.",40,48,8,"8","agreement","agreement","NOUN","NN","Number=Sing","4","nmod",NA,NA
"doc94",1,1,"Waiting for the conclusion of the BBNJ agreement may delay the conservation of crucial areas and ecosystem services.",50,52,9,"9","may","may","AUX","MD","VerbForm=Fin","10","aux",NA,NA
"doc94",1,1,"Waiting for the conclusion of the BBNJ agreement may delay the conservation of crucial areas and ecosystem services.",54,58,10,"10","delay","delay","VERB","VB","VerbForm=Inf","0","root",NA,NA
"doc94",1,1,"Waiting for the conclusion of the BBNJ agreement may delay the conservation of crucial areas and ecosystem services.",60,62,11,"11","the","the","DET","DT","Definite=Def|PronType=Art","12","det",NA,NA
"doc94",1,1,"Waiting for the conclusion of the BBNJ agreement may delay the conservation of crucial areas and ecosystem services.",64,75,12,"12","conservation","conservation","NOUN","NN","Number=Sing","10","obj",NA,NA
"doc94",1,1,"Waiting for the conclusion of the BBNJ agreement may delay the conservation of crucial areas and ecosystem services.",77,78,13,"13","of","of","ADP","IN",NA,"15","case",NA,NA
"doc94",1,1,"Waiting for the conclusion of the BBNJ agreement may delay the conservation of crucial areas and ecosystem services.",80,86,14,"14","crucial","crucial","ADJ","JJ","Degree=Pos","15","amod",NA,NA
"doc94",1,1,"Waiting for the conclusion of the BBNJ agreement may delay the conservation of crucial areas and ecosystem services.",88,92,15,"15","areas","area","NOUN","NNS","Number=Plur","12","nmod",NA,NA
"doc94",1,1,"Waiting for the conclusion of the BBNJ agreement may delay the conservation of crucial areas and ecosystem services.",94,96,16,"16","and","and","CCONJ","CC",NA,"18","cc",NA,NA
"doc94",1,1,"Waiting for the conclusion of the BBNJ agreement may delay the conservation of crucial areas and ecosystem services.",98,106,17,"17","ecosystem","ecosystem","NOUN","NN","Number=Sing","18","compound",NA,NA
"doc94",1,1,"Waiting for the conclusion of the BBNJ agreement may delay the conservation of crucial areas and ecosystem services.",108,115,18,"18","services","service","NOUN","NNS","Number=Plur","15","conj",NA,"SpaceAfter=No"
"doc94",1,1,"Waiting for the conclusion of the BBNJ agreement may delay the conservation of crucial areas and ecosystem services.",116,116,19,"19",".",".","PUNCT",".",NA,"10","punct",NA,"SpacesAfter=\n"
"doc95",1,1,"The BBNJ agreement may not be accepted by all.",1,3,1,"1","The","the","DET","DT","Definite=Def|PronType=Art","3","det",NA,NA
"doc95",1,1,"The BBNJ agreement may not be accepted by all.",5,8,2,"2","BBNJ","Bbnj","NOUN","NN","Number=Sing","3","compound",NA,NA
"doc95",1,1,"The BBNJ agreement may not be accepted by all.",10,18,3,"3","agreement","agreement","NOUN","NN","Number=Sing","7","nsubj:pass",NA,NA
"doc95",1,1,"The BBNJ agreement may not be accepted by all.",20,22,4,"4","may","may","AUX","MD","VerbForm=Fin","7","aux",NA,NA
"doc95",1,1,"The BBNJ agreement may not be accepted by all.",24,26,5,"5","not","not","PART","RB",NA,"7","advmod",NA,NA
"doc95",1,1,"The BBNJ agreement may not be accepted by all.",28,29,6,"6","be","be","AUX","VB","VerbForm=Inf","7","aux:pass",NA,NA
"doc95",1,1,"The BBNJ agreement may not be accepted by all.",31,38,7,"7","accepted","accept","VERB","VBN","Tense=Past|VerbForm=Part|Voice=Pass","0","root",NA,NA
"doc95",1,1,"The BBNJ agreement may not be accepted by all.",40,41,8,"8","by","by","ADP","IN",NA,"9","case",NA,NA
"doc95",1,1,"The BBNJ agreement may not be accepted by all.",43,45,9,"9","all","all","DET","DT",NA,"7","obl",NA,"SpaceAfter=No"
"doc95",1,1,"The BBNJ agreement may not be accepted by all.",46,46,10,"10",".",".","PUNCT",".",NA,"7","punct",NA,"SpacesAfter=\n"
"doc96",1,1,"The agreement could be costly and time-consuming to negotiate.",1,3,1,"1","The","the","DET","DT","Definite=Def|PronType=Art","2","det",NA,NA
"doc96",1,1,"The agreement could be costly and time-consuming to negotiate.",5,13,2,"2","agreement","agreement","NOUN","NN","Number=Sing","5","nsubj",NA,NA
"doc96",1,1,"The agreement could be costly and time-consuming to negotiate.",15,19,3,"3","could","could","AUX","MD","VerbForm=Fin","5","aux",NA,NA
"doc96",1,1,"The agreement could be costly and time-consuming to negotiate.",21,22,4,"4","be","be","AUX","VB","VerbForm=Inf","5","cop",NA,NA
"doc96",1,1,"The agreement could be costly and time-consuming to negotiate.",24,29,5,"5","costly","costly","ADJ","JJ","Degree=Pos","0","root",NA,NA
"doc96",1,1,"The agreement could be costly and time-consuming to negotiate.",31,33,6,"6","and","and","CCONJ","CC",NA,"7","cc",NA,NA
"doc96",1,1,"The agreement could be costly and time-consuming to negotiate.",35,38,7,"7","time","time","NOUN","NN","Number=Sing","5","conj",NA,"SpaceAfter=No"
"doc96",1,1,"The agreement could be costly and time-consuming to negotiate.",39,39,8,"8","-","-","PUNCT","HYPH",NA,"5","punct",NA,"SpaceAfter=No"
"doc96",1,1,"The agreement could be costly and time-consuming to negotiate.",40,48,9,"9","consuming","consume","VERB","VBG","VerbForm=Ger","5","advcl",NA,NA
"doc96",1,1,"The agreement could be costly and time-consuming to negotiate.",50,51,10,"10","to","to","PART","TO",NA,"11","mark",NA,NA
"doc96",1,1,"The agreement could be costly and time-consuming to negotiate.",53,61,11,"11","negotiate","negotiate","VERB","VB","VerbForm=Inf","9","xcomp",NA,"SpaceAfter=No"
"doc96",1,1,"The agreement could be costly and time-consuming to negotiate.",62,62,12,"12",".",".","PUNCT",".",NA,"5","punct",NA,"SpacesAfter=\n"
