"doc_id","paragraph_id","sentence_id","sentence","start","end","term_id","token_id","token","lemma","upos","xpos","feats","head_token_id","dep_rel","deps","misc"
"doc1",1,1,"to develop the logistics surrounding capacity building financial mechanisms for developing countries and SIDS.",1,2,1,"1","to","to","PART","TO",NA,"2","mark",NA,NA
"doc1",1,1,"to develop the logistics surrounding capacity building financial mechanisms for developing countries and SIDS.",4,10,2,"2","develop","develop","VERB","VB","VerbForm=Inf","0","root",NA,NA
"doc1",1,1,"to develop the logistics surrounding capacity building financial mechanisms for developing countries and SIDS.",12,14,3,"3","the","the","DET","DT","Definite=Def|PronType=Art","4","det",NA,NA
"doc1",1,1,"to develop the logistics surrounding capacity building financial mechanisms for developing countries and SIDS.",16,24,4,"4","logistics","logistic","NOUN","NNS","Number=Plur","2","obj",NA,NA
"doc1",1,1,"to develop the logistics surrounding capacity building financial mechanisms for developing countries and SIDS.",26,36,5,"5","surrounding","surround","VERB","VBG","VerbForm=Ger","4","acl",NA,NA
"doc1",1,1,"to develop the logistics surrounding capacity building financial mechanisms for developing countries and SIDS.",38,45,6,"6","capacity","capacity","NOUN","NN","Number=Sing","7","compound",NA,NA
"doc1",1,1,"to develop the logistics surrounding capacity building financial mechanisms for developing countries and SIDS.",47,54,7,"7","building","building","NOUN","NN","Number=Sing","9","compound",NA,NA
"doc1",1,1,"to develop the logistics surrounding capacity building financial mechanisms for developing countries and SIDS.",56,64,8,"8","financial","financial","ADJ","JJ","Degree=Pos","9","amod",NA,NA
"doc1",1,1,"to develop the logistics surrounding capacity building financial mechanisms for developing countries and SIDS.",66,75,9,"9","mechanisms","mechanism","NOUN","NNS","Number=Plur","5","obj",NA,NA
"doc1",1,1,"to develop the logistics surrounding capacity building financial mechanisms for developing countries and SIDS.",77,79,10,"10","for","for","SCONJ","IN",NA,"11","mark",NA,NA
"doc1",1,1,"to develop the logistics surrounding capacity building financial mechanisms for developing countries and SIDS.",81,90,11,"11","developing","develop","VERB","VBG","VerbForm=Ger","2","advcl",NA,NA
"doc1",1,1,"to develop the logistics surrounding capacity building financial mechanisms for developing countries and SIDS.",92,100,12,"12","countries","country","NOUN","NNS","Number=Plur","11","obj",NA,NA
"doc1",1,1,"to develop the logistics surrounding capacity building financial mechanisms for developing countries and SIDS.",102,104,13,"13","and","and","CCONJ","CC",NA,"14","cc",NA,NA
"doc1",1,1,"to develop the logistics surrounding capacity building financial mechanisms for developing countries and SIDS.",106,109,14,"14","SIDS","sIDs","NOUN","NNS","Number=Plur","12","conj",NA,"SpaceAfter=No"
"doc1",1,1,"to develop the logistics surrounding capacity building financial mechanisms for developing countries and SIDS.",110,110,15,"15",".",".","PUNCT",".",NA,"2","punct",NA,"SpacesAfter=\n"
"doc2",1,1,"To promote fast action for global plastic management.",1,2,1,"1","To","to","PART","TO",NA,"2","mark",NA,NA
"doc2",1,1,"To promote fast action for global plastic management.",4,10,2,"2","promote","promote","VERB","VB","VerbForm=Inf","0","root",NA,NA
"doc2",1,1,"To promote fast action for global plastic management.",12,15,3,"3","fast","fast","ADJ","JJ","Degree=Pos","4","amod",NA,NA
"doc2",1,1,"To promote fast action for global plastic management.",17,22,4,"4","action","action","NOUN","NN","Number=Sing","2","obj",NA,NA
"doc2",1,1,"To promote fast action for global plastic management.",24,26,5,"5","for","for","ADP","IN",NA,"8","case",NA,NA
"doc2",1,1,"To promote fast action for global plastic management.",28,33,6,"6","global","global","ADJ","JJ","Degree=Pos","8","amod",NA,NA
"doc2",1,1,"To promote fast action for global plastic management.",35,41,7,"7","plastic","plastic","ADJ","JJ","Degree=Pos","8","amod",NA,NA
"doc2",1,1,"To promote fast action for global plastic management.",43,52,8,"8","management","management","NOUN","NN","Number=Sing","2","obl",NA,"SpaceAfter=No"
"doc2",1,1,"To promote fast action for global plastic management.",53,53,9,"9",".",".","PUNCT",".",NA,"2","punct",NA,"SpacesAfter=\n"
"doc3",1,1,"May not to solve the freedom of the seas issue, wherein some States support implementing MPAs in ABNJ, but others may be unwilling to accept said designations or be bound by them.",1,3,1,"1","May","may","AUX","MD","VerbForm=Fin","4","aux",NA,NA
"doc3",1,1,"May not to solve the freedom of the seas issue, wherein some States support implementing MPAs in ABNJ, but others may be unwilling to accept said designations or be bound by them.",5,7,2,"2","not","not","PART","RB",NA,"4","advmod",NA,NA
"doc3",1,1,"May not to solve the freedom of the seas issue, wherein some States support implementing MPAs in ABNJ, but others may be unwilling to accept said designations or be bound by them.",9,10,3,"3","to","to","PART","TO",NA,"4","mark",NA,NA
"doc3",1,1,"May not to solve the freedom of the seas issue, wherein some States support implementing MPAs in ABNJ, but others may be unwilling to accept said designations or be bound by them.",12,16,4,"4","solve","solve","VERB","VB","VerbForm=Inf","0","root",NA,NA
"doc3",1,1,"May not to solve the freedom of the seas issue, wherein some States support implementing MPAs in ABNJ, but others may be unwilling to accept said designations or be bound by them.",18,20,5,"5","the","the","DET","DT","Definite=Def|PronType=Art","6","det",NA,NA
"doc3",1,1,"May not to solve the freedom of the seas issue, wherein some States support implementing MPAs in ABNJ, but others may be unwilling to accept said designations or be bound by them.",22,28,6,"6","freedom","freedom","NOUN","NN","Number=Sing","4","obj",NA,NA
"doc3",1,1,"May not to solve the freedom of the seas issue, wherein some States support implementing MPAs in ABNJ, but others may be unwilling to accept said designations or be bound by them.",30,31,7,"7","of","of","ADP","IN",NA,"10","case",NA,NA
"doc3",1,1,"May not to solve the freedom of the seas issue, wherein some States support implementing MPAs in ABNJ, but others may be unwilling to accept said designations or be bound by them.",33,35,8,"8","the","the","DET","DT","Definite=Def|PronType=Art","10","det",NA,NA
"doc3",1,1,"May not to solve the freedom of the seas issue, wherein some States support implementing MPAs in ABNJ, but others may be unwilling to accept said designations or be bound by them.",37,40,9,"9","seas","seas","NOUN","NN","Number=Sing","10","compound",NA,NA
"doc3",1,1,"May not to solve the freedom of the seas issue, wherein some States support implementing MPAs in ABNJ, but others may be unwilling to accept said designations or be bound by them.",42,46,10,"10","issue","issue","NOUN","NN","Number=Sing","6","nmod",NA,"SpaceAfter=No"
"doc3",1,1,"May not to solve the freedom of the seas issue, wherein some States support implementing MPAs in ABNJ, but others may be unwilling to accept said designations or be bound by them.",47,47,11,"11",",",",","PUNCT",",",NA,"10","punct",NA,NA
"doc3",1,1,"May not to solve the freedom of the seas issue, wherein some States support implementing MPAs in ABNJ, but others may be unwilling to accept said designations or be bound by them.",49,55,12,"12","wherein","wherein","ADV","WRB","PronType=Rel","25","advmod",NA,NA
"doc3",1,1,"May not to solve the freedom of the seas issue, wherein some States support implementing MPAs in ABNJ, but others may be unwilling to accept said designations or be bound by them.",57,60,13,"13","some","some","DET","DT",NA,"15","det",NA,NA
"doc3",1,1,"May not to solve the freedom of the seas issue, wherein some States support implementing MPAs in ABNJ, but others may be unwilling to accept said designations or be bound by them.",62,67,14,"14","States","states","PROPN","NNPS","Number=Plur","15","compound",NA,NA
"doc3",1,1,"May not to solve the freedom of the seas issue, wherein some States support implementing MPAs in ABNJ, but others may be unwilling to accept said designations or be bound by them.",69,75,15,"15","support","support","NOUN","NN","Number=Sing","25","nsubj",NA,NA
"doc3",1,1,"May not to solve the freedom of the seas issue, wherein some States support implementing MPAs in ABNJ, but others may be unwilling to accept said designations or be bound by them.",77,88,16,"16","implementing","implement","VERB","VBG","VerbForm=Ger","15","acl",NA,NA
"doc3",1,1,"May not to solve the freedom of the seas issue, wherein some States support implementing MPAs in ABNJ, but others may be unwilling to accept said designations or be bound by them.",90,93,17,"17","MPAs","MPAs","PROPN","NNPS","Number=Plur","16","obj",NA,NA
"doc3",1,1,"May not to solve the freedom of the seas issue, wherein some States support implementing MPAs in ABNJ, but others may be unwilling to accept said designations or be bound by them.",95,96,18,"18","in","in","ADP","IN",NA,"19","case",NA,NA
"doc3",1,1,"May not to solve the freedom of the seas issue, wherein some States support implementing MPAs in ABNJ, but others may be unwilling to accept said designations or be bound by them.",98,101,19,"19","ABNJ","ABNJ","PROPN","NNP","Number=Sing","16","obl",NA,"SpaceAfter=No"
"doc3",1,1,"May not to solve the freedom of the seas issue, wherein some States support implementing MPAs in ABNJ, but others may be unwilling to accept said designations or be bound by them.",102,102,20,"20",",",",","PUNCT",",",NA,"25","punct",NA,NA
"doc3",1,1,"May not to solve the freedom of the seas issue, wherein some States support implementing MPAs in ABNJ, but others may be unwilling to accept said designations or be bound by them.",104,106,21,"21","but","but","CCONJ","CC",NA,"25","cc",NA,NA
"doc3",1,1,"May not to solve the freedom of the seas issue, wherein some States support implementing MPAs in ABNJ, but others may be unwilling to accept said designations or be bound by them.",108,113,22,"22","others","other","NOUN","NNS","Number=Plur","25","nsubj",NA,NA
"doc3",1,1,"May not to solve the freedom of the seas issue, wherein some States support implementing MPAs in ABNJ, but others may be unwilling to accept said designations or be bound by them.",115,117,23,"23","may","may","AUX","MD","VerbForm=Fin","25","aux",NA,NA
"doc3",1,1,"May not to solve the freedom of the seas issue, wherein some States support implementing MPAs in ABNJ, but others may be unwilling to accept said designations or be bound by them.",119,120,24,"24","be","be","AUX","VB","VerbForm=Inf","25","cop",NA,NA
"doc3",1,1,"May not to solve the freedom of the seas issue, wherein some States support implementing MPAs in ABNJ, but others may be unwilling to accept said designations or be bound by them.",122,130,25,"25","unwilling","unwilling","ADJ","JJ","Degree=Pos","10","acl:relcl",NA,NA
"doc3",1,1,"May not to solve the freedom of the seas issue, wherein some States support implementing MPAs in ABNJ, but others may be unwilling to accept said designations or be bound by them.",132,133,26,"26","to","to","PART","TO",NA,"27","mark",NA,NA
"doc3",1,1,"May not to solve the freedom of the seas issue, wherein some States support implementing MPAs in ABNJ, but others may be unwilling to accept said designations or be bound by them.",135,140,27,"27","accept","accept","VERB","VB","VerbForm=Inf","28","acl",NA,NA
"doc3",1,1,"May not to solve the freedom of the seas issue, wherein some States support implementing MPAs in ABNJ, but others may be unwilling to accept said designations or be bound by them.",142,145,28,"28","said","say","VERB","VBN","Tense=Past|VerbForm=Part","25","advcl",NA,NA
"doc3",1,1,"May not to solve the freedom of the seas issue, wherein some States support implementing MPAs in ABNJ, but others may be unwilling to accept said designations or be bound by them.",147,158,29,"29","designations","designation","NOUN","NNS","Number=Plur","28","obj",NA,NA
"doc3",1,1,"May not to solve the freedom of the seas issue, wherein some States support implementing MPAs in ABNJ, but others may be unwilling to accept said designations or be bound by them.",160,161,30,"30","or","or","CCONJ","CC",NA,"32","cc",NA,NA
"doc3",1,1,"May not to solve the freedom of the seas issue, wherein some States support implementing MPAs in ABNJ, but others may be unwilling to accept said designations or be bound by them.",163,164,31,"31","be","be","AUX","VB","VerbForm=Inf","32","cop",NA,NA
"doc3",1,1,"May not to solve the freedom of the seas issue, wherein some States support implementing MPAs in ABNJ, but others may be unwilling to accept said designations or be bound by them.",166,170,32,"32","bound","bound","ADJ","JJ","Degree=Pos","29","conj",NA,NA
"doc3",1,1,"May not to solve the freedom of the seas issue, wherein some States support implementing MPAs in ABNJ, but others may be unwilling to accept said designations or be bound by them.",172,173,33,"33","by","by","ADP","IN",NA,"34","case",NA,NA
"doc3",1,1,"May not to solve the freedom of the seas issue, wherein some States support implementing MPAs in ABNJ, but others may be unwilling to accept said designations or be bound by them.",175,178,34,"34","them","they","PRON","PRP","Case=Acc|Number=Plur|Person=3|PronType=Prs","32","obl",NA,"SpaceAfter=No"
"doc3",1,1,"May not to solve the freedom of the seas issue, wherein some States support implementing MPAs in ABNJ, but others may be unwilling to accept said designations or be bound by them.",179,179,35,"35",".",".","PUNCT",".",NA,"4","punct",NA,"SpacesAfter=\n"
"doc4",1,1,"Ensure that Developing countries have the capacity to take actions regarding the conservation of biological diversity in ABNJ.",1,6,1,"1","Ensure","ensure","VERB","VB","Mood=Imp|VerbForm=Fin","0","root",NA,NA
"doc4",1,1,"Ensure that Developing countries have the capacity to take actions regarding the conservation of biological diversity in ABNJ.",8,11,2,"2","that","that","SCONJ","IN",NA,"5","mark",NA,NA
"doc4",1,1,"Ensure that Developing countries have the capacity to take actions regarding the conservation of biological diversity in ABNJ.",13,22,3,"3","Developing","develop","VERB","VBG","VerbForm=Ger","4","amod",NA,NA
"doc4",1,1,"Ensure that Developing countries have the capacity to take actions regarding the conservation of biological diversity in ABNJ.",24,32,4,"4","countries","country","NOUN","NNS","Number=Plur","5","nsubj",NA,NA
"doc4",1,1,"Ensure that Developing countries have the capacity to take actions regarding the conservation of biological diversity in ABNJ.",34,37,5,"5","have","have","VERB","VBP","Mood=Ind|Tense=Pres|VerbForm=Fin","1","ccomp",NA,NA
"doc4",1,1,"Ensure that Developing countries have the capacity to take actions regarding the conservation of biological diversity in ABNJ.",39,41,6,"6","the","the","DET","DT","Definite=Def|PronType=Art","7","det",NA,NA
"doc4",1,1,"Ensure that Developing countries have the capacity to take actions regarding the conservation of biological diversity in ABNJ.",43,50,7,"7","capacity","capacity","NOUN","NN","Number=Sing","5","obj",NA,NA
"doc4",1,1,"Ensure that Developing countries have the capacity to take actions regarding the conservation of biological diversity in ABNJ.",52,53,8,"8","to","to","PART","TO",NA,"9","mark",NA,NA
"doc4",1,1,"Ensure that Developing countries have the capacity to take actions regarding the conservation of biological diversity in ABNJ.",55,58,9,"9","take","take","VERB","VB","VerbForm=Inf","7","acl",NA,NA
"doc4",1,1,"Ensure that Developing countries have the capacity to take actions regarding the conservation of biological diversity in ABNJ.",60,66,10,"10","actions","action","NOUN","NNS","Number=Plur","9","obj",NA,NA
"doc4",1,1,"Ensure that Developing countries have the capacity to take actions regarding the conservation of biological diversity in ABNJ.",68,76,11,"11","regarding","regard","VERB","VBG","VerbForm=Ger","13","case",NA,NA
"doc4",1,1,"Ensure that Developing countries have the capacity to take actions regarding the conservation of biological diversity in ABNJ.",78,80,12,"12","the","the","DET","DT","Definite=Def|PronType=Art","13","det",NA,NA
"doc4",1,1,"Ensure that Developing countries have the capacity to take actions regarding the conservation of biological diversity in ABNJ.",82,93,13,"13","conservation","conservation","NOUN","NN","Number=Sing","10","nmod",NA,NA
"doc4",1,1,"Ensure that Developing countries have the capacity to take actions regarding the conservation of biological diversity in ABNJ.",95,96,14,"14","of","of","ADP","IN",NA,"16","case",NA,NA
"doc4",1,1,"Ensure that Developing countries have the capacity to take actions regarding the conservation of biological diversity in ABNJ.",98,107,15,"15","biological","biological","ADJ","JJ","Degree=Pos","16","amod",NA,NA
"doc4",1,1,"Ensure that Developing countries have the capacity to take actions regarding the conservation of biological diversity in ABNJ.",109,117,16,"16","diversity","diversity","NOUN","NN","Number=Sing","13","nmod",NA,NA
"doc4",1,1,"Ensure that Developing countries have the capacity to take actions regarding the conservation of biological diversity in ABNJ.",119,120,17,"17","in","in","ADP","IN",NA,"18","case",NA,NA
"doc4",1,1,"Ensure that Developing countries have the capacity to take actions regarding the conservation of biological diversity in ABNJ.",122,125,18,"18","ABNJ","ABNJ","PROPN","NNP","Number=Sing","16","nmod",NA,"SpaceAfter=No"
"doc4",1,1,"Ensure that Developing countries have the capacity to take actions regarding the conservation of biological diversity in ABNJ.",126,126,19,"19",".",".","PUNCT",".",NA,"1","punct",NA,"SpacesAfter=\n"
"doc5",1,1,"Embracing RFMOs as key institutions represents a strong possibility for cooperation.",1,9,1,"1","Embracing","Embrace","VERB","VBG","VerbForm=Ger","0","root",NA,NA
"doc5",1,1,"Embracing RFMOs as key institutions represents a strong possibility for cooperation.",11,15,2,"2","RFMOs","RFMOs","NOUN","NNS","Number=Plur","1","obj",NA,NA
"doc5",1,1,"Embracing RFMOs as key institutions represents a strong possibility for cooperation.",17,18,3,"3","as","as","ADP","IN",NA,"6","mark",NA,NA
"doc5",1,1,"Embracing RFMOs as key institutions represents a strong possibility for cooperation.",20,22,4,"4","key","key","ADJ","JJ","Degree=Pos","5","amod",NA,NA
"doc5",1,1,"Embracing RFMOs as key institutions represents a strong possibility for cooperation.",24,35,5,"5","institutions","institution","NOUN","NNS","Number=Plur","6","nsubj",NA,NA
"doc5",1,1,"Embracing RFMOs as key institutions represents a strong possibility for cooperation.",37,46,6,"6","represents","represent","VERB","VBZ","Mood=Ind|Number=Sing|Person=3|Tense=Pres|VerbForm=Fin","1","advcl",NA,NA
"doc5",1,1,"Embracing RFMOs as key institutions represents a strong possibility for cooperation.",48,48,7,"7","a","a","DET","DT","Definite=Ind|PronType=Art","9","det",NA,NA
"doc5",1,1,"Embracing RFMOs as key institutions represents a strong possibility for cooperation.",50,55,8,"8","strong","strong","ADJ","JJ","Degree=Pos","9","amod",NA,NA
"doc5",1,1,"Embracing RFMOs as key institutions represents a strong possibility for cooperation.",57,67,9,"9","possibility","possibility","NOUN","NN","Number=Sing","6","obj",NA,NA
"doc5",1,1,"Embracing RFMOs as key institutions represents a strong possibility for cooperation.",69,71,10,"10","for","for","ADP","IN",NA,"11","case",NA,NA
"doc5",1,1,"Embracing RFMOs as key institutions represents a strong possibility for cooperation.",73,83,11,"11","cooperation","cooperation","NOUN","NN","Number=Sing","9","nmod",NA,"SpaceAfter=No"
"doc5",1,1,"Embracing RFMOs as key institutions represents a strong possibility for cooperation.",84,84,12,"12",".",".","PUNCT",".",NA,"1","punct",NA,"SpacesAfter=\n"
"doc6",1,1,"The term not undermine can have a broad and positive interpretation that may strengthen the role of existing institutions.",1,3,1,"1","The","the","DET","DT","Definite=Def|PronType=Art","2","det",NA,NA
"doc6",1,1,"The term not undermine can have a broad and positive interpretation that may strengthen the role of existing institutions.",5,8,2,"2","term","term","NOUN","NN","Number=Sing","6","nsubj",NA,NA
"doc6",1,1,"The term not undermine can have a broad and positive interpretation that may strengthen the role of existing institutions.",10,12,3,"3","not","not","PART","RB",NA,"4","advmod",NA,NA
"doc6",1,1,"The term not undermine can have a broad and positive interpretation that may strengthen the role of existing institutions.",14,22,4,"4","undermine","undermine","ADV","RB",NA,"6","advmod",NA,NA
"doc6",1,1,"The term not undermine can have a broad and positive interpretation that may strengthen the role of existing institutions.",24,26,5,"5","can","can","AUX","MD","VerbForm=Fin","6","aux",NA,NA
"doc6",1,1,"The term not undermine can have a broad and positive interpretation that may strengthen the role of existing institutions.",28,31,6,"6","have","have","VERB","VB","VerbForm=Inf","0","root",NA,NA
"doc6",1,1,"The term not undermine can have a broad and positive interpretation that may strengthen the role of existing institutions.",33,33,7,"7","a","a","DET","DT","Definite=Ind|PronType=Art","11","det",NA,NA
"doc6",1,1,"The term not undermine can have a broad and positive interpretation that may strengthen the role of existing institutions.",35,39,8,"8","broad","broad","ADJ","JJ","Degree=Pos","11","amod",NA,NA
"doc6",1,1,"The term not undermine can have a broad and positive interpretation that may strengthen the role of existing institutions.",41,43,9,"9","and","and","CCONJ","CC",NA,"10","cc",NA,NA
"doc6",1,1,"The term not undermine can have a broad and positive interpretation that may strengthen the role of existing institutions.",45,52,10,"10","positive","positive","ADJ","JJ","Degree=Pos","8","conj",NA,NA
"doc6",1,1,"The term not undermine can have a broad and positive interpretation that may strengthen the role of existing institutions.",54,67,11,"11","interpretation","interpretation","NOUN","NN","Number=Sing","6","obj",NA,NA
"doc6",1,1,"The term not undermine can have a broad and positive interpretation that may strengthen the role of existing institutions.",69,72,12,"12","that","that","PRON","WDT","PronType=Rel","14","nsubj",NA,NA
"doc6",1,1,"The term not undermine can have a broad and positive interpretation that may strengthen the role of existing institutions.",74,76,13,"13","may","may","AUX","MD","VerbForm=Fin","14","aux",NA,NA
"doc6",1,1,"The term not undermine can have a broad and positive interpretation that may strengthen the role of existing institutions.",78,87,14,"14","strengthen","strengthen","VERB","VB","VerbForm=Inf","11","acl:relcl",NA,NA
"doc6",1,1,"The term not undermine can have a broad and positive interpretation that may strengthen the role of existing institutions.",89,91,15,"15","the","the","DET","DT","Definite=Def|PronType=Art","16","det",NA,NA
"doc6",1,1,"The term not undermine can have a broad and positive interpretation that may strengthen the role of existing institutions.",93,96,16,"16","role","role","NOUN","NN","Number=Sing","14","obj",NA,NA
"doc6",1,1,"The term not undermine can have a broad and positive interpretation that may strengthen the role of existing institutions.",98,99,17,"17","of","of","SCONJ","IN",NA,"18","mark",NA,NA
"doc6",1,1,"The term not undermine can have a broad and positive interpretation that may strengthen the role of existing institutions.",101,108,18,"18","existing","exist","VERB","VBG","VerbForm=Ger","16","acl",NA,NA
"doc6",1,1,"The term not undermine can have a broad and positive interpretation that may strengthen the role of existing institutions.",110,121,19,"19","institutions","institution","NOUN","NNS","Number=Plur","18","obj",NA,"SpaceAfter=No"
"doc6",1,1,"The term not undermine can have a broad and positive interpretation that may strengthen the role of existing institutions.",122,122,20,"20",".",".","PUNCT",".",NA,"6","punct",NA,"SpacesAfter=\n"
"doc7",1,1,"to clarify the relationship between UNCLOS and the Antarctic Treaty System.",1,2,1,"1","to","to","PART","TO",NA,"2","mark",NA,NA
"doc7",1,1,"to clarify the relationship between UNCLOS and the Antarctic Treaty System.",4,10,2,"2","clarify","clarify","VERB","VB","VerbForm=Inf","0","root",NA,NA
"doc7",1,1,"to clarify the relationship between UNCLOS and the Antarctic Treaty System.",12,14,3,"3","the","the","DET","DT","Definite=Def|PronType=Art","4","det",NA,NA
"doc7",1,1,"to clarify the relationship between UNCLOS and the Antarctic Treaty System.",16,27,4,"4","relationship","relationship","NOUN","NN","Number=Sing","2","obj",NA,NA
"doc7",1,1,"to clarify the relationship between UNCLOS and the Antarctic Treaty System.",29,35,5,"5","between","between","ADP","IN",NA,"6","case",NA,NA
"doc7",1,1,"to clarify the relationship between UNCLOS and the Antarctic Treaty System.",37,42,6,"6","UNCLOS","UNCLOS","NOUN","NNS","Number=Plur","4","nmod",NA,NA
"doc7",1,1,"to clarify the relationship between UNCLOS and the Antarctic Treaty System.",44,46,7,"7","and","and","CCONJ","CC",NA,"11","cc",NA,NA
"doc7",1,1,"to clarify the relationship between UNCLOS and the Antarctic Treaty System.",48,50,8,"8","the","the","DET","DT","Definite=Def|PronType=Art","11","det",NA,NA
"doc7",1,1,"to clarify the relationship between UNCLOS and the Antarctic Treaty System.",52,60,9,"9","Antarctic","Antarctic","ADJ","JJ","Degree=Pos","11","amod",NA,NA
"doc7",1,1,"to clarify the relationship between UNCLOS and the Antarctic Treaty System.",62,67,10,"10","Treaty","Treaty","PROPN","NNP","Number=Sing","11","compound",NA,NA
"doc7",1,1,"to clarify the relationship between UNCLOS and the Antarctic Treaty System.",69,74,11,"11","System","system","PROPN","NNP","Number=Sing","6","conj",NA,"SpaceAfter=No"
"doc7",1,1,"to clarify the relationship between UNCLOS and the Antarctic Treaty System.",75,75,12,"12",".",".","PUNCT",".",NA,"2","punct",NA,"SpacesAfter=\n"
"doc8",1,1,"Coastal States are required to give due regard to the rights and obligations of States carrying out activities in ABNJ.",1,7,1,"1","Coastal","coastal","PROPN","NNP","Number=Sing","2","compound",NA,NA
"doc8",1,1,"Coastal States are required to give due regard to the rights and obligations of States carrying out activities in ABNJ.",9,14,2,"2","States","States","PROPN","NNPS","Number=Plur","4","nsubj:pass",NA,NA
"doc8",1,1,"Coastal States are required to give due regard to the rights and obligations of States carrying out activities in ABNJ.",16,18,3,"3","are","be","AUX","VBP","Mood=Ind|Tense=Pres|VerbForm=Fin","4","aux:pass",NA,NA
"doc8",1,1,"Coastal States are required to give due regard to the rights and obligations of States carrying out activities in ABNJ.",20,27,4,"4","required","require","VERB","VBN","Tense=Past|VerbForm=Part|Voice=Pass","0","root",NA,NA
"doc8",1,1,"Coastal States are required to give due regard to the rights and obligations of States carrying out activities in ABNJ.",29,30,5,"5","to","to","PART","TO",NA,"6","mark",NA,NA
"doc8",1,1,"Coastal States are required to give due regard to the rights and obligations of States carrying out activities in ABNJ.",32,35,6,"6","give","give","VERB","VB","VerbForm=Inf","4","xcomp",NA,NA
"doc8",1,1,"Coastal States are required to give due regard to the rights and obligations of States carrying out activities in ABNJ.",37,39,7,"7","due","due","ADP","IN",NA,"8","case",NA,NA
"doc8",1,1,"Coastal States are required to give due regard to the rights and obligations of States carrying out activities in ABNJ.",41,46,8,"8","regard","regard","NOUN","NN","Number=Sing","6","obl",NA,NA
"doc8",1,1,"Coastal States are required to give due regard to the rights and obligations of States carrying out activities in ABNJ.",48,49,9,"9","to","to","ADP","IN",NA,"11","case",NA,NA
"doc8",1,1,"Coastal States are required to give due regard to the rights and obligations of States carrying out activities in ABNJ.",51,53,10,"10","the","the","DET","DT","Definite=Def|PronType=Art","11","det",NA,NA
"doc8",1,1,"Coastal States are required to give due regard to the rights and obligations of States carrying out activities in ABNJ.",55,60,11,"11","rights","rights","NOUN","NNS","Number=Plur","8","nmod",NA,NA
"doc8",1,1,"Coastal States are required to give due regard to the rights and obligations of States carrying out activities in ABNJ.",62,64,12,"12","and","and","CCONJ","CC",NA,"13","cc",NA,NA
"doc8",1,1,"Coastal States are required to give due regard to the rights and obligations of States carrying out activities in ABNJ.",66,76,13,"13","obligations","obligation","NOUN","NNS","Number=Plur","11","conj",NA,NA
"doc8",1,1,"Coastal States are required to give due regard to the rights and obligations of States carrying out activities in ABNJ.",78,79,14,"14","of","of","ADP","IN",NA,"15","case",NA,NA
"doc8",1,1,"Coastal States are required to give due regard to the rights and obligations of States carrying out activities in ABNJ.",81,86,15,"15","States","States","PROPN","NNPS","Number=Plur","11","nmod",NA,NA
"doc8",1,1,"Coastal States are required to give due regard to the rights and obligations of States carrying out activities in ABNJ.",88,95,16,"16","carrying","carry","VERB","VBG","VerbForm=Ger","11","acl",NA,NA
"doc8",1,1,"Coastal States are required to give due regard to the rights and obligations of States carrying out activities in ABNJ.",97,99,17,"17","out","out","ADP","RP",NA,"16","compound:prt",NA,NA
"doc8",1,1,"Coastal States are required to give due regard to the rights and obligations of States carrying out activities in ABNJ.",101,110,18,"18","activities","activity","NOUN","NNS","Number=Plur","16","obj",NA,NA
"doc8",1,1,"Coastal States are required to give due regard to the rights and obligations of States carrying out activities in ABNJ.",112,113,19,"19","in","in","ADP","IN",NA,"20","case",NA,NA
"doc8",1,1,"Coastal States are required to give due regard to the rights and obligations of States carrying out activities in ABNJ.",115,118,20,"20","ABNJ","ABNJ","PROPN","NNP","Number=Sing","18","nmod",NA,"SpaceAfter=No"
"doc8",1,1,"Coastal States are required to give due regard to the rights and obligations of States carrying out activities in ABNJ.",119,119,21,"21",".",".","PUNCT",".",NA,"4","punct",NA,"SpacesAfter=\n"
"doc9",1,1,"to identify lessons from previous planning and negotiation processes to establish MPAs in ABNJ.",1,2,1,"1","to","to","PART","TO",NA,"2","mark",NA,NA
"doc9",1,1,"to identify lessons from previous planning and negotiation processes to establish MPAs in ABNJ.",4,11,2,"2","identify","identify","VERB","VB","VerbForm=Inf","0","root",NA,NA
"doc9",1,1,"to identify lessons from previous planning and negotiation processes to establish MPAs in ABNJ.",13,19,3,"3","lessons","lesson","NOUN","NNS","Number=Plur","2","obj",NA,NA
"doc9",1,1,"to identify lessons from previous planning and negotiation processes to establish MPAs in ABNJ.",21,24,4,"4","from","from","ADP","IN",NA,"9","case",NA,NA
"doc9",1,1,"to identify lessons from previous planning and negotiation processes to establish MPAs in ABNJ.",26,33,5,"5","previous","previous","ADJ","JJ","Degree=Pos","9","amod",NA,NA
"doc9",1,1,"to identify lessons from previous planning and negotiation processes to establish MPAs in ABNJ.",35,42,6,"6","planning","planning","NOUN","NN","Number=Sing","9","compound",NA,NA
"doc9",1,1,"to identify lessons from previous planning and negotiation processes to establish MPAs in ABNJ.",44,46,7,"7","and","and","CCONJ","CC",NA,"8","cc",NA,NA
"doc9",1,1,"to identify lessons from previous planning and negotiation processes to establish MPAs in ABNJ.",48,58,8,"8","negotiation","negotiation","NOUN","NN","Number=Sing","6","conj",NA,NA
"doc9",1,1,"to identify lessons from previous planning and negotiation processes to establish MPAs in ABNJ.",60,68,9,"9","processes","process","NOUN","NNS","Number=Plur","3","nmod",NA,NA
"doc9",1,1,"to identify lessons from previous planning and negotiation processes to establish MPAs in ABNJ.",70,71,10,"10","to","to","PART","TO",NA,"11","mark",NA,NA
"doc9",1,1,"to identify lessons from previous planning and negotiation processes to establish MPAs in ABNJ.",73,81,11,"11","establish","establish","VERB","VB","VerbForm=Inf","9","acl",NA,NA
"doc9",1,1,"to identify lessons from previous planning and negotiation processes to establish MPAs in ABNJ.",83,86,12,"12","MPAs","MPAs","PROPN","NNP","Number=Sing","11","obj",NA,NA
"doc9",1,1,"to identify lessons from previous planning and negotiation processes to establish MPAs in ABNJ.",88,89,13,"13","in","in","ADP","IN",NA,"14","case",NA,NA
"doc9",1,1,"to identify lessons from previous planning and negotiation processes to establish MPAs in ABNJ.",91,94,14,"14","ABNJ","ABNJ","PROPN","NNP","Number=Sing","11","obl",NA,"SpaceAfter=No"
"doc9",1,1,"to identify lessons from previous planning and negotiation processes to establish MPAs in ABNJ.",95,95,15,"15",".",".","PUNCT",".",NA,"2","punct",NA,"SpacesAfter=\n"
"doc10",1,1,"Different ways to understand the term not undermine could have remarkably different effects.",1,9,1,"1","Different","different","ADJ","JJ","Degree=Pos","2","amod",NA,NA
"doc10",1,1,"Different ways to understand the term not undermine could have remarkably different effects.",11,14,2,"2","ways","way","NOUN","NNS","Number=Plur","0","root",NA,NA
"doc10",1,1,"Different ways to understand the term not undermine could have remarkably different effects.",16,17,3,"3","to","to","PART","TO",NA,"4","mark",NA,NA
"doc10",1,1,"Different ways to understand the term not undermine could have remarkably different effects.",19,28,4,"4","understand","understand","VERB","VB","VerbForm=Inf","2","acl",NA,NA
"doc10",1,1,"Different ways to understand the term not undermine could have remarkably different effects.",30,32,5,"5","the","the","DET","DT","Definite=Def|PronType=Art","6","det",NA,NA
"doc10",1,1,"Different ways to understand the term not undermine could have remarkably different effects.",34,37,6,"6","term","term","NOUN","NN","Number=Sing","4","obj",NA,NA
"doc10",1,1,"Different ways to understand the term not undermine could have remarkably different effects.",39,41,7,"7","not","not","ADV","RB",NA,"8","advmod",NA,NA
"doc10",1,1,"Different ways to understand the term not undermine could have remarkably different effects.",43,51,8,"8","undermine","undermine","PRON","PRP",NA,"10","nsubj",NA,NA
"doc10",1,1,"Different ways to understand the term not undermine could have remarkably different effects.",53,57,9,"9","could","could","AUX","MD","VerbForm=Fin","10","aux",NA,NA
"doc10",1,1,"Different ways to understand the term not undermine could have remarkably different effects.",59,62,10,"10","have","have","VERB","VB","VerbForm=Inf","6","acl:relcl",NA,NA
"doc10",1,1,"Different ways to understand the term not undermine could have remarkably different effects.",64,73,11,"11","remarkably","remarkably","ADV","RB",NA,"12","advmod",NA,NA
"doc10",1,1,"Different ways to understand the term not undermine could have remarkably different effects.",75,83,12,"12","different","different","ADJ","JJ","Degree=Pos","13","amod",NA,NA
"doc10",1,1,"Different ways to understand the term not undermine could have remarkably different effects.",85,91,13,"13","effects","effect","NOUN","NNS","Number=Plur","10","obj",NA,"SpaceAfter=No"
"doc10",1,1,"Different ways to understand the term not undermine could have remarkably different effects.",92,92,14,"14",".",".","PUNCT",".",NA,"2","punct",NA,"SpacesAfter=\n"
"doc11",1,1,"The UNCLOS provides a framework for international cooperation in scientific research and the development and transfer of technology.",1,3,1,"1","The","the","DET","DT","Definite=Def|PronType=Art","2","det",NA,NA
"doc11",1,1,"The UNCLOS provides a framework for international cooperation in scientific research and the development and transfer of technology.",5,10,2,"2","UNCLOS","Unclo","NOUN","NN","Number=Sing","3","nsubj",NA,NA
"doc11",1,1,"The UNCLOS provides a framework for international cooperation in scientific research and the development and transfer of technology.",12,19,3,"3","provides","provide","VERB","VBZ","Mood=Ind|Number=Sing|Person=3|Tense=Pres|VerbForm=Fin","0","root",NA,NA
"doc11",1,1,"The UNCLOS provides a framework for international cooperation in scientific research and the development and transfer of technology.",21,21,4,"4","a","a","DET","DT","Definite=Ind|PronType=Art","5","det",NA,NA
"doc11",1,1,"The UNCLOS provides a framework for international cooperation in scientific research and the development and transfer of technology.",23,31,5,"5","framework","framework","NOUN","NN","Number=Sing","3","obj",NA,NA
"doc11",1,1,"The UNCLOS provides a framework for international cooperation in scientific research and the development and transfer of technology.",33,35,6,"6","for","for","ADP","IN",NA,"8","case",NA,NA
"doc11",1,1,"The UNCLOS provides a framework for international cooperation in scientific research and the development and transfer of technology.",37,49,7,"7","international","international","ADJ","JJ","Degree=Pos","8","amod",NA,NA
"doc11",1,1,"The UNCLOS provides a framework for international cooperation in scientific research and the development and transfer of technology.",51,61,8,"8","cooperation","cooperation","NOUN","NN","Number=Sing","3","obl",NA,NA
"doc11",1,1,"The UNCLOS provides a framework for international cooperation in scientific research and the development and transfer of technology.",63,64,9,"9","in","in","ADP","IN",NA,"11","case",NA,NA
"doc11",1,1,"The UNCLOS provides a framework for international cooperation in scientific research and the development and transfer of technology.",66,75,10,"10","scientific","scientific","ADJ","JJ","Degree=Pos","11","amod",NA,NA
"doc11",1,1,"The UNCLOS provides a framework for international cooperation in scientific research and the development and transfer of technology.",77,84,11,"11","research","research","NOUN","NN","Number=Sing","8","nmod",NA,NA
"doc11",1,1,"The UNCLOS provides a framework for international cooperation in scientific research and the development and transfer of technology.",86,88,12,"12","and","and","CCONJ","CC",NA,"14","cc",NA,NA
"doc11",1,1,"The UNCLOS provides a framework for international cooperation in scientific research and the development and transfer of technology.",90,92,13,"13","the","the","DET","DT","Definite=Def|PronType=Art","14","det",NA,NA
"doc11",1,1,"The UNCLOS provides a framework for international cooperation in scientific research and the development and transfer of technology.",94,104,14,"14","development","development","NOUN","NN","Number=Sing","8","conj",NA,NA
"doc11",1,1,"The UNCLOS provides a framework for international cooperation in scientific research and the development and transfer of technology.",106,108,15,"15","and","and","CCONJ","CC",NA,"16","cc",NA,NA
"doc11",1,1,"The UNCLOS provides a framework for international cooperation in scientific research and the development and transfer of technology.",110,117,16,"16","transfer","transfer","NOUN","NN","Number=Sing","14","conj",NA,NA
"doc11",1,1,"The UNCLOS provides a framework for international cooperation in scientific research and the development and transfer of technology.",119,120,17,"17","of","of","ADP","IN",NA,"18","case",NA,NA
"doc11",1,1,"The UNCLOS provides a framework for international cooperation in scientific research and the development and transfer of technology.",122,131,18,"18","technology","technology","NOUN","NN","Number=Sing","8","nmod",NA,"SpaceAfter=No"
"doc11",1,1,"The UNCLOS provides a framework for international cooperation in scientific research and the development and transfer of technology.",132,132,19,"19",".",".","PUNCT",".",NA,"3","punct",NA,"SpacesAfter=\n"
"doc12",1,1,"The principle of the responsibility of States as stewards of the global marine environment is a core operating principle.",1,3,1,"1","The","the","DET","DT","Definite=Def|PronType=Art","2","det",NA,NA
"doc12",1,1,"The principle of the responsibility of States as stewards of the global marine environment is a core operating principle.",5,13,2,"2","principle","principle","NOUN","NN","Number=Sing","19","nsubj",NA,NA
"doc12",1,1,"The principle of the responsibility of States as stewards of the global marine environment is a core operating principle.",15,16,3,"3","of","of","ADP","IN",NA,"5","case",NA,NA
"doc12",1,1,"The principle of the responsibility of States as stewards of the global marine environment is a core operating principle.",18,20,4,"4","the","the","DET","DT","Definite=Def|PronType=Art","5","det",NA,NA
"doc12",1,1,"The principle of the responsibility of States as stewards of the global marine environment is a core operating principle.",22,35,5,"5","responsibility","responsibility","NOUN","NN","Number=Sing","2","nmod",NA,NA
"doc12",1,1,"The principle of the responsibility of States as stewards of the global marine environment is a core operating principle.",37,38,6,"6","of","of","ADP","IN",NA,"7","case",NA,NA
"doc12",1,1,"The principle of the responsibility of States as stewards of the global marine environment is a core operating principle.",40,45,7,"7","States","States","PROPN","NNP","Number=Sing","5","nmod",NA,NA
"doc12",1,1,"The principle of the responsibility of States as stewards of the global marine environment is a core operating principle.",47,48,8,"8","as","as","ADP","IN",NA,"9","case",NA,NA
"doc12",1,1,"The principle of the responsibility of States as stewards of the global marine environment is a core operating principle.",50,57,9,"9","stewards","steward","NOUN","NNS","Number=Plur","2","nmod",NA,NA
"doc12",1,1,"The principle of the responsibility of States as stewards of the global marine environment is a core operating principle.",59,60,10,"10","of","of","ADP","IN",NA,"14","case",NA,NA
"doc12",1,1,"The principle of the responsibility of States as stewards of the global marine environment is a core operating principle.",62,64,11,"11","the","the","DET","DT","Definite=Def|PronType=Art","14","det",NA,NA
"doc12",1,1,"The principle of the responsibility of States as stewards of the global marine environment is a core operating principle.",66,71,12,"12","global","global","ADJ","JJ","Degree=Pos","14","amod",NA,NA
"doc12",1,1,"The principle of the responsibility of States as stewards of the global marine environment is a core operating principle.",73,78,13,"13","marine","marine","NOUN","NN","Number=Sing","14","compound",NA,NA
"doc12",1,1,"The principle of the responsibility of States as stewards of the global marine environment is a core operating principle.",80,90,14,"14","environment","environment","NOUN","NN","Number=Sing","9","nmod",NA,NA
"doc12",1,1,"The principle of the responsibility of States as stewards of the global marine environment is a core operating principle.",92,93,15,"15","is","be","AUX","VBZ","Mood=Ind|Number=Sing|Person=3|Tense=Pres|VerbForm=Fin","19","cop",NA,NA
"doc12",1,1,"The principle of the responsibility of States as stewards of the global marine environment is a core operating principle.",95,95,16,"16","a","a","DET","DT","Definite=Ind|PronType=Art","19","det",NA,NA
"doc12",1,1,"The principle of the responsibility of States as stewards of the global marine environment is a core operating principle.",97,100,17,"17","core","core","NOUN","NN","Number=Sing","18","compound",NA,NA
"doc12",1,1,"The principle of the responsibility of States as stewards of the global marine environment is a core operating principle.",102,110,18,"18","operating","operate","NOUN","NN","Number=Sing","19","compound",NA,NA
"doc12",1,1,"The principle of the responsibility of States as stewards of the global marine environment is a core operating principle.",112,120,19,"19","principle","principle","NOUN","NN","Number=Sing","0","root",NA,"SpaceAfter=No"
"doc12",1,1,"The principle of the responsibility of States as stewards of the global marine environment is a core operating principle.",121,121,20,"20",".",".","PUNCT",".",NA,"19","punct",NA,"SpacesAfter=\n"
"doc13",1,1,"The new mechanisms will take in consideration the interests of the coastal states as to not interfere with their rights.",1,3,1,"1","The","the","DET","DT","Definite=Def|PronType=Art","3","det",NA,NA
"doc13",1,1,"The new mechanisms will take in consideration the interests of the coastal states as to not interfere with their rights.",5,7,2,"2","new","new","ADJ","JJ","Degree=Pos","3","amod",NA,NA
"doc13",1,1,"The new mechanisms will take in consideration the interests of the coastal states as to not interfere with their rights.",9,18,3,"3","mechanisms","mechanism","NOUN","NNS","Number=Plur","5","nsubj",NA,NA
"doc13",1,1,"The new mechanisms will take in consideration the interests of the coastal states as to not interfere with their rights.",20,23,4,"4","will","will","AUX","MD","VerbForm=Fin","5","aux",NA,NA
"doc13",1,1,"The new mechanisms will take in consideration the interests of the coastal states as to not interfere with their rights.",25,28,5,"5","take","take","VERB","VB","VerbForm=Inf","0","root",NA,NA
"doc13",1,1,"The new mechanisms will take in consideration the interests of the coastal states as to not interfere with their rights.",30,31,6,"6","in","in","ADP","IN",NA,"7","case",NA,NA
"doc13",1,1,"The new mechanisms will take in consideration the interests of the coastal states as to not interfere with their rights.",33,45,7,"7","consideration","consideration","NOUN","NN","Number=Sing","5","obl",NA,NA
"doc13",1,1,"The new mechanisms will take in consideration the interests of the coastal states as to not interfere with their rights.",47,49,8,"8","the","the","DET","DT","Definite=Def|PronType=Art","9","det",NA,NA
"doc13",1,1,"The new mechanisms will take in consideration the interests of the coastal states as to not interfere with their rights.",51,59,9,"9","interests","interest","NOUN","NNS","Number=Plur","13","nsubj",NA,NA
"doc13",1,1,"The new mechanisms will take in consideration the interests of the coastal states as to not interfere with their rights.",61,62,10,"10","of","of","ADP","IN",NA,"12","case",NA,NA
"doc13",1,1,"The new mechanisms will take in consideration the interests of the coastal states as to not interfere with their rights.",64,66,11,"11","the","the","DET","DT","Definite=Def|PronType=Art","12","det",NA,NA
"doc13",1,1,"The new mechanisms will take in consideration the interests of the coastal states as to not interfere with their rights.",68,74,12,"12","coastal","coastal","NOUN","NN","Number=Sing","9","nmod",NA,NA
"doc13",1,1,"The new mechanisms will take in consideration the interests of the coastal states as to not interfere with their rights.",76,81,13,"13","states","state","VERB","VBZ","Mood=Ind|Number=Sing|Person=3|Tense=Pres|VerbForm=Fin","5","ccomp",NA,NA
"doc13",1,1,"The new mechanisms will take in consideration the interests of the coastal states as to not interfere with their rights.",83,84,14,"14","as","as","ADV","RB",NA,"17","advmod",NA,NA
"doc13",1,1,"The new mechanisms will take in consideration the interests of the coastal states as to not interfere with their rights.",86,87,15,"15","to","to","PART","TO",NA,"17","mark",NA,NA
"doc13",1,1,"The new mechanisms will take in consideration the interests of the coastal states as to not interfere with their rights.",89,91,16,"16","not","not","PART","RB",NA,"17","advmod",NA,NA
"doc13",1,1,"The new mechanisms will take in consideration the interests of the coastal states as to not interfere with their rights.",93,101,17,"17","interfere","interfere","VERB","VB","VerbForm=Inf","13","advcl",NA,NA
"doc13",1,1,"The new mechanisms will take in consideration the interests of the coastal states as to not interfere with their rights.",103,106,18,"18","with","with","ADP","IN",NA,"20","case",NA,NA
"doc13",1,1,"The new mechanisms will take in consideration the interests of the coastal states as to not interfere with their rights.",108,112,19,"19","their","they","PRON","PRP$","Number=Plur|Person=3|Poss=Yes|PronType=Prs","20","nmod:poss",NA,NA
"doc13",1,1,"The new mechanisms will take in consideration the interests of the coastal states as to not interfere with their rights.",114,119,20,"20","rights","rights","NOUN","NNS","Number=Plur","17","obl",NA,"SpaceAfter=No"
"doc13",1,1,"The new mechanisms will take in consideration the interests of the coastal states as to not interfere with their rights.",120,120,21,"21",".",".","PUNCT",".",NA,"5","punct",NA,"SpacesAfter=\n"
"doc14",1,1,"The agreement should address the conservation and sustainable use of marine biodiversity whilst at the same time not undermine current fisheries governance framework.",1,3,1,"1","The","the","DET","DT","Definite=Def|PronType=Art","2","det",NA,NA
"doc14",1,1,"The agreement should address the conservation and sustainable use of marine biodiversity whilst at the same time not undermine current fisheries governance framework.",5,13,2,"2","agreement","agreement","NOUN","NN","Number=Sing","4","nsubj",NA,NA
"doc14",1,1,"The agreement should address the conservation and sustainable use of marine biodiversity whilst at the same time not undermine current fisheries governance framework.",15,20,3,"3","should","should","AUX","MD","VerbForm=Fin","4","aux",NA,NA
"doc14",1,1,"The agreement should address the conservation and sustainable use of marine biodiversity whilst at the same time not undermine current fisheries governance framework.",22,28,4,"4","address","address","VERB","VB","VerbForm=Inf","0","root",NA,NA
"doc14",1,1,"The agreement should address the conservation and sustainable use of marine biodiversity whilst at the same time not undermine current fisheries governance framework.",30,32,5,"5","the","the","DET","DT","Definite=Def|PronType=Art","6","det",NA,NA
"doc14",1,1,"The agreement should address the conservation and sustainable use of marine biodiversity whilst at the same time not undermine current fisheries governance framework.",34,45,6,"6","conservation","conservation","NOUN","NN","Number=Sing","4","obj",NA,NA
"doc14",1,1,"The agreement should address the conservation and sustainable use of marine biodiversity whilst at the same time not undermine current fisheries governance framework.",47,49,7,"7","and","and","CCONJ","CC",NA,"9","cc",NA,NA
"doc14",1,1,"The agreement should address the conservation and sustainable use of marine biodiversity whilst at the same time not undermine current fisheries governance framework.",51,61,8,"8","sustainable","sustainable","ADJ","JJ","Degree=Pos","9","amod",NA,NA
"doc14",1,1,"The agreement should address the conservation and sustainable use of marine biodiversity whilst at the same time not undermine current fisheries governance framework.",63,65,9,"9","use","use","NOUN","NN","Number=Sing","6","conj",NA,NA
"doc14",1,1,"The agreement should address the conservation and sustainable use of marine biodiversity whilst at the same time not undermine current fisheries governance framework.",67,68,10,"10","of","of","ADP","IN",NA,"13","case",NA,NA
"doc14",1,1,"The agreement should address the conservation and sustainable use of marine biodiversity whilst at the same time not undermine current fisheries governance framework.",70,75,11,"11","marine","marine","NUM","CD","NumType=Card","13","nummod",NA,NA
"doc14",1,1,"The agreement should address the conservation and sustainable use of marine biodiversity whilst at the same time not undermine current fisheries governance framework.",77,88,12,"12","biodiversity","biodiversity","NOUN","NN","Number=Sing","13","compound",NA,NA
"doc14",1,1,"The agreement should address the conservation and sustainable use of marine biodiversity whilst at the same time not undermine current fisheries governance framework.",90,95,13,"13","whilst","whilst","NOUN","NN","Number=Sing","9","nmod",NA,NA
"doc14",1,1,"The agreement should address the conservation and sustainable use of marine biodiversity whilst at the same time not undermine current fisheries governance framework.",97,98,14,"14","at","at","ADP","IN",NA,"17","case",NA,NA
"doc14",1,1,"The agreement should address the conservation and sustainable use of marine biodiversity whilst at the same time not undermine current fisheries governance framework.",100,102,15,"15","the","the","DET","DT","Definite=Def|PronType=Art","17","det",NA,NA
"doc14",1,1,"The agreement should address the conservation and sustainable use of marine biodiversity whilst at the same time not undermine current fisheries governance framework.",104,107,16,"16","same","same","ADJ","JJ","Degree=Pos","17","amod",NA,NA
"doc14",1,1,"The agreement should address the conservation and sustainable use of marine biodiversity whilst at the same time not undermine current fisheries governance framework.",109,112,17,"17","time","time","NOUN","NN","Number=Sing","4","obl",NA,NA
"doc14",1,1,"The agreement should address the conservation and sustainable use of marine biodiversity whilst at the same time not undermine current fisheries governance framework.",114,116,18,"18","not","not","PART","RB",NA,"19","advmod",NA,NA
"doc14",1,1,"The agreement should address the conservation and sustainable use of marine biodiversity whilst at the same time not undermine current fisheries governance framework.",118,126,19,"19","undermine","undermine","VERB","VB","VerbForm=Inf","4","ccomp",NA,NA
"doc14",1,1,"The agreement should address the conservation and sustainable use of marine biodiversity whilst at the same time not undermine current fisheries governance framework.",128,134,20,"20","current","current","ADJ","JJ","Degree=Pos","23","amod",NA,NA
"doc14",1,1,"The agreement should address the conservation and sustainable use of marine biodiversity whilst at the same time not undermine current fisheries governance framework.",136,144,21,"21","fisheries","fishery","NOUN","NNS","Number=Plur","22","compound",NA,NA
"doc14",1,1,"The agreement should address the conservation and sustainable use of marine biodiversity whilst at the same time not undermine current fisheries governance framework.",146,155,22,"22","governance","governance","NOUN","NN","Number=Sing","23","compound",NA,NA
"doc14",1,1,"The agreement should address the conservation and sustainable use of marine biodiversity whilst at the same time not undermine current fisheries governance framework.",157,165,23,"23","framework","framework","NOUN","NN","Number=Sing","19","obj",NA,"SpaceAfter=No"
"doc14",1,1,"The agreement should address the conservation and sustainable use of marine biodiversity whilst at the same time not undermine current fisheries governance framework.",166,166,24,"24",".",".","PUNCT",".",NA,"4","punct",NA,"SpacesAfter=\n"
"doc15",1,1,"the governance approach allows for coordination and integration in ABNJ whilst remaining sufficiently flexible to respond to the different interests involved.",1,3,1,"1","the","the","DET","DT","Definite=Def|PronType=Art","4","det",NA,NA
"doc15",1,1,"the governance approach allows for coordination and integration in ABNJ whilst remaining sufficiently flexible to respond to the different interests involved.",5,14,2,"2","governance","governance","NOUN","NN","Number=Sing","3","compound",NA,NA
"doc15",1,1,"the governance approach allows for coordination and integration in ABNJ whilst remaining sufficiently flexible to respond to the different interests involved.",16,23,3,"3","approach","approach","NOUN","NN","Number=Sing","4","compound",NA,NA
"doc15",1,1,"the governance approach allows for coordination and integration in ABNJ whilst remaining sufficiently flexible to respond to the different interests involved.",25,30,4,"4","allows","allow","NOUN","NNS","Number=Plur","0","root",NA,NA
"doc15",1,1,"the governance approach allows for coordination and integration in ABNJ whilst remaining sufficiently flexible to respond to the different interests involved.",32,34,5,"5","for","for","ADP","IN",NA,"6","case",NA,NA
"doc15",1,1,"the governance approach allows for coordination and integration in ABNJ whilst remaining sufficiently flexible to respond to the different interests involved.",36,47,6,"6","coordination","coordination","NOUN","NN","Number=Sing","4","nmod",NA,NA
"doc15",1,1,"the governance approach allows for coordination and integration in ABNJ whilst remaining sufficiently flexible to respond to the different interests involved.",49,51,7,"7","and","and","CCONJ","CC",NA,"8","cc",NA,NA
"doc15",1,1,"the governance approach allows for coordination and integration in ABNJ whilst remaining sufficiently flexible to respond to the different interests involved.",53,63,8,"8","integration","integration","NOUN","NN","Number=Sing","6","conj",NA,NA
"doc15",1,1,"the governance approach allows for coordination and integration in ABNJ whilst remaining sufficiently flexible to respond to the different interests involved.",65,66,9,"9","in","in","ADP","IN",NA,"10","case",NA,NA
"doc15",1,1,"the governance approach allows for coordination and integration in ABNJ whilst remaining sufficiently flexible to respond to the different interests involved.",68,71,10,"10","ABNJ","ABNJ","PROPN","NNP","Number=Sing","4","nmod",NA,NA
"doc15",1,1,"the governance approach allows for coordination and integration in ABNJ whilst remaining sufficiently flexible to respond to the different interests involved.",73,78,11,"11","whilst","whilst","SCONJ","IN",NA,"12","mark",NA,NA
"doc15",1,1,"the governance approach allows for coordination and integration in ABNJ whilst remaining sufficiently flexible to respond to the different interests involved.",80,88,12,"12","remaining","remain","VERB","VBG","VerbForm=Ger","4","acl",NA,NA
"doc15",1,1,"the governance approach allows for coordination and integration in ABNJ whilst remaining sufficiently flexible to respond to the different interests involved.",90,101,13,"13","sufficiently","sufficiently","ADV","RB",NA,"14","advmod",NA,NA
"doc15",1,1,"the governance approach allows for coordination and integration in ABNJ whilst remaining sufficiently flexible to respond to the different interests involved.",103,110,14,"14","flexible","flexible","ADJ","JJ","Degree=Pos","12","obj",NA,NA
"doc15",1,1,"the governance approach allows for coordination and integration in ABNJ whilst remaining sufficiently flexible to respond to the different interests involved.",112,113,15,"15","to","to","PART","TO",NA,"16","mark",NA,NA
"doc15",1,1,"the governance approach allows for coordination and integration in ABNJ whilst remaining sufficiently flexible to respond to the different interests involved.",115,121,16,"16","respond","respond","VERB","VB","VerbForm=Inf","14","advcl",NA,NA
"doc15",1,1,"the governance approach allows for coordination and integration in ABNJ whilst remaining sufficiently flexible to respond to the different interests involved.",123,124,17,"17","to","to","ADP","IN",NA,"20","case",NA,NA
"doc15",1,1,"the governance approach allows for coordination and integration in ABNJ whilst remaining sufficiently flexible to respond to the different interests involved.",126,128,18,"18","the","the","DET","DT","Definite=Def|PronType=Art","20","det",NA,NA
"doc15",1,1,"the governance approach allows for coordination and integration in ABNJ whilst remaining sufficiently flexible to respond to the different interests involved.",130,138,19,"19","different","different","ADJ","JJ","Degree=Pos","20","amod",NA,NA
"doc15",1,1,"the governance approach allows for coordination and integration in ABNJ whilst remaining sufficiently flexible to respond to the different interests involved.",140,148,20,"20","interests","interest","NOUN","NNS","Number=Plur","16","obl",NA,NA
"doc15",1,1,"the governance approach allows for coordination and integration in ABNJ whilst remaining sufficiently flexible to respond to the different interests involved.",150,157,21,"21","involved","involve","VERB","VBN","Tense=Past|VerbForm=Part","20","acl",NA,"SpaceAfter=No"
"doc15",1,1,"the governance approach allows for coordination and integration in ABNJ whilst remaining sufficiently flexible to respond to the different interests involved.",158,158,22,"22",".",".","PUNCT",".",NA,"4","punct",NA,"SpacesAfter=\n"
"doc16",1,1,"to strengthen and revive regional institutions and initiatives for biodiversity conservation both within and beyond national jurisdiction.",1,2,1,"1","to","to","PART","TO",NA,"2","mark",NA,NA
"doc16",1,1,"to strengthen and revive regional institutions and initiatives for biodiversity conservation both within and beyond national jurisdiction.",4,13,2,"2","strengthen","strengthen","VERB","VB","VerbForm=Inf","0","root",NA,NA
"doc16",1,1,"to strengthen and revive regional institutions and initiatives for biodiversity conservation both within and beyond national jurisdiction.",15,17,3,"3","and","and","CCONJ","CC",NA,"4","cc",NA,NA
"doc16",1,1,"to strengthen and revive regional institutions and initiatives for biodiversity conservation both within and beyond national jurisdiction.",19,24,4,"4","revive","revive","VERB","VB","VerbForm=Inf","2","conj",NA,NA
"doc16",1,1,"to strengthen and revive regional institutions and initiatives for biodiversity conservation both within and beyond national jurisdiction.",26,33,5,"5","regional","regional","ADJ","JJ","Degree=Pos","6","amod",NA,NA
"doc16",1,1,"to strengthen and revive regional institutions and initiatives for biodiversity conservation both within and beyond national jurisdiction.",35,46,6,"6","institutions","institution","NOUN","NNS","Number=Plur","2","obj",NA,NA
"doc16",1,1,"to strengthen and revive regional institutions and initiatives for biodiversity conservation both within and beyond national jurisdiction.",48,50,7,"7","and","and","CCONJ","CC",NA,"8","cc",NA,NA
"doc16",1,1,"to strengthen and revive regional institutions and initiatives for biodiversity conservation both within and beyond national jurisdiction.",52,62,8,"8","initiatives","initiative","NOUN","NNS","Number=Plur","6","conj",NA,NA
"doc16",1,1,"to strengthen and revive regional institutions and initiatives for biodiversity conservation both within and beyond national jurisdiction.",64,66,9,"9","for","for","ADP","IN",NA,"11","case",NA,NA
"doc16",1,1,"to strengthen and revive regional institutions and initiatives for biodiversity conservation both within and beyond national jurisdiction.",68,79,10,"10","biodiversity","biodiversity","NOUN","NN","Number=Sing","11","compound",NA,NA
"doc16",1,1,"to strengthen and revive regional institutions and initiatives for biodiversity conservation both within and beyond national jurisdiction.",81,92,11,"11","conservation","conservation","NOUN","NN","Number=Sing","13","nmod",NA,NA
"doc16",1,1,"to strengthen and revive regional institutions and initiatives for biodiversity conservation both within and beyond national jurisdiction.",94,97,12,"12","both","both","CCONJ","CC",NA,"13","cc:preconj",NA,NA
"doc16",1,1,"to strengthen and revive regional institutions and initiatives for biodiversity conservation both within and beyond national jurisdiction.",99,104,13,"13","within","withing","NOUN","NN","Number=Sing","6","conj",NA,NA
"doc16",1,1,"to strengthen and revive regional institutions and initiatives for biodiversity conservation both within and beyond national jurisdiction.",106,108,14,"14","and","and","CCONJ","CC",NA,"17","cc",NA,NA
"doc16",1,1,"to strengthen and revive regional institutions and initiatives for biodiversity conservation both within and beyond national jurisdiction.",110,115,15,"15","beyond","beyond","ADP","IN",NA,"17","case",NA,NA
"doc16",1,1,"to strengthen and revive regional institutions and initiatives for biodiversity conservation both within and beyond national jurisdiction.",117,124,16,"16","national","national","ADJ","JJ","Degree=Pos","17","amod",NA,NA
"doc16",1,1,"to strengthen and revive regional institutions and initiatives for biodiversity conservation both within and beyond national jurisdiction.",126,137,17,"17","jurisdiction","jurisdiction","NOUN","NN","Number=Sing","13","conj",NA,"SpaceAfter=No"
"doc16",1,1,"to strengthen and revive regional institutions and initiatives for biodiversity conservation both within and beyond national jurisdiction.",138,138,18,"18",".",".","PUNCT",".",NA,"2","punct",NA,"SpacesAfter=\n"
"doc17",1,1,"Institutional working group or task force to develop and coordinat common approaches in the establishment and implementation of the BBNJ elements, such as work programmes, scientific criteria,monitoring schemes, and management plans.",1,13,1,"1","Institutional","Institutional","ADJ","JJ","Degree=Pos","3","amod",NA,NA
"doc17",1,1,"Institutional working group or task force to develop and coordinat common approaches in the establishment and implementation of the BBNJ elements, such as work programmes, scientific criteria,monitoring schemes, and management plans.",15,21,2,"2","working","work","VERB","VBG","VerbForm=Ger","3","amod",NA,NA
"doc17",1,1,"Institutional working group or task force to develop and coordinat common approaches in the establishment and implementation of the BBNJ elements, such as work programmes, scientific criteria,monitoring schemes, and management plans.",23,27,3,"3","group","group","NOUN","NN","Number=Sing","0","root",NA,NA
"doc17",1,1,"Institutional working group or task force to develop and coordinat common approaches in the establishment and implementation of the BBNJ elements, such as work programmes, scientific criteria,monitoring schemes, and management plans.",29,30,4,"4","or","or","CCONJ","CC",NA,"6","cc",NA,NA
"doc17",1,1,"Institutional working group or task force to develop and coordinat common approaches in the establishment and implementation of the BBNJ elements, such as work programmes, scientific criteria,monitoring schemes, and management plans.",32,35,5,"5","task","task","NOUN","NN","Number=Sing","6","compound",NA,NA
"doc17",1,1,"Institutional working group or task force to develop and coordinat common approaches in the establishment and implementation of the BBNJ elements, such as work programmes, scientific criteria,monitoring schemes, and management plans.",37,41,6,"6","force","force","NOUN","NN","Number=Sing","3","conj",NA,NA
"doc17",1,1,"Institutional working group or task force to develop and coordinat common approaches in the establishment and implementation of the BBNJ elements, such as work programmes, scientific criteria,monitoring schemes, and management plans.",43,44,7,"7","to","to","PART","TO",NA,"8","mark",NA,NA
"doc17",1,1,"Institutional working group or task force to develop and coordinat common approaches in the establishment and implementation of the BBNJ elements, such as work programmes, scientific criteria,monitoring schemes, and management plans.",46,52,8,"8","develop","develop","VERB","VB","VerbForm=Inf","3","acl",NA,NA
"doc17",1,1,"Institutional working group or task force to develop and coordinat common approaches in the establishment and implementation of the BBNJ elements, such as work programmes, scientific criteria,monitoring schemes, and management plans.",54,56,9,"9","and","and","CCONJ","CC",NA,"10","cc",NA,NA
"doc17",1,1,"Institutional working group or task force to develop and coordinat common approaches in the establishment and implementation of the BBNJ elements, such as work programmes, scientific criteria,monitoring schemes, and management plans.",58,66,10,"10","coordinat","coordinat","VERB","VB","VerbForm=Inf","3","conj",NA,NA
"doc17",1,1,"Institutional working group or task force to develop and coordinat common approaches in the establishment and implementation of the BBNJ elements, such as work programmes, scientific criteria,monitoring schemes, and management plans.",68,73,11,"11","common","common","ADJ","JJ","Degree=Pos","12","amod",NA,NA
"doc17",1,1,"Institutional working group or task force to develop and coordinat common approaches in the establishment and implementation of the BBNJ elements, such as work programmes, scientific criteria,monitoring schemes, and management plans.",75,84,12,"12","approaches","approaches","NOUN","NNS","Number=Plur","10","obj",NA,NA
"doc17",1,1,"Institutional working group or task force to develop and coordinat common approaches in the establishment and implementation of the BBNJ elements, such as work programmes, scientific criteria,monitoring schemes, and management plans.",86,87,13,"13","in","in","ADP","IN",NA,"15","case",NA,NA
"doc17",1,1,"Institutional working group or task force to develop and coordinat common approaches in the establishment and implementation of the BBNJ elements, such as work programmes, scientific criteria,monitoring schemes, and management plans.",89,91,14,"14","the","the","DET","DT","Definite=Def|PronType=Art","15","det",NA,NA
"doc17",1,1,"Institutional working group or task force to develop and coordinat common approaches in the establishment and implementation of the BBNJ elements, such as work programmes, scientific criteria,monitoring schemes, and management plans.",93,105,15,"15","establishment","establishment","NOUN","NN","Number=Sing","10","obl",NA,NA
"doc17",1,1,"Institutional working group or task force to develop and coordinat common approaches in the establishment and implementation of the BBNJ elements, such as work programmes, scientific criteria,monitoring schemes, and management plans.",107,109,16,"16","and","and","CCONJ","CC",NA,"17","cc",NA,NA
"doc17",1,1,"Institutional working group or task force to develop and coordinat common approaches in the establishment and implementation of the BBNJ elements, such as work programmes, scientific criteria,monitoring schemes, and management plans.",111,124,17,"17","implementation","implementation","NOUN","NN","Number=Sing","3","conj",NA,NA
"doc17",1,1,"Institutional working group or task force to develop and coordinat common approaches in the establishment and implementation of the BBNJ elements, such as work programmes, scientific criteria,monitoring schemes, and management plans.",126,127,18,"18","of","of","ADP","IN",NA,"21","case",NA,NA
"doc17",1,1,"Institutional working group or task force to develop and coordinat common approaches in the establishment and implementation of the BBNJ elements, such as work programmes, scientific criteria,monitoring schemes, and management plans.",129,131,19,"19","the","the","DET","DT","Definite=Def|PronType=Art","21","det",NA,NA
"doc17",1,1,"Institutional working group or task force to develop and coordinat common approaches in the establishment and implementation of the BBNJ elements, such as work programmes, scientific criteria,monitoring schemes, and management plans.",133,136,20,"20","BBNJ","BBNJ","PROPN","NNP","Number=Sing","21","compound",NA,NA
"doc17",1,1,"Institutional working group or task force to develop and coordinat common approaches in the establishment and implementation of the BBNJ elements, such as work programmes, scientific criteria,monitoring schemes, and management plans.",138,145,21,"21","elements","element","NOUN","NNS","Number=Plur","3","nmod",NA,"SpaceAfter=No"
"doc17",1,1,"Institutional working group or task force to develop and coordinat common approaches in the establishment and implementation of the BBNJ elements, such as work programmes, scientific criteria,monitoring schemes, and management plans.",146,146,22,"22",",",",","PUNCT",",",NA,"3","punct",NA,NA
"doc17",1,1,"Institutional working group or task force to develop and coordinat common approaches in the establishment and implementation of the BBNJ elements, such as work programmes, scientific criteria,monitoring schemes, and management plans.",148,151,23,"23","such","such","ADJ","JJ","Degree=Pos","26","case",NA,NA
"doc17",1,1,"Institutional working group or task force to develop and coordinat common approaches in the establishment and implementation of the BBNJ elements, such as work programmes, scientific criteria,monitoring schemes, and management plans.",153,154,24,"24","as","as","ADP","IN",NA,"23","fixed",NA,NA
"doc17",1,1,"Institutional working group or task force to develop and coordinat common approaches in the establishment and implementation of the BBNJ elements, such as work programmes, scientific criteria,monitoring schemes, and management plans.",156,159,25,"25","work","work","NOUN","NN","Number=Sing","26","compound",NA,NA
"doc17",1,1,"Institutional working group or task force to develop and coordinat common approaches in the establishment and implementation of the BBNJ elements, such as work programmes, scientific criteria,monitoring schemes, and management plans.",161,170,26,"26","programmes","programme","NOUN","NNS","Number=Plur","3","nmod",NA,"SpaceAfter=No"
"doc17",1,1,"Institutional working group or task force to develop and coordinat common approaches in the establishment and implementation of the BBNJ elements, such as work programmes, scientific criteria,monitoring schemes, and management plans.",171,171,27,"27",",",",","PUNCT",",",NA,"29","punct",NA,NA
"doc17",1,1,"Institutional working group or task force to develop and coordinat common approaches in the establishment and implementation of the BBNJ elements, such as work programmes, scientific criteria,monitoring schemes, and management plans.",173,182,28,"28","scientific","scientific","ADJ","JJ","Degree=Pos","29","amod",NA,NA
"doc17",1,1,"Institutional working group or task force to develop and coordinat common approaches in the establishment and implementation of the BBNJ elements, such as work programmes, scientific criteria,monitoring schemes, and management plans.",184,191,29,"29","criteria","criterion","NOUN","NN","Number=Sing","26","conj",NA,"SpaceAfter=No"
"doc17",1,1,"Institutional working group or task force to develop and coordinat common approaches in the establishment and implementation of the BBNJ elements, such as work programmes, scientific criteria,monitoring schemes, and management plans.",192,192,30,"30",",",",","PUNCT",",",NA,"3","punct",NA,"SpaceAfter=No"
"doc17",1,1,"Institutional working group or task force to develop and coordinat common approaches in the establishment and implementation of the BBNJ elements, such as work programmes, scientific criteria,monitoring schemes, and management plans.",193,202,31,"31","monitoring","monitor","VERB","VBG","VerbForm=Ger","3","acl",NA,NA
"doc17",1,1,"Institutional working group or task force to develop and coordinat common approaches in the establishment and implementation of the BBNJ elements, such as work programmes, scientific criteria,monitoring schemes, and management plans.",204,210,32,"32","schemes","scheme","NOUN","NNS","Number=Plur","31","obj",NA,"SpaceAfter=No"
"doc17",1,1,"Institutional working group or task force to develop and coordinat common approaches in the establishment and implementation of the BBNJ elements, such as work programmes, scientific criteria,monitoring schemes, and management plans.",211,211,33,"33",",",",","PUNCT",",",NA,"36","punct",NA,NA
"doc17",1,1,"Institutional working group or task force to develop and coordinat common approaches in the establishment and implementation of the BBNJ elements, such as work programmes, scientific criteria,monitoring schemes, and management plans.",213,215,34,"34","and","and","CCONJ","CC",NA,"36","cc",NA,NA
"doc17",1,1,"Institutional working group or task force to develop and coordinat common approaches in the establishment and implementation of the BBNJ elements, such as work programmes, scientific criteria,monitoring schemes, and management plans.",217,226,35,"35","management","management","NOUN","NN","Number=Sing","36","compound",NA,NA
"doc17",1,1,"Institutional working group or task force to develop and coordinat common approaches in the establishment and implementation of the BBNJ elements, such as work programmes, scientific criteria,monitoring schemes, and management plans.",228,232,36,"36","plans","plan","NOUN","NNS","Number=Plur","3","conj",NA,"SpaceAfter=No"
"doc17",1,1,"Institutional working group or task force to develop and coordinat common approaches in the establishment and implementation of the BBNJ elements, such as work programmes, scientific criteria,monitoring schemes, and management plans.",233,233,37,"37",".",".","PUNCT",".",NA,"3","punct",NA,"SpacesAfter=\n"
"doc18",1,1,"questions remain as to how the development of the BBNJ agreement will deal with existing arrangements.",1,9,1,"1","questions","question","NOUN","NNS","Number=Plur","2","nsubj",NA,NA
"doc18",1,1,"questions remain as to how the development of the BBNJ agreement will deal with existing arrangements.",11,16,2,"2","remain","remain","VERB","VBP","Mood=Ind|Tense=Pres|VerbForm=Fin","0","root",NA,NA
"doc18",1,1,"questions remain as to how the development of the BBNJ agreement will deal with existing arrangements.",18,19,3,"3","as","as","ADP","IN",NA,"13","mark",NA,NA
"doc18",1,1,"questions remain as to how the development of the BBNJ agreement will deal with existing arrangements.",21,22,4,"4","to","to","SCONJ","IN",NA,"13","mark",NA,NA
"doc18",1,1,"questions remain as to how the development of the BBNJ agreement will deal with existing arrangements.",24,26,5,"5","how","how","ADV","WRB","PronType=Int","7","advmod",NA,NA
"doc18",1,1,"questions remain as to how the development of the BBNJ agreement will deal with existing arrangements.",28,30,6,"6","the","the","DET","DT","Definite=Def|PronType=Art","7","det",NA,NA
"doc18",1,1,"questions remain as to how the development of the BBNJ agreement will deal with existing arrangements.",32,42,7,"7","development","development","NOUN","NN","Number=Sing","13","nsubj",NA,NA
"doc18",1,1,"questions remain as to how the development of the BBNJ agreement will deal with existing arrangements.",44,45,8,"8","of","of","ADP","IN",NA,"11","case",NA,NA
"doc18",1,1,"questions remain as to how the development of the BBNJ agreement will deal with existing arrangements.",47,49,9,"9","the","the","DET","DT","Definite=Def|PronType=Art","11","det",NA,NA
"doc18",1,1,"questions remain as to how the development of the BBNJ agreement will deal with existing arrangements.",51,54,10,"10","BBNJ","Bbnj","NOUN","NN","Number=Sing","11","compound",NA,NA
"doc18",1,1,"questions remain as to how the development of the BBNJ agreement will deal with existing arrangements.",56,64,11,"11","agreement","agreement","NOUN","NN","Number=Sing","7","nmod",NA,NA
"doc18",1,1,"questions remain as to how the development of the BBNJ agreement will deal with existing arrangements.",66,69,12,"12","will","will","AUX","MD","VerbForm=Fin","13","aux",NA,NA
"doc18",1,1,"questions remain as to how the development of the BBNJ agreement will deal with existing arrangements.",71,74,13,"13","deal","deal","VERB","VB","VerbForm=Inf","2","advcl",NA,NA
"doc18",1,1,"questions remain as to how the development of the BBNJ agreement will deal with existing arrangements.",76,79,14,"14","with","with","ADP","IN",NA,"16","case",NA,NA
"doc18",1,1,"questions remain as to how the development of the BBNJ agreement will deal with existing arrangements.",81,88,15,"15","existing","exist","VERB","VBG","VerbForm=Ger","16","amod",NA,NA
"doc18",1,1,"questions remain as to how the development of the BBNJ agreement will deal with existing arrangements.",90,101,16,"16","arrangements","arrangement","NOUN","NNS","Number=Plur","13","obl",NA,"SpaceAfter=No"
"doc18",1,1,"questions remain as to how the development of the BBNJ agreement will deal with existing arrangements.",102,102,17,"17",".",".","PUNCT",".",NA,"2","punct",NA,"SpacesAfter=\n"
"doc19",1,1,"the concept of ABNJ is not defined by UNCLOS, the instrument under which the ILBI will be made.",1,3,1,"1","the","the","DET","DT","Definite=Def|PronType=Art","2","det",NA,NA
"doc19",1,1,"the concept of ABNJ is not defined by UNCLOS, the instrument under which the ILBI will be made.",5,11,2,"2","concept","concept","NOUN","NN","Number=Sing","7","nsubj:pass",NA,NA
"doc19",1,1,"the concept of ABNJ is not defined by UNCLOS, the instrument under which the ILBI will be made.",13,14,3,"3","of","of","ADP","IN",NA,"4","case",NA,NA
"doc19",1,1,"the concept of ABNJ is not defined by UNCLOS, the instrument under which the ILBI will be made.",16,19,4,"4","ABNJ","ABNJ","PROPN","NNP","Number=Sing","2","nmod",NA,NA
"doc19",1,1,"the concept of ABNJ is not defined by UNCLOS, the instrument under which the ILBI will be made.",21,22,5,"5","is","be","AUX","VBZ","Mood=Ind|Number=Sing|Person=3|Tense=Pres|VerbForm=Fin","7","aux:pass",NA,NA
"doc19",1,1,"the concept of ABNJ is not defined by UNCLOS, the instrument under which the ILBI will be made.",24,26,6,"6","not","not","PART","RB",NA,"7","advmod",NA,NA
"doc19",1,1,"the concept of ABNJ is not defined by UNCLOS, the instrument under which the ILBI will be made.",28,34,7,"7","defined","define","VERB","VBN","Tense=Past|VerbForm=Part|Voice=Pass","0","root",NA,NA
"doc19",1,1,"the concept of ABNJ is not defined by UNCLOS, the instrument under which the ILBI will be made.",36,37,8,"8","by","by","ADP","IN",NA,"9","case",NA,NA
"doc19",1,1,"the concept of ABNJ is not defined by UNCLOS, the instrument under which the ILBI will be made.",39,44,9,"9","UNCLOS","UNCLOS","PROPN","NNP","Number=Sing","7","obl",NA,"SpaceAfter=No"
"doc19",1,1,"the concept of ABNJ is not defined by UNCLOS, the instrument under which the ILBI will be made.",45,45,10,"10",",",",","PUNCT",",",NA,"9","punct",NA,NA
"doc19",1,1,"the concept of ABNJ is not defined by UNCLOS, the instrument under which the ILBI will be made.",47,49,11,"11","the","the","DET","DT","Definite=Def|PronType=Art","12","det",NA,NA
"doc19",1,1,"the concept of ABNJ is not defined by UNCLOS, the instrument under which the ILBI will be made.",51,60,12,"12","instrument","instrument","NOUN","NN","Number=Sing","9","appos",NA,NA
"doc19",1,1,"the concept of ABNJ is not defined by UNCLOS, the instrument under which the ILBI will be made.",62,66,13,"13","under","under","ADP","IN",NA,"14","case",NA,NA
"doc19",1,1,"the concept of ABNJ is not defined by UNCLOS, the instrument under which the ILBI will be made.",68,72,14,"14","which","which","PRON","WDT","PronType=Rel","19","obl",NA,NA
"doc19",1,1,"the concept of ABNJ is not defined by UNCLOS, the instrument under which the ILBI will be made.",74,76,15,"15","the","the","DET","DT","Definite=Def|PronType=Art","16","det",NA,NA
"doc19",1,1,"the concept of ABNJ is not defined by UNCLOS, the instrument under which the ILBI will be made.",78,81,16,"16","ILBI","Ilbi","NOUN","NN","Number=Sing","19","nsubj:pass",NA,NA
"doc19",1,1,"the concept of ABNJ is not defined by UNCLOS, the instrument under which the ILBI will be made.",83,86,17,"17","will","will","AUX","MD","VerbForm=Fin","19","aux",NA,NA
"doc19",1,1,"the concept of ABNJ is not defined by UNCLOS, the instrument under which the ILBI will be made.",88,89,18,"18","be","be","AUX","VB","VerbForm=Inf","19","aux:pass",NA,NA
"doc19",1,1,"the concept of ABNJ is not defined by UNCLOS, the instrument under which the ILBI will be made.",91,94,19,"19","made","make","VERB","VBN","Tense=Past|VerbForm=Part|Voice=Pass","12","acl:relcl",NA,"SpaceAfter=No"
"doc19",1,1,"the concept of ABNJ is not defined by UNCLOS, the instrument under which the ILBI will be made.",95,95,20,"20",".",".","PUNCT",".",NA,"7","punct",NA,"SpacesAfter=\n"
"doc20",1,1,"The inclusion of the impacts of fisheries on biodiversity is still in question.",1,3,1,"1","The","the","DET","DT","Definite=Def|PronType=Art","2","det",NA,NA
"doc20",1,1,"The inclusion of the impacts of fisheries on biodiversity is still in question.",5,13,2,"2","inclusion","inclusion","NOUN","NN","Number=Sing","13","nsubj",NA,NA
"doc20",1,1,"The inclusion of the impacts of fisheries on biodiversity is still in question.",15,16,3,"3","of","of","ADP","IN",NA,"5","case",NA,NA
"doc20",1,1,"The inclusion of the impacts of fisheries on biodiversity is still in question.",18,20,4,"4","the","the","DET","DT","Definite=Def|PronType=Art","5","det",NA,NA
"doc20",1,1,"The inclusion of the impacts of fisheries on biodiversity is still in question.",22,28,5,"5","impacts","impact","NOUN","NNS","Number=Plur","2","nmod",NA,NA
"doc20",1,1,"The inclusion of the impacts of fisheries on biodiversity is still in question.",30,31,6,"6","of","of","ADP","IN",NA,"7","case",NA,NA
"doc20",1,1,"The inclusion of the impacts of fisheries on biodiversity is still in question.",33,41,7,"7","fisheries","fishery","NOUN","NNS","Number=Plur","5","nmod",NA,NA
"doc20",1,1,"The inclusion of the impacts of fisheries on biodiversity is still in question.",43,44,8,"8","on","on","ADP","IN",NA,"9","case",NA,NA
"doc20",1,1,"The inclusion of the impacts of fisheries on biodiversity is still in question.",46,57,9,"9","biodiversity","biodiversity","NOUN","NN","Number=Sing","2","nmod",NA,NA
"doc20",1,1,"The inclusion of the impacts of fisheries on biodiversity is still in question.",59,60,10,"10","is","be","AUX","VBZ","Mood=Ind|Number=Sing|Person=3|Tense=Pres|VerbForm=Fin","13","cop",NA,NA
"doc20",1,1,"The inclusion of the impacts of fisheries on biodiversity is still in question.",62,66,11,"11","still","still","ADV","RB",NA,"13","advmod",NA,NA
"doc20",1,1,"The inclusion of the impacts of fisheries on biodiversity is still in question.",68,69,12,"12","in","in","ADP","IN",NA,"13","case",NA,NA
"doc20",1,1,"The inclusion of the impacts of fisheries on biodiversity is still in question.",71,78,13,"13","question","question","NOUN","NN","Number=Sing","0","root",NA,"SpaceAfter=No"
"doc20",1,1,"The inclusion of the impacts of fisheries on biodiversity is still in question.",79,79,14,"14",".",".","PUNCT",".",NA,"13","punct",NA,"SpacesAfter=\n"
"doc21",1,1,"There is no single universally recognized notion of MPA and related concepts have different definitions.",1,5,1,"1","There","there","PRON","EX",NA,"2","expl",NA,NA
"doc21",1,1,"There is no single universally recognized notion of MPA and related concepts have different definitions.",7,8,2,"2","is","be","VERB","VBZ","Mood=Ind|Number=Sing|Person=3|Tense=Pres|VerbForm=Fin","0","root",NA,NA
"doc21",1,1,"There is no single universally recognized notion of MPA and related concepts have different definitions.",10,11,3,"3","no","no","DET","DT",NA,"7","det",NA,NA
"doc21",1,1,"There is no single universally recognized notion of MPA and related concepts have different definitions.",13,18,4,"4","single","single","ADJ","JJ","Degree=Pos","7","amod",NA,NA
"doc21",1,1,"There is no single universally recognized notion of MPA and related concepts have different definitions.",20,30,5,"5","universally","universally","ADV","RB",NA,"6","advmod",NA,NA
"doc21",1,1,"There is no single universally recognized notion of MPA and related concepts have different definitions.",32,41,6,"6","recognized","recognize","VERB","VBN","Tense=Past|VerbForm=Part","7","amod",NA,NA
"doc21",1,1,"There is no single universally recognized notion of MPA and related concepts have different definitions.",43,48,7,"7","notion","notion","NOUN","NN","Number=Sing","13","nsubj",NA,NA
"doc21",1,1,"There is no single universally recognized notion of MPA and related concepts have different definitions.",50,51,8,"8","of","of","ADP","IN",NA,"9","case",NA,NA
"doc21",1,1,"There is no single universally recognized notion of MPA and related concepts have different definitions.",53,55,9,"9","MPA","MPA","PROPN","NNP","Number=Sing","7","nmod",NA,NA
"doc21",1,1,"There is no single universally recognized notion of MPA and related concepts have different definitions.",57,59,10,"10","and","and","CCONJ","CC",NA,"12","cc",NA,NA
"doc21",1,1,"There is no single universally recognized notion of MPA and related concepts have different definitions.",61,67,11,"11","related","related","ADJ","JJ","Degree=Pos","12","amod",NA,NA
"doc21",1,1,"There is no single universally recognized notion of MPA and related concepts have different definitions.",69,76,12,"12","concepts","concept","NOUN","NNS","Number=Plur","9","conj",NA,NA
"doc21",1,1,"There is no single universally recognized notion of MPA and related concepts have different definitions.",78,81,13,"13","have","have","VERB","VBP","Mood=Ind|Tense=Pres|VerbForm=Fin","2","ccomp",NA,NA
"doc21",1,1,"There is no single universally recognized notion of MPA and related concepts have different definitions.",83,91,14,"14","different","different","ADJ","JJ","Degree=Pos","15","amod",NA,NA
"doc21",1,1,"There is no single universally recognized notion of MPA and related concepts have different definitions.",93,103,15,"15","definitions","definition","NOUN","NNS","Number=Plur","13","obj",NA,"SpaceAfter=No"
"doc21",1,1,"There is no single universally recognized notion of MPA and related concepts have different definitions.",104,104,16,"16",".",".","PUNCT",".",NA,"2","punct",NA,"SpacesAfter=\n"
"doc22",1,1,"To ensure that species and habitat conservation are integrated.",1,2,1,"1","To","to","PART","TO",NA,"2","mark",NA,NA
"doc22",1,1,"To ensure that species and habitat conservation are integrated.",4,9,2,"2","ensure","ensure","VERB","VB","VerbForm=Inf","0","root",NA,NA
"doc22",1,1,"To ensure that species and habitat conservation are integrated.",11,14,3,"3","that","that","SCONJ","IN",NA,"9","mark",NA,NA
"doc22",1,1,"To ensure that species and habitat conservation are integrated.",16,22,4,"4","species","species","NOUN","NNS","Number=Plur","9","nsubj:pass",NA,NA
"doc22",1,1,"To ensure that species and habitat conservation are integrated.",24,26,5,"5","and","and","CCONJ","CC",NA,"7","cc",NA,NA
"doc22",1,1,"To ensure that species and habitat conservation are integrated.",28,34,6,"6","habitat","habitat","NOUN","NN","Number=Sing","7","compound",NA,NA
"doc22",1,1,"To ensure that species and habitat conservation are integrated.",36,47,7,"7","conservation","conservation","NOUN","NN","Number=Sing","4","conj",NA,NA
"doc22",1,1,"To ensure that species and habitat conservation are integrated.",49,51,8,"8","are","be","AUX","VBP","Mood=Ind|Tense=Pres|VerbForm=Fin","9","aux:pass",NA,NA
"doc22",1,1,"To ensure that species and habitat conservation are integrated.",53,62,9,"9","integrated","integrate","VERB","VBN","Tense=Past|VerbForm=Part|Voice=Pass","2","ccomp",NA,"SpaceAfter=No"
"doc22",1,1,"To ensure that species and habitat conservation are integrated.",63,63,10,"10",".",".","PUNCT",".",NA,"2","punct",NA,"SpacesAfter=\n"
"doc23",1,1,"Delegations agreed that poorly regulated fishing is the main threat to marine biodiversity in ABNJ.",1,11,1,"1","Delegations","Delegation","NOUN","NNS","Number=Plur","2","nsubj",NA,NA
"doc23",1,1,"Delegations agreed that poorly regulated fishing is the main threat to marine biodiversity in ABNJ.",13,18,2,"2","agreed","agree","VERB","VBD","Mood=Ind|Tense=Past|VerbForm=Fin","0","root",NA,NA
"doc23",1,1,"Delegations agreed that poorly regulated fishing is the main threat to marine biodiversity in ABNJ.",20,23,3,"3","that","that","SCONJ","IN",NA,"10","mark",NA,NA
"doc23",1,1,"Delegations agreed that poorly regulated fishing is the main threat to marine biodiversity in ABNJ.",25,30,4,"4","poorly","poorly","ADV","RB",NA,"5","advmod",NA,NA
"doc23",1,1,"Delegations agreed that poorly regulated fishing is the main threat to marine biodiversity in ABNJ.",32,40,5,"5","regulated","regulate","VERB","VBN","Tense=Past|VerbForm=Part","6","amod",NA,NA
"doc23",1,1,"Delegations agreed that poorly regulated fishing is the main threat to marine biodiversity in ABNJ.",42,48,6,"6","fishing","fishing","NOUN","NN","Number=Sing","10","nsubj",NA,NA
"doc23",1,1,"Delegations agreed that poorly regulated fishing is the main threat to marine biodiversity in ABNJ.",50,51,7,"7","is","be","AUX","VBZ","Mood=Ind|Number=Sing|Person=3|Tense=Pres|VerbForm=Fin","10","cop",NA,NA
"doc23",1,1,"Delegations agreed that poorly regulated fishing is the main threat to marine biodiversity in ABNJ.",53,55,8,"8","the","the","DET","DT","Definite=Def|PronType=Art","10","det",NA,NA
"doc23",1,1,"Delegations agreed that poorly regulated fishing is the main threat to marine biodiversity in ABNJ.",57,60,9,"9","main","main","ADJ","JJ","Degree=Pos","10","amod",NA,NA
"doc23",1,1,"Delegations agreed that poorly regulated fishing is the main threat to marine biodiversity in ABNJ.",62,67,10,"10","threat","threat","NOUN","NN","Number=Sing","2","ccomp",NA,NA
"doc23",1,1,"Delegations agreed that poorly regulated fishing is the main threat to marine biodiversity in ABNJ.",69,70,11,"11","to","to","PART","TO",NA,"12","mark",NA,NA
"doc23",1,1,"Delegations agreed that poorly regulated fishing is the main threat to marine biodiversity in ABNJ.",72,77,12,"12","marine","marine","VERB","VB","VerbForm=Inf","10","acl",NA,NA
"doc23",1,1,"Delegations agreed that poorly regulated fishing is the main threat to marine biodiversity in ABNJ.",79,90,13,"13","biodiversity","biodiversity","NOUN","NN","Number=Sing","12","obj",NA,NA
"doc23",1,1,"Delegations agreed that poorly regulated fishing is the main threat to marine biodiversity in ABNJ.",92,93,14,"14","in","in","ADP","IN",NA,"15","case",NA,NA
"doc23",1,1,"Delegations agreed that poorly regulated fishing is the main threat to marine biodiversity in ABNJ.",95,98,15,"15","ABNJ","ABNJ","PROPN","NNP","Number=Sing","12","obl",NA,"SpaceAfter=No"
"doc23",1,1,"Delegations agreed that poorly regulated fishing is the main threat to marine biodiversity in ABNJ.",99,99,16,"16",".",".","PUNCT",".",NA,"2","punct",NA,"SpacesAfter=\n"
"doc24",1,1,"To enhance scientific exploration, research and knowledge.",1,2,1,"1","To","to","PART","TO",NA,"2","mark",NA,NA
"doc24",1,1,"To enhance scientific exploration, research and knowledge.",4,10,2,"2","enhance","enhance","VERB","VB","VerbForm=Inf","0","root",NA,NA
"doc24",1,1,"To enhance scientific exploration, research and knowledge.",12,21,3,"3","scientific","scientific","ADJ","JJ","Degree=Pos","4","amod",NA,NA
"doc24",1,1,"To enhance scientific exploration, research and knowledge.",23,33,4,"4","exploration","exploration","NOUN","NN","Number=Sing","2","obj",NA,"SpaceAfter=No"
"doc24",1,1,"To enhance scientific exploration, research and knowledge.",34,34,5,"5",",",",","PUNCT",",",NA,"6","punct",NA,NA
"doc24",1,1,"To enhance scientific exploration, research and knowledge.",36,43,6,"6","research","research","NOUN","NN","Number=Sing","2","conj",NA,NA
"doc24",1,1,"To enhance scientific exploration, research and knowledge.",45,47,7,"7","and","and","CCONJ","CC",NA,"8","cc",NA,NA
"doc24",1,1,"To enhance scientific exploration, research and knowledge.",49,57,8,"8","knowledge","knowledge","NOUN","NN","Number=Sing","2","conj",NA,"SpaceAfter=No"
"doc24",1,1,"To enhance scientific exploration, research and knowledge.",58,58,9,"9",".",".","PUNCT",".",NA,"2","punct",NA,"SpacesAfter=\n"
"doc25",1,1,"The development of BBNJ allows Indonesia to have a fair share of marine resources",1,3,1,"1","The","the","DET","DT","Definite=Def|PronType=Art","2","det",NA,NA
"doc25",1,1,"The development of BBNJ allows Indonesia to have a fair share of marine resources",5,15,2,"2","development","development","NOUN","NN","Number=Sing","5","nsubj",NA,NA
"doc25",1,1,"The development of BBNJ allows Indonesia to have a fair share of marine resources",17,18,3,"3","of","of","ADP","IN",NA,"4","case",NA,NA
"doc25",1,1,"The development of BBNJ allows Indonesia to have a fair share of marine resources",20,23,4,"4","BBNJ","BBNJ","PROPN","NNP","Number=Sing","2","nmod",NA,NA
"doc25",1,1,"The development of BBNJ allows Indonesia to have a fair share of marine resources",25,30,5,"5","allows","allow","VERB","VBZ","Mood=Ind|Number=Sing|Person=3|Tense=Pres|VerbForm=Fin","0","root",NA,NA
"doc25",1,1,"The development of BBNJ allows Indonesia to have a fair share of marine resources",32,40,6,"6","Indonesia","Indonesia","PROPN","NNP","Number=Sing","5","obj",NA,NA
"doc25",1,1,"The development of BBNJ allows Indonesia to have a fair share of marine resources",42,43,7,"7","to","to","PART","TO",NA,"8","mark",NA,NA
"doc25",1,1,"The development of BBNJ allows Indonesia to have a fair share of marine resources",45,48,8,"8","have","have","VERB","VB","VerbForm=Inf","5","xcomp",NA,NA
"doc25",1,1,"The development of BBNJ allows Indonesia to have a fair share of marine resources",50,50,9,"9","a","a","DET","DT","Definite=Ind|PronType=Art","11","det",NA,NA
"doc25",1,1,"The development of BBNJ allows Indonesia to have a fair share of marine resources",52,55,10,"10","fair","fair","ADJ","JJ","Degree=Pos","11","amod",NA,NA
"doc25",1,1,"The development of BBNJ allows Indonesia to have a fair share of marine resources",57,61,11,"11","share","share","NOUN","NN","Number=Sing","8","obj",NA,NA
"doc25",1,1,"The development of BBNJ allows Indonesia to have a fair share of marine resources",63,64,12,"12","of","of","ADP","IN",NA,"14","case",NA,NA
"doc25",1,1,"The development of BBNJ allows Indonesia to have a fair share of marine resources",66,71,13,"13","marine","marine","NOUN","NN","Number=Sing","14","compound",NA,NA
"doc25",1,1,"The development of BBNJ allows Indonesia to have a fair share of marine resources",73,81,14,"14","resources","resource","NOUN","NNS","Number=Plur","11","nmod",NA,"SpacesAfter=\n"
"doc26",1,1,"the use of ABMTs, including MPAs to ensure the conservation of BBNJ carry implications for a diverse range of activities, encompassing the fisheries sector, seabed mining, pharmaceutical research focused on MGRs and maritime cargo shipping.",1,3,1,"1","the","the","DET","DT","Definite=Def|PronType=Art","2","det",NA,NA
"doc26",1,1,"the use of ABMTs, including MPAs to ensure the conservation of BBNJ carry implications for a diverse range of activities, encompassing the fisheries sector, seabed mining, pharmaceutical research focused on MGRs and maritime cargo shipping.",5,7,2,"2","use","use","NOUN","NN","Number=Sing","0","root",NA,NA
"doc26",1,1,"the use of ABMTs, including MPAs to ensure the conservation of BBNJ carry implications for a diverse range of activities, encompassing the fisheries sector, seabed mining, pharmaceutical research focused on MGRs and maritime cargo shipping.",9,10,3,"3","of","of","ADP","IN",NA,"4","case",NA,NA
"doc26",1,1,"the use of ABMTs, including MPAs to ensure the conservation of BBNJ carry implications for a diverse range of activities, encompassing the fisheries sector, seabed mining, pharmaceutical research focused on MGRs and maritime cargo shipping.",12,16,4,"4","ABMTs","ABMTs","NOUN","NNS","Number=Plur","2","nmod",NA,"SpaceAfter=No"
"doc26",1,1,"the use of ABMTs, including MPAs to ensure the conservation of BBNJ carry implications for a diverse range of activities, encompassing the fisheries sector, seabed mining, pharmaceutical research focused on MGRs and maritime cargo shipping.",17,17,5,"5",",",",","PUNCT",",",NA,"2","punct",NA,NA
"doc26",1,1,"the use of ABMTs, including MPAs to ensure the conservation of BBNJ carry implications for a diverse range of activities, encompassing the fisheries sector, seabed mining, pharmaceutical research focused on MGRs and maritime cargo shipping.",19,27,6,"6","including","include","VERB","VBG","VerbForm=Ger","7","case",NA,NA
"doc26",1,1,"the use of ABMTs, including MPAs to ensure the conservation of BBNJ carry implications for a diverse range of activities, encompassing the fisheries sector, seabed mining, pharmaceutical research focused on MGRs and maritime cargo shipping.",29,32,7,"7","MPAs","MPAs","NOUN","NNS","Number=Plur","2","nmod",NA,NA
"doc26",1,1,"the use of ABMTs, including MPAs to ensure the conservation of BBNJ carry implications for a diverse range of activities, encompassing the fisheries sector, seabed mining, pharmaceutical research focused on MGRs and maritime cargo shipping.",34,35,8,"8","to","to","PART","TO",NA,"9","mark",NA,NA
"doc26",1,1,"the use of ABMTs, including MPAs to ensure the conservation of BBNJ carry implications for a diverse range of activities, encompassing the fisheries sector, seabed mining, pharmaceutical research focused on MGRs and maritime cargo shipping.",37,42,9,"9","ensure","ensure","VERB","VB","VerbForm=Inf","7","acl",NA,NA
"doc26",1,1,"the use of ABMTs, including MPAs to ensure the conservation of BBNJ carry implications for a diverse range of activities, encompassing the fisheries sector, seabed mining, pharmaceutical research focused on MGRs and maritime cargo shipping.",44,46,10,"10","the","the","DET","DT","Definite=Def|PronType=Art","11","det",NA,NA
"doc26",1,1,"the use of ABMTs, including MPAs to ensure the conservation of BBNJ carry implications for a diverse range of activities, encompassing the fisheries sector, seabed mining, pharmaceutical research focused on MGRs and maritime cargo shipping.",48,59,11,"11","conservation","conservation","NOUN","NN","Number=Sing","14","nsubj",NA,NA
"doc26",1,1,"the use of ABMTs, including MPAs to ensure the conservation of BBNJ carry implications for a diverse range of activities, encompassing the fisheries sector, seabed mining, pharmaceutical research focused on MGRs and maritime cargo shipping.",61,62,12,"12","of","of","ADP","IN",NA,"13","case",NA,NA
"doc26",1,1,"the use of ABMTs, including MPAs to ensure the conservation of BBNJ carry implications for a diverse range of activities, encompassing the fisheries sector, seabed mining, pharmaceutical research focused on MGRs and maritime cargo shipping.",64,67,13,"13","BBNJ","BBNJ","PROPN","NNP","Number=Sing","11","nmod",NA,NA
"doc26",1,1,"the use of ABMTs, including MPAs to ensure the conservation of BBNJ carry implications for a diverse range of activities, encompassing the fisheries sector, seabed mining, pharmaceutical research focused on MGRs and maritime cargo shipping.",69,73,14,"14","carry","carry","VERB","VB","VerbForm=Inf","9","ccomp",NA,NA
"doc26",1,1,"the use of ABMTs, including MPAs to ensure the conservation of BBNJ carry implications for a diverse range of activities, encompassing the fisheries sector, seabed mining, pharmaceutical research focused on MGRs and maritime cargo shipping.",75,86,15,"15","implications","implication","NOUN","NNS","Number=Plur","14","obj",NA,NA
"doc26",1,1,"the use of ABMTs, including MPAs to ensure the conservation of BBNJ carry implications for a diverse range of activities, encompassing the fisheries sector, seabed mining, pharmaceutical research focused on MGRs and maritime cargo shipping.",88,90,16,"16","for","for","ADP","IN",NA,"19","case",NA,NA
"doc26",1,1,"the use of ABMTs, including MPAs to ensure the conservation of BBNJ carry implications for a diverse range of activities, encompassing the fisheries sector, seabed mining, pharmaceutical research focused on MGRs and maritime cargo shipping.",92,92,17,"17","a","a","DET","DT","Definite=Ind|PronType=Art","19","det",NA,NA
"doc26",1,1,"the use of ABMTs, including MPAs to ensure the conservation of BBNJ carry implications for a diverse range of activities, encompassing the fisheries sector, seabed mining, pharmaceutical research focused on MGRs and maritime cargo shipping.",94,100,18,"18","diverse","diverse","ADJ","JJ","Degree=Pos","19","amod",NA,NA
"doc26",1,1,"the use of ABMTs, including MPAs to ensure the conservation of BBNJ carry implications for a diverse range of activities, encompassing the fisheries sector, seabed mining, pharmaceutical research focused on MGRs and maritime cargo shipping.",102,106,19,"19","range","range","NOUN","NN","Number=Sing","14","obl",NA,NA
"doc26",1,1,"the use of ABMTs, including MPAs to ensure the conservation of BBNJ carry implications for a diverse range of activities, encompassing the fisheries sector, seabed mining, pharmaceutical research focused on MGRs and maritime cargo shipping.",108,109,20,"20","of","of","ADP","IN",NA,"21","case",NA,NA
"doc26",1,1,"the use of ABMTs, including MPAs to ensure the conservation of BBNJ carry implications for a diverse range of activities, encompassing the fisheries sector, seabed mining, pharmaceutical research focused on MGRs and maritime cargo shipping.",111,120,21,"21","activities","activity","NOUN","NNS","Number=Plur","19","nmod",NA,"SpaceAfter=No"
"doc26",1,1,"the use of ABMTs, including MPAs to ensure the conservation of BBNJ carry implications for a diverse range of activities, encompassing the fisheries sector, seabed mining, pharmaceutical research focused on MGRs and maritime cargo shipping.",121,121,22,"22",",",",","PUNCT",",",NA,"14","punct",NA,NA
"doc26",1,1,"the use of ABMTs, including MPAs to ensure the conservation of BBNJ carry implications for a diverse range of activities, encompassing the fisheries sector, seabed mining, pharmaceutical research focused on MGRs and maritime cargo shipping.",123,134,23,"23","encompassing","encompasse","VERB","VBG","VerbForm=Ger","14","advcl",NA,NA
"doc26",1,1,"the use of ABMTs, including MPAs to ensure the conservation of BBNJ carry implications for a diverse range of activities, encompassing the fisheries sector, seabed mining, pharmaceutical research focused on MGRs and maritime cargo shipping.",136,138,24,"24","the","the","DET","DT","Definite=Def|PronType=Art","26","det",NA,NA
"doc26",1,1,"the use of ABMTs, including MPAs to ensure the conservation of BBNJ carry implications for a diverse range of activities, encompassing the fisheries sector, seabed mining, pharmaceutical research focused on MGRs and maritime cargo shipping.",140,148,25,"25","fisheries","fishery","NOUN","NNS","Number=Plur","26","compound",NA,NA
"doc26",1,1,"the use of ABMTs, including MPAs to ensure the conservation of BBNJ carry implications for a diverse range of activities, encompassing the fisheries sector, seabed mining, pharmaceutical research focused on MGRs and maritime cargo shipping.",150,155,26,"26","sector","sector","NOUN","NN","Number=Sing","23","obj",NA,"SpaceAfter=No"
"doc26",1,1,"the use of ABMTs, including MPAs to ensure the conservation of BBNJ carry implications for a diverse range of activities, encompassing the fisheries sector, seabed mining, pharmaceutical research focused on MGRs and maritime cargo shipping.",156,156,27,"27",",",",","PUNCT",",",NA,"29","punct",NA,NA
"doc26",1,1,"the use of ABMTs, including MPAs to ensure the conservation of BBNJ carry implications for a diverse range of activities, encompassing the fisheries sector, seabed mining, pharmaceutical research focused on MGRs and maritime cargo shipping.",158,163,28,"28","seabed","seab","VERB","VBN","Tense=Past|VerbForm=Part","29","amod",NA,NA
"doc26",1,1,"the use of ABMTs, including MPAs to ensure the conservation of BBNJ carry implications for a diverse range of activities, encompassing the fisheries sector, seabed mining, pharmaceutical research focused on MGRs and maritime cargo shipping.",165,170,29,"29","mining","mining","NOUN","NN","Number=Sing","26","conj",NA,"SpaceAfter=No"
"doc26",1,1,"the use of ABMTs, including MPAs to ensure the conservation of BBNJ carry implications for a diverse range of activities, encompassing the fisheries sector, seabed mining, pharmaceutical research focused on MGRs and maritime cargo shipping.",171,171,30,"30",",",",","PUNCT",",",NA,"32","punct",NA,NA
"doc26",1,1,"the use of ABMTs, including MPAs to ensure the conservation of BBNJ carry implications for a diverse range of activities, encompassing the fisheries sector, seabed mining, pharmaceutical research focused on MGRs and maritime cargo shipping.",173,186,31,"31","pharmaceutical","pharmaceutical","ADJ","JJ","Degree=Pos","32","amod",NA,NA
"doc26",1,1,"the use of ABMTs, including MPAs to ensure the conservation of BBNJ carry implications for a diverse range of activities, encompassing the fisheries sector, seabed mining, pharmaceutical research focused on MGRs and maritime cargo shipping.",188,195,32,"32","research","research","NOUN","NN","Number=Sing","26","conj",NA,NA
"doc26",1,1,"the use of ABMTs, including MPAs to ensure the conservation of BBNJ carry implications for a diverse range of activities, encompassing the fisheries sector, seabed mining, pharmaceutical research focused on MGRs and maritime cargo shipping.",197,203,33,"33","focused","focus","VERB","VBN","Tense=Past|VerbForm=Part","32","acl",NA,NA
"doc26",1,1,"the use of ABMTs, including MPAs to ensure the conservation of BBNJ carry implications for a diverse range of activities, encompassing the fisheries sector, seabed mining, pharmaceutical research focused on MGRs and maritime cargo shipping.",205,206,34,"34","on","on","ADP","IN",NA,"35","case",NA,NA
"doc26",1,1,"the use of ABMTs, including MPAs to ensure the conservation of BBNJ carry implications for a diverse range of activities, encompassing the fisheries sector, seabed mining, pharmaceutical research focused on MGRs and maritime cargo shipping.",208,211,35,"35","MGRs","MGRs","PROPN","NNPS","Number=Plur","33","obl",NA,NA
"doc26",1,1,"the use of ABMTs, including MPAs to ensure the conservation of BBNJ carry implications for a diverse range of activities, encompassing the fisheries sector, seabed mining, pharmaceutical research focused on MGRs and maritime cargo shipping.",213,215,36,"36","and","and","CCONJ","CC",NA,"39","cc",NA,NA
"doc26",1,1,"the use of ABMTs, including MPAs to ensure the conservation of BBNJ carry implications for a diverse range of activities, encompassing the fisheries sector, seabed mining, pharmaceutical research focused on MGRs and maritime cargo shipping.",217,224,37,"37","maritime","maritime","ADJ","JJ","Degree=Pos","39","amod",NA,NA
"doc26",1,1,"the use of ABMTs, including MPAs to ensure the conservation of BBNJ carry implications for a diverse range of activities, encompassing the fisheries sector, seabed mining, pharmaceutical research focused on MGRs and maritime cargo shipping.",226,230,38,"38","cargo","cargo","NOUN","NN","Number=Sing","39","compound",NA,NA
"doc26",1,1,"the use of ABMTs, including MPAs to ensure the conservation of BBNJ carry implications for a diverse range of activities, encompassing the fisheries sector, seabed mining, pharmaceutical research focused on MGRs and maritime cargo shipping.",232,239,39,"39","shipping","shipping","NOUN","NN","Number=Sing","35","conj",NA,"SpaceAfter=No"
"doc26",1,1,"the use of ABMTs, including MPAs to ensure the conservation of BBNJ carry implications for a diverse range of activities, encompassing the fisheries sector, seabed mining, pharmaceutical research focused on MGRs and maritime cargo shipping.",240,240,40,"40",".",".","PUNCT",".",NA,"14","punct",NA,"SpacesAfter=\n"
"doc27",1,1,"Efforts have been made to promote the participation of SIDS and LDCs in the BBNJ negotiations, including through a voluntary trust fund to support the attendance of these countries.",1,7,1,"1","Efforts","efforts","NOUN","NNS","Number=Plur","4","nsubj:pass",NA,NA
"doc27",1,1,"Efforts have been made to promote the participation of SIDS and LDCs in the BBNJ negotiations, including through a voluntary trust fund to support the attendance of these countries.",9,12,2,"2","have","have","AUX","VBP","Mood=Ind|Tense=Pres|VerbForm=Fin","4","aux",NA,NA
"doc27",1,1,"Efforts have been made to promote the participation of SIDS and LDCs in the BBNJ negotiations, including through a voluntary trust fund to support the attendance of these countries.",14,17,3,"3","been","be","AUX","VBN","Tense=Past|VerbForm=Part","4","aux:pass",NA,NA
"doc27",1,1,"Efforts have been made to promote the participation of SIDS and LDCs in the BBNJ negotiations, including through a voluntary trust fund to support the attendance of these countries.",19,22,4,"4","made","make","VERB","VBN","Tense=Past|VerbForm=Part|Voice=Pass","0","root",NA,NA
"doc27",1,1,"Efforts have been made to promote the participation of SIDS and LDCs in the BBNJ negotiations, including through a voluntary trust fund to support the attendance of these countries.",24,25,5,"5","to","to","PART","TO",NA,"6","mark",NA,NA
"doc27",1,1,"Efforts have been made to promote the participation of SIDS and LDCs in the BBNJ negotiations, including through a voluntary trust fund to support the attendance of these countries.",27,33,6,"6","promote","promote","VERB","VB","VerbForm=Inf","4","xcomp",NA,NA
"doc27",1,1,"Efforts have been made to promote the participation of SIDS and LDCs in the BBNJ negotiations, including through a voluntary trust fund to support the attendance of these countries.",35,37,7,"7","the","the","DET","DT","Definite=Def|PronType=Art","8","det",NA,NA
"doc27",1,1,"Efforts have been made to promote the participation of SIDS and LDCs in the BBNJ negotiations, including through a voluntary trust fund to support the attendance of these countries.",39,51,8,"8","participation","participation","NOUN","NN","Number=Sing","6","obj",NA,NA
"doc27",1,1,"Efforts have been made to promote the participation of SIDS and LDCs in the BBNJ negotiations, including through a voluntary trust fund to support the attendance of these countries.",53,54,9,"9","of","of","ADP","IN",NA,"10","case",NA,NA
"doc27",1,1,"Efforts have been made to promote the participation of SIDS and LDCs in the BBNJ negotiations, including through a voluntary trust fund to support the attendance of these countries.",56,59,10,"10","SIDS","SIDS","NOUN","NNS","Number=Plur","8","nmod",NA,NA
"doc27",1,1,"Efforts have been made to promote the participation of SIDS and LDCs in the BBNJ negotiations, including through a voluntary trust fund to support the attendance of these countries.",61,63,11,"11","and","and","CCONJ","CC",NA,"12","cc",NA,NA
"doc27",1,1,"Efforts have been made to promote the participation of SIDS and LDCs in the BBNJ negotiations, including through a voluntary trust fund to support the attendance of these countries.",65,68,12,"12","LDCs","LDCs","NOUN","NNS","Number=Plur","10","conj",NA,NA
"doc27",1,1,"Efforts have been made to promote the participation of SIDS and LDCs in the BBNJ negotiations, including through a voluntary trust fund to support the attendance of these countries.",70,71,13,"13","in","in","ADP","IN",NA,"16","case",NA,NA
"doc27",1,1,"Efforts have been made to promote the participation of SIDS and LDCs in the BBNJ negotiations, including through a voluntary trust fund to support the attendance of these countries.",73,75,14,"14","the","the","DET","DT","Definite=Def|PronType=Art","16","det",NA,NA
"doc27",1,1,"Efforts have been made to promote the participation of SIDS and LDCs in the BBNJ negotiations, including through a voluntary trust fund to support the attendance of these countries.",77,80,15,"15","BBNJ","BBNJ","NOUN","NN","Number=Sing","16","compound",NA,NA
"doc27",1,1,"Efforts have been made to promote the participation of SIDS and LDCs in the BBNJ negotiations, including through a voluntary trust fund to support the attendance of these countries.",82,93,16,"16","negotiations","negotiations","NOUN","NNS","Number=Plur","8","nmod",NA,"SpaceAfter=No"
"doc27",1,1,"Efforts have been made to promote the participation of SIDS and LDCs in the BBNJ negotiations, including through a voluntary trust fund to support the attendance of these countries.",94,94,17,"17",",",",","PUNCT",",",NA,"8","punct",NA,NA
"doc27",1,1,"Efforts have been made to promote the participation of SIDS and LDCs in the BBNJ negotiations, including through a voluntary trust fund to support the attendance of these countries.",96,104,18,"18","including","include","VERB","VBG","VerbForm=Ger","23","case",NA,NA
"doc27",1,1,"Efforts have been made to promote the participation of SIDS and LDCs in the BBNJ negotiations, including through a voluntary trust fund to support the attendance of these countries.",106,112,19,"19","through","through","ADP","IN",NA,"23","case",NA,NA
"doc27",1,1,"Efforts have been made to promote the participation of SIDS and LDCs in the BBNJ negotiations, including through a voluntary trust fund to support the attendance of these countries.",114,114,20,"20","a","a","DET","DT","Definite=Ind|PronType=Art","23","det",NA,NA
"doc27",1,1,"Efforts have been made to promote the participation of SIDS and LDCs in the BBNJ negotiations, including through a voluntary trust fund to support the attendance of these countries.",116,124,21,"21","voluntary","voluntary","ADJ","JJ","Degree=Pos","23","amod",NA,NA
"doc27",1,1,"Efforts have been made to promote the participation of SIDS and LDCs in the BBNJ negotiations, including through a voluntary trust fund to support the attendance of these countries.",126,130,22,"22","trust","trust","NOUN","NN","Number=Sing","23","compound",NA,NA
"doc27",1,1,"Efforts have been made to promote the participation of SIDS and LDCs in the BBNJ negotiations, including through a voluntary trust fund to support the attendance of these countries.",132,135,23,"23","fund","fund","NOUN","NN","Number=Sing","8","nmod",NA,NA
"doc27",1,1,"Efforts have been made to promote the participation of SIDS and LDCs in the BBNJ negotiations, including through a voluntary trust fund to support the attendance of these countries.",137,138,24,"24","to","to","PART","TO",NA,"25","mark",NA,NA
"doc27",1,1,"Efforts have been made to promote the participation of SIDS and LDCs in the BBNJ negotiations, including through a voluntary trust fund to support the attendance of these countries.",140,146,25,"25","support","support","VERB","VB","VerbForm=Inf","23","acl",NA,NA
"doc27",1,1,"Efforts have been made to promote the participation of SIDS and LDCs in the BBNJ negotiations, including through a voluntary trust fund to support the attendance of these countries.",148,150,26,"26","the","the","DET","DT","Definite=Def|PronType=Art","27","det",NA,NA
"doc27",1,1,"Efforts have been made to promote the participation of SIDS and LDCs in the BBNJ negotiations, including through a voluntary trust fund to support the attendance of these countries.",152,161,27,"27","attendance","attendance","NOUN","NN","Number=Sing","25","obj",NA,NA
"doc27",1,1,"Efforts have been made to promote the participation of SIDS and LDCs in the BBNJ negotiations, including through a voluntary trust fund to support the attendance of these countries.",163,164,28,"28","of","of","ADP","IN",NA,"30","case",NA,NA
"doc27",1,1,"Efforts have been made to promote the participation of SIDS and LDCs in the BBNJ negotiations, including through a voluntary trust fund to support the attendance of these countries.",166,170,29,"29","these","these","DET","DT","Number=Plur|PronType=Dem","30","det",NA,NA
"doc27",1,1,"Efforts have been made to promote the participation of SIDS and LDCs in the BBNJ negotiations, including through a voluntary trust fund to support the attendance of these countries.",172,180,30,"30","countries","country","NOUN","NNS","Number=Plur","27","nmod",NA,"SpaceAfter=No"
"doc27",1,1,"Efforts have been made to promote the participation of SIDS and LDCs in the BBNJ negotiations, including through a voluntary trust fund to support the attendance of these countries.",181,181,31,"31",".",".","PUNCT",".",NA,"4","punct",NA,"SpacesAfter=\n"
"doc28",1,1,"to re-evaluate and enhance the capacity building apparatus for ocean management.",1,2,1,"1","to","to","PART","TO",NA,"2","mark",NA,NA
"doc28",1,1,"to re-evaluate and enhance the capacity building apparatus for ocean management.",4,14,2,"2","re-evaluate","re-evaluate","VERB","VB","VerbForm=Inf","0","root",NA,NA
"doc28",1,1,"to re-evaluate and enhance the capacity building apparatus for ocean management.",16,18,3,"3","and","and","CCONJ","CC",NA,"4","cc",NA,NA
"doc28",1,1,"to re-evaluate and enhance the capacity building apparatus for ocean management.",20,26,4,"4","enhance","enhance","VERB","VB","VerbForm=Inf","2","conj",NA,NA
"doc28",1,1,"to re-evaluate and enhance the capacity building apparatus for ocean management.",28,30,5,"5","the","the","DET","DT","Definite=Def|PronType=Art","8","det",NA,NA
"doc28",1,1,"to re-evaluate and enhance the capacity building apparatus for ocean management.",32,39,6,"6","capacity","capacity","NOUN","NN","Number=Sing","8","compound",NA,NA
"doc28",1,1,"to re-evaluate and enhance the capacity building apparatus for ocean management.",41,48,7,"7","building","building","NOUN","NN","Number=Sing","8","compound",NA,NA
"doc28",1,1,"to re-evaluate and enhance the capacity building apparatus for ocean management.",50,58,8,"8","apparatus","apparatus","NOUN","NN","Number=Sing","2","obj",NA,NA
"doc28",1,1,"to re-evaluate and enhance the capacity building apparatus for ocean management.",60,62,9,"9","for","for","ADP","IN",NA,"11","case",NA,NA
"doc28",1,1,"to re-evaluate and enhance the capacity building apparatus for ocean management.",64,68,10,"10","ocean","ocean","ADJ","JJ","Degree=Pos","11","amod",NA,NA
"doc28",1,1,"to re-evaluate and enhance the capacity building apparatus for ocean management.",70,79,11,"11","management","management","NOUN","NN","Number=Sing","2","obl",NA,"SpaceAfter=No"
"doc28",1,1,"to re-evaluate and enhance the capacity building apparatus for ocean management.",80,80,12,"12",".",".","PUNCT",".",NA,"2","punct",NA,"SpacesAfter=\n"
"doc29",1,1,"to give states and relevant regional organizations the mandate to identify and submit MPA proposals, with management responsibility remaining at the regional level.",1,2,1,"1","to","to","PART","TO",NA,"2","mark",NA,NA
"doc29",1,1,"to give states and relevant regional organizations the mandate to identify and submit MPA proposals, with management responsibility remaining at the regional level.",4,7,2,"2","give","give","VERB","VB","VerbForm=Inf","0","root",NA,NA
"doc29",1,1,"to give states and relevant regional organizations the mandate to identify and submit MPA proposals, with management responsibility remaining at the regional level.",9,14,3,"3","states","state","PROPN","NNP","Number=Sing","2","iobj",NA,NA
"doc29",1,1,"to give states and relevant regional organizations the mandate to identify and submit MPA proposals, with management responsibility remaining at the regional level.",16,18,4,"4","and","and","CCONJ","CC",NA,"7","cc",NA,NA
"doc29",1,1,"to give states and relevant regional organizations the mandate to identify and submit MPA proposals, with management responsibility remaining at the regional level.",20,27,5,"5","relevant","relevant","ADJ","JJ","Degree=Pos","7","amod",NA,NA
"doc29",1,1,"to give states and relevant regional organizations the mandate to identify and submit MPA proposals, with management responsibility remaining at the regional level.",29,36,6,"6","regional","regional","ADJ","JJ","Degree=Pos","7","amod",NA,NA
"doc29",1,1,"to give states and relevant regional organizations the mandate to identify and submit MPA proposals, with management responsibility remaining at the regional level.",38,50,7,"7","organizations","organization","NOUN","NNS","Number=Plur","3","conj",NA,NA
"doc29",1,1,"to give states and relevant regional organizations the mandate to identify and submit MPA proposals, with management responsibility remaining at the regional level.",52,54,8,"8","the","the","DET","DT","Definite=Def|PronType=Art","9","det",NA,NA
"doc29",1,1,"to give states and relevant regional organizations the mandate to identify and submit MPA proposals, with management responsibility remaining at the regional level.",56,62,9,"9","mandate","mandate","NOUN","NN","Number=Sing","2","obj",NA,NA
"doc29",1,1,"to give states and relevant regional organizations the mandate to identify and submit MPA proposals, with management responsibility remaining at the regional level.",64,65,10,"10","to","to","PART","TO",NA,"11","mark",NA,NA
"doc29",1,1,"to give states and relevant regional organizations the mandate to identify and submit MPA proposals, with management responsibility remaining at the regional level.",67,74,11,"11","identify","identify","VERB","VB","VerbForm=Inf","9","acl",NA,NA
"doc29",1,1,"to give states and relevant regional organizations the mandate to identify and submit MPA proposals, with management responsibility remaining at the regional level.",76,78,12,"12","and","and","CCONJ","CC",NA,"13","cc",NA,NA
"doc29",1,1,"to give states and relevant regional organizations the mandate to identify and submit MPA proposals, with management responsibility remaining at the regional level.",80,85,13,"13","submit","submit","VERB","VB","VerbForm=Inf","11","conj",NA,NA
"doc29",1,1,"to give states and relevant regional organizations the mandate to identify and submit MPA proposals, with management responsibility remaining at the regional level.",87,89,14,"14","MPA","MPA","PROPN","NNP","Number=Sing","15","compound",NA,NA
"doc29",1,1,"to give states and relevant regional organizations the mandate to identify and submit MPA proposals, with management responsibility remaining at the regional level.",91,99,15,"15","proposals","proposal","NOUN","NNS","Number=Plur","11","obj",NA,"SpaceAfter=No"
"doc29",1,1,"to give states and relevant regional organizations the mandate to identify and submit MPA proposals, with management responsibility remaining at the regional level.",100,100,16,"16",",",",","PUNCT",",",NA,"2","punct",NA,NA
"doc29",1,1,"to give states and relevant regional organizations the mandate to identify and submit MPA proposals, with management responsibility remaining at the regional level.",102,105,17,"17","with","with","ADP","IN",NA,"19","case",NA,NA
"doc29",1,1,"to give states and relevant regional organizations the mandate to identify and submit MPA proposals, with management responsibility remaining at the regional level.",107,116,18,"18","management","management","NOUN","NN","Number=Sing","19","compound",NA,NA
"doc29",1,1,"to give states and relevant regional organizations the mandate to identify and submit MPA proposals, with management responsibility remaining at the regional level.",118,131,19,"19","responsibility","responsibility","NOUN","NN","Number=Sing","2","obl",NA,NA
"doc29",1,1,"to give states and relevant regional organizations the mandate to identify and submit MPA proposals, with management responsibility remaining at the regional level.",133,141,20,"20","remaining","remain","VERB","VBG","VerbForm=Ger","19","acl",NA,NA
"doc29",1,1,"to give states and relevant regional organizations the mandate to identify and submit MPA proposals, with management responsibility remaining at the regional level.",143,144,21,"21","at","at","ADP","IN",NA,"24","case",NA,NA
"doc29",1,1,"to give states and relevant regional organizations the mandate to identify and submit MPA proposals, with management responsibility remaining at the regional level.",146,148,22,"22","the","the","DET","DT","Definite=Def|PronType=Art","24","det",NA,NA
"doc29",1,1,"to give states and relevant regional organizations the mandate to identify and submit MPA proposals, with management responsibility remaining at the regional level.",150,157,23,"23","regional","regional","ADJ","JJ","Degree=Pos","24","amod",NA,NA
"doc29",1,1,"to give states and relevant regional organizations the mandate to identify and submit MPA proposals, with management responsibility remaining at the regional level.",159,163,24,"24","level","level","NOUN","NN","Number=Sing","20","obl",NA,"SpaceAfter=No"
"doc29",1,1,"to give states and relevant regional organizations the mandate to identify and submit MPA proposals, with management responsibility remaining at the regional level.",164,164,25,"25",".",".","PUNCT",".",NA,"2","punct",NA,"SpacesAfter=\n"
"doc30",1,1,"to augment ecosystem-based management of fisheries in ABNJ through the definition of a common purpose, the provision of agreed governance principles, the formation of collaborative institutional arrangements, the development of a review and reporting process, and provision of a default management regime where gaps in geographical coverage by RFMOs remain.",1,2,1,"1","to","to","PART","TO",NA,"2","mark",NA,NA
"doc30",1,1,"to augment ecosystem-based management of fisheries in ABNJ through the definition of a common purpose, the provision of agreed governance principles, the formation of collaborative institutional arrangements, the development of a review and reporting process, and provision of a default management regime where gaps in geographical coverage by RFMOs remain.",4,10,2,"2","augment","augment","VERB","VB","VerbForm=Inf","0","root",NA,NA
"doc30",1,1,"to augment ecosystem-based management of fisheries in ABNJ through the definition of a common purpose, the provision of agreed governance principles, the formation of collaborative institutional arrangements, the development of a review and reporting process, and provision of a default management regime where gaps in geographical coverage by RFMOs remain.",12,20,3,"3","ecosystem","ecosystem","NOUN","NN","Number=Sing","5","obl:npmod",NA,"SpaceAfter=No"
"doc30",1,1,"to augment ecosystem-based management of fisheries in ABNJ through the definition of a common purpose, the provision of agreed governance principles, the formation of collaborative institutional arrangements, the development of a review and reporting process, and provision of a default management regime where gaps in geographical coverage by RFMOs remain.",21,21,4,"4","-","-","PUNCT","HYPH",NA,"5","punct",NA,"SpaceAfter=No"
"doc30",1,1,"to augment ecosystem-based management of fisheries in ABNJ through the definition of a common purpose, the provision of agreed governance principles, the formation of collaborative institutional arrangements, the development of a review and reporting process, and provision of a default management regime where gaps in geographical coverage by RFMOs remain.",22,26,5,"5","based","base","VERB","VBN","Tense=Past|VerbForm=Part","6","amod",NA,NA
"doc30",1,1,"to augment ecosystem-based management of fisheries in ABNJ through the definition of a common purpose, the provision of agreed governance principles, the formation of collaborative institutional arrangements, the development of a review and reporting process, and provision of a default management regime where gaps in geographical coverage by RFMOs remain.",28,37,6,"6","management","management","NOUN","NN","Number=Sing","2","obj",NA,NA
"doc30",1,1,"to augment ecosystem-based management of fisheries in ABNJ through the definition of a common purpose, the provision of agreed governance principles, the formation of collaborative institutional arrangements, the development of a review and reporting process, and provision of a default management regime where gaps in geographical coverage by RFMOs remain.",39,40,7,"7","of","of","ADP","IN",NA,"8","case",NA,NA
"doc30",1,1,"to augment ecosystem-based management of fisheries in ABNJ through the definition of a common purpose, the provision of agreed governance principles, the formation of collaborative institutional arrangements, the development of a review and reporting process, and provision of a default management regime where gaps in geographical coverage by RFMOs remain.",42,50,8,"8","fisheries","fishery","NOUN","NNS","Number=Plur","6","nmod",NA,NA
"doc30",1,1,"to augment ecosystem-based management of fisheries in ABNJ through the definition of a common purpose, the provision of agreed governance principles, the formation of collaborative institutional arrangements, the development of a review and reporting process, and provision of a default management regime where gaps in geographical coverage by RFMOs remain.",52,53,9,"9","in","in","ADP","IN",NA,"10","case",NA,NA
"doc30",1,1,"to augment ecosystem-based management of fisheries in ABNJ through the definition of a common purpose, the provision of agreed governance principles, the formation of collaborative institutional arrangements, the development of a review and reporting process, and provision of a default management regime where gaps in geographical coverage by RFMOs remain.",55,58,10,"10","ABNJ","ABNJ","PROPN","NNP","Number=Sing","2","obl",NA,NA
"doc30",1,1,"to augment ecosystem-based management of fisheries in ABNJ through the definition of a common purpose, the provision of agreed governance principles, the formation of collaborative institutional arrangements, the development of a review and reporting process, and provision of a default management regime where gaps in geographical coverage by RFMOs remain.",60,66,11,"11","through","through","ADP","IN",NA,"13","case",NA,NA
"doc30",1,1,"to augment ecosystem-based management of fisheries in ABNJ through the definition of a common purpose, the provision of agreed governance principles, the formation of collaborative institutional arrangements, the development of a review and reporting process, and provision of a default management regime where gaps in geographical coverage by RFMOs remain.",68,70,12,"12","the","the","DET","DT","Definite=Def|PronType=Art","13","det",NA,NA
"doc30",1,1,"to augment ecosystem-based management of fisheries in ABNJ through the definition of a common purpose, the provision of agreed governance principles, the formation of collaborative institutional arrangements, the development of a review and reporting process, and provision of a default management regime where gaps in geographical coverage by RFMOs remain.",72,81,13,"13","definition","definition","NOUN","NN","Number=Sing","2","obl",NA,NA
"doc30",1,1,"to augment ecosystem-based management of fisheries in ABNJ through the definition of a common purpose, the provision of agreed governance principles, the formation of collaborative institutional arrangements, the development of a review and reporting process, and provision of a default management regime where gaps in geographical coverage by RFMOs remain.",83,84,14,"14","of","of","ADP","IN",NA,"17","case",NA,NA
"doc30",1,1,"to augment ecosystem-based management of fisheries in ABNJ through the definition of a common purpose, the provision of agreed governance principles, the formation of collaborative institutional arrangements, the development of a review and reporting process, and provision of a default management regime where gaps in geographical coverage by RFMOs remain.",86,86,15,"15","a","a","DET","DT","Definite=Ind|PronType=Art","17","det",NA,NA
"doc30",1,1,"to augment ecosystem-based management of fisheries in ABNJ through the definition of a common purpose, the provision of agreed governance principles, the formation of collaborative institutional arrangements, the development of a review and reporting process, and provision of a default management regime where gaps in geographical coverage by RFMOs remain.",88,93,16,"16","common","common","ADJ","JJ","Degree=Pos","17","amod",NA,NA
"doc30",1,1,"to augment ecosystem-based management of fisheries in ABNJ through the definition of a common purpose, the provision of agreed governance principles, the formation of collaborative institutional arrangements, the development of a review and reporting process, and provision of a default management regime where gaps in geographical coverage by RFMOs remain.",95,101,17,"17","purpose","purpose","NOUN","NN","Number=Sing","13","nmod",NA,"SpaceAfter=No"
"doc30",1,1,"to augment ecosystem-based management of fisheries in ABNJ through the definition of a common purpose, the provision of agreed governance principles, the formation of collaborative institutional arrangements, the development of a review and reporting process, and provision of a default management regime where gaps in geographical coverage by RFMOs remain.",102,102,18,"18",",",",","PUNCT",",",NA,"20","punct",NA,NA
"doc30",1,1,"to augment ecosystem-based management of fisheries in ABNJ through the definition of a common purpose, the provision of agreed governance principles, the formation of collaborative institutional arrangements, the development of a review and reporting process, and provision of a default management regime where gaps in geographical coverage by RFMOs remain.",104,106,19,"19","the","the","DET","DT","Definite=Def|PronType=Art","20","det",NA,NA
"doc30",1,1,"to augment ecosystem-based management of fisheries in ABNJ through the definition of a common purpose, the provision of agreed governance principles, the formation of collaborative institutional arrangements, the development of a review and reporting process, and provision of a default management regime where gaps in geographical coverage by RFMOs remain.",108,116,20,"20","provision","provision","NOUN","NN","Number=Sing","2","conj",NA,NA
"doc30",1,1,"to augment ecosystem-based management of fisheries in ABNJ through the definition of a common purpose, the provision of agreed governance principles, the formation of collaborative institutional arrangements, the development of a review and reporting process, and provision of a default management regime where gaps in geographical coverage by RFMOs remain.",118,119,21,"21","of","of","ADP","IN",NA,"24","case",NA,NA
"doc30",1,1,"to augment ecosystem-based management of fisheries in ABNJ through the definition of a common purpose, the provision of agreed governance principles, the formation of collaborative institutional arrangements, the development of a review and reporting process, and provision of a default management regime where gaps in geographical coverage by RFMOs remain.",121,126,22,"22","agreed","agree","VERB","VBN","Tense=Past|VerbForm=Part","24","amod",NA,NA
"doc30",1,1,"to augment ecosystem-based management of fisheries in ABNJ through the definition of a common purpose, the provision of agreed governance principles, the formation of collaborative institutional arrangements, the development of a review and reporting process, and provision of a default management regime where gaps in geographical coverage by RFMOs remain.",128,137,23,"23","governance","governance","NOUN","NN","Number=Sing","24","compound",NA,NA
"doc30",1,1,"to augment ecosystem-based management of fisheries in ABNJ through the definition of a common purpose, the provision of agreed governance principles, the formation of collaborative institutional arrangements, the development of a review and reporting process, and provision of a default management regime where gaps in geographical coverage by RFMOs remain.",139,148,24,"24","principles","principle","NOUN","NNS","Number=Plur","20","nmod",NA,"SpaceAfter=No"
"doc30",1,1,"to augment ecosystem-based management of fisheries in ABNJ through the definition of a common purpose, the provision of agreed governance principles, the formation of collaborative institutional arrangements, the development of a review and reporting process, and provision of a default management regime where gaps in geographical coverage by RFMOs remain.",149,149,25,"25",",",",","PUNCT",",",NA,"27","punct",NA,NA
"doc30",1,1,"to augment ecosystem-based management of fisheries in ABNJ through the definition of a common purpose, the provision of agreed governance principles, the formation of collaborative institutional arrangements, the development of a review and reporting process, and provision of a default management regime where gaps in geographical coverage by RFMOs remain.",151,153,26,"26","the","the","DET","DT","Definite=Def|PronType=Art","27","det",NA,NA
"doc30",1,1,"to augment ecosystem-based management of fisheries in ABNJ through the definition of a common purpose, the provision of agreed governance principles, the formation of collaborative institutional arrangements, the development of a review and reporting process, and provision of a default management regime where gaps in geographical coverage by RFMOs remain.",155,163,27,"27","formation","formation","NOUN","NN","Number=Sing","2","conj",NA,NA
"doc30",1,1,"to augment ecosystem-based management of fisheries in ABNJ through the definition of a common purpose, the provision of agreed governance principles, the formation of collaborative institutional arrangements, the development of a review and reporting process, and provision of a default management regime where gaps in geographical coverage by RFMOs remain.",165,166,28,"28","of","of","ADP","IN",NA,"31","case",NA,NA
"doc30",1,1,"to augment ecosystem-based management of fisheries in ABNJ through the definition of a common purpose, the provision of agreed governance principles, the formation of collaborative institutional arrangements, the development of a review and reporting process, and provision of a default management regime where gaps in geographical coverage by RFMOs remain.",168,180,29,"29","collaborative","collaborative","ADJ","JJ","Degree=Pos","31","amod",NA,NA
"doc30",1,1,"to augment ecosystem-based management of fisheries in ABNJ through the definition of a common purpose, the provision of agreed governance principles, the formation of collaborative institutional arrangements, the development of a review and reporting process, and provision of a default management regime where gaps in geographical coverage by RFMOs remain.",182,194,30,"30","institutional","institutional","ADJ","JJ","Degree=Pos","31","amod",NA,NA
"doc30",1,1,"to augment ecosystem-based management of fisheries in ABNJ through the definition of a common purpose, the provision of agreed governance principles, the formation of collaborative institutional arrangements, the development of a review and reporting process, and provision of a default management regime where gaps in geographical coverage by RFMOs remain.",196,207,31,"31","arrangements","arrangement","NOUN","NNS","Number=Plur","27","nmod",NA,"SpaceAfter=No"
"doc30",1,1,"to augment ecosystem-based management of fisheries in ABNJ through the definition of a common purpose, the provision of agreed governance principles, the formation of collaborative institutional arrangements, the development of a review and reporting process, and provision of a default management regime where gaps in geographical coverage by RFMOs remain.",208,208,32,"32",",",",","PUNCT",",",NA,"34","punct",NA,NA
"doc30",1,1,"to augment ecosystem-based management of fisheries in ABNJ through the definition of a common purpose, the provision of agreed governance principles, the formation of collaborative institutional arrangements, the development of a review and reporting process, and provision of a default management regime where gaps in geographical coverage by RFMOs remain.",210,212,33,"33","the","the","DET","DT","Definite=Def|PronType=Art","34","det",NA,NA
"doc30",1,1,"to augment ecosystem-based management of fisheries in ABNJ through the definition of a common purpose, the provision of agreed governance principles, the formation of collaborative institutional arrangements, the development of a review and reporting process, and provision of a default management regime where gaps in geographical coverage by RFMOs remain.",214,224,34,"34","development","development","NOUN","NN","Number=Sing","2","conj",NA,NA
"doc30",1,1,"to augment ecosystem-based management of fisheries in ABNJ through the definition of a common purpose, the provision of agreed governance principles, the formation of collaborative institutional arrangements, the development of a review and reporting process, and provision of a default management regime where gaps in geographical coverage by RFMOs remain.",226,227,35,"35","of","of","ADP","IN",NA,"37","case",NA,NA
"doc30",1,1,"to augment ecosystem-based management of fisheries in ABNJ through the definition of a common purpose, the provision of agreed governance principles, the formation of collaborative institutional arrangements, the development of a review and reporting process, and provision of a default management regime where gaps in geographical coverage by RFMOs remain.",229,229,36,"36","a","a","DET","DT","Definite=Ind|PronType=Art","37","det",NA,NA
"doc30",1,1,"to augment ecosystem-based management of fisheries in ABNJ through the definition of a common purpose, the provision of agreed governance principles, the formation of collaborative institutional arrangements, the development of a review and reporting process, and provision of a default management regime where gaps in geographical coverage by RFMOs remain.",231,236,37,"37","review","review","NOUN","NN","Number=Sing","34","nmod",NA,NA
"doc30",1,1,"to augment ecosystem-based management of fisheries in ABNJ through the definition of a common purpose, the provision of agreed governance principles, the formation of collaborative institutional arrangements, the development of a review and reporting process, and provision of a default management regime where gaps in geographical coverage by RFMOs remain.",238,240,38,"38","and","and","CCONJ","CC",NA,"39","cc",NA,NA
"doc30",1,1,"to augment ecosystem-based management of fisheries in ABNJ through the definition of a common purpose, the provision of agreed governance principles, the formation of collaborative institutional arrangements, the development of a review and reporting process, and provision of a default management regime where gaps in geographical coverage by RFMOs remain.",242,250,39,"39","reporting","report","VERB","VBG","VerbForm=Ger","37","conj",NA,NA
"doc30",1,1,"to augment ecosystem-based management of fisheries in ABNJ through the definition of a common purpose, the provision of agreed governance principles, the formation of collaborative institutional arrangements, the development of a review and reporting process, and provision of a default management regime where gaps in geographical coverage by RFMOs remain.",252,258,40,"40","process","process","NOUN","NN","Number=Sing","39","obj",NA,"SpaceAfter=No"
"doc30",1,1,"to augment ecosystem-based management of fisheries in ABNJ through the definition of a common purpose, the provision of agreed governance principles, the formation of collaborative institutional arrangements, the development of a review and reporting process, and provision of a default management regime where gaps in geographical coverage by RFMOs remain.",259,259,41,"41",",",",","PUNCT",",",NA,"43","punct",NA,NA
"doc30",1,1,"to augment ecosystem-based management of fisheries in ABNJ through the definition of a common purpose, the provision of agreed governance principles, the formation of collaborative institutional arrangements, the development of a review and reporting process, and provision of a default management regime where gaps in geographical coverage by RFMOs remain.",261,263,42,"42","and","and","CCONJ","CC",NA,"43","cc",NA,NA
"doc30",1,1,"to augment ecosystem-based management of fisheries in ABNJ through the definition of a common purpose, the provision of agreed governance principles, the formation of collaborative institutional arrangements, the development of a review and reporting process, and provision of a default management regime where gaps in geographical coverage by RFMOs remain.",265,273,43,"43","provision","provision","NOUN","NN","Number=Sing","2","conj",NA,NA
"doc30",1,1,"to augment ecosystem-based management of fisheries in ABNJ through the definition of a common purpose, the provision of agreed governance principles, the formation of collaborative institutional arrangements, the development of a review and reporting process, and provision of a default management regime where gaps in geographical coverage by RFMOs remain.",275,276,44,"44","of","of","ADP","IN",NA,"48","case",NA,NA
"doc30",1,1,"to augment ecosystem-based management of fisheries in ABNJ through the definition of a common purpose, the provision of agreed governance principles, the formation of collaborative institutional arrangements, the development of a review and reporting process, and provision of a default management regime where gaps in geographical coverage by RFMOs remain.",278,278,45,"45","a","a","DET","DT","Definite=Ind|PronType=Art","48","det",NA,NA
"doc30",1,1,"to augment ecosystem-based management of fisheries in ABNJ through the definition of a common purpose, the provision of agreed governance principles, the formation of collaborative institutional arrangements, the development of a review and reporting process, and provision of a default management regime where gaps in geographical coverage by RFMOs remain.",280,286,46,"46","default","default","NOUN","NN","Number=Sing","47","compound",NA,NA
"doc30",1,1,"to augment ecosystem-based management of fisheries in ABNJ through the definition of a common purpose, the provision of agreed governance principles, the formation of collaborative institutional arrangements, the development of a review and reporting process, and provision of a default management regime where gaps in geographical coverage by RFMOs remain.",288,297,47,"47","management","management","NOUN","NN","Number=Sing","48","compound",NA,NA
"doc30",1,1,"to augment ecosystem-based management of fisheries in ABNJ through the definition of a common purpose, the provision of agreed governance principles, the formation of collaborative institutional arrangements, the development of a review and reporting process, and provision of a default management regime where gaps in geographical coverage by RFMOs remain.",299,304,48,"48","regime","regime","NOUN","NN","Number=Sing","43","nmod",NA,NA
"doc30",1,1,"to augment ecosystem-based management of fisheries in ABNJ through the definition of a common purpose, the provision of agreed governance principles, the formation of collaborative institutional arrangements, the development of a review and reporting process, and provision of a default management regime where gaps in geographical coverage by RFMOs remain.",306,310,49,"49","where","where","ADV","WRB","PronType=Rel","56","advmod",NA,NA
"doc30",1,1,"to augment ecosystem-based management of fisheries in ABNJ through the definition of a common purpose, the provision of agreed governance principles, the formation of collaborative institutional arrangements, the development of a review and reporting process, and provision of a default management regime where gaps in geographical coverage by RFMOs remain.",312,315,50,"50","gaps","gaps","NOUN","NNS","Number=Plur","56","nsubj",NA,NA
"doc30",1,1,"to augment ecosystem-based management of fisheries in ABNJ through the definition of a common purpose, the provision of agreed governance principles, the formation of collaborative institutional arrangements, the development of a review and reporting process, and provision of a default management regime where gaps in geographical coverage by RFMOs remain.",317,318,51,"51","in","in","ADP","IN",NA,"53","case",NA,NA
"doc30",1,1,"to augment ecosystem-based management of fisheries in ABNJ through the definition of a common purpose, the provision of agreed governance principles, the formation of collaborative institutional arrangements, the development of a review and reporting process, and provision of a default management regime where gaps in geographical coverage by RFMOs remain.",320,331,52,"52","geographical","geographical","ADJ","JJ","Degree=Pos","53","amod",NA,NA
"doc30",1,1,"to augment ecosystem-based management of fisheries in ABNJ through the definition of a common purpose, the provision of agreed governance principles, the formation of collaborative institutional arrangements, the development of a review and reporting process, and provision of a default management regime where gaps in geographical coverage by RFMOs remain.",333,340,53,"53","coverage","coverage","NOUN","NN","Number=Sing","50","nmod",NA,NA
"doc30",1,1,"to augment ecosystem-based management of fisheries in ABNJ through the definition of a common purpose, the provision of agreed governance principles, the formation of collaborative institutional arrangements, the development of a review and reporting process, and provision of a default management regime where gaps in geographical coverage by RFMOs remain.",342,343,54,"54","by","by","ADP","IN",NA,"55","case",NA,NA
"doc30",1,1,"to augment ecosystem-based management of fisheries in ABNJ through the definition of a common purpose, the provision of agreed governance principles, the formation of collaborative institutional arrangements, the development of a review and reporting process, and provision of a default management regime where gaps in geographical coverage by RFMOs remain.",345,349,55,"55","RFMOs","RFMOs","NOUN","NNS","Number=Plur","50","nmod",NA,NA
"doc30",1,1,"to augment ecosystem-based management of fisheries in ABNJ through the definition of a common purpose, the provision of agreed governance principles, the formation of collaborative institutional arrangements, the development of a review and reporting process, and provision of a default management regime where gaps in geographical coverage by RFMOs remain.",351,356,56,"56","remain","remain","VERB","VBP","Mood=Ind|Tense=Pres|VerbForm=Fin","48","acl:relcl",NA,"SpaceAfter=No"
"doc30",1,1,"to augment ecosystem-based management of fisheries in ABNJ through the definition of a common purpose, the provision of agreed governance principles, the formation of collaborative institutional arrangements, the development of a review and reporting process, and provision of a default management regime where gaps in geographical coverage by RFMOs remain.",357,357,57,"57",".",".","PUNCT",".",NA,"2","punct",NA,"SpacesAfter=\n"
"doc31",1,1,"to promote sustainable high seas ecosystems by linking resource management to conservation.",1,2,1,"1","to","to","PART","TO",NA,"2","mark",NA,NA
"doc31",1,1,"to promote sustainable high seas ecosystems by linking resource management to conservation.",4,10,2,"2","promote","promote","VERB","VB","VerbForm=Inf","0","root",NA,NA
"doc31",1,1,"to promote sustainable high seas ecosystems by linking resource management to conservation.",12,22,3,"3","sustainable","sustainable","ADJ","JJ","Degree=Pos","6","amod",NA,NA
"doc31",1,1,"to promote sustainable high seas ecosystems by linking resource management to conservation.",24,27,4,"4","high","high","ADJ","JJ","Degree=Pos","5","amod",NA,NA
"doc31",1,1,"to promote sustainable high seas ecosystems by linking resource management to conservation.",29,32,5,"5","seas","seas","NOUN","NN","Number=Sing","6","compound",NA,NA
"doc31",1,1,"to promote sustainable high seas ecosystems by linking resource management to conservation.",34,43,6,"6","ecosystems","ecosystem","NOUN","NNS","Number=Plur","2","obj",NA,NA
"doc31",1,1,"to promote sustainable high seas ecosystems by linking resource management to conservation.",45,46,7,"7","by","by","SCONJ","IN",NA,"8","mark",NA,NA
"doc31",1,1,"to promote sustainable high seas ecosystems by linking resource management to conservation.",48,54,8,"8","linking","linking","VERB","VBG","VerbForm=Ger","2","advcl",NA,NA
"doc31",1,1,"to promote sustainable high seas ecosystems by linking resource management to conservation.",56,63,9,"9","resource","resource","NOUN","NN","Number=Sing","10","compound",NA,NA
"doc31",1,1,"to promote sustainable high seas ecosystems by linking resource management to conservation.",65,74,10,"10","management","management","NOUN","NN","Number=Sing","8","obj",NA,NA
"doc31",1,1,"to promote sustainable high seas ecosystems by linking resource management to conservation.",76,77,11,"11","to","to","ADP","IN",NA,"12","case",NA,NA
"doc31",1,1,"to promote sustainable high seas ecosystems by linking resource management to conservation.",79,90,12,"12","conservation","conservation","NOUN","NN","Number=Sing","10","nmod",NA,"SpaceAfter=No"
"doc31",1,1,"to promote sustainable high seas ecosystems by linking resource management to conservation.",91,91,13,"13",".",".","PUNCT",".",NA,"2","punct",NA,"SpacesAfter=\n"
"doc32",1,1,"to develop science diplomacy in order to ensure that ocean science is a unifying focus of the new agreement.",1,2,1,"1","to","to","PART","TO",NA,"2","mark",NA,NA
"doc32",1,1,"to develop science diplomacy in order to ensure that ocean science is a unifying focus of the new agreement.",4,10,2,"2","develop","develop","VERB","VB","VerbForm=Inf","0","root",NA,NA
"doc32",1,1,"to develop science diplomacy in order to ensure that ocean science is a unifying focus of the new agreement.",12,18,3,"3","science","science","NOUN","NN","Number=Sing","4","compound",NA,NA
"doc32",1,1,"to develop science diplomacy in order to ensure that ocean science is a unifying focus of the new agreement.",20,28,4,"4","diplomacy","diplomacy","NOUN","NN","Number=Sing","2","obj",NA,NA
"doc32",1,1,"to develop science diplomacy in order to ensure that ocean science is a unifying focus of the new agreement.",30,31,5,"5","in","in","ADP","IN",NA,"8","mark",NA,NA
"doc32",1,1,"to develop science diplomacy in order to ensure that ocean science is a unifying focus of the new agreement.",33,37,6,"6","order","order","NOUN","NN","Number=Sing","5","fixed",NA,NA
"doc32",1,1,"to develop science diplomacy in order to ensure that ocean science is a unifying focus of the new agreement.",39,40,7,"7","to","to","PART","TO",NA,"8","mark",NA,NA
"doc32",1,1,"to develop science diplomacy in order to ensure that ocean science is a unifying focus of the new agreement.",42,47,8,"8","ensure","ensure","VERB","VB","VerbForm=Inf","2","advcl",NA,NA
"doc32",1,1,"to develop science diplomacy in order to ensure that ocean science is a unifying focus of the new agreement.",49,52,9,"9","that","that","DET","DT","Number=Sing|PronType=Dem","11","det",NA,NA
"doc32",1,1,"to develop science diplomacy in order to ensure that ocean science is a unifying focus of the new agreement.",54,58,10,"10","ocean","ocean","NOUN","NN","Number=Sing","11","compound",NA,NA
"doc32",1,1,"to develop science diplomacy in order to ensure that ocean science is a unifying focus of the new agreement.",60,66,11,"11","science","science","NOUN","NN","Number=Sing","15","nsubj",NA,NA
"doc32",1,1,"to develop science diplomacy in order to ensure that ocean science is a unifying focus of the new agreement.",68,69,12,"12","is","be","AUX","VBZ","Mood=Ind|Number=Sing|Person=3|Tense=Pres|VerbForm=Fin","15","cop",NA,NA
"doc32",1,1,"to develop science diplomacy in order to ensure that ocean science is a unifying focus of the new agreement.",71,71,13,"13","a","a","DET","DT","Definite=Ind|PronType=Art","15","det",NA,NA
"doc32",1,1,"to develop science diplomacy in order to ensure that ocean science is a unifying focus of the new agreement.",73,80,14,"14","unifying","unifying","ADJ","JJ","Degree=Pos","15","amod",NA,NA
"doc32",1,1,"to develop science diplomacy in order to ensure that ocean science is a unifying focus of the new agreement.",82,86,15,"15","focus","focus","NOUN","NN","Number=Sing","8","ccomp",NA,NA
"doc32",1,1,"to develop science diplomacy in order to ensure that ocean science is a unifying focus of the new agreement.",88,89,16,"16","of","of","ADP","IN",NA,"19","case",NA,NA
"doc32",1,1,"to develop science diplomacy in order to ensure that ocean science is a unifying focus of the new agreement.",91,93,17,"17","the","the","DET","DT","Definite=Def|PronType=Art","19","det",NA,NA
"doc32",1,1,"to develop science diplomacy in order to ensure that ocean science is a unifying focus of the new agreement.",95,97,18,"18","new","new","ADJ","JJ","Degree=Pos","19","amod",NA,NA
"doc32",1,1,"to develop science diplomacy in order to ensure that ocean science is a unifying focus of the new agreement.",99,107,19,"19","agreement","agreement","NOUN","NN","Number=Sing","15","nmod",NA,"SpaceAfter=No"
"doc32",1,1,"to develop science diplomacy in order to ensure that ocean science is a unifying focus of the new agreement.",108,108,20,"20",".",".","PUNCT",".",NA,"2","punct",NA,"SpacesAfter=\n"
"doc33",1,1,"to resolve the conflicts involving CCAMLR and IUU Fishing.",1,2,1,"1","to","to","PART","TO",NA,"2","mark",NA,NA
"doc33",1,1,"to resolve the conflicts involving CCAMLR and IUU Fishing.",4,10,2,"2","resolve","resolve","VERB","VB","VerbForm=Inf","0","root",NA,NA
"doc33",1,1,"to resolve the conflicts involving CCAMLR and IUU Fishing.",12,14,3,"3","the","the","DET","DT","Definite=Def|PronType=Art","4","det",NA,NA
"doc33",1,1,"to resolve the conflicts involving CCAMLR and IUU Fishing.",16,24,4,"4","conflicts","conflict","NOUN","NNS","Number=Plur","2","obj",NA,NA
"doc33",1,1,"to resolve the conflicts involving CCAMLR and IUU Fishing.",26,34,5,"5","involving","involve","VERB","VBG","VerbForm=Ger","4","acl",NA,NA
"doc33",1,1,"to resolve the conflicts involving CCAMLR and IUU Fishing.",36,41,6,"6","CCAMLR","CCAMLR","PROPN","NNP","Number=Sing","5","obj",NA,NA
"doc33",1,1,"to resolve the conflicts involving CCAMLR and IUU Fishing.",43,45,7,"7","and","and","CCONJ","CC",NA,"8","cc",NA,NA
"doc33",1,1,"to resolve the conflicts involving CCAMLR and IUU Fishing.",47,49,8,"8","IUU","IUU","PROPN","NNP","Number=Sing","6","conj",NA,NA
"doc33",1,1,"to resolve the conflicts involving CCAMLR and IUU Fishing.",51,57,9,"9","Fishing","Fish","PROPN","NNP","Number=Sing","6","flat",NA,"SpaceAfter=No"
"doc33",1,1,"to resolve the conflicts involving CCAMLR and IUU Fishing.",58,58,10,"10",".",".","PUNCT",".",NA,"2","punct",NA,"SpacesAfter=\n"
"doc34",1,1,"the primary responsibility for dealing with MPAs in ABNJ rests on States under whose jurisdiction or control activities affecting biodiversity in ABNJ take place.",1,3,1,"1","the","the","DET","DT","Definite=Def|PronType=Art","3","det",NA,NA
"doc34",1,1,"the primary responsibility for dealing with MPAs in ABNJ rests on States under whose jurisdiction or control activities affecting biodiversity in ABNJ take place.",5,11,2,"2","primary","primary","ADJ","JJ","Degree=Pos","3","amod",NA,NA
"doc34",1,1,"the primary responsibility for dealing with MPAs in ABNJ rests on States under whose jurisdiction or control activities affecting biodiversity in ABNJ take place.",13,26,3,"3","responsibility","responsibility","NOUN","NN","Number=Sing","23","nsubj",NA,NA
"doc34",1,1,"the primary responsibility for dealing with MPAs in ABNJ rests on States under whose jurisdiction or control activities affecting biodiversity in ABNJ take place.",28,30,4,"4","for","for","SCONJ","IN",NA,"5","mark",NA,NA
"doc34",1,1,"the primary responsibility for dealing with MPAs in ABNJ rests on States under whose jurisdiction or control activities affecting biodiversity in ABNJ take place.",32,38,5,"5","dealing","deal","VERB","VBG","VerbForm=Ger","3","acl",NA,NA
"doc34",1,1,"the primary responsibility for dealing with MPAs in ABNJ rests on States under whose jurisdiction or control activities affecting biodiversity in ABNJ take place.",40,43,6,"6","with","with","ADP","IN",NA,"7","case",NA,NA
"doc34",1,1,"the primary responsibility for dealing with MPAs in ABNJ rests on States under whose jurisdiction or control activities affecting biodiversity in ABNJ take place.",45,48,7,"7","MPAs","MPAs","PROPN","NNP","Number=Sing","5","obl",NA,NA
"doc34",1,1,"the primary responsibility for dealing with MPAs in ABNJ rests on States under whose jurisdiction or control activities affecting biodiversity in ABNJ take place.",50,51,8,"8","in","in","ADP","IN",NA,"10","case",NA,NA
"doc34",1,1,"the primary responsibility for dealing with MPAs in ABNJ rests on States under whose jurisdiction or control activities affecting biodiversity in ABNJ take place.",53,56,9,"9","ABNJ","ABNJ","PROPN","NNP","Number=Sing","10","compound",NA,NA
"doc34",1,1,"the primary responsibility for dealing with MPAs in ABNJ rests on States under whose jurisdiction or control activities affecting biodiversity in ABNJ take place.",58,62,10,"10","rests","rest","NOUN","NNS","Number=Plur","7","nmod",NA,NA
"doc34",1,1,"the primary responsibility for dealing with MPAs in ABNJ rests on States under whose jurisdiction or control activities affecting biodiversity in ABNJ take place.",64,65,11,"11","on","on","ADP","IN",NA,"12","case",NA,NA
"doc34",1,1,"the primary responsibility for dealing with MPAs in ABNJ rests on States under whose jurisdiction or control activities affecting biodiversity in ABNJ take place.",67,72,12,"12","States","States","PROPN","NNP","Number=Sing","10","nmod",NA,NA
"doc34",1,1,"the primary responsibility for dealing with MPAs in ABNJ rests on States under whose jurisdiction or control activities affecting biodiversity in ABNJ take place.",74,78,13,"13","under","under","ADP","IN",NA,"18","case",NA,NA
"doc34",1,1,"the primary responsibility for dealing with MPAs in ABNJ rests on States under whose jurisdiction or control activities affecting biodiversity in ABNJ take place.",80,84,14,"14","whose","whose","PRON","WP$","Poss=Yes|PronType=Int","18","nmod:poss",NA,NA
"doc34",1,1,"the primary responsibility for dealing with MPAs in ABNJ rests on States under whose jurisdiction or control activities affecting biodiversity in ABNJ take place.",86,97,15,"15","jurisdiction","jurisdiction","NOUN","NN","Number=Sing","18","compound",NA,NA
"doc34",1,1,"the primary responsibility for dealing with MPAs in ABNJ rests on States under whose jurisdiction or control activities affecting biodiversity in ABNJ take place.",99,100,16,"16","or","or","CCONJ","CC",NA,"17","cc",NA,NA
"doc34",1,1,"the primary responsibility for dealing with MPAs in ABNJ rests on States under whose jurisdiction or control activities affecting biodiversity in ABNJ take place.",102,108,17,"17","control","control","NOUN","NN","Number=Sing","15","conj",NA,NA
"doc34",1,1,"the primary responsibility for dealing with MPAs in ABNJ rests on States under whose jurisdiction or control activities affecting biodiversity in ABNJ take place.",110,119,18,"18","activities","activity","NOUN","NNS","Number=Plur","5","obl",NA,NA
"doc34",1,1,"the primary responsibility for dealing with MPAs in ABNJ rests on States under whose jurisdiction or control activities affecting biodiversity in ABNJ take place.",121,129,19,"19","affecting","affect","VERB","VBG","VerbForm=Ger","18","acl",NA,NA
"doc34",1,1,"the primary responsibility for dealing with MPAs in ABNJ rests on States under whose jurisdiction or control activities affecting biodiversity in ABNJ take place.",131,142,20,"20","biodiversity","biodiversity","NOUN","NN","Number=Sing","19","obj",NA,NA
"doc34",1,1,"the primary responsibility for dealing with MPAs in ABNJ rests on States under whose jurisdiction or control activities affecting biodiversity in ABNJ take place.",144,145,21,"21","in","in","ADP","IN",NA,"22","case",NA,NA
"doc34",1,1,"the primary responsibility for dealing with MPAs in ABNJ rests on States under whose jurisdiction or control activities affecting biodiversity in ABNJ take place.",147,150,22,"22","ABNJ","ABNJ","PROPN","NNP","Number=Sing","20","nmod",NA,NA
"doc34",1,1,"the primary responsibility for dealing with MPAs in ABNJ rests on States under whose jurisdiction or control activities affecting biodiversity in ABNJ take place.",152,155,23,"23","take","take","VERB","VB","Mood=Imp|VerbForm=Fin","0","root",NA,NA
"doc34",1,1,"the primary responsibility for dealing with MPAs in ABNJ rests on States under whose jurisdiction or control activities affecting biodiversity in ABNJ take place.",157,161,24,"24","place","place","NOUN","NN","Number=Sing","23","obj",NA,"SpaceAfter=No"
"doc34",1,1,"the primary responsibility for dealing with MPAs in ABNJ rests on States under whose jurisdiction or control activities affecting biodiversity in ABNJ take place.",162,162,25,"25",".",".","PUNCT",".",NA,"23","punct",NA,"SpacesAfter=\n"
"doc35",1,1,"to achieve an unifying focus through science diplomacy.",1,2,1,"1","to","to","PART","TO",NA,"2","mark",NA,NA
"doc35",1,1,"to achieve an unifying focus through science diplomacy.",4,10,2,"2","achieve","achieve","VERB","VB","VerbForm=Inf","0","root",NA,NA
"doc35",1,1,"to achieve an unifying focus through science diplomacy.",12,13,3,"3","an","a","DET","DT","Definite=Ind|PronType=Art","5","det",NA,NA
"doc35",1,1,"to achieve an unifying focus through science diplomacy.",15,22,4,"4","unifying","unifying","ADJ","JJ","Degree=Pos","5","amod",NA,NA
"doc35",1,1,"to achieve an unifying focus through science diplomacy.",24,28,5,"5","focus","focus","NOUN","NN","Number=Sing","2","obj",NA,NA
"doc35",1,1,"to achieve an unifying focus through science diplomacy.",30,36,6,"6","through","through","ADP","IN",NA,"8","case",NA,NA
"doc35",1,1,"to achieve an unifying focus through science diplomacy.",38,44,7,"7","science","science","NOUN","NN","Number=Sing","8","compound",NA,NA
"doc35",1,1,"to achieve an unifying focus through science diplomacy.",46,54,8,"8","diplomacy","diplomacy","NOUN","NN","Number=Sing","5","nmod",NA,"SpaceAfter=No"
"doc35",1,1,"to achieve an unifying focus through science diplomacy.",55,55,9,"9",".",".","PUNCT",".",NA,"2","punct",NA,"SpacesAfter=\n"
"doc36",1,1,"to promote coherence with and complement existing relevant legal instruments and frameworks and relevant global regional and sectoral bodies",1,2,1,"1","to","to","PART","TO",NA,"2","mark",NA,NA
"doc36",1,1,"to promote coherence with and complement existing relevant legal instruments and frameworks and relevant global regional and sectoral bodies",4,10,2,"2","promote","promote","VERB","VB","VerbForm=Inf","0","root",NA,NA
"doc36",1,1,"to promote coherence with and complement existing relevant legal instruments and frameworks and relevant global regional and sectoral bodies",12,20,3,"3","coherence","coherence","NOUN","NN","Number=Sing","2","obj",NA,NA
"doc36",1,1,"to promote coherence with and complement existing relevant legal instruments and frameworks and relevant global regional and sectoral bodies",22,25,4,"4","with","with","ADP","IN",NA,"10","case",NA,NA
"doc36",1,1,"to promote coherence with and complement existing relevant legal instruments and frameworks and relevant global regional and sectoral bodies",27,29,5,"5","and","and","CCONJ","CC",NA,"6","cc",NA,NA
"doc36",1,1,"to promote coherence with and complement existing relevant legal instruments and frameworks and relevant global regional and sectoral bodies",31,40,6,"6","complement","complement","NOUN","NN","Number=Sing","4","conj",NA,NA
"doc36",1,1,"to promote coherence with and complement existing relevant legal instruments and frameworks and relevant global regional and sectoral bodies",42,49,7,"7","existing","exist","VERB","VBG","VerbForm=Ger","10","amod",NA,NA
"doc36",1,1,"to promote coherence with and complement existing relevant legal instruments and frameworks and relevant global regional and sectoral bodies",51,58,8,"8","relevant","relevant","ADJ","JJ","Degree=Pos","10","amod",NA,NA
"doc36",1,1,"to promote coherence with and complement existing relevant legal instruments and frameworks and relevant global regional and sectoral bodies",60,64,9,"9","legal","legal","ADJ","JJ","Degree=Pos","10","amod",NA,NA
"doc36",1,1,"to promote coherence with and complement existing relevant legal instruments and frameworks and relevant global regional and sectoral bodies",66,76,10,"10","instruments","instrument","NOUN","NNS","Number=Plur","2","obl",NA,NA
"doc36",1,1,"to promote coherence with and complement existing relevant legal instruments and frameworks and relevant global regional and sectoral bodies",78,80,11,"11","and","and","CCONJ","CC",NA,"12","cc",NA,NA
"doc36",1,1,"to promote coherence with and complement existing relevant legal instruments and frameworks and relevant global regional and sectoral bodies",82,91,12,"12","frameworks","framework","NOUN","NNS","Number=Plur","10","conj",NA,NA
"doc36",1,1,"to promote coherence with and complement existing relevant legal instruments and frameworks and relevant global regional and sectoral bodies",93,95,13,"13","and","and","CCONJ","CC",NA,"19","cc",NA,NA
"doc36",1,1,"to promote coherence with and complement existing relevant legal instruments and frameworks and relevant global regional and sectoral bodies",97,104,14,"14","relevant","relevant","ADJ","JJ","Degree=Pos","19","amod",NA,NA
"doc36",1,1,"to promote coherence with and complement existing relevant legal instruments and frameworks and relevant global regional and sectoral bodies",106,111,15,"15","global","global","ADJ","JJ","Degree=Pos","19","amod",NA,NA
"doc36",1,1,"to promote coherence with and complement existing relevant legal instruments and frameworks and relevant global regional and sectoral bodies",113,120,16,"16","regional","regional","ADJ","JJ","Degree=Pos","19","amod",NA,NA
"doc36",1,1,"to promote coherence with and complement existing relevant legal instruments and frameworks and relevant global regional and sectoral bodies",122,124,17,"17","and","and","CCONJ","CC",NA,"18","cc",NA,NA
"doc36",1,1,"to promote coherence with and complement existing relevant legal instruments and frameworks and relevant global regional and sectoral bodies",126,133,18,"18","sectoral","sectoral","ADJ","JJ","Degree=Pos","16","conj",NA,NA
"doc36",1,1,"to promote coherence with and complement existing relevant legal instruments and frameworks and relevant global regional and sectoral bodies",135,140,19,"19","bodies","body","NOUN","NNS","Number=Plur","10","conj",NA,"SpacesAfter=\n"
"doc37",1,1,"There is a duty to cooperate in marine scientific research for a wide range of purposes, including protecting and preserving the marine environment and funding ocean science.",1,5,1,"1","There","there","PRON","EX",NA,"2","expl",NA,NA
"doc37",1,1,"There is a duty to cooperate in marine scientific research for a wide range of purposes, including protecting and preserving the marine environment and funding ocean science.",7,8,2,"2","is","be","VERB","VBZ","Mood=Ind|Number=Sing|Person=3|Tense=Pres|VerbForm=Fin","0","root",NA,NA
"doc37",1,1,"There is a duty to cooperate in marine scientific research for a wide range of purposes, including protecting and preserving the marine environment and funding ocean science.",10,10,3,"3","a","a","DET","DT","Definite=Ind|PronType=Art","4","det",NA,NA
"doc37",1,1,"There is a duty to cooperate in marine scientific research for a wide range of purposes, including protecting and preserving the marine environment and funding ocean science.",12,15,4,"4","duty","duty","NOUN","NN","Number=Sing","2","nsubj",NA,NA
"doc37",1,1,"There is a duty to cooperate in marine scientific research for a wide range of purposes, including protecting and preserving the marine environment and funding ocean science.",17,18,5,"5","to","to","PART","TO",NA,"6","mark",NA,NA
"doc37",1,1,"There is a duty to cooperate in marine scientific research for a wide range of purposes, including protecting and preserving the marine environment and funding ocean science.",20,28,6,"6","cooperate","cooperate","VERB","VB","VerbForm=Inf","4","acl",NA,NA
"doc37",1,1,"There is a duty to cooperate in marine scientific research for a wide range of purposes, including protecting and preserving the marine environment and funding ocean science.",30,31,7,"7","in","in","ADP","IN",NA,"10","case",NA,NA
"doc37",1,1,"There is a duty to cooperate in marine scientific research for a wide range of purposes, including protecting and preserving the marine environment and funding ocean science.",33,38,8,"8","marine","marine","NUM","CD","NumType=Card","10","nummod",NA,NA
"doc37",1,1,"There is a duty to cooperate in marine scientific research for a wide range of purposes, including protecting and preserving the marine environment and funding ocean science.",40,49,9,"9","scientific","scientific","ADJ","JJ","Degree=Pos","10","amod",NA,NA
"doc37",1,1,"There is a duty to cooperate in marine scientific research for a wide range of purposes, including protecting and preserving the marine environment and funding ocean science.",51,58,10,"10","research","research","NOUN","NN","Number=Sing","6","obl",NA,NA
"doc37",1,1,"There is a duty to cooperate in marine scientific research for a wide range of purposes, including protecting and preserving the marine environment and funding ocean science.",60,62,11,"11","for","for","ADP","IN",NA,"14","case",NA,NA
"doc37",1,1,"There is a duty to cooperate in marine scientific research for a wide range of purposes, including protecting and preserving the marine environment and funding ocean science.",64,64,12,"12","a","a","DET","DT","Definite=Ind|PronType=Art","14","det",NA,NA
"doc37",1,1,"There is a duty to cooperate in marine scientific research for a wide range of purposes, including protecting and preserving the marine environment and funding ocean science.",66,69,13,"13","wide","wide","ADJ","JJ","Degree=Pos","14","amod",NA,NA
"doc37",1,1,"There is a duty to cooperate in marine scientific research for a wide range of purposes, including protecting and preserving the marine environment and funding ocean science.",71,75,14,"14","range","range","NOUN","NN","Number=Sing","6","obl",NA,NA
"doc37",1,1,"There is a duty to cooperate in marine scientific research for a wide range of purposes, including protecting and preserving the marine environment and funding ocean science.",77,78,15,"15","of","of","ADP","IN",NA,"16","case",NA,NA
"doc37",1,1,"There is a duty to cooperate in marine scientific research for a wide range of purposes, including protecting and preserving the marine environment and funding ocean science.",80,87,16,"16","purposes","purpose","NOUN","NNS","Number=Plur","14","nmod",NA,"SpaceAfter=No"
"doc37",1,1,"There is a duty to cooperate in marine scientific research for a wide range of purposes, including protecting and preserving the marine environment and funding ocean science.",88,88,17,"17",",",",","PUNCT",",",NA,"14","punct",NA,NA
"doc37",1,1,"There is a duty to cooperate in marine scientific research for a wide range of purposes, including protecting and preserving the marine environment and funding ocean science.",90,98,18,"18","including","include","VERB","VBG","VerbForm=Ger","19","case",NA,NA
"doc37",1,1,"There is a duty to cooperate in marine scientific research for a wide range of purposes, including protecting and preserving the marine environment and funding ocean science.",100,109,19,"19","protecting","protect","VERB","VBG","VerbForm=Ger","14","acl",NA,NA
"doc37",1,1,"There is a duty to cooperate in marine scientific research for a wide range of purposes, including protecting and preserving the marine environment and funding ocean science.",111,113,20,"20","and","and","CCONJ","CC",NA,"21","cc",NA,NA
"doc37",1,1,"There is a duty to cooperate in marine scientific research for a wide range of purposes, including protecting and preserving the marine environment and funding ocean science.",115,124,21,"21","preserving","preserve","VERB","VBG","VerbForm=Ger","19","conj",NA,NA
"doc37",1,1,"There is a duty to cooperate in marine scientific research for a wide range of purposes, including protecting and preserving the marine environment and funding ocean science.",126,128,22,"22","the","the","DET","DT","Definite=Def|PronType=Art","24","det",NA,NA
"doc37",1,1,"There is a duty to cooperate in marine scientific research for a wide range of purposes, including protecting and preserving the marine environment and funding ocean science.",130,135,23,"23","marine","marine","NOUN","NN","Number=Sing","24","compound",NA,NA
"doc37",1,1,"There is a duty to cooperate in marine scientific research for a wide range of purposes, including protecting and preserving the marine environment and funding ocean science.",137,147,24,"24","environment","environment","NOUN","NN","Number=Sing","21","obj",NA,NA
"doc37",1,1,"There is a duty to cooperate in marine scientific research for a wide range of purposes, including protecting and preserving the marine environment and funding ocean science.",149,151,25,"25","and","and","CCONJ","CC",NA,"26","cc",NA,NA
"doc37",1,1,"There is a duty to cooperate in marine scientific research for a wide range of purposes, including protecting and preserving the marine environment and funding ocean science.",153,159,26,"26","funding","fund","VERB","VBG","VerbForm=Ger","19","conj",NA,NA
"doc37",1,1,"There is a duty to cooperate in marine scientific research for a wide range of purposes, including protecting and preserving the marine environment and funding ocean science.",161,165,27,"27","ocean","ocean","ADJ","JJ","Degree=Pos","28","amod",NA,NA
"doc37",1,1,"There is a duty to cooperate in marine scientific research for a wide range of purposes, including protecting and preserving the marine environment and funding ocean science.",167,173,28,"28","science","science","NOUN","NN","Number=Sing","26","obj",NA,"SpaceAfter=No"
"doc37",1,1,"There is a duty to cooperate in marine scientific research for a wide range of purposes, including protecting and preserving the marine environment and funding ocean science.",174,174,29,"29",".",".","PUNCT",".",NA,"2","punct",NA,"SpacesAfter=\n"
"doc38",1,1,"to use environmental stewardship to ensure a balance among the interests of the international community without interfering with existing, legitimate uses.",1,2,1,"1","to","to","PART","TO",NA,"2","mark",NA,NA
"doc38",1,1,"to use environmental stewardship to ensure a balance among the interests of the international community without interfering with existing, legitimate uses.",4,6,2,"2","use","use","VERB","VB","VerbForm=Inf","0","root",NA,NA
"doc38",1,1,"to use environmental stewardship to ensure a balance among the interests of the international community without interfering with existing, legitimate uses.",8,20,3,"3","environmental","environmental","ADJ","JJ","Degree=Pos","4","amod",NA,NA
"doc38",1,1,"to use environmental stewardship to ensure a balance among the interests of the international community without interfering with existing, legitimate uses.",22,32,4,"4","stewardship","stewardship","NOUN","NN","Number=Sing","2","obj",NA,NA
"doc38",1,1,"to use environmental stewardship to ensure a balance among the interests of the international community without interfering with existing, legitimate uses.",34,35,5,"5","to","to","PART","TO",NA,"6","mark",NA,NA
"doc38",1,1,"to use environmental stewardship to ensure a balance among the interests of the international community without interfering with existing, legitimate uses.",37,42,6,"6","ensure","ensure","VERB","VB","VerbForm=Inf","2","advcl",NA,NA
"doc38",1,1,"to use environmental stewardship to ensure a balance among the interests of the international community without interfering with existing, legitimate uses.",44,44,7,"7","a","a","DET","DT","Definite=Ind|PronType=Art","8","det",NA,NA
"doc38",1,1,"to use environmental stewardship to ensure a balance among the interests of the international community without interfering with existing, legitimate uses.",46,52,8,"8","balance","balance","NOUN","NN","Number=Sing","6","obj",NA,NA
"doc38",1,1,"to use environmental stewardship to ensure a balance among the interests of the international community without interfering with existing, legitimate uses.",54,58,9,"9","among","among","ADP","IN",NA,"11","case",NA,NA
"doc38",1,1,"to use environmental stewardship to ensure a balance among the interests of the international community without interfering with existing, legitimate uses.",60,62,10,"10","the","the","DET","DT","Definite=Def|PronType=Art","11","det",NA,NA
"doc38",1,1,"to use environmental stewardship to ensure a balance among the interests of the international community without interfering with existing, legitimate uses.",64,72,11,"11","interests","interest","NOUN","NNS","Number=Plur","8","nmod",NA,NA
"doc38",1,1,"to use environmental stewardship to ensure a balance among the interests of the international community without interfering with existing, legitimate uses.",74,75,12,"12","of","of","ADP","IN",NA,"15","case",NA,NA
"doc38",1,1,"to use environmental stewardship to ensure a balance among the interests of the international community without interfering with existing, legitimate uses.",77,79,13,"13","the","the","DET","DT","Definite=Def|PronType=Art","15","det",NA,NA
"doc38",1,1,"to use environmental stewardship to ensure a balance among the interests of the international community without interfering with existing, legitimate uses.",81,93,14,"14","international","international","ADJ","JJ","Degree=Pos","15","amod",NA,NA
"doc38",1,1,"to use environmental stewardship to ensure a balance among the interests of the international community without interfering with existing, legitimate uses.",95,103,15,"15","community","community","NOUN","NN","Number=Sing","11","nmod",NA,NA
"doc38",1,1,"to use environmental stewardship to ensure a balance among the interests of the international community without interfering with existing, legitimate uses.",105,111,16,"16","without","without","SCONJ","IN",NA,"17","mark",NA,NA
"doc38",1,1,"to use environmental stewardship to ensure a balance among the interests of the international community without interfering with existing, legitimate uses.",113,123,17,"17","interfering","interfere","VERB","VBG","VerbForm=Ger","22","advcl",NA,NA
"doc38",1,1,"to use environmental stewardship to ensure a balance among the interests of the international community without interfering with existing, legitimate uses.",125,128,18,"18","with","with","ADP","IN",NA,"19","mark",NA,NA
"doc38",1,1,"to use environmental stewardship to ensure a balance among the interests of the international community without interfering with existing, legitimate uses.",130,137,19,"19","existing","exist","VERB","VBG","VerbForm=Ger","17","advcl",NA,"SpaceAfter=No"
"doc38",1,1,"to use environmental stewardship to ensure a balance among the interests of the international community without interfering with existing, legitimate uses.",138,138,20,"20",",",",","PUNCT",",",NA,"22","punct",NA,NA
"doc38",1,1,"to use environmental stewardship to ensure a balance among the interests of the international community without interfering with existing, legitimate uses.",140,149,21,"21","legitimate","legitimate","ADJ","JJ","Degree=Pos","22","amod",NA,NA
"doc38",1,1,"to use environmental stewardship to ensure a balance among the interests of the international community without interfering with existing, legitimate uses.",151,154,22,"22","uses","use","NOUN","NNS","Number=Plur","6","conj",NA,"SpaceAfter=No"
"doc38",1,1,"to use environmental stewardship to ensure a balance among the interests of the international community without interfering with existing, legitimate uses.",155,155,23,"23",".",".","PUNCT",".",NA,"2","punct",NA,"SpacesAfter=\n"
"doc39",1,1,"the concept of sedentary species contained in UNCLOS is inconsistent with the focus on the protection of biodiversity",1,3,1,"1","the","the","DET","DT","Definite=Def|PronType=Art","2","det",NA,NA
"doc39",1,1,"the concept of sedentary species contained in UNCLOS is inconsistent with the focus on the protection of biodiversity",5,11,2,"2","concept","concept","NOUN","NN","Number=Sing","10","nsubj",NA,NA
"doc39",1,1,"the concept of sedentary species contained in UNCLOS is inconsistent with the focus on the protection of biodiversity",13,14,3,"3","of","of","ADP","IN",NA,"5","case",NA,NA
"doc39",1,1,"the concept of sedentary species contained in UNCLOS is inconsistent with the focus on the protection of biodiversity",16,24,4,"4","sedentary","sedentary","ADJ","JJ","Degree=Pos","5","amod",NA,NA
"doc39",1,1,"the concept of sedentary species contained in UNCLOS is inconsistent with the focus on the protection of biodiversity",26,32,5,"5","species","species","NOUN","NNS","Number=Plur","2","nmod",NA,NA
"doc39",1,1,"the concept of sedentary species contained in UNCLOS is inconsistent with the focus on the protection of biodiversity",34,42,6,"6","contained","contain","VERB","VBN","Tense=Past|VerbForm=Part","5","acl",NA,NA
"doc39",1,1,"the concept of sedentary species contained in UNCLOS is inconsistent with the focus on the protection of biodiversity",44,45,7,"7","in","in","ADP","IN",NA,"8","case",NA,NA
"doc39",1,1,"the concept of sedentary species contained in UNCLOS is inconsistent with the focus on the protection of biodiversity",47,52,8,"8","UNCLOS","UNCLOS","PROPN","NNP","Number=Sing","6","obl",NA,NA
"doc39",1,1,"the concept of sedentary species contained in UNCLOS is inconsistent with the focus on the protection of biodiversity",54,55,9,"9","is","be","AUX","VBZ","Mood=Ind|Number=Sing|Person=3|Tense=Pres|VerbForm=Fin","10","cop",NA,NA
"doc39",1,1,"the concept of sedentary species contained in UNCLOS is inconsistent with the focus on the protection of biodiversity",57,68,10,"10","inconsistent","inconsistent","ADJ","JJ","Degree=Pos","0","root",NA,NA
"doc39",1,1,"the concept of sedentary species contained in UNCLOS is inconsistent with the focus on the protection of biodiversity",70,73,11,"11","with","with","ADP","IN",NA,"13","case",NA,NA
"doc39",1,1,"the concept of sedentary species contained in UNCLOS is inconsistent with the focus on the protection of biodiversity",75,77,12,"12","the","the","DET","DT","Definite=Def|PronType=Art","13","det",NA,NA
"doc39",1,1,"the concept of sedentary species contained in UNCLOS is inconsistent with the focus on the protection of biodiversity",79,83,13,"13","focus","focus","NOUN","NN","Number=Sing","10","obl",NA,NA
"doc39",1,1,"the concept of sedentary species contained in UNCLOS is inconsistent with the focus on the protection of biodiversity",85,86,14,"14","on","on","ADP","IN",NA,"16","case",NA,NA
"doc39",1,1,"the concept of sedentary species contained in UNCLOS is inconsistent with the focus on the protection of biodiversity",88,90,15,"15","the","the","DET","DT","Definite=Def|PronType=Art","16","det",NA,NA
"doc39",1,1,"the concept of sedentary species contained in UNCLOS is inconsistent with the focus on the protection of biodiversity",92,101,16,"16","protection","protection","NOUN","NN","Number=Sing","13","nmod",NA,NA
"doc39",1,1,"the concept of sedentary species contained in UNCLOS is inconsistent with the focus on the protection of biodiversity",103,104,17,"17","of","of","ADP","IN",NA,"18","case",NA,NA
"doc39",1,1,"the concept of sedentary species contained in UNCLOS is inconsistent with the focus on the protection of biodiversity",106,117,18,"18","biodiversity","biodiversity","NOUN","NN","Number=Sing","13","nmod",NA,"SpacesAfter=\n"
"doc40",1,1,"In the context of MPAs, the provisions of UNCLOS concerning the conservation of marine living resources (including fisheries) are of general nature.",1,2,1,"1","In","in","ADP","IN",NA,"3","case",NA,NA
"doc40",1,1,"In the context of MPAs, the provisions of UNCLOS concerning the conservation of marine living resources (including fisheries) are of general nature.",4,6,2,"2","the","the","DET","DT","Definite=Def|PronType=Art","3","det",NA,NA
"doc40",1,1,"In the context of MPAs, the provisions of UNCLOS concerning the conservation of marine living resources (including fisheries) are of general nature.",8,14,3,"3","context","context","NOUN","NN","Number=Sing","25","obl",NA,NA
"doc40",1,1,"In the context of MPAs, the provisions of UNCLOS concerning the conservation of marine living resources (including fisheries) are of general nature.",16,17,4,"4","of","of","ADP","IN",NA,"5","case",NA,NA
"doc40",1,1,"In the context of MPAs, the provisions of UNCLOS concerning the conservation of marine living resources (including fisheries) are of general nature.",19,22,5,"5","MPAs","MPAs","PROPN","NNP","Number=Sing","3","nmod",NA,"SpaceAfter=No"
"doc40",1,1,"In the context of MPAs, the provisions of UNCLOS concerning the conservation of marine living resources (including fisheries) are of general nature.",23,23,6,"6",",",",","PUNCT",",",NA,"25","punct",NA,NA
"doc40",1,1,"In the context of MPAs, the provisions of UNCLOS concerning the conservation of marine living resources (including fisheries) are of general nature.",25,27,7,"7","the","the","DET","DT","Definite=Def|PronType=Art","8","det",NA,NA
"doc40",1,1,"In the context of MPAs, the provisions of UNCLOS concerning the conservation of marine living resources (including fisheries) are of general nature.",29,38,8,"8","provisions","provision","NOUN","NNS","Number=Plur","25","nsubj",NA,NA
"doc40",1,1,"In the context of MPAs, the provisions of UNCLOS concerning the conservation of marine living resources (including fisheries) are of general nature.",40,41,9,"9","of","of","ADP","IN",NA,"10","case",NA,NA
"doc40",1,1,"In the context of MPAs, the provisions of UNCLOS concerning the conservation of marine living resources (including fisheries) are of general nature.",43,48,10,"10","UNCLOS","UNCLOS","NOUN","NNS","Number=Plur","8","nmod",NA,NA
"doc40",1,1,"In the context of MPAs, the provisions of UNCLOS concerning the conservation of marine living resources (including fisheries) are of general nature.",50,59,11,"11","concerning","concern","VERB","VBG","VerbForm=Ger","13","case",NA,NA
"doc40",1,1,"In the context of MPAs, the provisions of UNCLOS concerning the conservation of marine living resources (including fisheries) are of general nature.",61,63,12,"12","the","the","DET","DT","Definite=Def|PronType=Art","13","det",NA,NA
"doc40",1,1,"In the context of MPAs, the provisions of UNCLOS concerning the conservation of marine living resources (including fisheries) are of general nature.",65,76,13,"13","conservation","conservation","NOUN","NN","Number=Sing","10","nmod",NA,NA
"doc40",1,1,"In the context of MPAs, the provisions of UNCLOS concerning the conservation of marine living resources (including fisheries) are of general nature.",78,79,14,"14","of","of","ADP","IN",NA,"17","case",NA,NA
"doc40",1,1,"In the context of MPAs, the provisions of UNCLOS concerning the conservation of marine living resources (including fisheries) are of general nature.",81,86,15,"15","marine","marine","NUM","CD","NumType=Card","17","nummod",NA,NA
"doc40",1,1,"In the context of MPAs, the provisions of UNCLOS concerning the conservation of marine living resources (including fisheries) are of general nature.",88,93,16,"16","living","live","NOUN","NN","Number=Sing","17","compound",NA,NA
"doc40",1,1,"In the context of MPAs, the provisions of UNCLOS concerning the conservation of marine living resources (including fisheries) are of general nature.",95,103,17,"17","resources","resource","NOUN","NNS","Number=Plur","13","nmod",NA,NA
"doc40",1,1,"In the context of MPAs, the provisions of UNCLOS concerning the conservation of marine living resources (including fisheries) are of general nature.",105,105,18,"18","(","(","PUNCT","-LRB-",NA,"20","punct",NA,"SpaceAfter=No"
"doc40",1,1,"In the context of MPAs, the provisions of UNCLOS concerning the conservation of marine living resources (including fisheries) are of general nature.",106,114,19,"19","including","include","VERB","VBG","VerbForm=Ger","20","case",NA,NA
"doc40",1,1,"In the context of MPAs, the provisions of UNCLOS concerning the conservation of marine living resources (including fisheries) are of general nature.",116,124,20,"20","fisheries","fishery","NOUN","NNS","Number=Plur","17","nmod",NA,"SpaceAfter=No"
"doc40",1,1,"In the context of MPAs, the provisions of UNCLOS concerning the conservation of marine living resources (including fisheries) are of general nature.",125,125,21,"21",")",")","PUNCT","-RRB-",NA,"20","punct",NA,NA
"doc40",1,1,"In the context of MPAs, the provisions of UNCLOS concerning the conservation of marine living resources (including fisheries) are of general nature.",127,129,22,"22","are","be","AUX","VBP","Mood=Ind|Tense=Pres|VerbForm=Fin","25","cop",NA,NA
"doc40",1,1,"In the context of MPAs, the provisions of UNCLOS concerning the conservation of marine living resources (including fisheries) are of general nature.",131,132,23,"23","of","of","ADP","IN",NA,"25","case",NA,NA
"doc40",1,1,"In the context of MPAs, the provisions of UNCLOS concerning the conservation of marine living resources (including fisheries) are of general nature.",134,140,24,"24","general","general","ADJ","JJ","Degree=Pos","25","amod",NA,NA
"doc40",1,1,"In the context of MPAs, the provisions of UNCLOS concerning the conservation of marine living resources (including fisheries) are of general nature.",142,147,25,"25","nature","nature","NOUN","NN","Number=Sing","0","root",NA,"SpaceAfter=No"
"doc40",1,1,"In the context of MPAs, the provisions of UNCLOS concerning the conservation of marine living resources (including fisheries) are of general nature.",148,148,26,"26",".",".","PUNCT",".",NA,"25","punct",NA,"SpacesAfter=\n"
"doc41",1,1,"to not undermine existing structures the agreement may offer only partial solutions to the problems ensuing from fragmentation in high seas fisheries.",1,2,1,"1","to","to","PART","TO",NA,"3","mark",NA,NA
"doc41",1,1,"to not undermine existing structures the agreement may offer only partial solutions to the problems ensuing from fragmentation in high seas fisheries.",4,6,2,"2","not","not","ADV","RB",NA,"3","advmod",NA,NA
"doc41",1,1,"to not undermine existing structures the agreement may offer only partial solutions to the problems ensuing from fragmentation in high seas fisheries.",8,16,3,"3","undermine","undermine","VERB","VB","VerbForm=Inf","0","root",NA,NA
"doc41",1,1,"to not undermine existing structures the agreement may offer only partial solutions to the problems ensuing from fragmentation in high seas fisheries.",18,25,4,"4","existing","exist","VERB","VBG","VerbForm=Ger","5","amod",NA,NA
"doc41",1,1,"to not undermine existing structures the agreement may offer only partial solutions to the problems ensuing from fragmentation in high seas fisheries.",27,36,5,"5","structures","structure","NOUN","NNS","Number=Plur","3","obj",NA,NA
"doc41",1,1,"to not undermine existing structures the agreement may offer only partial solutions to the problems ensuing from fragmentation in high seas fisheries.",38,40,6,"6","the","the","DET","DT","Definite=Def|PronType=Art","7","det",NA,NA
"doc41",1,1,"to not undermine existing structures the agreement may offer only partial solutions to the problems ensuing from fragmentation in high seas fisheries.",42,50,7,"7","agreement","agreement","NOUN","NN","Number=Sing","9","nsubj",NA,NA
"doc41",1,1,"to not undermine existing structures the agreement may offer only partial solutions to the problems ensuing from fragmentation in high seas fisheries.",52,54,8,"8","may","may","AUX","MD","VerbForm=Fin","9","aux",NA,NA
"doc41",1,1,"to not undermine existing structures the agreement may offer only partial solutions to the problems ensuing from fragmentation in high seas fisheries.",56,60,9,"9","offer","offer","VERB","VB","VerbForm=Inf","3","acl:relcl",NA,NA
"doc41",1,1,"to not undermine existing structures the agreement may offer only partial solutions to the problems ensuing from fragmentation in high seas fisheries.",62,65,10,"10","only","only","ADV","RB",NA,"11","advmod",NA,NA
"doc41",1,1,"to not undermine existing structures the agreement may offer only partial solutions to the problems ensuing from fragmentation in high seas fisheries.",67,73,11,"11","partial","partial","ADJ","JJ","Degree=Pos","12","amod",NA,NA
"doc41",1,1,"to not undermine existing structures the agreement may offer only partial solutions to the problems ensuing from fragmentation in high seas fisheries.",75,83,12,"12","solutions","solution","NOUN","NNS","Number=Plur","9","obj",NA,NA
"doc41",1,1,"to not undermine existing structures the agreement may offer only partial solutions to the problems ensuing from fragmentation in high seas fisheries.",85,86,13,"13","to","to","ADP","IN",NA,"15","case",NA,NA
"doc41",1,1,"to not undermine existing structures the agreement may offer only partial solutions to the problems ensuing from fragmentation in high seas fisheries.",88,90,14,"14","the","the","DET","DT","Definite=Def|PronType=Art","15","det",NA,NA
"doc41",1,1,"to not undermine existing structures the agreement may offer only partial solutions to the problems ensuing from fragmentation in high seas fisheries.",92,99,15,"15","problems","problem","NOUN","NNS","Number=Plur","12","nmod",NA,NA
"doc41",1,1,"to not undermine existing structures the agreement may offer only partial solutions to the problems ensuing from fragmentation in high seas fisheries.",101,107,16,"16","ensuing","ensue","VERB","VBG","VerbForm=Ger","12","acl",NA,NA
"doc41",1,1,"to not undermine existing structures the agreement may offer only partial solutions to the problems ensuing from fragmentation in high seas fisheries.",109,112,17,"17","from","from","ADP","IN",NA,"18","case",NA,NA
"doc41",1,1,"to not undermine existing structures the agreement may offer only partial solutions to the problems ensuing from fragmentation in high seas fisheries.",114,126,18,"18","fragmentation","fragmentation","NOUN","NN","Number=Sing","16","obl",NA,NA
"doc41",1,1,"to not undermine existing structures the agreement may offer only partial solutions to the problems ensuing from fragmentation in high seas fisheries.",128,129,19,"19","in","in","ADP","IN",NA,"22","case",NA,NA
"doc41",1,1,"to not undermine existing structures the agreement may offer only partial solutions to the problems ensuing from fragmentation in high seas fisheries.",131,134,20,"20","high","high","ADJ","JJ","Degree=Pos","22","amod",NA,NA
"doc41",1,1,"to not undermine existing structures the agreement may offer only partial solutions to the problems ensuing from fragmentation in high seas fisheries.",136,139,21,"21","seas","seas","NOUN","NN","Number=Sing","22","compound",NA,NA
"doc41",1,1,"to not undermine existing structures the agreement may offer only partial solutions to the problems ensuing from fragmentation in high seas fisheries.",141,149,22,"22","fisheries","fishery","NOUN","NNS","Number=Plur","16","obl",NA,"SpaceAfter=No"
"doc41",1,1,"to not undermine existing structures the agreement may offer only partial solutions to the problems ensuing from fragmentation in high seas fisheries.",150,150,23,"23",".",".","PUNCT",".",NA,"3","punct",NA,"SpacesAfter=\n"
"doc42",1,1,"to contain international law principles and standards on conservation and sustainable use of marine biodiversity in ABNJ applicable to all States Parties.",1,2,1,"1","to","to","PART","TO",NA,"2","mark",NA,NA
"doc42",1,1,"to contain international law principles and standards on conservation and sustainable use of marine biodiversity in ABNJ applicable to all States Parties.",4,10,2,"2","contain","contain","VERB","VB","VerbForm=Inf","0","root",NA,NA
"doc42",1,1,"to contain international law principles and standards on conservation and sustainable use of marine biodiversity in ABNJ applicable to all States Parties.",12,24,3,"3","international","international","ADJ","JJ","Degree=Pos","5","amod",NA,NA
"doc42",1,1,"to contain international law principles and standards on conservation and sustainable use of marine biodiversity in ABNJ applicable to all States Parties.",26,28,4,"4","law","law","NOUN","NN","Number=Sing","5","compound",NA,NA
"doc42",1,1,"to contain international law principles and standards on conservation and sustainable use of marine biodiversity in ABNJ applicable to all States Parties.",30,39,5,"5","principles","principle","NOUN","NNS","Number=Plur","2","obj",NA,NA
"doc42",1,1,"to contain international law principles and standards on conservation and sustainable use of marine biodiversity in ABNJ applicable to all States Parties.",41,43,6,"6","and","and","CCONJ","CC",NA,"7","cc",NA,NA
"doc42",1,1,"to contain international law principles and standards on conservation and sustainable use of marine biodiversity in ABNJ applicable to all States Parties.",45,53,7,"7","standards","standard","NOUN","NNS","Number=Plur","5","conj",NA,NA
"doc42",1,1,"to contain international law principles and standards on conservation and sustainable use of marine biodiversity in ABNJ applicable to all States Parties.",55,56,8,"8","on","on","ADP","IN",NA,"9","case",NA,NA
"doc42",1,1,"to contain international law principles and standards on conservation and sustainable use of marine biodiversity in ABNJ applicable to all States Parties.",58,69,9,"9","conservation","conservation","NOUN","NN","Number=Sing","5","nmod",NA,NA
"doc42",1,1,"to contain international law principles and standards on conservation and sustainable use of marine biodiversity in ABNJ applicable to all States Parties.",71,73,10,"10","and","and","CCONJ","CC",NA,"12","cc",NA,NA
"doc42",1,1,"to contain international law principles and standards on conservation and sustainable use of marine biodiversity in ABNJ applicable to all States Parties.",75,85,11,"11","sustainable","sustainable","ADJ","JJ","Degree=Pos","12","amod",NA,NA
"doc42",1,1,"to contain international law principles and standards on conservation and sustainable use of marine biodiversity in ABNJ applicable to all States Parties.",87,89,12,"12","use","use","NOUN","NN","Number=Sing","5","conj",NA,NA
"doc42",1,1,"to contain international law principles and standards on conservation and sustainable use of marine biodiversity in ABNJ applicable to all States Parties.",91,92,13,"13","of","of","ADP","IN",NA,"15","case",NA,NA
"doc42",1,1,"to contain international law principles and standards on conservation and sustainable use of marine biodiversity in ABNJ applicable to all States Parties.",94,99,14,"14","marine","marine","NUM","CD","NumType=Card","15","nummod",NA,NA
"doc42",1,1,"to contain international law principles and standards on conservation and sustainable use of marine biodiversity in ABNJ applicable to all States Parties.",101,112,15,"15","biodiversity","biodiversity","NOUN","NN","Number=Sing","12","nmod",NA,NA
"doc42",1,1,"to contain international law principles and standards on conservation and sustainable use of marine biodiversity in ABNJ applicable to all States Parties.",114,115,16,"16","in","in","ADP","IN",NA,"17","case",NA,NA
"doc42",1,1,"to contain international law principles and standards on conservation and sustainable use of marine biodiversity in ABNJ applicable to all States Parties.",117,120,17,"17","ABNJ","ABNJ","PROPN","NNP","Number=Sing","15","nmod",NA,NA
"doc42",1,1,"to contain international law principles and standards on conservation and sustainable use of marine biodiversity in ABNJ applicable to all States Parties.",122,131,18,"18","applicable","applicable","ADJ","JJ","Degree=Pos","17","amod",NA,NA
"doc42",1,1,"to contain international law principles and standards on conservation and sustainable use of marine biodiversity in ABNJ applicable to all States Parties.",133,134,19,"19","to","to","ADP","IN",NA,"22","case",NA,NA
"doc42",1,1,"to contain international law principles and standards on conservation and sustainable use of marine biodiversity in ABNJ applicable to all States Parties.",136,138,20,"20","all","all","DET","DT",NA,"22","det",NA,NA
"doc42",1,1,"to contain international law principles and standards on conservation and sustainable use of marine biodiversity in ABNJ applicable to all States Parties.",140,145,21,"21","States","states","PROPN","NNP","Number=Sing","22","compound",NA,NA
"doc42",1,1,"to contain international law principles and standards on conservation and sustainable use of marine biodiversity in ABNJ applicable to all States Parties.",147,153,22,"22","Parties","party","PROPN","NNPS","Number=Plur","18","obl",NA,"SpaceAfter=No"
"doc42",1,1,"to contain international law principles and standards on conservation and sustainable use of marine biodiversity in ABNJ applicable to all States Parties.",154,154,23,"23",".",".","PUNCT",".",NA,"2","punct",NA,"SpacesAfter=\n"
"doc43",1,1,"colaborative framework among regional institutions.",1,12,1,"1","colaborative","colaborative","ADJ","JJ","Degree=Pos","2","amod",NA,NA
"doc43",1,1,"colaborative framework among regional institutions.",14,22,2,"2","framework","framework","NOUN","NN","Number=Sing","0","root",NA,NA
"doc43",1,1,"colaborative framework among regional institutions.",24,28,3,"3","among","among","ADP","IN",NA,"5","case",NA,NA
"doc43",1,1,"colaborative framework among regional institutions.",30,37,4,"4","regional","regional","ADJ","JJ","Degree=Pos","5","amod",NA,NA
"doc43",1,1,"colaborative framework among regional institutions.",39,50,5,"5","institutions","institution","NOUN","NNS","Number=Plur","2","nmod",NA,"SpaceAfter=No"
"doc43",1,1,"colaborative framework among regional institutions.",51,51,6,"6",".",".","PUNCT",".",NA,"2","punct",NA,"SpacesAfter=\n"
"doc44",1,1,"the term not undermine is ambiguous.",1,3,1,"1","the","the","DET","DT","Definite=Def|PronType=Art","2","det",NA,NA
"doc44",1,1,"the term not undermine is ambiguous.",5,8,2,"2","term","term","NOUN","NN","Number=Sing","4","nmod:poss",NA,NA
"doc44",1,1,"the term not undermine is ambiguous.",10,12,3,"3","not","not","PART","RB",NA,"2","advmod",NA,NA
"doc44",1,1,"the term not undermine is ambiguous.",14,22,4,"4","undermine","undermine","NOUN","NN","Number=Sing","6","nsubj",NA,NA
"doc44",1,1,"the term not undermine is ambiguous.",24,25,5,"5","is","be","AUX","VBZ","Mood=Ind|Number=Sing|Person=3|Tense=Pres|VerbForm=Fin","6","cop",NA,NA
"doc44",1,1,"the term not undermine is ambiguous.",27,35,6,"6","ambiguous","ambiguous","ADJ","JJ","Degree=Pos","0","root",NA,"SpaceAfter=No"
"doc44",1,1,"the term not undermine is ambiguous.",36,36,7,"7",".",".","PUNCT",".",NA,"6","punct",NA,"SpacesAfter=\n"
"doc45",1,1,"The strengths of the Antartic Treaty System’s approach to spatial conservation and management are therefore possible examples for the Preparatory Committee to refer to in the development of the ILBI.",1,3,1,"1","The","the","DET","DT","Definite=Def|PronType=Art","2","det",NA,NA
"doc45",1,1,"The strengths of the Antartic Treaty System’s approach to spatial conservation and management are therefore possible examples for the Preparatory Committee to refer to in the development of the ILBI.",5,13,2,"2","strengths","strengt","NOUN","NNS","Number=Plur","18","nsubj",NA,NA
"doc45",1,1,"The strengths of the Antartic Treaty System’s approach to spatial conservation and management are therefore possible examples for the Preparatory Committee to refer to in the development of the ILBI.",15,16,3,"3","of","of","ADP","IN",NA,"9","case",NA,NA
"doc45",1,1,"The strengths of the Antartic Treaty System’s approach to spatial conservation and management are therefore possible examples for the Preparatory Committee to refer to in the development of the ILBI.",18,20,4,"4","the","the","DET","DT","Definite=Def|PronType=Art","7","det",NA,NA
"doc45",1,1,"The strengths of the Antartic Treaty System’s approach to spatial conservation and management are therefore possible examples for the Preparatory Committee to refer to in the development of the ILBI.",22,29,5,"5","Antartic","Antartic","PROPN","NNP","Number=Sing","7","compound",NA,NA
"doc45",1,1,"The strengths of the Antartic Treaty System’s approach to spatial conservation and management are therefore possible examples for the Preparatory Committee to refer to in the development of the ILBI.",31,36,6,"6","Treaty","Treaty","PROPN","NNP","Number=Sing","7","compound",NA,NA
"doc45",1,1,"The strengths of the Antartic Treaty System’s approach to spatial conservation and management are therefore possible examples for the Preparatory Committee to refer to in the development of the ILBI.",38,43,7,"7","System","System","PROPN","NNP","Number=Sing","9","nmod:poss",NA,"SpaceAfter=No"
"doc45",1,1,"The strengths of the Antartic Treaty System’s approach to spatial conservation and management are therefore possible examples for the Preparatory Committee to refer to in the development of the ILBI.",44,45,8,"8","’s","'s","PART","POS",NA,"7","case",NA,NA
"doc45",1,1,"The strengths of the Antartic Treaty System’s approach to spatial conservation and management are therefore possible examples for the Preparatory Committee to refer to in the development of the ILBI.",47,54,9,"9","approach","approach","NOUN","NN","Number=Sing","2","nmod",NA,NA
"doc45",1,1,"The strengths of the Antartic Treaty System’s approach to spatial conservation and management are therefore possible examples for the Preparatory Committee to refer to in the development of the ILBI.",56,57,10,"10","to","to","ADP","IN",NA,"12","case",NA,NA
"doc45",1,1,"The strengths of the Antartic Treaty System’s approach to spatial conservation and management are therefore possible examples for the Preparatory Committee to refer to in the development of the ILBI.",59,65,11,"11","spatial","spatial","ADJ","JJ","Degree=Pos","12","amod",NA,NA
"doc45",1,1,"The strengths of the Antartic Treaty System’s approach to spatial conservation and management are therefore possible examples for the Preparatory Committee to refer to in the development of the ILBI.",67,78,12,"12","conservation","conservation","NOUN","NN","Number=Sing","2","nmod",NA,NA
"doc45",1,1,"The strengths of the Antartic Treaty System’s approach to spatial conservation and management are therefore possible examples for the Preparatory Committee to refer to in the development of the ILBI.",80,82,13,"13","and","and","CCONJ","CC",NA,"14","cc",NA,NA
"doc45",1,1,"The strengths of the Antartic Treaty System’s approach to spatial conservation and management are therefore possible examples for the Preparatory Committee to refer to in the development of the ILBI.",84,93,14,"14","management","management","NOUN","NN","Number=Sing","12","conj",NA,NA
"doc45",1,1,"The strengths of the Antartic Treaty System’s approach to spatial conservation and management are therefore possible examples for the Preparatory Committee to refer to in the development of the ILBI.",95,97,15,"15","are","be","AUX","VBP","Mood=Ind|Tense=Pres|VerbForm=Fin","18","cop",NA,NA
"doc45",1,1,"The strengths of the Antartic Treaty System’s approach to spatial conservation and management are therefore possible examples for the Preparatory Committee to refer to in the development of the ILBI.",99,107,16,"16","therefore","therefore","ADV","RB",NA,"17","advmod",NA,NA
"doc45",1,1,"The strengths of the Antartic Treaty System’s approach to spatial conservation and management are therefore possible examples for the Preparatory Committee to refer to in the development of the ILBI.",109,116,17,"17","possible","possible","ADJ","JJ","Degree=Pos","18","amod",NA,NA
"doc45",1,1,"The strengths of the Antartic Treaty System’s approach to spatial conservation and management are therefore possible examples for the Preparatory Committee to refer to in the development of the ILBI.",118,125,18,"18","examples","example","NOUN","NNS","Number=Plur","0","root",NA,NA
"doc45",1,1,"The strengths of the Antartic Treaty System’s approach to spatial conservation and management are therefore possible examples for the Preparatory Committee to refer to in the development of the ILBI.",127,129,19,"19","for","for","ADP","IN",NA,"22","case",NA,NA
"doc45",1,1,"The strengths of the Antartic Treaty System’s approach to spatial conservation and management are therefore possible examples for the Preparatory Committee to refer to in the development of the ILBI.",131,133,20,"20","the","the","DET","DT","Definite=Def|PronType=Art","22","det",NA,NA
"doc45",1,1,"The strengths of the Antartic Treaty System’s approach to spatial conservation and management are therefore possible examples for the Preparatory Committee to refer to in the development of the ILBI.",135,145,21,"21","Preparatory","Preparatory","PROPN","NNP","Number=Sing","22","compound",NA,NA
"doc45",1,1,"The strengths of the Antartic Treaty System’s approach to spatial conservation and management are therefore possible examples for the Preparatory Committee to refer to in the development of the ILBI.",147,155,22,"22","Committee","committee","PROPN","NNP","Number=Sing","18","nmod",NA,NA
"doc45",1,1,"The strengths of the Antartic Treaty System’s approach to spatial conservation and management are therefore possible examples for the Preparatory Committee to refer to in the development of the ILBI.",157,158,23,"23","to","to","PART","TO",NA,"24","mark",NA,NA
"doc45",1,1,"The strengths of the Antartic Treaty System’s approach to spatial conservation and management are therefore possible examples for the Preparatory Committee to refer to in the development of the ILBI.",160,164,24,"24","refer","refer","VERB","VB","VerbForm=Inf","22","acl",NA,NA
"doc45",1,1,"The strengths of the Antartic Treaty System’s approach to spatial conservation and management are therefore possible examples for the Preparatory Committee to refer to in the development of the ILBI.",166,167,25,"25","to","to","ADP","IN",NA,"24","obl",NA,NA
"doc45",1,1,"The strengths of the Antartic Treaty System’s approach to spatial conservation and management are therefore possible examples for the Preparatory Committee to refer to in the development of the ILBI.",169,170,26,"26","in","in","ADP","IN",NA,"28","case",NA,NA
"doc45",1,1,"The strengths of the Antartic Treaty System’s approach to spatial conservation and management are therefore possible examples for the Preparatory Committee to refer to in the development of the ILBI.",172,174,27,"27","the","the","DET","DT","Definite=Def|PronType=Art","28","det",NA,NA
"doc45",1,1,"The strengths of the Antartic Treaty System’s approach to spatial conservation and management are therefore possible examples for the Preparatory Committee to refer to in the development of the ILBI.",176,186,28,"28","development","development","NOUN","NN","Number=Sing","24","obl",NA,NA
"doc45",1,1,"The strengths of the Antartic Treaty System’s approach to spatial conservation and management are therefore possible examples for the Preparatory Committee to refer to in the development of the ILBI.",188,189,29,"29","of","of","ADP","IN",NA,"31","case",NA,NA
"doc45",1,1,"The strengths of the Antartic Treaty System’s approach to spatial conservation and management are therefore possible examples for the Preparatory Committee to refer to in the development of the ILBI.",191,193,30,"30","the","the","DET","DT","Definite=Def|PronType=Art","31","det",NA,NA
"doc45",1,1,"The strengths of the Antartic Treaty System’s approach to spatial conservation and management are therefore possible examples for the Preparatory Committee to refer to in the development of the ILBI.",195,198,31,"31","ILBI","Ilbi","PROPN","NNP","Number=Sing","28","nmod",NA,"SpaceAfter=No"
"doc45",1,1,"The strengths of the Antartic Treaty System’s approach to spatial conservation and management are therefore possible examples for the Preparatory Committee to refer to in the development of the ILBI.",199,199,32,"32",".",".","PUNCT",".",NA,"18","punct",NA,"SpacesAfter=\n"
"doc46",1,1,"to consider the views of developing States about the way the UNCLOS is being implemented and to revitalize some of the concepts developed in the UNCLOS.",1,2,1,"1","to","to","PART","TO",NA,"2","mark",NA,NA
"doc46",1,1,"to consider the views of developing States about the way the UNCLOS is being implemented and to revitalize some of the concepts developed in the UNCLOS.",4,11,2,"2","consider","consider","VERB","VB","VerbForm=Inf","0","root",NA,NA
"doc46",1,1,"to consider the views of developing States about the way the UNCLOS is being implemented and to revitalize some of the concepts developed in the UNCLOS.",13,15,3,"3","the","the","DET","DT","Definite=Def|PronType=Art","4","det",NA,NA
"doc46",1,1,"to consider the views of developing States about the way the UNCLOS is being implemented and to revitalize some of the concepts developed in the UNCLOS.",17,21,4,"4","views","view","NOUN","NNS","Number=Plur","2","obj",NA,NA
"doc46",1,1,"to consider the views of developing States about the way the UNCLOS is being implemented and to revitalize some of the concepts developed in the UNCLOS.",23,24,5,"5","of","of","SCONJ","IN",NA,"6","mark",NA,NA
"doc46",1,1,"to consider the views of developing States about the way the UNCLOS is being implemented and to revitalize some of the concepts developed in the UNCLOS.",26,35,6,"6","developing","develop","VERB","VBG","VerbForm=Ger","4","acl",NA,NA
"doc46",1,1,"to consider the views of developing States about the way the UNCLOS is being implemented and to revitalize some of the concepts developed in the UNCLOS.",37,42,7,"7","States","States","PROPN","NNP","Number=Sing","6","obj",NA,NA
"doc46",1,1,"to consider the views of developing States about the way the UNCLOS is being implemented and to revitalize some of the concepts developed in the UNCLOS.",44,48,8,"8","about","about","ADP","IN",NA,"10","case",NA,NA
"doc46",1,1,"to consider the views of developing States about the way the UNCLOS is being implemented and to revitalize some of the concepts developed in the UNCLOS.",50,52,9,"9","the","the","DET","DT","Definite=Def|PronType=Art","10","det",NA,NA
"doc46",1,1,"to consider the views of developing States about the way the UNCLOS is being implemented and to revitalize some of the concepts developed in the UNCLOS.",54,56,10,"10","way","way","NOUN","NN","Number=Sing","6","obl",NA,NA
"doc46",1,1,"to consider the views of developing States about the way the UNCLOS is being implemented and to revitalize some of the concepts developed in the UNCLOS.",58,60,11,"11","the","the","DET","DT","Definite=Def|PronType=Art","12","det",NA,NA
"doc46",1,1,"to consider the views of developing States about the way the UNCLOS is being implemented and to revitalize some of the concepts developed in the UNCLOS.",62,67,12,"12","UNCLOS","UNCLOS","NOUN","NN","Number=Sing","15","nsubj:pass",NA,NA
"doc46",1,1,"to consider the views of developing States about the way the UNCLOS is being implemented and to revitalize some of the concepts developed in the UNCLOS.",69,70,13,"13","is","be","AUX","VBZ","Mood=Ind|Number=Sing|Person=3|Tense=Pres|VerbForm=Fin","15","aux",NA,NA
"doc46",1,1,"to consider the views of developing States about the way the UNCLOS is being implemented and to revitalize some of the concepts developed in the UNCLOS.",72,76,14,"14","being","be","AUX","VBG","VerbForm=Ger","15","aux:pass",NA,NA
"doc46",1,1,"to consider the views of developing States about the way the UNCLOS is being implemented and to revitalize some of the concepts developed in the UNCLOS.",78,88,15,"15","implemented","implemented","VERB","VBN","Tense=Past|VerbForm=Part|Voice=Pass","10","acl:relcl",NA,NA
"doc46",1,1,"to consider the views of developing States about the way the UNCLOS is being implemented and to revitalize some of the concepts developed in the UNCLOS.",90,92,16,"16","and","and","CCONJ","CC",NA,"18","cc",NA,NA
"doc46",1,1,"to consider the views of developing States about the way the UNCLOS is being implemented and to revitalize some of the concepts developed in the UNCLOS.",94,95,17,"17","to","to","PART","TO",NA,"18","mark",NA,NA
"doc46",1,1,"to consider the views of developing States about the way the UNCLOS is being implemented and to revitalize some of the concepts developed in the UNCLOS.",97,106,18,"18","revitalize","revitalize","VERB","VB","VerbForm=Inf","6","conj",NA,NA
"doc46",1,1,"to consider the views of developing States about the way the UNCLOS is being implemented and to revitalize some of the concepts developed in the UNCLOS.",108,111,19,"19","some","some","DET","DT",NA,"18","obj",NA,NA
"doc46",1,1,"to consider the views of developing States about the way the UNCLOS is being implemented and to revitalize some of the concepts developed in the UNCLOS.",113,114,20,"20","of","of","ADP","IN",NA,"22","case",NA,NA
"doc46",1,1,"to consider the views of developing States about the way the UNCLOS is being implemented and to revitalize some of the concepts developed in the UNCLOS.",116,118,21,"21","the","the","DET","DT","Definite=Def|PronType=Art","22","det",NA,NA
"doc46",1,1,"to consider the views of developing States about the way the UNCLOS is being implemented and to revitalize some of the concepts developed in the UNCLOS.",120,127,22,"22","concepts","concept","NOUN","NNS","Number=Plur","19","nmod",NA,NA
"doc46",1,1,"to consider the views of developing States about the way the UNCLOS is being implemented and to revitalize some of the concepts developed in the UNCLOS.",129,137,23,"23","developed","develop","VERB","VBD","Mood=Ind|Tense=Past|VerbForm=Fin","2","xcomp",NA,NA
"doc46",1,1,"to consider the views of developing States about the way the UNCLOS is being implemented and to revitalize some of the concepts developed in the UNCLOS.",139,140,24,"24","in","in","ADP","IN",NA,"26","case",NA,NA
"doc46",1,1,"to consider the views of developing States about the way the UNCLOS is being implemented and to revitalize some of the concepts developed in the UNCLOS.",142,144,25,"25","the","the","DET","DT","Definite=Def|PronType=Art","26","det",NA,NA
"doc46",1,1,"to consider the views of developing States about the way the UNCLOS is being implemented and to revitalize some of the concepts developed in the UNCLOS.",146,151,26,"26","UNCLOS","Unclo","NOUN","NNS","Number=Plur","23","obl",NA,"SpaceAfter=No"
"doc46",1,1,"to consider the views of developing States about the way the UNCLOS is being implemented and to revitalize some of the concepts developed in the UNCLOS.",152,152,27,"27",".",".","PUNCT",".",NA,"2","punct",NA,"SpacesAfter=\n"
"doc47",1,1,"to include funding mechanisms and institutional arrangements to ensure the effectiveness of the BBNJ agreement",1,2,1,"1","to","to","PART","TO",NA,"2","mark",NA,NA
"doc47",1,1,"to include funding mechanisms and institutional arrangements to ensure the effectiveness of the BBNJ agreement",4,10,2,"2","include","include","VERB","VB","VerbForm=Inf","0","root",NA,NA
"doc47",1,1,"to include funding mechanisms and institutional arrangements to ensure the effectiveness of the BBNJ agreement",12,18,3,"3","funding","funding","NOUN","NN","Number=Sing","4","compound",NA,NA
"doc47",1,1,"to include funding mechanisms and institutional arrangements to ensure the effectiveness of the BBNJ agreement",20,29,4,"4","mechanisms","mechanism","NOUN","NNS","Number=Plur","2","obj",NA,NA
"doc47",1,1,"to include funding mechanisms and institutional arrangements to ensure the effectiveness of the BBNJ agreement",31,33,5,"5","and","and","CCONJ","CC",NA,"7","cc",NA,NA
"doc47",1,1,"to include funding mechanisms and institutional arrangements to ensure the effectiveness of the BBNJ agreement",35,47,6,"6","institutional","institutional","ADJ","JJ","Degree=Pos","7","amod",NA,NA
"doc47",1,1,"to include funding mechanisms and institutional arrangements to ensure the effectiveness of the BBNJ agreement",49,60,7,"7","arrangements","arrangement","NOUN","NNS","Number=Plur","4","conj",NA,NA
"doc47",1,1,"to include funding mechanisms and institutional arrangements to ensure the effectiveness of the BBNJ agreement",62,63,8,"8","to","to","PART","TO",NA,"9","mark",NA,NA
"doc47",1,1,"to include funding mechanisms and institutional arrangements to ensure the effectiveness of the BBNJ agreement",65,70,9,"9","ensure","ensure","VERB","VB","VerbForm=Inf","2","xcomp",NA,NA
"doc47",1,1,"to include funding mechanisms and institutional arrangements to ensure the effectiveness of the BBNJ agreement",72,74,10,"10","the","the","DET","DT","Definite=Def|PronType=Art","11","det",NA,NA
"doc47",1,1,"to include funding mechanisms and institutional arrangements to ensure the effectiveness of the BBNJ agreement",76,88,11,"11","effectiveness","effectiveness","NOUN","NN","Number=Sing","9","obj",NA,NA
"doc47",1,1,"to include funding mechanisms and institutional arrangements to ensure the effectiveness of the BBNJ agreement",90,91,12,"12","of","of","ADP","IN",NA,"15","case",NA,NA
"doc47",1,1,"to include funding mechanisms and institutional arrangements to ensure the effectiveness of the BBNJ agreement",93,95,13,"13","the","the","DET","DT","Definite=Def|PronType=Art","15","det",NA,NA
"doc47",1,1,"to include funding mechanisms and institutional arrangements to ensure the effectiveness of the BBNJ agreement",97,100,14,"14","BBNJ","Bbnj","PROPN","NNP","Number=Sing","15","compound",NA,NA
"doc47",1,1,"to include funding mechanisms and institutional arrangements to ensure the effectiveness of the BBNJ agreement",102,110,15,"15","agreement","agreement","NOUN","NN","Number=Sing","11","nmod",NA,"SpacesAfter=\n"
"doc48",1,1,"to implement strong complementary protection measures outside MPA boundaries, such as dynamic management, effective fisheries regulation and, increasingly, precautionary regulation of emerging activities for mobile species.",1,2,1,"1","to","to","PART","TO",NA,"2","mark",NA,NA
"doc48",1,1,"to implement strong complementary protection measures outside MPA boundaries, such as dynamic management, effective fisheries regulation and, increasingly, precautionary regulation of emerging activities for mobile species.",4,12,2,"2","implement","implement","VERB","VB","VerbForm=Inf","0","root",NA,NA
"doc48",1,1,"to implement strong complementary protection measures outside MPA boundaries, such as dynamic management, effective fisheries regulation and, increasingly, precautionary regulation of emerging activities for mobile species.",14,19,3,"3","strong","strong","ADJ","JJ","Degree=Pos","6","amod",NA,NA
"doc48",1,1,"to implement strong complementary protection measures outside MPA boundaries, such as dynamic management, effective fisheries regulation and, increasingly, precautionary regulation of emerging activities for mobile species.",21,33,4,"4","complementary","complementary","ADJ","JJ","Degree=Pos","5","amod",NA,NA
"doc48",1,1,"to implement strong complementary protection measures outside MPA boundaries, such as dynamic management, effective fisheries regulation and, increasingly, precautionary regulation of emerging activities for mobile species.",35,44,5,"5","protection","protection","NOUN","NN","Number=Sing","6","compound",NA,NA
"doc48",1,1,"to implement strong complementary protection measures outside MPA boundaries, such as dynamic management, effective fisheries regulation and, increasingly, precautionary regulation of emerging activities for mobile species.",46,53,6,"6","measures","measure","NOUN","NNS","Number=Plur","2","obj",NA,NA
"doc48",1,1,"to implement strong complementary protection measures outside MPA boundaries, such as dynamic management, effective fisheries regulation and, increasingly, precautionary regulation of emerging activities for mobile species.",55,61,7,"7","outside","outside","ADP","IN",NA,"9","case",NA,NA
"doc48",1,1,"to implement strong complementary protection measures outside MPA boundaries, such as dynamic management, effective fisheries regulation and, increasingly, precautionary regulation of emerging activities for mobile species.",63,65,8,"8","MPA","MPA","PROPN","NNP","Number=Sing","9","compound",NA,NA
"doc48",1,1,"to implement strong complementary protection measures outside MPA boundaries, such as dynamic management, effective fisheries regulation and, increasingly, precautionary regulation of emerging activities for mobile species.",67,76,9,"9","boundaries","boundary","NOUN","NNS","Number=Plur","6","nmod",NA,"SpaceAfter=No"
"doc48",1,1,"to implement strong complementary protection measures outside MPA boundaries, such as dynamic management, effective fisheries regulation and, increasingly, precautionary regulation of emerging activities for mobile species.",77,77,10,"10",",",",","PUNCT",",",NA,"6","punct",NA,NA
"doc48",1,1,"to implement strong complementary protection measures outside MPA boundaries, such as dynamic management, effective fisheries regulation and, increasingly, precautionary regulation of emerging activities for mobile species.",79,82,11,"11","such","such","ADJ","JJ","Degree=Pos","14","case",NA,NA
"doc48",1,1,"to implement strong complementary protection measures outside MPA boundaries, such as dynamic management, effective fisheries regulation and, increasingly, precautionary regulation of emerging activities for mobile species.",84,85,12,"12","as","as","ADP","IN",NA,"11","fixed",NA,NA
"doc48",1,1,"to implement strong complementary protection measures outside MPA boundaries, such as dynamic management, effective fisheries regulation and, increasingly, precautionary regulation of emerging activities for mobile species.",87,93,13,"13","dynamic","dynamic","ADJ","JJ","Degree=Pos","14","amod",NA,NA
"doc48",1,1,"to implement strong complementary protection measures outside MPA boundaries, such as dynamic management, effective fisheries regulation and, increasingly, precautionary regulation of emerging activities for mobile species.",95,104,14,"14","management","management","NOUN","NN","Number=Sing","2","obl",NA,"SpaceAfter=No"
"doc48",1,1,"to implement strong complementary protection measures outside MPA boundaries, such as dynamic management, effective fisheries regulation and, increasingly, precautionary regulation of emerging activities for mobile species.",105,105,15,"15",",",",","PUNCT",",",NA,"18","punct",NA,NA
"doc48",1,1,"to implement strong complementary protection measures outside MPA boundaries, such as dynamic management, effective fisheries regulation and, increasingly, precautionary regulation of emerging activities for mobile species.",107,115,16,"16","effective","effective","ADJ","JJ","Degree=Pos","18","amod",NA,NA
"doc48",1,1,"to implement strong complementary protection measures outside MPA boundaries, such as dynamic management, effective fisheries regulation and, increasingly, precautionary regulation of emerging activities for mobile species.",117,125,17,"17","fisheries","fishery","NOUN","NNS","Number=Plur","18","compound",NA,NA
"doc48",1,1,"to implement strong complementary protection measures outside MPA boundaries, such as dynamic management, effective fisheries regulation and, increasingly, precautionary regulation of emerging activities for mobile species.",127,136,18,"18","regulation","regulation","NOUN","NN","Number=Sing","14","conj",NA,NA
"doc48",1,1,"to implement strong complementary protection measures outside MPA boundaries, such as dynamic management, effective fisheries regulation and, increasingly, precautionary regulation of emerging activities for mobile species.",138,140,19,"19","and","and","CCONJ","CC",NA,"24","cc",NA,"SpaceAfter=No"
"doc48",1,1,"to implement strong complementary protection measures outside MPA boundaries, such as dynamic management, effective fisheries regulation and, increasingly, precautionary regulation of emerging activities for mobile species.",141,141,20,"20",",",",","PUNCT",",",NA,"24","punct",NA,NA
"doc48",1,1,"to implement strong complementary protection measures outside MPA boundaries, such as dynamic management, effective fisheries regulation and, increasingly, precautionary regulation of emerging activities for mobile species.",143,154,21,"21","increasingly","increasingly","ADV","RB",NA,"24","advmod",NA,"SpaceAfter=No"
"doc48",1,1,"to implement strong complementary protection measures outside MPA boundaries, such as dynamic management, effective fisheries regulation and, increasingly, precautionary regulation of emerging activities for mobile species.",155,155,22,"22",",",",","PUNCT",",",NA,"24","punct",NA,NA
"doc48",1,1,"to implement strong complementary protection measures outside MPA boundaries, such as dynamic management, effective fisheries regulation and, increasingly, precautionary regulation of emerging activities for mobile species.",157,169,23,"23","precautionary","precautionary","ADJ","JJ","Degree=Pos","24","amod",NA,NA
"doc48",1,1,"to implement strong complementary protection measures outside MPA boundaries, such as dynamic management, effective fisheries regulation and, increasingly, precautionary regulation of emerging activities for mobile species.",171,180,24,"24","regulation","regulation","NOUN","NN","Number=Sing","2","conj",NA,NA
"doc48",1,1,"to implement strong complementary protection measures outside MPA boundaries, such as dynamic management, effective fisheries regulation and, increasingly, precautionary regulation of emerging activities for mobile species.",182,183,25,"25","of","of","SCONJ","IN",NA,"26","mark",NA,NA
"doc48",1,1,"to implement strong complementary protection measures outside MPA boundaries, such as dynamic management, effective fisheries regulation and, increasingly, precautionary regulation of emerging activities for mobile species.",185,192,26,"26","emerging","emerge","VERB","VBG","VerbForm=Ger","24","acl",NA,NA
"doc48",1,1,"to implement strong complementary protection measures outside MPA boundaries, such as dynamic management, effective fisheries regulation and, increasingly, precautionary regulation of emerging activities for mobile species.",194,203,27,"27","activities","activity","NOUN","NNS","Number=Plur","26","obj",NA,NA
"doc48",1,1,"to implement strong complementary protection measures outside MPA boundaries, such as dynamic management, effective fisheries regulation and, increasingly, precautionary regulation of emerging activities for mobile species.",205,207,28,"28","for","for","ADP","IN",NA,"30","case",NA,NA
"doc48",1,1,"to implement strong complementary protection measures outside MPA boundaries, such as dynamic management, effective fisheries regulation and, increasingly, precautionary regulation of emerging activities for mobile species.",209,214,29,"29","mobile","mobile","ADJ","JJ","Degree=Pos","30","amod",NA,NA
"doc48",1,1,"to implement strong complementary protection measures outside MPA boundaries, such as dynamic management, effective fisheries regulation and, increasingly, precautionary regulation of emerging activities for mobile species.",216,222,30,"30","species","species","NOUN","NNS","Number=Plur","27","nmod",NA,"SpaceAfter=No"
"doc48",1,1,"to implement strong complementary protection measures outside MPA boundaries, such as dynamic management, effective fisheries regulation and, increasingly, precautionary regulation of emerging activities for mobile species.",223,223,31,"31",".",".","PUNCT",".",NA,"2","punct",NA,"SpacesAfter=\n"
"doc49",1,1,"An integrated approach was part of the mandate of the PrepCom.",1,2,1,"1","An","a","DET","DT","Definite=Ind|PronType=Art","3","det",NA,NA
"doc49",1,1,"An integrated approach was part of the mandate of the PrepCom.",4,13,2,"2","integrated","integrated","ADJ","JJ","Degree=Pos","3","amod",NA,NA
"doc49",1,1,"An integrated approach was part of the mandate of the PrepCom.",15,22,3,"3","approach","approach","NOUN","NN","Number=Sing","5","nsubj",NA,NA
"doc49",1,1,"An integrated approach was part of the mandate of the PrepCom.",24,26,4,"4","was","be","AUX","VBD","Mood=Ind|Number=Sing|Person=3|Tense=Past|VerbForm=Fin","5","cop",NA,NA
"doc49",1,1,"An integrated approach was part of the mandate of the PrepCom.",28,31,5,"5","part","part","NOUN","NN","Number=Sing","0","root",NA,NA
"doc49",1,1,"An integrated approach was part of the mandate of the PrepCom.",33,34,6,"6","of","of","ADP","IN",NA,"8","case",NA,NA
"doc49",1,1,"An integrated approach was part of the mandate of the PrepCom.",36,38,7,"7","the","the","DET","DT","Definite=Def|PronType=Art","8","det",NA,NA
"doc49",1,1,"An integrated approach was part of the mandate of the PrepCom.",40,46,8,"8","mandate","mandate","NOUN","NN","Number=Sing","5","nmod",NA,NA
"doc49",1,1,"An integrated approach was part of the mandate of the PrepCom.",48,49,9,"9","of","of","ADP","IN",NA,"11","case",NA,NA
"doc49",1,1,"An integrated approach was part of the mandate of the PrepCom.",51,53,10,"10","the","the","DET","DT","Definite=Def|PronType=Art","11","det",NA,NA
"doc49",1,1,"An integrated approach was part of the mandate of the PrepCom.",55,61,11,"11","PrepCom","PrepCom","NOUN","NN","Number=Sing","8","nmod",NA,"SpaceAfter=No"
"doc49",1,1,"An integrated approach was part of the mandate of the PrepCom.",62,62,12,"12",".",".","PUNCT",".",NA,"5","punct",NA,"SpacesAfter=\n"
"doc50",1,1,"to mandate the use of the best available science.",1,2,1,"1","to","to","PART","TO",NA,"2","mark",NA,NA
"doc50",1,1,"to mandate the use of the best available science.",4,10,2,"2","mandate","mandate","VERB","VB","VerbForm=Inf","0","root",NA,NA
"doc50",1,1,"to mandate the use of the best available science.",12,14,3,"3","the","the","DET","DT","Definite=Def|PronType=Art","4","det",NA,NA
"doc50",1,1,"to mandate the use of the best available science.",16,18,4,"4","use","use","NOUN","NN","Number=Sing","2","obj",NA,NA
"doc50",1,1,"to mandate the use of the best available science.",20,21,5,"5","of","of","ADP","IN",NA,"9","case",NA,NA
"doc50",1,1,"to mandate the use of the best available science.",23,25,6,"6","the","the","DET","DT","Definite=Def|PronType=Art","9","det",NA,NA
"doc50",1,1,"to mandate the use of the best available science.",27,30,7,"7","best","best","ADJ","JJS","Degree=Sup","9","amod",NA,NA
"doc50",1,1,"to mandate the use of the best available science.",32,40,8,"8","available","available","ADJ","JJ","Degree=Pos","9","amod",NA,NA
"doc50",1,1,"to mandate the use of the best available science.",42,48,9,"9","science","science","NOUN","NN","Number=Sing","4","nmod",NA,"SpaceAfter=No"
"doc50",1,1,"to mandate the use of the best available science.",49,49,10,"10",".",".","PUNCT",".",NA,"2","punct",NA,"SpacesAfter=\n"
"doc51",1,1,"to involve all stakeholders, ranging from the general public, law of the sea experts, intellectual property rights experts, and others to have a comprehensive view of its national interest.",1,2,1,"1","to","to","PART","TO",NA,"2","mark",NA,NA
"doc51",1,1,"to involve all stakeholders, ranging from the general public, law of the sea experts, intellectual property rights experts, and others to have a comprehensive view of its national interest.",4,10,2,"2","involve","involve","VERB","VB","VerbForm=Inf","0","root",NA,NA
"doc51",1,1,"to involve all stakeholders, ranging from the general public, law of the sea experts, intellectual property rights experts, and others to have a comprehensive view of its national interest.",12,14,3,"3","all","all","DET","DT",NA,"4","det",NA,NA
"doc51",1,1,"to involve all stakeholders, ranging from the general public, law of the sea experts, intellectual property rights experts, and others to have a comprehensive view of its national interest.",16,27,4,"4","stakeholders","stakeholder","NOUN","NNS","Number=Plur","2","obj",NA,"SpaceAfter=No"
"doc51",1,1,"to involve all stakeholders, ranging from the general public, law of the sea experts, intellectual property rights experts, and others to have a comprehensive view of its national interest.",28,28,5,"5",",",",","PUNCT",",",NA,"2","punct",NA,NA
"doc51",1,1,"to involve all stakeholders, ranging from the general public, law of the sea experts, intellectual property rights experts, and others to have a comprehensive view of its national interest.",30,36,6,"6","ranging","range","VERB","VBG","VerbForm=Ger","2","advcl",NA,NA
"doc51",1,1,"to involve all stakeholders, ranging from the general public, law of the sea experts, intellectual property rights experts, and others to have a comprehensive view of its national interest.",38,41,7,"7","from","from","ADP","IN",NA,"10","case",NA,NA
"doc51",1,1,"to involve all stakeholders, ranging from the general public, law of the sea experts, intellectual property rights experts, and others to have a comprehensive view of its national interest.",43,45,8,"8","the","the","DET","DT","Definite=Def|PronType=Art","10","det",NA,NA
"doc51",1,1,"to involve all stakeholders, ranging from the general public, law of the sea experts, intellectual property rights experts, and others to have a comprehensive view of its national interest.",47,53,9,"9","general","general","ADJ","JJ","Degree=Pos","10","amod",NA,NA
"doc51",1,1,"to involve all stakeholders, ranging from the general public, law of the sea experts, intellectual property rights experts, and others to have a comprehensive view of its national interest.",55,60,10,"10","public","public","NOUN","NN","Number=Sing","6","obl",NA,"SpaceAfter=No"
"doc51",1,1,"to involve all stakeholders, ranging from the general public, law of the sea experts, intellectual property rights experts, and others to have a comprehensive view of its national interest.",61,61,11,"11",",",",","PUNCT",",",NA,"10","punct",NA,NA
"doc51",1,1,"to involve all stakeholders, ranging from the general public, law of the sea experts, intellectual property rights experts, and others to have a comprehensive view of its national interest.",63,65,12,"12","law","law","NOUN","NN","Number=Sing","10","nmod",NA,NA
"doc51",1,1,"to involve all stakeholders, ranging from the general public, law of the sea experts, intellectual property rights experts, and others to have a comprehensive view of its national interest.",67,68,13,"13","of","of","ADP","IN",NA,"16","case",NA,NA
"doc51",1,1,"to involve all stakeholders, ranging from the general public, law of the sea experts, intellectual property rights experts, and others to have a comprehensive view of its national interest.",70,72,14,"14","the","the","DET","DT","Definite=Def|PronType=Art","16","det",NA,NA
"doc51",1,1,"to involve all stakeholders, ranging from the general public, law of the sea experts, intellectual property rights experts, and others to have a comprehensive view of its national interest.",74,76,15,"15","sea","sea","NOUN","NN","Number=Sing","16","compound",NA,NA
"doc51",1,1,"to involve all stakeholders, ranging from the general public, law of the sea experts, intellectual property rights experts, and others to have a comprehensive view of its national interest.",78,84,16,"16","experts","expert","NOUN","NNS","Number=Plur","12","nmod",NA,"SpaceAfter=No"
"doc51",1,1,"to involve all stakeholders, ranging from the general public, law of the sea experts, intellectual property rights experts, and others to have a comprehensive view of its national interest.",85,85,17,"17",",",",","PUNCT",",",NA,"16","punct",NA,NA
"doc51",1,1,"to involve all stakeholders, ranging from the general public, law of the sea experts, intellectual property rights experts, and others to have a comprehensive view of its national interest.",87,98,18,"18","intellectual","intellectual","ADJ","JJ","Degree=Pos","21","amod",NA,NA
"doc51",1,1,"to involve all stakeholders, ranging from the general public, law of the sea experts, intellectual property rights experts, and others to have a comprehensive view of its national interest.",100,107,19,"19","property","property","NOUN","NN","Number=Sing","20","compound",NA,NA
"doc51",1,1,"to involve all stakeholders, ranging from the general public, law of the sea experts, intellectual property rights experts, and others to have a comprehensive view of its national interest.",109,114,20,"20","rights","rights","NOUN","NNS","Number=Plur","21","compound",NA,NA
"doc51",1,1,"to involve all stakeholders, ranging from the general public, law of the sea experts, intellectual property rights experts, and others to have a comprehensive view of its national interest.",116,122,21,"21","experts","expert","NOUN","NNS","Number=Plur","16","conj",NA,"SpaceAfter=No"
"doc51",1,1,"to involve all stakeholders, ranging from the general public, law of the sea experts, intellectual property rights experts, and others to have a comprehensive view of its national interest.",123,123,22,"22",",",",","PUNCT",",",NA,"24","punct",NA,NA
"doc51",1,1,"to involve all stakeholders, ranging from the general public, law of the sea experts, intellectual property rights experts, and others to have a comprehensive view of its national interest.",125,127,23,"23","and","and","CCONJ","CC",NA,"24","cc",NA,NA
"doc51",1,1,"to involve all stakeholders, ranging from the general public, law of the sea experts, intellectual property rights experts, and others to have a comprehensive view of its national interest.",129,134,24,"24","others","other","NOUN","NNS","Number=Plur","16","conj",NA,NA
"doc51",1,1,"to involve all stakeholders, ranging from the general public, law of the sea experts, intellectual property rights experts, and others to have a comprehensive view of its national interest.",136,137,25,"25","to","to","PART","TO",NA,"26","mark",NA,NA
"doc51",1,1,"to involve all stakeholders, ranging from the general public, law of the sea experts, intellectual property rights experts, and others to have a comprehensive view of its national interest.",139,142,26,"26","have","have","VERB","VB","VerbForm=Inf","24","acl",NA,NA
"doc51",1,1,"to involve all stakeholders, ranging from the general public, law of the sea experts, intellectual property rights experts, and others to have a comprehensive view of its national interest.",144,144,27,"27","a","a","DET","DT","Definite=Ind|PronType=Art","29","det",NA,NA
"doc51",1,1,"to involve all stakeholders, ranging from the general public, law of the sea experts, intellectual property rights experts, and others to have a comprehensive view of its national interest.",146,158,28,"28","comprehensive","comprehensive","ADJ","JJ","Degree=Pos","29","amod",NA,NA
"doc51",1,1,"to involve all stakeholders, ranging from the general public, law of the sea experts, intellectual property rights experts, and others to have a comprehensive view of its national interest.",160,163,29,"29","view","view","NOUN","NN","Number=Sing","26","obj",NA,NA
"doc51",1,1,"to involve all stakeholders, ranging from the general public, law of the sea experts, intellectual property rights experts, and others to have a comprehensive view of its national interest.",165,166,30,"30","of","of","ADP","IN",NA,"33","case",NA,NA
"doc51",1,1,"to involve all stakeholders, ranging from the general public, law of the sea experts, intellectual property rights experts, and others to have a comprehensive view of its national interest.",168,170,31,"31","its","its","PRON","PRP$","Gender=Neut|Number=Sing|Person=3|Poss=Yes|PronType=Prs","33","nmod:poss",NA,NA
"doc51",1,1,"to involve all stakeholders, ranging from the general public, law of the sea experts, intellectual property rights experts, and others to have a comprehensive view of its national interest.",172,179,32,"32","national","national","ADJ","JJ","Degree=Pos","33","amod",NA,NA
"doc51",1,1,"to involve all stakeholders, ranging from the general public, law of the sea experts, intellectual property rights experts, and others to have a comprehensive view of its national interest.",181,188,33,"33","interest","interest","NOUN","NN","Number=Sing","29","nmod",NA,"SpaceAfter=No"
"doc51",1,1,"to involve all stakeholders, ranging from the general public, law of the sea experts, intellectual property rights experts, and others to have a comprehensive view of its national interest.",189,189,34,"34",".",".","PUNCT",".",NA,"2","punct",NA,"SpacesAfter=\n"
"doc52",1,1,"the potential establishment of MPAs overlapping with the spawning sites of a straddling or highly-migratory fish stock could have positive spillover effects for the respective fisheries.",1,3,1,"1","the","the","DET","DT","Definite=Def|PronType=Art","3","det",NA,NA
"doc52",1,1,"the potential establishment of MPAs overlapping with the spawning sites of a straddling or highly-migratory fish stock could have positive spillover effects for the respective fisheries.",5,13,2,"2","potential","potential","ADJ","JJ","Degree=Pos","3","amod",NA,NA
"doc52",1,1,"the potential establishment of MPAs overlapping with the spawning sites of a straddling or highly-migratory fish stock could have positive spillover effects for the respective fisheries.",15,27,3,"3","establishment","establishment","NOUN","NN","Number=Sing","21","nsubj",NA,NA
"doc52",1,1,"the potential establishment of MPAs overlapping with the spawning sites of a straddling or highly-migratory fish stock could have positive spillover effects for the respective fisheries.",29,30,4,"4","of","of","ADP","IN",NA,"5","case",NA,NA
"doc52",1,1,"the potential establishment of MPAs overlapping with the spawning sites of a straddling or highly-migratory fish stock could have positive spillover effects for the respective fisheries.",32,35,5,"5","MPAs","MPAs","PROPN","NNPS","Number=Plur","3","nmod",NA,NA
"doc52",1,1,"the potential establishment of MPAs overlapping with the spawning sites of a straddling or highly-migratory fish stock could have positive spillover effects for the respective fisheries.",37,47,6,"6","overlapping","overlappe","VERB","VBG","VerbForm=Ger","3","acl",NA,NA
"doc52",1,1,"the potential establishment of MPAs overlapping with the spawning sites of a straddling or highly-migratory fish stock could have positive spillover effects for the respective fisheries.",49,52,7,"7","with","with","ADP","IN",NA,"10","case",NA,NA
"doc52",1,1,"the potential establishment of MPAs overlapping with the spawning sites of a straddling or highly-migratory fish stock could have positive spillover effects for the respective fisheries.",54,56,8,"8","the","the","DET","DT","Definite=Def|PronType=Art","10","det",NA,NA
"doc52",1,1,"the potential establishment of MPAs overlapping with the spawning sites of a straddling or highly-migratory fish stock could have positive spillover effects for the respective fisheries.",58,65,9,"9","spawning","spawning","VERB","VBG","VerbForm=Ger","10","amod",NA,NA
"doc52",1,1,"the potential establishment of MPAs overlapping with the spawning sites of a straddling or highly-migratory fish stock could have positive spillover effects for the respective fisheries.",67,71,10,"10","sites","site","NOUN","NNS","Number=Plur","6","obl",NA,NA
"doc52",1,1,"the potential establishment of MPAs overlapping with the spawning sites of a straddling or highly-migratory fish stock could have positive spillover effects for the respective fisheries.",73,74,11,"11","of","of","ADP","IN",NA,"13","case",NA,NA
"doc52",1,1,"the potential establishment of MPAs overlapping with the spawning sites of a straddling or highly-migratory fish stock could have positive spillover effects for the respective fisheries.",76,76,12,"12","a","a","DET","DT","Definite=Ind|PronType=Art","13","det",NA,NA
"doc52",1,1,"the potential establishment of MPAs overlapping with the spawning sites of a straddling or highly-migratory fish stock could have positive spillover effects for the respective fisheries.",78,87,13,"13","straddling","straddling","NOUN","NN","Number=Sing","10","nmod",NA,NA
"doc52",1,1,"the potential establishment of MPAs overlapping with the spawning sites of a straddling or highly-migratory fish stock could have positive spillover effects for the respective fisheries.",89,90,14,"14","or","or","CCONJ","CC",NA,"19","cc",NA,NA
"doc52",1,1,"the potential establishment of MPAs overlapping with the spawning sites of a straddling or highly-migratory fish stock could have positive spillover effects for the respective fisheries.",92,97,15,"15","highly","highly","ADV","RB",NA,"17","advmod",NA,"SpaceAfter=No"
"doc52",1,1,"the potential establishment of MPAs overlapping with the spawning sites of a straddling or highly-migratory fish stock could have positive spillover effects for the respective fisheries.",98,98,16,"16","-","-","PUNCT","HYPH",NA,"17","punct",NA,"SpaceAfter=No"
"doc52",1,1,"the potential establishment of MPAs overlapping with the spawning sites of a straddling or highly-migratory fish stock could have positive spillover effects for the respective fisheries.",99,107,17,"17","migratory","migratory","ADJ","JJ","Degree=Pos","19","amod",NA,NA
"doc52",1,1,"the potential establishment of MPAs overlapping with the spawning sites of a straddling or highly-migratory fish stock could have positive spillover effects for the respective fisheries.",109,112,18,"18","fish","fish","NOUN","NN","Number=Sing","19","compound",NA,NA
"doc52",1,1,"the potential establishment of MPAs overlapping with the spawning sites of a straddling or highly-migratory fish stock could have positive spillover effects for the respective fisheries.",114,118,19,"19","stock","stock","NOUN","NN","Number=Sing","13","conj",NA,NA
"doc52",1,1,"the potential establishment of MPAs overlapping with the spawning sites of a straddling or highly-migratory fish stock could have positive spillover effects for the respective fisheries.",120,124,20,"20","could","could","AUX","MD","VerbForm=Fin","21","aux",NA,NA
"doc52",1,1,"the potential establishment of MPAs overlapping with the spawning sites of a straddling or highly-migratory fish stock could have positive spillover effects for the respective fisheries.",126,129,21,"21","have","have","VERB","VB","VerbForm=Inf","0","root",NA,NA
"doc52",1,1,"the potential establishment of MPAs overlapping with the spawning sites of a straddling or highly-migratory fish stock could have positive spillover effects for the respective fisheries.",131,138,22,"22","positive","positive","ADJ","JJ","Degree=Pos","24","amod",NA,NA
"doc52",1,1,"the potential establishment of MPAs overlapping with the spawning sites of a straddling or highly-migratory fish stock could have positive spillover effects for the respective fisheries.",140,148,23,"23","spillover","spillover","NOUN","NN","Number=Sing","24","compound",NA,NA
"doc52",1,1,"the potential establishment of MPAs overlapping with the spawning sites of a straddling or highly-migratory fish stock could have positive spillover effects for the respective fisheries.",150,156,24,"24","effects","effect","NOUN","NNS","Number=Plur","21","obj",NA,NA
"doc52",1,1,"the potential establishment of MPAs overlapping with the spawning sites of a straddling or highly-migratory fish stock could have positive spillover effects for the respective fisheries.",158,160,25,"25","for","for","ADP","IN",NA,"28","case",NA,NA
"doc52",1,1,"the potential establishment of MPAs overlapping with the spawning sites of a straddling or highly-migratory fish stock could have positive spillover effects for the respective fisheries.",162,164,26,"26","the","the","DET","DT","Definite=Def|PronType=Art","28","det",NA,NA
"doc52",1,1,"the potential establishment of MPAs overlapping with the spawning sites of a straddling or highly-migratory fish stock could have positive spillover effects for the respective fisheries.",166,175,27,"27","respective","respective","ADJ","JJ","Degree=Pos","28","amod",NA,NA
"doc52",1,1,"the potential establishment of MPAs overlapping with the spawning sites of a straddling or highly-migratory fish stock could have positive spillover effects for the respective fisheries.",177,185,28,"28","fisheries","fishery","NOUN","NNS","Number=Plur","24","nmod",NA,"SpaceAfter=No"
"doc52",1,1,"the potential establishment of MPAs overlapping with the spawning sites of a straddling or highly-migratory fish stock could have positive spillover effects for the respective fisheries.",186,186,29,"29",".",".","PUNCT",".",NA,"21","punct",NA,"SpacesAfter=\n"
"doc53",1,1,"LDCs and SIDS are entering into the negotiation at a considerable disadvantage in relation to OECD states, many of which are among those most active in ABNJ today.",1,4,1,"1","LDCs","LDCs","NOUN","NNS","Number=Plur","5","nsubj",NA,NA
"doc53",1,1,"LDCs and SIDS are entering into the negotiation at a considerable disadvantage in relation to OECD states, many of which are among those most active in ABNJ today.",6,8,2,"2","and","and","CCONJ","CC",NA,"3","cc",NA,NA
"doc53",1,1,"LDCs and SIDS are entering into the negotiation at a considerable disadvantage in relation to OECD states, many of which are among those most active in ABNJ today.",10,13,3,"3","SIDS","SIDS","NOUN","NNS","Number=Plur","1","conj",NA,NA
"doc53",1,1,"LDCs and SIDS are entering into the negotiation at a considerable disadvantage in relation to OECD states, many of which are among those most active in ABNJ today.",15,17,4,"4","are","be","AUX","VBP","Mood=Ind|Tense=Pres|VerbForm=Fin","5","aux",NA,NA
"doc53",1,1,"LDCs and SIDS are entering into the negotiation at a considerable disadvantage in relation to OECD states, many of which are among those most active in ABNJ today.",19,26,5,"5","entering","enter","VERB","VBG","Tense=Pres|VerbForm=Part","0","root",NA,NA
"doc53",1,1,"LDCs and SIDS are entering into the negotiation at a considerable disadvantage in relation to OECD states, many of which are among those most active in ABNJ today.",28,31,6,"6","into","into","ADP","IN",NA,"8","case",NA,NA
"doc53",1,1,"LDCs and SIDS are entering into the negotiation at a considerable disadvantage in relation to OECD states, many of which are among those most active in ABNJ today.",33,35,7,"7","the","the","DET","DT","Definite=Def|PronType=Art","8","det",NA,NA
"doc53",1,1,"LDCs and SIDS are entering into the negotiation at a considerable disadvantage in relation to OECD states, many of which are among those most active in ABNJ today.",37,47,8,"8","negotiation","negotiation","NOUN","NN","Number=Sing","5","obl",NA,NA
"doc53",1,1,"LDCs and SIDS are entering into the negotiation at a considerable disadvantage in relation to OECD states, many of which are among those most active in ABNJ today.",49,50,9,"9","at","at","ADP","IN",NA,"12","case",NA,NA
"doc53",1,1,"LDCs and SIDS are entering into the negotiation at a considerable disadvantage in relation to OECD states, many of which are among those most active in ABNJ today.",52,52,10,"10","a","a","DET","DT","Definite=Ind|PronType=Art","12","det",NA,NA
"doc53",1,1,"LDCs and SIDS are entering into the negotiation at a considerable disadvantage in relation to OECD states, many of which are among those most active in ABNJ today.",54,65,11,"11","considerable","considerable","ADJ","JJ","Degree=Pos","12","amod",NA,NA
"doc53",1,1,"LDCs and SIDS are entering into the negotiation at a considerable disadvantage in relation to OECD states, many of which are among those most active in ABNJ today.",67,78,12,"12","disadvantage","disadvantage","NOUN","NN","Number=Sing","5","obl",NA,NA
"doc53",1,1,"LDCs and SIDS are entering into the negotiation at a considerable disadvantage in relation to OECD states, many of which are among those most active in ABNJ today.",80,81,13,"13","in","in","ADP","IN",NA,"14","case",NA,NA
"doc53",1,1,"LDCs and SIDS are entering into the negotiation at a considerable disadvantage in relation to OECD states, many of which are among those most active in ABNJ today.",83,90,14,"14","relation","relation","NOUN","NN","Number=Sing","12","nmod",NA,NA
"doc53",1,1,"LDCs and SIDS are entering into the negotiation at a considerable disadvantage in relation to OECD states, many of which are among those most active in ABNJ today.",92,93,15,"15","to","to","ADP","IN",NA,"17","case",NA,NA
"doc53",1,1,"LDCs and SIDS are entering into the negotiation at a considerable disadvantage in relation to OECD states, many of which are among those most active in ABNJ today.",95,98,16,"16","OECD","Oec","PROPN","NNP","Number=Sing","17","compound",NA,NA
"doc53",1,1,"LDCs and SIDS are entering into the negotiation at a considerable disadvantage in relation to OECD states, many of which are among those most active in ABNJ today.",100,105,17,"17","states","state","PROPN","NNP","Number=Sing","14","nmod",NA,"SpaceAfter=No"
"doc53",1,1,"LDCs and SIDS are entering into the negotiation at a considerable disadvantage in relation to OECD states, many of which are among those most active in ABNJ today.",106,106,18,"18",",",",","PUNCT",",",NA,"5","punct",NA,NA
"doc53",1,1,"LDCs and SIDS are entering into the negotiation at a considerable disadvantage in relation to OECD states, many of which are among those most active in ABNJ today.",108,111,19,"19","many","many","ADJ","JJ","Degree=Pos","29","nsubj",NA,NA
"doc53",1,1,"LDCs and SIDS are entering into the negotiation at a considerable disadvantage in relation to OECD states, many of which are among those most active in ABNJ today.",113,114,20,"20","of","of","ADP","IN",NA,"21","case",NA,NA
"doc53",1,1,"LDCs and SIDS are entering into the negotiation at a considerable disadvantage in relation to OECD states, many of which are among those most active in ABNJ today.",116,120,21,"21","which","which","PRON","WDT","PronType=Rel","19","obl",NA,NA
"doc53",1,1,"LDCs and SIDS are entering into the negotiation at a considerable disadvantage in relation to OECD states, many of which are among those most active in ABNJ today.",122,124,22,"22","are","be","AUX","VBP","Mood=Ind|Tense=Pres|VerbForm=Fin","29","cop",NA,NA
"doc53",1,1,"LDCs and SIDS are entering into the negotiation at a considerable disadvantage in relation to OECD states, many of which are among those most active in ABNJ today.",126,130,23,"23","among","among","ADP","IN",NA,"29","case",NA,NA
"doc53",1,1,"LDCs and SIDS are entering into the negotiation at a considerable disadvantage in relation to OECD states, many of which are among those most active in ABNJ today.",132,136,24,"24","those","those","DET","DT","Number=Plur|PronType=Dem","29","det",NA,NA
"doc53",1,1,"LDCs and SIDS are entering into the negotiation at a considerable disadvantage in relation to OECD states, many of which are among those most active in ABNJ today.",138,141,25,"25","most","most","ADV","RBS",NA,"26","advmod",NA,NA
"doc53",1,1,"LDCs and SIDS are entering into the negotiation at a considerable disadvantage in relation to OECD states, many of which are among those most active in ABNJ today.",143,148,26,"26","active","active","ADJ","JJ","Degree=Pos","29","amod",NA,NA
"doc53",1,1,"LDCs and SIDS are entering into the negotiation at a considerable disadvantage in relation to OECD states, many of which are among those most active in ABNJ today.",150,151,27,"27","in","in","ADP","IN",NA,"28","case",NA,NA
"doc53",1,1,"LDCs and SIDS are entering into the negotiation at a considerable disadvantage in relation to OECD states, many of which are among those most active in ABNJ today.",153,156,28,"28","ABNJ","ABNJ","PROPN","NNP","Number=Sing","26","obl",NA,NA
"doc53",1,1,"LDCs and SIDS are entering into the negotiation at a considerable disadvantage in relation to OECD states, many of which are among those most active in ABNJ today.",158,162,29,"29","today","today","NOUN","NN","Number=Sing","5","ccomp",NA,"SpaceAfter=No"
"doc53",1,1,"LDCs and SIDS are entering into the negotiation at a considerable disadvantage in relation to OECD states, many of which are among those most active in ABNJ today.",163,163,30,"30",".",".","PUNCT",".",NA,"5","punct",NA,"SpacesAfter=\n"
"doc54",1,1,"to establish a financial mechanism capable of mobilizing ocean funds from a range of sources including public (national governments and multilateral organizations), philanthropic donors and innovative avenues including public-private partnerships.",1,2,1,"1","to","to","PART","TO",NA,"2","mark",NA,NA
"doc54",1,1,"to establish a financial mechanism capable of mobilizing ocean funds from a range of sources including public (national governments and multilateral organizations), philanthropic donors and innovative avenues including public-private partnerships.",4,12,2,"2","establish","establish","VERB","VB","VerbForm=Inf","0","root",NA,NA
"doc54",1,1,"to establish a financial mechanism capable of mobilizing ocean funds from a range of sources including public (national governments and multilateral organizations), philanthropic donors and innovative avenues including public-private partnerships.",14,14,3,"3","a","a","DET","DT","Definite=Ind|PronType=Art","5","det",NA,NA
"doc54",1,1,"to establish a financial mechanism capable of mobilizing ocean funds from a range of sources including public (national governments and multilateral organizations), philanthropic donors and innovative avenues including public-private partnerships.",16,24,4,"4","financial","financial","ADJ","JJ","Degree=Pos","5","amod",NA,NA
"doc54",1,1,"to establish a financial mechanism capable of mobilizing ocean funds from a range of sources including public (national governments and multilateral organizations), philanthropic donors and innovative avenues including public-private partnerships.",26,34,5,"5","mechanism","mechanism","NOUN","NN","Number=Sing","2","obj",NA,NA
"doc54",1,1,"to establish a financial mechanism capable of mobilizing ocean funds from a range of sources including public (national governments and multilateral organizations), philanthropic donors and innovative avenues including public-private partnerships.",36,42,6,"6","capable","capable","ADJ","JJ","Degree=Pos","2","xcomp",NA,NA
"doc54",1,1,"to establish a financial mechanism capable of mobilizing ocean funds from a range of sources including public (national governments and multilateral organizations), philanthropic donors and innovative avenues including public-private partnerships.",44,45,7,"7","of","of","SCONJ","IN",NA,"8","mark",NA,NA
"doc54",1,1,"to establish a financial mechanism capable of mobilizing ocean funds from a range of sources including public (national governments and multilateral organizations), philanthropic donors and innovative avenues including public-private partnerships.",47,56,8,"8","mobilizing","mobilizing","VERB","VBG","VerbForm=Ger","6","advcl",NA,NA
"doc54",1,1,"to establish a financial mechanism capable of mobilizing ocean funds from a range of sources including public (national governments and multilateral organizations), philanthropic donors and innovative avenues including public-private partnerships.",58,62,9,"9","ocean","ocean","ADJ","JJ","Degree=Pos","10","amod",NA,NA
"doc54",1,1,"to establish a financial mechanism capable of mobilizing ocean funds from a range of sources including public (national governments and multilateral organizations), philanthropic donors and innovative avenues including public-private partnerships.",64,68,10,"10","funds","fund","NOUN","NNS","Number=Plur","8","obj",NA,NA
"doc54",1,1,"to establish a financial mechanism capable of mobilizing ocean funds from a range of sources including public (national governments and multilateral organizations), philanthropic donors and innovative avenues including public-private partnerships.",70,73,11,"11","from","from","ADP","IN",NA,"13","case",NA,NA
"doc54",1,1,"to establish a financial mechanism capable of mobilizing ocean funds from a range of sources including public (national governments and multilateral organizations), philanthropic donors and innovative avenues including public-private partnerships.",75,75,12,"12","a","a","DET","DT","Definite=Ind|PronType=Art","13","det",NA,NA
"doc54",1,1,"to establish a financial mechanism capable of mobilizing ocean funds from a range of sources including public (national governments and multilateral organizations), philanthropic donors and innovative avenues including public-private partnerships.",77,81,13,"13","range","range","NOUN","NN","Number=Sing","8","obl",NA,NA
"doc54",1,1,"to establish a financial mechanism capable of mobilizing ocean funds from a range of sources including public (national governments and multilateral organizations), philanthropic donors and innovative avenues including public-private partnerships.",83,84,14,"14","of","of","ADP","IN",NA,"15","case",NA,NA
"doc54",1,1,"to establish a financial mechanism capable of mobilizing ocean funds from a range of sources including public (national governments and multilateral organizations), philanthropic donors and innovative avenues including public-private partnerships.",86,92,15,"15","sources","source","NOUN","NNS","Number=Plur","13","nmod",NA,NA
"doc54",1,1,"to establish a financial mechanism capable of mobilizing ocean funds from a range of sources including public (national governments and multilateral organizations), philanthropic donors and innovative avenues including public-private partnerships.",94,102,16,"16","including","include","VERB","VBG","VerbForm=Ger","20","case",NA,NA
"doc54",1,1,"to establish a financial mechanism capable of mobilizing ocean funds from a range of sources including public (national governments and multilateral organizations), philanthropic donors and innovative avenues including public-private partnerships.",104,109,17,"17","public","public","ADJ","JJ","Degree=Pos","20","amod",NA,NA
"doc54",1,1,"to establish a financial mechanism capable of mobilizing ocean funds from a range of sources including public (national governments and multilateral organizations), philanthropic donors and innovative avenues including public-private partnerships.",111,111,18,"18","(","(","PUNCT","-LRB-",NA,"20","punct",NA,"SpaceAfter=No"
"doc54",1,1,"to establish a financial mechanism capable of mobilizing ocean funds from a range of sources including public (national governments and multilateral organizations), philanthropic donors and innovative avenues including public-private partnerships.",112,119,19,"19","national","national","ADJ","JJ","Degree=Pos","20","amod",NA,NA
"doc54",1,1,"to establish a financial mechanism capable of mobilizing ocean funds from a range of sources including public (national governments and multilateral organizations), philanthropic donors and innovative avenues including public-private partnerships.",121,131,20,"20","governments","government","NOUN","NNS","Number=Plur","15","nmod",NA,NA
"doc54",1,1,"to establish a financial mechanism capable of mobilizing ocean funds from a range of sources including public (national governments and multilateral organizations), philanthropic donors and innovative avenues including public-private partnerships.",133,135,21,"21","and","and","CCONJ","CC",NA,"23","cc",NA,NA
"doc54",1,1,"to establish a financial mechanism capable of mobilizing ocean funds from a range of sources including public (national governments and multilateral organizations), philanthropic donors and innovative avenues including public-private partnerships.",137,148,22,"22","multilateral","multilateral","ADJ","JJ","Degree=Pos","23","amod",NA,NA
"doc54",1,1,"to establish a financial mechanism capable of mobilizing ocean funds from a range of sources including public (national governments and multilateral organizations), philanthropic donors and innovative avenues including public-private partnerships.",150,162,23,"23","organizations","organization","NOUN","NNS","Number=Plur","20","conj",NA,"SpaceAfter=No"
"doc54",1,1,"to establish a financial mechanism capable of mobilizing ocean funds from a range of sources including public (national governments and multilateral organizations), philanthropic donors and innovative avenues including public-private partnerships.",163,163,24,"24",")",")","PUNCT","-RRB-",NA,"2","punct",NA,"SpaceAfter=No"
"doc54",1,1,"to establish a financial mechanism capable of mobilizing ocean funds from a range of sources including public (national governments and multilateral organizations), philanthropic donors and innovative avenues including public-private partnerships.",164,164,25,"25",",",",","PUNCT",",",NA,"27","punct",NA,NA
"doc54",1,1,"to establish a financial mechanism capable of mobilizing ocean funds from a range of sources including public (national governments and multilateral organizations), philanthropic donors and innovative avenues including public-private partnerships.",166,178,26,"26","philanthropic","philanthropic","ADJ","JJ","Degree=Pos","27","amod",NA,NA
"doc54",1,1,"to establish a financial mechanism capable of mobilizing ocean funds from a range of sources including public (national governments and multilateral organizations), philanthropic donors and innovative avenues including public-private partnerships.",180,185,27,"27","donors","donor","NOUN","NNS","Number=Plur","30","conj",NA,NA
"doc54",1,1,"to establish a financial mechanism capable of mobilizing ocean funds from a range of sources including public (national governments and multilateral organizations), philanthropic donors and innovative avenues including public-private partnerships.",187,189,28,"28","and","and","CCONJ","CC",NA,"30","cc",NA,NA
"doc54",1,1,"to establish a financial mechanism capable of mobilizing ocean funds from a range of sources including public (national governments and multilateral organizations), philanthropic donors and innovative avenues including public-private partnerships.",191,200,29,"29","innovative","innovative","ADJ","JJ","Degree=Pos","30","amod",NA,NA
"doc54",1,1,"to establish a financial mechanism capable of mobilizing ocean funds from a range of sources including public (national governments and multilateral organizations), philanthropic donors and innovative avenues including public-private partnerships.",202,208,30,"30","avenues","avenue","NOUN","NNS","Number=Plur","2","conj",NA,NA
"doc54",1,1,"to establish a financial mechanism capable of mobilizing ocean funds from a range of sources including public (national governments and multilateral organizations), philanthropic donors and innovative avenues including public-private partnerships.",210,218,31,"31","including","include","VERB","VBG","VerbForm=Ger","35","case",NA,NA
"doc54",1,1,"to establish a financial mechanism capable of mobilizing ocean funds from a range of sources including public (national governments and multilateral organizations), philanthropic donors and innovative avenues including public-private partnerships.",220,225,32,"32","public","public","ADJ","JJ","Degree=Pos","34","amod",NA,"SpaceAfter=No"
"doc54",1,1,"to establish a financial mechanism capable of mobilizing ocean funds from a range of sources including public (national governments and multilateral organizations), philanthropic donors and innovative avenues including public-private partnerships.",226,226,33,"33","-","-","PUNCT","HYPH",NA,"34","punct",NA,"SpaceAfter=No"
"doc54",1,1,"to establish a financial mechanism capable of mobilizing ocean funds from a range of sources including public (national governments and multilateral organizations), philanthropic donors and innovative avenues including public-private partnerships.",227,233,34,"34","private","private","ADJ","JJ","Degree=Pos","35","amod",NA,NA
"doc54",1,1,"to establish a financial mechanism capable of mobilizing ocean funds from a range of sources including public (national governments and multilateral organizations), philanthropic donors and innovative avenues including public-private partnerships.",235,246,35,"35","partnerships","partnership","NOUN","NNS","Number=Plur","30","nmod",NA,"SpaceAfter=No"
"doc54",1,1,"to establish a financial mechanism capable of mobilizing ocean funds from a range of sources including public (national governments and multilateral organizations), philanthropic donors and innovative avenues including public-private partnerships.",247,247,36,"36",".",".","PUNCT",".",NA,"2","punct",NA,"SpacesAfter=\n"
"doc55",1,1,"to create a global scientific body tasked with developing proposals for MPAs in line with existing processes",1,2,1,"1","to","to","PART","TO",NA,"2","mark",NA,NA
"doc55",1,1,"to create a global scientific body tasked with developing proposals for MPAs in line with existing processes",4,9,2,"2","create","create","VERB","VB","VerbForm=Inf","0","root",NA,NA
"doc55",1,1,"to create a global scientific body tasked with developing proposals for MPAs in line with existing processes",11,11,3,"3","a","a","DET","DT","Definite=Ind|PronType=Art","6","det",NA,NA
"doc55",1,1,"to create a global scientific body tasked with developing proposals for MPAs in line with existing processes",13,18,4,"4","global","global","ADJ","JJ","Degree=Pos","6","amod",NA,NA
"doc55",1,1,"to create a global scientific body tasked with developing proposals for MPAs in line with existing processes",20,29,5,"5","scientific","scientific","ADJ","JJ","Degree=Pos","6","amod",NA,NA
"doc55",1,1,"to create a global scientific body tasked with developing proposals for MPAs in line with existing processes",31,34,6,"6","body","body","NOUN","NN","Number=Sing","2","obj",NA,NA
"doc55",1,1,"to create a global scientific body tasked with developing proposals for MPAs in line with existing processes",36,41,7,"7","tasked","task","VERB","VBN","Tense=Past|VerbForm=Part","2","xcomp",NA,NA
"doc55",1,1,"to create a global scientific body tasked with developing proposals for MPAs in line with existing processes",43,46,8,"8","with","with","SCONJ","IN",NA,"9","mark",NA,NA
"doc55",1,1,"to create a global scientific body tasked with developing proposals for MPAs in line with existing processes",48,57,9,"9","developing","develop","VERB","VBG","VerbForm=Ger","7","advcl",NA,NA
"doc55",1,1,"to create a global scientific body tasked with developing proposals for MPAs in line with existing processes",59,67,10,"10","proposals","proposal","NOUN","NNS","Number=Plur","9","obj",NA,NA
"doc55",1,1,"to create a global scientific body tasked with developing proposals for MPAs in line with existing processes",69,71,11,"11","for","for","ADP","IN",NA,"12","case",NA,NA
"doc55",1,1,"to create a global scientific body tasked with developing proposals for MPAs in line with existing processes",73,76,12,"12","MPAs","MPAs","NOUN","NNS","Number=Plur","10","nmod",NA,NA
"doc55",1,1,"to create a global scientific body tasked with developing proposals for MPAs in line with existing processes",78,79,13,"13","in","in","ADP","IN",NA,"14","case",NA,NA
"doc55",1,1,"to create a global scientific body tasked with developing proposals for MPAs in line with existing processes",81,84,14,"14","line","line","NOUN","NN","Number=Sing","9","obl",NA,NA
"doc55",1,1,"to create a global scientific body tasked with developing proposals for MPAs in line with existing processes",86,89,15,"15","with","with","SCONJ","IN",NA,"16","mark",NA,NA
"doc55",1,1,"to create a global scientific body tasked with developing proposals for MPAs in line with existing processes",91,98,16,"16","existing","exist","VERB","VBG","VerbForm=Ger","9","advcl",NA,NA
"doc55",1,1,"to create a global scientific body tasked with developing proposals for MPAs in line with existing processes",100,108,17,"17","processes","process","NOUN","NNS","Number=Plur","16","obj",NA,"SpacesAfter=\n"
"doc56",1,1,"to take an holistic apporach for the conservation and sustainable use of BBNJ.",1,2,1,"1","to","to","PART","TO",NA,"2","mark",NA,NA
"doc56",1,1,"to take an holistic apporach for the conservation and sustainable use of BBNJ.",4,7,2,"2","take","take","VERB","VB","VerbForm=Inf","0","root",NA,NA
"doc56",1,1,"to take an holistic apporach for the conservation and sustainable use of BBNJ.",9,10,3,"3","an","a","DET","DT","Definite=Ind|PronType=Art","5","det",NA,NA
"doc56",1,1,"to take an holistic apporach for the conservation and sustainable use of BBNJ.",12,19,4,"4","holistic","holistic","ADJ","JJ","Degree=Pos","5","amod",NA,NA
"doc56",1,1,"to take an holistic apporach for the conservation and sustainable use of BBNJ.",21,28,5,"5","apporach","apporach","NOUN","NN","Number=Sing","2","obj",NA,NA
"doc56",1,1,"to take an holistic apporach for the conservation and sustainable use of BBNJ.",30,32,6,"6","for","for","ADP","IN",NA,"8","case",NA,NA
"doc56",1,1,"to take an holistic apporach for the conservation and sustainable use of BBNJ.",34,36,7,"7","the","the","DET","DT","Definite=Def|PronType=Art","8","det",NA,NA
"doc56",1,1,"to take an holistic apporach for the conservation and sustainable use of BBNJ.",38,49,8,"8","conservation","conservation","NOUN","NN","Number=Sing","5","nmod",NA,NA
"doc56",1,1,"to take an holistic apporach for the conservation and sustainable use of BBNJ.",51,53,9,"9","and","and","CCONJ","CC",NA,"11","cc",NA,NA
"doc56",1,1,"to take an holistic apporach for the conservation and sustainable use of BBNJ.",55,65,10,"10","sustainable","sustainable","ADJ","JJ","Degree=Pos","11","amod",NA,NA
"doc56",1,1,"to take an holistic apporach for the conservation and sustainable use of BBNJ.",67,69,11,"11","use","use","NOUN","NN","Number=Sing","8","conj",NA,NA
"doc56",1,1,"to take an holistic apporach for the conservation and sustainable use of BBNJ.",71,72,12,"12","of","of","ADP","IN",NA,"13","case",NA,NA
"doc56",1,1,"to take an holistic apporach for the conservation and sustainable use of BBNJ.",74,77,13,"13","BBNJ","BBNJ","PROPN","NNP","Number=Sing","11","nmod",NA,"SpaceAfter=No"
"doc56",1,1,"to take an holistic apporach for the conservation and sustainable use of BBNJ.",78,78,14,"14",".",".","PUNCT",".",NA,"2","punct",NA,"SpacesAfter=\n"
"doc57",1,1,"MPAs installed in adjacent jurisdictions will likely carry benefits for RFMOs' closures through spillover effects.",1,4,1,"1","MPAs","MPA","AUX","VBZ","Mood=Ind|Number=Sing|Person=3|Tense=Pres|VerbForm=Fin","2","aux",NA,NA
"doc57",1,1,"MPAs installed in adjacent jurisdictions will likely carry benefits for RFMOs' closures through spillover effects.",6,14,2,"2","installed","install","VERB","VBN","Tense=Past|VerbForm=Part","8","csubj",NA,NA
"doc57",1,1,"MPAs installed in adjacent jurisdictions will likely carry benefits for RFMOs' closures through spillover effects.",16,17,3,"3","in","in","ADP","IN",NA,"5","case",NA,NA
"doc57",1,1,"MPAs installed in adjacent jurisdictions will likely carry benefits for RFMOs' closures through spillover effects.",19,26,4,"4","adjacent","adjacent","ADJ","JJ","Degree=Pos","5","amod",NA,NA
"doc57",1,1,"MPAs installed in adjacent jurisdictions will likely carry benefits for RFMOs' closures through spillover effects.",28,40,5,"5","jurisdictions","jurisdiction","NOUN","NNS","Number=Plur","2","obl",NA,NA
"doc57",1,1,"MPAs installed in adjacent jurisdictions will likely carry benefits for RFMOs' closures through spillover effects.",42,45,6,"6","will","will","AUX","MD","VerbForm=Fin","8","aux",NA,NA
"doc57",1,1,"MPAs installed in adjacent jurisdictions will likely carry benefits for RFMOs' closures through spillover effects.",47,52,7,"7","likely","likely","ADV","RB",NA,"8","advmod",NA,NA
"doc57",1,1,"MPAs installed in adjacent jurisdictions will likely carry benefits for RFMOs' closures through spillover effects.",54,58,8,"8","carry","carry","VERB","VB","VerbForm=Inf","0","root",NA,NA
"doc57",1,1,"MPAs installed in adjacent jurisdictions will likely carry benefits for RFMOs' closures through spillover effects.",60,67,9,"9","benefits","benefit","NOUN","NNS","Number=Plur","8","obj",NA,NA
"doc57",1,1,"MPAs installed in adjacent jurisdictions will likely carry benefits for RFMOs' closures through spillover effects.",69,71,10,"10","for","for","ADP","IN",NA,"13","case",NA,NA
"doc57",1,1,"MPAs installed in adjacent jurisdictions will likely carry benefits for RFMOs' closures through spillover effects.",73,77,11,"11","RFMOs","RFMOs","NOUN","NNS","Number=Plur","13","compound",NA,"SpaceAfter=No"
"doc57",1,1,"MPAs installed in adjacent jurisdictions will likely carry benefits for RFMOs' closures through spillover effects.",78,78,12,"12","'","'s","PUNCT","''",NA,"13","punct",NA,NA
"doc57",1,1,"MPAs installed in adjacent jurisdictions will likely carry benefits for RFMOs' closures through spillover effects.",80,87,13,"13","closures","closure","NOUN","NNS","Number=Plur","8","obl",NA,NA
"doc57",1,1,"MPAs installed in adjacent jurisdictions will likely carry benefits for RFMOs' closures through spillover effects.",89,95,14,"14","through","through","ADP","IN",NA,"16","case",NA,NA
"doc57",1,1,"MPAs installed in adjacent jurisdictions will likely carry benefits for RFMOs' closures through spillover effects.",97,105,15,"15","spillover","spillover","NOUN","NN","Number=Sing","16","compound",NA,NA
"doc57",1,1,"MPAs installed in adjacent jurisdictions will likely carry benefits for RFMOs' closures through spillover effects.",107,113,16,"16","effects","effect","NOUN","NNS","Number=Plur","13","nmod",NA,"SpaceAfter=No"
"doc57",1,1,"MPAs installed in adjacent jurisdictions will likely carry benefits for RFMOs' closures through spillover effects.",114,114,17,"17",".",".","PUNCT",".",NA,"8","punct",NA,"SpacesAfter=\n"
"doc58",1,1,"to adopt an environmental stewardship as the intellectual basis for an effective, governance framework which would meaningfully balance competing values, uses and interests.",1,2,1,"1","to","to","PART","TO",NA,"2","mark",NA,NA
"doc58",1,1,"to adopt an environmental stewardship as the intellectual basis for an effective, governance framework which would meaningfully balance competing values, uses and interests.",4,8,2,"2","adopt","adopt","VERB","VB","VerbForm=Inf","0","root",NA,NA
"doc58",1,1,"to adopt an environmental stewardship as the intellectual basis for an effective, governance framework which would meaningfully balance competing values, uses and interests.",10,11,3,"3","an","a","DET","DT","Definite=Ind|PronType=Art","5","det",NA,NA
"doc58",1,1,"to adopt an environmental stewardship as the intellectual basis for an effective, governance framework which would meaningfully balance competing values, uses and interests.",13,25,4,"4","environmental","environmental","ADJ","JJ","Degree=Pos","5","amod",NA,NA
"doc58",1,1,"to adopt an environmental stewardship as the intellectual basis for an effective, governance framework which would meaningfully balance competing values, uses and interests.",27,37,5,"5","stewardship","stewardship","NOUN","NN","Number=Sing","2","obj",NA,NA
"doc58",1,1,"to adopt an environmental stewardship as the intellectual basis for an effective, governance framework which would meaningfully balance competing values, uses and interests.",39,40,6,"6","as","as","ADP","IN",NA,"9","case",NA,NA
"doc58",1,1,"to adopt an environmental stewardship as the intellectual basis for an effective, governance framework which would meaningfully balance competing values, uses and interests.",42,44,7,"7","the","the","DET","DT","Definite=Def|PronType=Art","9","det",NA,NA
"doc58",1,1,"to adopt an environmental stewardship as the intellectual basis for an effective, governance framework which would meaningfully balance competing values, uses and interests.",46,57,8,"8","intellectual","intellectual","ADJ","JJ","Degree=Pos","9","amod",NA,NA
"doc58",1,1,"to adopt an environmental stewardship as the intellectual basis for an effective, governance framework which would meaningfully balance competing values, uses and interests.",59,63,9,"9","basis","basis","NOUN","NN","Number=Sing","2","obl",NA,NA
"doc58",1,1,"to adopt an environmental stewardship as the intellectual basis for an effective, governance framework which would meaningfully balance competing values, uses and interests.",65,67,10,"10","for","for","ADP","IN",NA,"15","case",NA,NA
"doc58",1,1,"to adopt an environmental stewardship as the intellectual basis for an effective, governance framework which would meaningfully balance competing values, uses and interests.",69,70,11,"11","an","a","DET","DT","Definite=Ind|PronType=Art","15","det",NA,NA
"doc58",1,1,"to adopt an environmental stewardship as the intellectual basis for an effective, governance framework which would meaningfully balance competing values, uses and interests.",72,80,12,"12","effective","effective","ADJ","JJ","Degree=Pos","15","amod",NA,"SpaceAfter=No"
"doc58",1,1,"to adopt an environmental stewardship as the intellectual basis for an effective, governance framework which would meaningfully balance competing values, uses and interests.",81,81,13,"13",",",",","PUNCT",",",NA,"15","punct",NA,NA
"doc58",1,1,"to adopt an environmental stewardship as the intellectual basis for an effective, governance framework which would meaningfully balance competing values, uses and interests.",83,92,14,"14","governance","governance","NOUN","NN","Number=Sing","15","compound",NA,NA
"doc58",1,1,"to adopt an environmental stewardship as the intellectual basis for an effective, governance framework which would meaningfully balance competing values, uses and interests.",94,102,15,"15","framework","framework","NOUN","NN","Number=Sing","2","obl",NA,NA
"doc58",1,1,"to adopt an environmental stewardship as the intellectual basis for an effective, governance framework which would meaningfully balance competing values, uses and interests.",104,108,16,"16","which","which","PRON","WDT","PronType=Rel","19","nsubj",NA,NA
"doc58",1,1,"to adopt an environmental stewardship as the intellectual basis for an effective, governance framework which would meaningfully balance competing values, uses and interests.",110,114,17,"17","would","would","AUX","MD","VerbForm=Fin","19","aux",NA,NA
"doc58",1,1,"to adopt an environmental stewardship as the intellectual basis for an effective, governance framework which would meaningfully balance competing values, uses and interests.",116,127,18,"18","meaningfully","meaningfully","ADV","RB",NA,"19","advmod",NA,NA
"doc58",1,1,"to adopt an environmental stewardship as the intellectual basis for an effective, governance framework which would meaningfully balance competing values, uses and interests.",129,135,19,"19","balance","balance","VERB","VB","VerbForm=Inf","15","acl:relcl",NA,NA
"doc58",1,1,"to adopt an environmental stewardship as the intellectual basis for an effective, governance framework which would meaningfully balance competing values, uses and interests.",137,145,20,"20","competing","compete","VERB","VBG","VerbForm=Ger","19","advcl",NA,NA
"doc58",1,1,"to adopt an environmental stewardship as the intellectual basis for an effective, governance framework which would meaningfully balance competing values, uses and interests.",147,152,21,"21","values","value","NOUN","NNS","Number=Plur","20","obj",NA,"SpaceAfter=No"
"doc58",1,1,"to adopt an environmental stewardship as the intellectual basis for an effective, governance framework which would meaningfully balance competing values, uses and interests.",153,153,22,"22",",",",","PUNCT",",",NA,"23","punct",NA,NA
"doc58",1,1,"to adopt an environmental stewardship as the intellectual basis for an effective, governance framework which would meaningfully balance competing values, uses and interests.",155,158,23,"23","uses","use","NOUN","NNS","Number=Plur","21","conj",NA,NA
"doc58",1,1,"to adopt an environmental stewardship as the intellectual basis for an effective, governance framework which would meaningfully balance competing values, uses and interests.",160,162,24,"24","and","and","CCONJ","CC",NA,"25","cc",NA,NA
"doc58",1,1,"to adopt an environmental stewardship as the intellectual basis for an effective, governance framework which would meaningfully balance competing values, uses and interests.",164,172,25,"25","interests","interest","NOUN","NNS","Number=Plur","21","conj",NA,"SpaceAfter=No"
"doc58",1,1,"to adopt an environmental stewardship as the intellectual basis for an effective, governance framework which would meaningfully balance competing values, uses and interests.",173,173,26,"26",".",".","PUNCT",".",NA,"2","punct",NA,"SpacesAfter=\n"
"doc59",1,1,"There are divergent views on regulation of the scientific research.",1,5,1,"1","There","there","PRON","EX",NA,"2","expl",NA,NA
"doc59",1,1,"There are divergent views on regulation of the scientific research.",7,9,2,"2","are","be","VERB","VBP","Mood=Ind|Tense=Pres|VerbForm=Fin","0","root",NA,NA
"doc59",1,1,"There are divergent views on regulation of the scientific research.",11,19,3,"3","divergent","divergent","ADJ","JJ","Degree=Pos","4","amod",NA,NA
"doc59",1,1,"There are divergent views on regulation of the scientific research.",21,25,4,"4","views","view","NOUN","NNS","Number=Plur","2","nsubj",NA,NA
"doc59",1,1,"There are divergent views on regulation of the scientific research.",27,28,5,"5","on","on","ADP","IN",NA,"6","case",NA,NA
"doc59",1,1,"There are divergent views on regulation of the scientific research.",30,39,6,"6","regulation","regulation","NOUN","NN","Number=Sing","4","nmod",NA,NA
"doc59",1,1,"There are divergent views on regulation of the scientific research.",41,42,7,"7","of","of","ADP","IN",NA,"10","case",NA,NA
"doc59",1,1,"There are divergent views on regulation of the scientific research.",44,46,8,"8","the","the","DET","DT","Definite=Def|PronType=Art","10","det",NA,NA
"doc59",1,1,"There are divergent views on regulation of the scientific research.",48,57,9,"9","scientific","scientific","ADJ","JJ","Degree=Pos","10","amod",NA,NA
"doc59",1,1,"There are divergent views on regulation of the scientific research.",59,66,10,"10","research","research","NOUN","NN","Number=Sing","6","nmod",NA,"SpaceAfter=No"
"doc59",1,1,"There are divergent views on regulation of the scientific research.",67,67,11,"11",".",".","PUNCT",".",NA,"2","punct",NA,"SpacesAfter=\n"
"doc60",1,1,"Lack of elaboration on the concepts addressing the role of States in the designation of MPAs in ABNJ: due regard, adjacency, compatibility, sovereignty.",1,4,1,"1","Lack","lack","NOUN","NN","Number=Sing","0","root",NA,NA
"doc60",1,1,"Lack of elaboration on the concepts addressing the role of States in the designation of MPAs in ABNJ: due regard, adjacency, compatibility, sovereignty.",6,7,2,"2","of","of","ADP","IN",NA,"3","case",NA,NA
"doc60",1,1,"Lack of elaboration on the concepts addressing the role of States in the designation of MPAs in ABNJ: due regard, adjacency, compatibility, sovereignty.",9,19,3,"3","elaboration","elaboration","NOUN","NN","Number=Sing","1","nmod",NA,NA
"doc60",1,1,"Lack of elaboration on the concepts addressing the role of States in the designation of MPAs in ABNJ: due regard, adjacency, compatibility, sovereignty.",21,22,4,"4","on","on","ADP","IN",NA,"6","case",NA,NA
"doc60",1,1,"Lack of elaboration on the concepts addressing the role of States in the designation of MPAs in ABNJ: due regard, adjacency, compatibility, sovereignty.",24,26,5,"5","the","the","DET","DT","Definite=Def|PronType=Art","6","det",NA,NA
"doc60",1,1,"Lack of elaboration on the concepts addressing the role of States in the designation of MPAs in ABNJ: due regard, adjacency, compatibility, sovereignty.",28,35,6,"6","concepts","concept","NOUN","NNS","Number=Plur","1","nmod",NA,NA
"doc60",1,1,"Lack of elaboration on the concepts addressing the role of States in the designation of MPAs in ABNJ: due regard, adjacency, compatibility, sovereignty.",37,46,7,"7","addressing","address","VERB","VBG","VerbForm=Ger","1","acl",NA,NA
"doc60",1,1,"Lack of elaboration on the concepts addressing the role of States in the designation of MPAs in ABNJ: due regard, adjacency, compatibility, sovereignty.",48,50,8,"8","the","the","DET","DT","Definite=Def|PronType=Art","9","det",NA,NA
"doc60",1,1,"Lack of elaboration on the concepts addressing the role of States in the designation of MPAs in ABNJ: due regard, adjacency, compatibility, sovereignty.",52,55,9,"9","role","role","NOUN","NN","Number=Sing","7","obj",NA,NA
"doc60",1,1,"Lack of elaboration on the concepts addressing the role of States in the designation of MPAs in ABNJ: due regard, adjacency, compatibility, sovereignty.",57,58,10,"10","of","of","ADP","IN",NA,"11","case",NA,NA
"doc60",1,1,"Lack of elaboration on the concepts addressing the role of States in the designation of MPAs in ABNJ: due regard, adjacency, compatibility, sovereignty.",60,65,11,"11","States","States","PROPN","NNP","Number=Sing","9","nmod",NA,NA
"doc60",1,1,"Lack of elaboration on the concepts addressing the role of States in the designation of MPAs in ABNJ: due regard, adjacency, compatibility, sovereignty.",67,68,12,"12","in","in","ADP","IN",NA,"14","case",NA,NA
"doc60",1,1,"Lack of elaboration on the concepts addressing the role of States in the designation of MPAs in ABNJ: due regard, adjacency, compatibility, sovereignty.",70,72,13,"13","the","the","DET","DT","Definite=Def|PronType=Art","14","det",NA,NA
"doc60",1,1,"Lack of elaboration on the concepts addressing the role of States in the designation of MPAs in ABNJ: due regard, adjacency, compatibility, sovereignty.",74,84,14,"14","designation","designation","NOUN","NN","Number=Sing","9","nmod",NA,NA
"doc60",1,1,"Lack of elaboration on the concepts addressing the role of States in the designation of MPAs in ABNJ: due regard, adjacency, compatibility, sovereignty.",86,87,15,"15","of","of","ADP","IN",NA,"16","case",NA,NA
"doc60",1,1,"Lack of elaboration on the concepts addressing the role of States in the designation of MPAs in ABNJ: due regard, adjacency, compatibility, sovereignty.",89,92,16,"16","MPAs","MPAs","PROPN","NNPS","Number=Plur","14","nmod",NA,NA
"doc60",1,1,"Lack of elaboration on the concepts addressing the role of States in the designation of MPAs in ABNJ: due regard, adjacency, compatibility, sovereignty.",94,95,17,"17","in","in","ADP","IN",NA,"18","case",NA,NA
"doc60",1,1,"Lack of elaboration on the concepts addressing the role of States in the designation of MPAs in ABNJ: due regard, adjacency, compatibility, sovereignty.",97,100,18,"18","ABNJ","ABNJ","PROPN","NNP","Number=Sing","14","nmod",NA,"SpaceAfter=No"
"doc60",1,1,"Lack of elaboration on the concepts addressing the role of States in the designation of MPAs in ABNJ: due regard, adjacency, compatibility, sovereignty.",101,101,19,"19",":",":","PUNCT",":",NA,"1","punct",NA,NA
"doc60",1,1,"Lack of elaboration on the concepts addressing the role of States in the designation of MPAs in ABNJ: due regard, adjacency, compatibility, sovereignty.",103,105,20,"20","due","due","ADP","IN",NA,"21","case",NA,NA
"doc60",1,1,"Lack of elaboration on the concepts addressing the role of States in the designation of MPAs in ABNJ: due regard, adjacency, compatibility, sovereignty.",107,112,21,"21","regard","regard","NOUN","NN","Number=Sing","1","parataxis",NA,"SpaceAfter=No"
"doc60",1,1,"Lack of elaboration on the concepts addressing the role of States in the designation of MPAs in ABNJ: due regard, adjacency, compatibility, sovereignty.",113,113,22,"22",",",",","PUNCT",",",NA,"23","punct",NA,NA
"doc60",1,1,"Lack of elaboration on the concepts addressing the role of States in the designation of MPAs in ABNJ: due regard, adjacency, compatibility, sovereignty.",115,123,23,"23","adjacency","adjacency","NOUN","NN","Number=Sing","21","conj",NA,"SpaceAfter=No"
"doc60",1,1,"Lack of elaboration on the concepts addressing the role of States in the designation of MPAs in ABNJ: due regard, adjacency, compatibility, sovereignty.",124,124,24,"24",",",",","PUNCT",",",NA,"25","punct",NA,NA
"doc60",1,1,"Lack of elaboration on the concepts addressing the role of States in the designation of MPAs in ABNJ: due regard, adjacency, compatibility, sovereignty.",126,138,25,"25","compatibility","compatibility","NOUN","NN","Number=Sing","21","conj",NA,"SpaceAfter=No"
"doc60",1,1,"Lack of elaboration on the concepts addressing the role of States in the designation of MPAs in ABNJ: due regard, adjacency, compatibility, sovereignty.",139,139,26,"26",",",",","PUNCT",",",NA,"27","punct",NA,NA
"doc60",1,1,"Lack of elaboration on the concepts addressing the role of States in the designation of MPAs in ABNJ: due regard, adjacency, compatibility, sovereignty.",141,151,27,"27","sovereignty","sovereignty","NOUN","NN","Number=Sing","21","conj",NA,"SpaceAfter=No"
"doc60",1,1,"Lack of elaboration on the concepts addressing the role of States in the designation of MPAs in ABNJ: due regard, adjacency, compatibility, sovereignty.",152,152,28,"28",".",".","PUNCT",".",NA,"1","punct",NA,"SpacesAfter=\n"
"doc61",1,1,"To emphasise the cross-cutting nature of science and the role of diplomacy in promoting science as a mechanism to galvanize international cooperation.",1,2,1,"1","To","to","PART","TO",NA,"2","mark",NA,NA
"doc61",1,1,"To emphasise the cross-cutting nature of science and the role of diplomacy in promoting science as a mechanism to galvanize international cooperation.",4,12,2,"2","emphasise","emphasise","VERB","VB","VerbForm=Inf","0","root",NA,NA
"doc61",1,1,"To emphasise the cross-cutting nature of science and the role of diplomacy in promoting science as a mechanism to galvanize international cooperation.",14,16,3,"3","the","the","DET","DT","Definite=Def|PronType=Art","4","det",NA,NA
"doc61",1,1,"To emphasise the cross-cutting nature of science and the role of diplomacy in promoting science as a mechanism to galvanize international cooperation.",18,22,4,"4","cross","cross","NOUN","NN","Number=Sing","2","obj",NA,"SpaceAfter=No"
"doc61",1,1,"To emphasise the cross-cutting nature of science and the role of diplomacy in promoting science as a mechanism to galvanize international cooperation.",23,30,5,"5","-cutting","-cutt","VERB","VBG","VerbForm=Ger","4","acl",NA,NA
"doc61",1,1,"To emphasise the cross-cutting nature of science and the role of diplomacy in promoting science as a mechanism to galvanize international cooperation.",32,37,6,"6","nature","nature","NOUN","NN","Number=Sing","5","obj",NA,NA
"doc61",1,1,"To emphasise the cross-cutting nature of science and the role of diplomacy in promoting science as a mechanism to galvanize international cooperation.",39,40,7,"7","of","of","ADP","IN",NA,"8","case",NA,NA
"doc61",1,1,"To emphasise the cross-cutting nature of science and the role of diplomacy in promoting science as a mechanism to galvanize international cooperation.",42,48,8,"8","science","science","NOUN","NN","Number=Sing","6","nmod",NA,NA
"doc61",1,1,"To emphasise the cross-cutting nature of science and the role of diplomacy in promoting science as a mechanism to galvanize international cooperation.",50,52,9,"9","and","and","CCONJ","CC",NA,"11","cc",NA,NA
"doc61",1,1,"To emphasise the cross-cutting nature of science and the role of diplomacy in promoting science as a mechanism to galvanize international cooperation.",54,56,10,"10","the","the","DET","DT","Definite=Def|PronType=Art","11","det",NA,NA
"doc61",1,1,"To emphasise the cross-cutting nature of science and the role of diplomacy in promoting science as a mechanism to galvanize international cooperation.",58,61,11,"11","role","role","NOUN","NN","Number=Sing","6","conj",NA,NA
"doc61",1,1,"To emphasise the cross-cutting nature of science and the role of diplomacy in promoting science as a mechanism to galvanize international cooperation.",63,64,12,"12","of","of","ADP","IN",NA,"13","case",NA,NA
"doc61",1,1,"To emphasise the cross-cutting nature of science and the role of diplomacy in promoting science as a mechanism to galvanize international cooperation.",66,74,13,"13","diplomacy","diplomacy","NOUN","NN","Number=Sing","11","nmod",NA,NA
"doc61",1,1,"To emphasise the cross-cutting nature of science and the role of diplomacy in promoting science as a mechanism to galvanize international cooperation.",76,77,14,"14","in","in","SCONJ","IN",NA,"15","mark",NA,NA
"doc61",1,1,"To emphasise the cross-cutting nature of science and the role of diplomacy in promoting science as a mechanism to galvanize international cooperation.",79,87,15,"15","promoting","promote","VERB","VBG","VerbForm=Ger","11","acl",NA,NA
"doc61",1,1,"To emphasise the cross-cutting nature of science and the role of diplomacy in promoting science as a mechanism to galvanize international cooperation.",89,95,16,"16","science","science","NOUN","NN","Number=Sing","15","obj",NA,NA
"doc61",1,1,"To emphasise the cross-cutting nature of science and the role of diplomacy in promoting science as a mechanism to galvanize international cooperation.",97,98,17,"17","as","as","ADP","IN",NA,"19","case",NA,NA
"doc61",1,1,"To emphasise the cross-cutting nature of science and the role of diplomacy in promoting science as a mechanism to galvanize international cooperation.",100,100,18,"18","a","a","DET","DT","Definite=Ind|PronType=Art","19","det",NA,NA
"doc61",1,1,"To emphasise the cross-cutting nature of science and the role of diplomacy in promoting science as a mechanism to galvanize international cooperation.",102,110,19,"19","mechanism","mechanism","NOUN","NN","Number=Sing","15","obl",NA,NA
"doc61",1,1,"To emphasise the cross-cutting nature of science and the role of diplomacy in promoting science as a mechanism to galvanize international cooperation.",112,113,20,"20","to","to","PART","TO",NA,"21","mark",NA,NA
"doc61",1,1,"To emphasise the cross-cutting nature of science and the role of diplomacy in promoting science as a mechanism to galvanize international cooperation.",115,123,21,"21","galvanize","galvanize","VERB","VB","VerbForm=Inf","15","xcomp",NA,NA
"doc61",1,1,"To emphasise the cross-cutting nature of science and the role of diplomacy in promoting science as a mechanism to galvanize international cooperation.",125,137,22,"22","international","international","ADJ","JJ","Degree=Pos","23","amod",NA,NA
"doc61",1,1,"To emphasise the cross-cutting nature of science and the role of diplomacy in promoting science as a mechanism to galvanize international cooperation.",139,149,23,"23","cooperation","cooperation","NOUN","NN","Number=Sing","21","obj",NA,"SpaceAfter=No"
"doc61",1,1,"To emphasise the cross-cutting nature of science and the role of diplomacy in promoting science as a mechanism to galvanize international cooperation.",150,150,24,"24",".",".","PUNCT",".",NA,"2","punct",NA,"SpacesAfter=\n"
"doc62",1,1,"The term not undermine may have the potential to deliver many effective protections for biodiversity that would be unlikely to achieve through a heavily globally-focused approach.",1,3,1,"1","The","the","DET","DT","Definite=Def|PronType=Art","2","det",NA,NA
"doc62",1,1,"The term not undermine may have the potential to deliver many effective protections for biodiversity that would be unlikely to achieve through a heavily globally-focused approach.",5,8,2,"2","term","term","NOUN","NN","Number=Sing","6","nsubj",NA,NA
"doc62",1,1,"The term not undermine may have the potential to deliver many effective protections for biodiversity that would be unlikely to achieve through a heavily globally-focused approach.",10,12,3,"3","not","not","ADV","RB",NA,"6","advmod",NA,NA
"doc62",1,1,"The term not undermine may have the potential to deliver many effective protections for biodiversity that would be unlikely to achieve through a heavily globally-focused approach.",14,22,4,"4","undermine","undermine","PRON","PRP",NA,"6","nsubj",NA,NA
"doc62",1,1,"The term not undermine may have the potential to deliver many effective protections for biodiversity that would be unlikely to achieve through a heavily globally-focused approach.",24,26,5,"5","may","may","AUX","MD","VerbForm=Fin","6","aux",NA,NA
"doc62",1,1,"The term not undermine may have the potential to deliver many effective protections for biodiversity that would be unlikely to achieve through a heavily globally-focused approach.",28,31,6,"6","have","have","VERB","VB","VerbForm=Inf","0","root",NA,NA
"doc62",1,1,"The term not undermine may have the potential to deliver many effective protections for biodiversity that would be unlikely to achieve through a heavily globally-focused approach.",33,35,7,"7","the","the","DET","DT","Definite=Def|PronType=Art","8","det",NA,NA
"doc62",1,1,"The term not undermine may have the potential to deliver many effective protections for biodiversity that would be unlikely to achieve through a heavily globally-focused approach.",37,45,8,"8","potential","potential","NOUN","NN","Number=Sing","6","obj",NA,NA
"doc62",1,1,"The term not undermine may have the potential to deliver many effective protections for biodiversity that would be unlikely to achieve through a heavily globally-focused approach.",47,48,9,"9","to","to","PART","TO",NA,"10","mark",NA,NA
"doc62",1,1,"The term not undermine may have the potential to deliver many effective protections for biodiversity that would be unlikely to achieve through a heavily globally-focused approach.",50,56,10,"10","deliver","deliver","VERB","VB","VerbForm=Inf","8","acl",NA,NA
"doc62",1,1,"The term not undermine may have the potential to deliver many effective protections for biodiversity that would be unlikely to achieve through a heavily globally-focused approach.",58,61,11,"11","many","many","ADJ","JJ","Degree=Pos","13","amod",NA,NA
"doc62",1,1,"The term not undermine may have the potential to deliver many effective protections for biodiversity that would be unlikely to achieve through a heavily globally-focused approach.",63,71,12,"12","effective","effective","ADJ","JJ","Degree=Pos","13","amod",NA,NA
"doc62",1,1,"The term not undermine may have the potential to deliver many effective protections for biodiversity that would be unlikely to achieve through a heavily globally-focused approach.",73,83,13,"13","protections","protections","NOUN","NNS","Number=Plur","10","obj",NA,NA
"doc62",1,1,"The term not undermine may have the potential to deliver many effective protections for biodiversity that would be unlikely to achieve through a heavily globally-focused approach.",85,87,14,"14","for","for","ADP","IN",NA,"15","case",NA,NA
"doc62",1,1,"The term not undermine may have the potential to deliver many effective protections for biodiversity that would be unlikely to achieve through a heavily globally-focused approach.",89,100,15,"15","biodiversity","biodiversity","NOUN","NN","Number=Sing","13","nmod",NA,NA
"doc62",1,1,"The term not undermine may have the potential to deliver many effective protections for biodiversity that would be unlikely to achieve through a heavily globally-focused approach.",102,105,16,"16","that","that","PRON","WDT","PronType=Rel","19","nsubj",NA,NA
"doc62",1,1,"The term not undermine may have the potential to deliver many effective protections for biodiversity that would be unlikely to achieve through a heavily globally-focused approach.",107,111,17,"17","would","would","AUX","MD","VerbForm=Fin","19","aux",NA,NA
"doc62",1,1,"The term not undermine may have the potential to deliver many effective protections for biodiversity that would be unlikely to achieve through a heavily globally-focused approach.",113,114,18,"18","be","be","AUX","VB","VerbForm=Inf","19","cop",NA,NA
"doc62",1,1,"The term not undermine may have the potential to deliver many effective protections for biodiversity that would be unlikely to achieve through a heavily globally-focused approach.",116,123,19,"19","unlikely","unlikely","ADJ","JJ","Degree=Pos","15","acl:relcl",NA,NA
"doc62",1,1,"The term not undermine may have the potential to deliver many effective protections for biodiversity that would be unlikely to achieve through a heavily globally-focused approach.",125,126,20,"20","to","to","PART","TO",NA,"21","mark",NA,NA
"doc62",1,1,"The term not undermine may have the potential to deliver many effective protections for biodiversity that would be unlikely to achieve through a heavily globally-focused approach.",128,134,21,"21","achieve","achieve","VERB","VB","VerbForm=Inf","19","advcl",NA,NA
"doc62",1,1,"The term not undermine may have the potential to deliver many effective protections for biodiversity that would be unlikely to achieve through a heavily globally-focused approach.",136,142,22,"22","through","through","ADP","IN",NA,"28","case",NA,NA
"doc62",1,1,"The term not undermine may have the potential to deliver many effective protections for biodiversity that would be unlikely to achieve through a heavily globally-focused approach.",144,144,23,"23","a","a","DET","DT","Definite=Ind|PronType=Art","28","det",NA,NA
"doc62",1,1,"The term not undermine may have the potential to deliver many effective protections for biodiversity that would be unlikely to achieve through a heavily globally-focused approach.",146,152,24,"24","heavily","heavily","ADV","RB",NA,"27","advmod",NA,NA
"doc62",1,1,"The term not undermine may have the potential to deliver many effective protections for biodiversity that would be unlikely to achieve through a heavily globally-focused approach.",154,161,25,"25","globally","globally","ADV","RB",NA,"27","advmod",NA,"SpaceAfter=No"
"doc62",1,1,"The term not undermine may have the potential to deliver many effective protections for biodiversity that would be unlikely to achieve through a heavily globally-focused approach.",162,162,26,"26","-","-","PUNCT","HYPH",NA,"27","punct",NA,"SpaceAfter=No"
"doc62",1,1,"The term not undermine may have the potential to deliver many effective protections for biodiversity that would be unlikely to achieve through a heavily globally-focused approach.",163,169,27,"27","focused","focus","VERB","VBN","Tense=Past|VerbForm=Part","28","amod",NA,NA
"doc62",1,1,"The term not undermine may have the potential to deliver many effective protections for biodiversity that would be unlikely to achieve through a heavily globally-focused approach.",171,178,28,"28","approach","approach","NOUN","NN","Number=Sing","21","obl",NA,"SpaceAfter=No"
"doc62",1,1,"The term not undermine may have the potential to deliver many effective protections for biodiversity that would be unlikely to achieve through a heavily globally-focused approach.",179,179,29,"29",".",".","PUNCT",".",NA,"6","punct",NA,"SpacesAfter=\n"
"doc63",1,1,"the concept of a single BBNJ scientific community, could be challenging to identify since the breadth of issues relating to the BBNJ agreement.",1,3,1,"1","the","the","DET","DT","Definite=Def|PronType=Art","2","det",NA,NA
"doc63",1,1,"the concept of a single BBNJ scientific community, could be challenging to identify since the breadth of issues relating to the BBNJ agreement.",5,11,2,"2","concept","concept","NOUN","NN","Number=Sing","12","nsubj",NA,NA
"doc63",1,1,"the concept of a single BBNJ scientific community, could be challenging to identify since the breadth of issues relating to the BBNJ agreement.",13,14,3,"3","of","of","ADP","IN",NA,"8","case",NA,NA
"doc63",1,1,"the concept of a single BBNJ scientific community, could be challenging to identify since the breadth of issues relating to the BBNJ agreement.",16,16,4,"4","a","a","DET","DT","Definite=Ind|PronType=Art","8","det",NA,NA
"doc63",1,1,"the concept of a single BBNJ scientific community, could be challenging to identify since the breadth of issues relating to the BBNJ agreement.",18,23,5,"5","single","single","ADJ","JJ","Degree=Pos","8","amod",NA,NA
"doc63",1,1,"the concept of a single BBNJ scientific community, could be challenging to identify since the breadth of issues relating to the BBNJ agreement.",25,28,6,"6","BBNJ","BBNJ","PROPN","NNP","Number=Sing","8","compound",NA,NA
"doc63",1,1,"the concept of a single BBNJ scientific community, could be challenging to identify since the breadth of issues relating to the BBNJ agreement.",30,39,7,"7","scientific","scientific","ADJ","JJ","Degree=Pos","8","amod",NA,NA
"doc63",1,1,"the concept of a single BBNJ scientific community, could be challenging to identify since the breadth of issues relating to the BBNJ agreement.",41,49,8,"8","community","community","NOUN","NN","Number=Sing","2","nmod",NA,"SpaceAfter=No"
"doc63",1,1,"the concept of a single BBNJ scientific community, could be challenging to identify since the breadth of issues relating to the BBNJ agreement.",50,50,9,"9",",",",","PUNCT",",",NA,"12","punct",NA,NA
"doc63",1,1,"the concept of a single BBNJ scientific community, could be challenging to identify since the breadth of issues relating to the BBNJ agreement.",52,56,10,"10","could","could","AUX","MD","VerbForm=Fin","12","aux",NA,NA
"doc63",1,1,"the concept of a single BBNJ scientific community, could be challenging to identify since the breadth of issues relating to the BBNJ agreement.",58,59,11,"11","be","be","AUX","VB","VerbForm=Inf","12","aux",NA,NA
"doc63",1,1,"the concept of a single BBNJ scientific community, could be challenging to identify since the breadth of issues relating to the BBNJ agreement.",61,71,12,"12","challenging","challenge","VERB","VBG","Tense=Pres|VerbForm=Part","0","root",NA,NA
"doc63",1,1,"the concept of a single BBNJ scientific community, could be challenging to identify since the breadth of issues relating to the BBNJ agreement.",73,74,13,"13","to","to","PART","TO",NA,"14","mark",NA,NA
"doc63",1,1,"the concept of a single BBNJ scientific community, could be challenging to identify since the breadth of issues relating to the BBNJ agreement.",76,83,14,"14","identify","identify","VERB","VB","VerbForm=Inf","12","xcomp",NA,NA
"doc63",1,1,"the concept of a single BBNJ scientific community, could be challenging to identify since the breadth of issues relating to the BBNJ agreement.",85,89,15,"15","since","since","ADP","IN",NA,"17","case",NA,NA
"doc63",1,1,"the concept of a single BBNJ scientific community, could be challenging to identify since the breadth of issues relating to the BBNJ agreement.",91,93,16,"16","the","the","DET","DT","Definite=Def|PronType=Art","17","det",NA,NA
"doc63",1,1,"the concept of a single BBNJ scientific community, could be challenging to identify since the breadth of issues relating to the BBNJ agreement.",95,101,17,"17","breadth","breadth","NOUN","NN","Number=Sing","14","obl",NA,NA
"doc63",1,1,"the concept of a single BBNJ scientific community, could be challenging to identify since the breadth of issues relating to the BBNJ agreement.",103,104,18,"18","of","of","ADP","IN",NA,"19","case",NA,NA
"doc63",1,1,"the concept of a single BBNJ scientific community, could be challenging to identify since the breadth of issues relating to the BBNJ agreement.",106,111,19,"19","issues","issue","NOUN","NNS","Number=Plur","17","nmod",NA,NA
"doc63",1,1,"the concept of a single BBNJ scientific community, could be challenging to identify since the breadth of issues relating to the BBNJ agreement.",113,120,20,"20","relating","relate","VERB","VBG","VerbForm=Ger","19","acl",NA,NA
"doc63",1,1,"the concept of a single BBNJ scientific community, could be challenging to identify since the breadth of issues relating to the BBNJ agreement.",122,123,21,"21","to","to","ADP","IN",NA,"24","case",NA,NA
"doc63",1,1,"the concept of a single BBNJ scientific community, could be challenging to identify since the breadth of issues relating to the BBNJ agreement.",125,127,22,"22","the","the","DET","DT","Definite=Def|PronType=Art","24","det",NA,NA
"doc63",1,1,"the concept of a single BBNJ scientific community, could be challenging to identify since the breadth of issues relating to the BBNJ agreement.",129,132,23,"23","BBNJ","BBNJ","PROPN","NNP","Number=Sing","24","compound",NA,NA
"doc63",1,1,"the concept of a single BBNJ scientific community, could be challenging to identify since the breadth of issues relating to the BBNJ agreement.",134,142,24,"24","agreement","agreement","NOUN","NN","Number=Sing","20","obl",NA,"SpaceAfter=No"
"doc63",1,1,"the concept of a single BBNJ scientific community, could be challenging to identify since the breadth of issues relating to the BBNJ agreement.",143,143,25,"25",".",".","PUNCT",".",NA,"12","punct",NA,"SpacesAfter=\n"
"doc64",1,1,"To ensure an integrated approach recognizing the diverse nature of the rights and interests of States and the need for an equitable balancing of rights and interests.",1,2,1,"1","To","to","PART","TO",NA,"2","mark",NA,NA
"doc64",1,1,"To ensure an integrated approach recognizing the diverse nature of the rights and interests of States and the need for an equitable balancing of rights and interests.",4,9,2,"2","ensure","ensure","VERB","VB","VerbForm=Inf","0","root",NA,NA
"doc64",1,1,"To ensure an integrated approach recognizing the diverse nature of the rights and interests of States and the need for an equitable balancing of rights and interests.",11,12,3,"3","an","a","DET","DT","Definite=Ind|PronType=Art","5","det",NA,NA
"doc64",1,1,"To ensure an integrated approach recognizing the diverse nature of the rights and interests of States and the need for an equitable balancing of rights and interests.",14,23,4,"4","integrated","integrated","VERB","VBN","Tense=Past|VerbForm=Part","5","amod",NA,NA
"doc64",1,1,"To ensure an integrated approach recognizing the diverse nature of the rights and interests of States and the need for an equitable balancing of rights and interests.",25,32,5,"5","approach","approach","NOUN","NN","Number=Sing","2","obj",NA,NA
"doc64",1,1,"To ensure an integrated approach recognizing the diverse nature of the rights and interests of States and the need for an equitable balancing of rights and interests.",34,44,6,"6","recognizing","recognize","VERB","VBG","VerbForm=Ger","5","acl",NA,NA
"doc64",1,1,"To ensure an integrated approach recognizing the diverse nature of the rights and interests of States and the need for an equitable balancing of rights and interests.",46,48,7,"7","the","the","DET","DT","Definite=Def|PronType=Art","9","det",NA,NA
"doc64",1,1,"To ensure an integrated approach recognizing the diverse nature of the rights and interests of States and the need for an equitable balancing of rights and interests.",50,56,8,"8","diverse","diverse","ADJ","JJ","Degree=Pos","9","amod",NA,NA
"doc64",1,1,"To ensure an integrated approach recognizing the diverse nature of the rights and interests of States and the need for an equitable balancing of rights and interests.",58,63,9,"9","nature","nature","NOUN","NN","Number=Sing","6","obj",NA,NA
"doc64",1,1,"To ensure an integrated approach recognizing the diverse nature of the rights and interests of States and the need for an equitable balancing of rights and interests.",65,66,10,"10","of","of","ADP","IN",NA,"12","case",NA,NA
"doc64",1,1,"To ensure an integrated approach recognizing the diverse nature of the rights and interests of States and the need for an equitable balancing of rights and interests.",68,70,11,"11","the","the","DET","DT","Definite=Def|PronType=Art","12","det",NA,NA
"doc64",1,1,"To ensure an integrated approach recognizing the diverse nature of the rights and interests of States and the need for an equitable balancing of rights and interests.",72,77,12,"12","rights","rights","NOUN","NNS","Number=Plur","9","nmod",NA,NA
"doc64",1,1,"To ensure an integrated approach recognizing the diverse nature of the rights and interests of States and the need for an equitable balancing of rights and interests.",79,81,13,"13","and","and","CCONJ","CC",NA,"14","cc",NA,NA
"doc64",1,1,"To ensure an integrated approach recognizing the diverse nature of the rights and interests of States and the need for an equitable balancing of rights and interests.",83,91,14,"14","interests","interests","NOUN","NNS","Number=Plur","12","conj",NA,NA
"doc64",1,1,"To ensure an integrated approach recognizing the diverse nature of the rights and interests of States and the need for an equitable balancing of rights and interests.",93,94,15,"15","of","of","ADP","IN",NA,"16","case",NA,NA
"doc64",1,1,"To ensure an integrated approach recognizing the diverse nature of the rights and interests of States and the need for an equitable balancing of rights and interests.",96,101,16,"16","States","States","PROPN","NNP","Number=Sing","12","nmod",NA,NA
"doc64",1,1,"To ensure an integrated approach recognizing the diverse nature of the rights and interests of States and the need for an equitable balancing of rights and interests.",103,105,17,"17","and","and","CCONJ","CC",NA,"19","cc",NA,NA
"doc64",1,1,"To ensure an integrated approach recognizing the diverse nature of the rights and interests of States and the need for an equitable balancing of rights and interests.",107,109,18,"18","the","the","DET","DT","Definite=Def|PronType=Art","19","det",NA,NA
"doc64",1,1,"To ensure an integrated approach recognizing the diverse nature of the rights and interests of States and the need for an equitable balancing of rights and interests.",111,114,19,"19","need","need","NOUN","NN","Number=Sing","12","conj",NA,NA
"doc64",1,1,"To ensure an integrated approach recognizing the diverse nature of the rights and interests of States and the need for an equitable balancing of rights and interests.",116,118,20,"20","for","for","ADP","IN",NA,"23","case",NA,NA
"doc64",1,1,"To ensure an integrated approach recognizing the diverse nature of the rights and interests of States and the need for an equitable balancing of rights and interests.",120,121,21,"21","an","a","DET","DT","Definite=Ind|PronType=Art","23","det",NA,NA
"doc64",1,1,"To ensure an integrated approach recognizing the diverse nature of the rights and interests of States and the need for an equitable balancing of rights and interests.",123,131,22,"22","equitable","equitable","ADJ","JJ","Degree=Pos","23","amod",NA,NA
"doc64",1,1,"To ensure an integrated approach recognizing the diverse nature of the rights and interests of States and the need for an equitable balancing of rights and interests.",133,141,23,"23","balancing","balancing","NOUN","NN","Number=Sing","19","nmod",NA,NA
"doc64",1,1,"To ensure an integrated approach recognizing the diverse nature of the rights and interests of States and the need for an equitable balancing of rights and interests.",143,144,24,"24","of","of","ADP","IN",NA,"25","case",NA,NA
"doc64",1,1,"To ensure an integrated approach recognizing the diverse nature of the rights and interests of States and the need for an equitable balancing of rights and interests.",146,151,25,"25","rights","rights","NOUN","NNS","Number=Plur","23","nmod",NA,NA
"doc64",1,1,"To ensure an integrated approach recognizing the diverse nature of the rights and interests of States and the need for an equitable balancing of rights and interests.",153,155,26,"26","and","and","CCONJ","CC",NA,"27","cc",NA,NA
"doc64",1,1,"To ensure an integrated approach recognizing the diverse nature of the rights and interests of States and the need for an equitable balancing of rights and interests.",157,165,27,"27","interests","interest","NOUN","NNS","Number=Plur","25","conj",NA,"SpaceAfter=No"
"doc64",1,1,"To ensure an integrated approach recognizing the diverse nature of the rights and interests of States and the need for an equitable balancing of rights and interests.",166,166,28,"28",".",".","PUNCT",".",NA,"2","punct",NA,"SpacesAfter=\n"
"doc65",1,1,"The concept of biodiversity is dramatically different from UNCLOS’s allocation of rights over resources.",1,3,1,"1","The","the","DET","DT","Definite=Def|PronType=Art","2","det",NA,NA
"doc65",1,1,"The concept of biodiversity is dramatically different from UNCLOS’s allocation of rights over resources.",5,11,2,"2","concept","concept","NOUN","NN","Number=Sing","7","nsubj",NA,NA
"doc65",1,1,"The concept of biodiversity is dramatically different from UNCLOS’s allocation of rights over resources.",13,14,3,"3","of","of","ADP","IN",NA,"4","case",NA,NA
"doc65",1,1,"The concept of biodiversity is dramatically different from UNCLOS’s allocation of rights over resources.",16,27,4,"4","biodiversity","biodiversity","NOUN","NN","Number=Sing","2","nmod",NA,NA
"doc65",1,1,"The concept of biodiversity is dramatically different from UNCLOS’s allocation of rights over resources.",29,30,5,"5","is","be","AUX","VBZ","Mood=Ind|Number=Sing|Person=3|Tense=Pres|VerbForm=Fin","7","cop",NA,NA
"doc65",1,1,"The concept of biodiversity is dramatically different from UNCLOS’s allocation of rights over resources.",32,43,6,"6","dramatically","dramatically","ADV","RB",NA,"7","advmod",NA,NA
"doc65",1,1,"The concept of biodiversity is dramatically different from UNCLOS’s allocation of rights over resources.",45,53,7,"7","different","different","ADJ","JJ","Degree=Pos","0","root",NA,NA
"doc65",1,1,"The concept of biodiversity is dramatically different from UNCLOS’s allocation of rights over resources.",55,58,8,"8","from","from","ADP","IN",NA,"11","case",NA,NA
"doc65",1,1,"The concept of biodiversity is dramatically different from UNCLOS’s allocation of rights over resources.",60,65,9,"9","UNCLOS","UNCLOS","PROPN","NNP","Number=Sing","11","nmod:poss",NA,"SpaceAfter=No"
"doc65",1,1,"The concept of biodiversity is dramatically different from UNCLOS’s allocation of rights over resources.",66,67,10,"10","’s","'s","PART","POS",NA,"9","case",NA,NA
"doc65",1,1,"The concept of biodiversity is dramatically different from UNCLOS’s allocation of rights over resources.",69,78,11,"11","allocation","allocation","NOUN","NN","Number=Sing","7","obl",NA,NA
"doc65",1,1,"The concept of biodiversity is dramatically different from UNCLOS’s allocation of rights over resources.",80,81,12,"12","of","of","ADP","IN",NA,"13","case",NA,NA
"doc65",1,1,"The concept of biodiversity is dramatically different from UNCLOS’s allocation of rights over resources.",83,88,13,"13","rights","right","NOUN","NNS","Number=Plur","11","nmod",NA,NA
"doc65",1,1,"The concept of biodiversity is dramatically different from UNCLOS’s allocation of rights over resources.",90,93,14,"14","over","over","ADP","IN",NA,"15","case",NA,NA
"doc65",1,1,"The concept of biodiversity is dramatically different from UNCLOS’s allocation of rights over resources.",95,103,15,"15","resources","resource","NOUN","NNS","Number=Plur","13","nmod",NA,"SpaceAfter=No"
"doc65",1,1,"The concept of biodiversity is dramatically different from UNCLOS’s allocation of rights over resources.",104,104,16,"16",".",".","PUNCT",".",NA,"7","punct",NA,"SpacesAfter=\n"
"doc66",1,1,"to introduce a sound legal basis for adopting various ABMTs, including MPAs on the high seas.",1,2,1,"1","to","to","PART","TO",NA,"2","mark",NA,NA
"doc66",1,1,"to introduce a sound legal basis for adopting various ABMTs, including MPAs on the high seas.",4,12,2,"2","introduce","introduce","VERB","VB","VerbForm=Inf","0","root",NA,NA
"doc66",1,1,"to introduce a sound legal basis for adopting various ABMTs, including MPAs on the high seas.",14,14,3,"3","a","a","DET","DT","Definite=Ind|PronType=Art","6","det",NA,NA
"doc66",1,1,"to introduce a sound legal basis for adopting various ABMTs, including MPAs on the high seas.",16,20,4,"4","sound","sound","NOUN","NN","Number=Sing","6","compound",NA,NA
"doc66",1,1,"to introduce a sound legal basis for adopting various ABMTs, including MPAs on the high seas.",22,26,5,"5","legal","legal","ADJ","JJ","Degree=Pos","4","amod",NA,NA
"doc66",1,1,"to introduce a sound legal basis for adopting various ABMTs, including MPAs on the high seas.",28,32,6,"6","basis","basis","NOUN","NN","Number=Sing","2","obj",NA,NA
"doc66",1,1,"to introduce a sound legal basis for adopting various ABMTs, including MPAs on the high seas.",34,36,7,"7","for","for","SCONJ","IN",NA,"8","mark",NA,NA
"doc66",1,1,"to introduce a sound legal basis for adopting various ABMTs, including MPAs on the high seas.",38,45,8,"8","adopting","adopt","VERB","VBG","VerbForm=Ger","2","advcl",NA,NA
"doc66",1,1,"to introduce a sound legal basis for adopting various ABMTs, including MPAs on the high seas.",47,53,9,"9","various","various","ADJ","JJ","Degree=Pos","10","amod",NA,NA
"doc66",1,1,"to introduce a sound legal basis for adopting various ABMTs, including MPAs on the high seas.",55,59,10,"10","ABMTs","ABMT","NOUN","NNS","Number=Plur","8","obj",NA,"SpaceAfter=No"
"doc66",1,1,"to introduce a sound legal basis for adopting various ABMTs, including MPAs on the high seas.",60,60,11,"11",",",",","PUNCT",",",NA,"10","punct",NA,NA
"doc66",1,1,"to introduce a sound legal basis for adopting various ABMTs, including MPAs on the high seas.",62,70,12,"12","including","include","VERB","VBG","VerbForm=Ger","13","case",NA,NA
"doc66",1,1,"to introduce a sound legal basis for adopting various ABMTs, including MPAs on the high seas.",72,75,13,"13","MPAs","MPA","NOUN","NNS","Number=Plur","10","nmod",NA,NA
"doc66",1,1,"to introduce a sound legal basis for adopting various ABMTs, including MPAs on the high seas.",77,78,14,"14","on","on","ADP","IN",NA,"17","case",NA,NA
"doc66",1,1,"to introduce a sound legal basis for adopting various ABMTs, including MPAs on the high seas.",80,82,15,"15","the","the","DET","DT","Definite=Def|PronType=Art","17","det",NA,NA
"doc66",1,1,"to introduce a sound legal basis for adopting various ABMTs, including MPAs on the high seas.",84,87,16,"16","high","high","ADJ","JJ","Degree=Pos","17","amod",NA,NA
"doc66",1,1,"to introduce a sound legal basis for adopting various ABMTs, including MPAs on the high seas.",89,92,17,"17","seas","seas","NOUN","NN","Number=Sing","13","nmod",NA,"SpaceAfter=No"
"doc66",1,1,"to introduce a sound legal basis for adopting various ABMTs, including MPAs on the high seas.",93,93,18,"18",".",".","PUNCT",".",NA,"2","punct",NA,"SpacesAfter=\n"
"doc67",1,1,"the exact meaning and scope of not undermining is still undecided.",1,3,1,"1","the","the","DET","DT","Definite=Def|PronType=Art","3","det",NA,NA
"doc67",1,1,"the exact meaning and scope of not undermining is still undecided.",5,9,2,"2","exact","exact","ADJ","JJ","Degree=Pos","3","amod",NA,NA
"doc67",1,1,"the exact meaning and scope of not undermining is still undecided.",11,17,3,"3","meaning","meaning","NOUN","NN","Number=Sing","11","nsubj",NA,NA
"doc67",1,1,"the exact meaning and scope of not undermining is still undecided.",19,21,4,"4","and","and","CCONJ","CC",NA,"5","cc",NA,NA
"doc67",1,1,"the exact meaning and scope of not undermining is still undecided.",23,27,5,"5","scope","scope","NOUN","NN","Number=Sing","3","conj",NA,NA
"doc67",1,1,"the exact meaning and scope of not undermining is still undecided.",29,30,6,"6","of","of","ADP","IN",NA,"8","case",NA,NA
"doc67",1,1,"the exact meaning and scope of not undermining is still undecided.",32,34,7,"7","not","not","PART","RB",NA,"8","advmod",NA,NA
"doc67",1,1,"the exact meaning and scope of not undermining is still undecided.",36,46,8,"8","undermining","undermine","NOUN","NN","Number=Sing","3","nmod",NA,NA
"doc67",1,1,"the exact meaning and scope of not undermining is still undecided.",48,49,9,"9","is","be","AUX","VBZ","Mood=Ind|Number=Sing|Person=3|Tense=Pres|VerbForm=Fin","11","cop",NA,NA
"doc67",1,1,"the exact meaning and scope of not undermining is still undecided.",51,55,10,"10","still","still","ADV","RB",NA,"11","advmod",NA,NA
"doc67",1,1,"the exact meaning and scope of not undermining is still undecided.",57,65,11,"11","undecided","undecided","ADJ","JJ","Degree=Pos","0","root",NA,"SpaceAfter=No"
"doc67",1,1,"the exact meaning and scope of not undermining is still undecided.",66,66,12,"12",".",".","PUNCT",".",NA,"11","punct",NA,"SpacesAfter=\n"
"doc68",1,1,"to enhance and lift the performance of existing governance frameworks for biodiversity conservation and sustainable use in the Southern hemisphere.",1,2,1,"1","to","to","PART","TO",NA,"2","mark",NA,NA
"doc68",1,1,"to enhance and lift the performance of existing governance frameworks for biodiversity conservation and sustainable use in the Southern hemisphere.",4,10,2,"2","enhance","enhance","VERB","VB","VerbForm=Inf","0","root",NA,NA
"doc68",1,1,"to enhance and lift the performance of existing governance frameworks for biodiversity conservation and sustainable use in the Southern hemisphere.",12,14,3,"3","and","and","CCONJ","CC",NA,"4","cc",NA,NA
"doc68",1,1,"to enhance and lift the performance of existing governance frameworks for biodiversity conservation and sustainable use in the Southern hemisphere.",16,19,4,"4","lift","lift","VERB","VB","VerbForm=Inf","2","conj",NA,NA
"doc68",1,1,"to enhance and lift the performance of existing governance frameworks for biodiversity conservation and sustainable use in the Southern hemisphere.",21,23,5,"5","the","the","DET","DT","Definite=Def|PronType=Art","6","det",NA,NA
"doc68",1,1,"to enhance and lift the performance of existing governance frameworks for biodiversity conservation and sustainable use in the Southern hemisphere.",25,35,6,"6","performance","performance","NOUN","NN","Number=Sing","2","obj",NA,NA
"doc68",1,1,"to enhance and lift the performance of existing governance frameworks for biodiversity conservation and sustainable use in the Southern hemisphere.",37,38,7,"7","of","of","SCONJ","IN",NA,"10","case",NA,NA
"doc68",1,1,"to enhance and lift the performance of existing governance frameworks for biodiversity conservation and sustainable use in the Southern hemisphere.",40,47,8,"8","existing","exist","VERB","VBG","VerbForm=Ger","10","amod",NA,NA
"doc68",1,1,"to enhance and lift the performance of existing governance frameworks for biodiversity conservation and sustainable use in the Southern hemisphere.",49,58,9,"9","governance","governance","NOUN","NN","Number=Sing","10","compound",NA,NA
"doc68",1,1,"to enhance and lift the performance of existing governance frameworks for biodiversity conservation and sustainable use in the Southern hemisphere.",60,69,10,"10","frameworks","framework","NOUN","NNS","Number=Plur","6","nmod",NA,NA
"doc68",1,1,"to enhance and lift the performance of existing governance frameworks for biodiversity conservation and sustainable use in the Southern hemisphere.",71,73,11,"11","for","for","ADP","IN",NA,"13","case",NA,NA
"doc68",1,1,"to enhance and lift the performance of existing governance frameworks for biodiversity conservation and sustainable use in the Southern hemisphere.",75,86,12,"12","biodiversity","biodiversity","NOUN","NN","Number=Sing","13","compound",NA,NA
"doc68",1,1,"to enhance and lift the performance of existing governance frameworks for biodiversity conservation and sustainable use in the Southern hemisphere.",88,99,13,"13","conservation","conservation","NOUN","NN","Number=Sing","10","nmod",NA,NA
"doc68",1,1,"to enhance and lift the performance of existing governance frameworks for biodiversity conservation and sustainable use in the Southern hemisphere.",101,103,14,"14","and","and","CCONJ","CC",NA,"16","cc",NA,NA
"doc68",1,1,"to enhance and lift the performance of existing governance frameworks for biodiversity conservation and sustainable use in the Southern hemisphere.",105,115,15,"15","sustainable","sustainable","ADJ","JJ","Degree=Pos","16","amod",NA,NA
"doc68",1,1,"to enhance and lift the performance of existing governance frameworks for biodiversity conservation and sustainable use in the Southern hemisphere.",117,119,16,"16","use","use","NOUN","NN","Number=Sing","10","conj",NA,NA
"doc68",1,1,"to enhance and lift the performance of existing governance frameworks for biodiversity conservation and sustainable use in the Southern hemisphere.",121,122,17,"17","in","in","ADP","IN",NA,"20","case",NA,NA
"doc68",1,1,"to enhance and lift the performance of existing governance frameworks for biodiversity conservation and sustainable use in the Southern hemisphere.",124,126,18,"18","the","the","DET","DT","Definite=Def|PronType=Art","20","det",NA,NA
"doc68",1,1,"to enhance and lift the performance of existing governance frameworks for biodiversity conservation and sustainable use in the Southern hemisphere.",128,135,19,"19","Southern","Southern","ADJ","JJ","Degree=Pos","20","amod",NA,NA
"doc68",1,1,"to enhance and lift the performance of existing governance frameworks for biodiversity conservation and sustainable use in the Southern hemisphere.",137,146,20,"20","hemisphere","hemisphere","NOUN","NN","Number=Sing","16","nmod",NA,"SpaceAfter=No"
"doc68",1,1,"to enhance and lift the performance of existing governance frameworks for biodiversity conservation and sustainable use in the Southern hemisphere.",147,147,21,"21",".",".","PUNCT",".",NA,"2","punct",NA,"SpacesAfter=\n"
"doc69",1,1,"to foster coherence and forge constructive links between the existing oceans governance framework in the South West Pacific.",1,2,1,"1","to","to","ADP","IN",NA,"3","case",NA,NA
"doc69",1,1,"to foster coherence and forge constructive links between the existing oceans governance framework in the South West Pacific.",4,9,2,"2","foster","foster","NOUN","NN","Number=Sing","3","compound",NA,NA
"doc69",1,1,"to foster coherence and forge constructive links between the existing oceans governance framework in the South West Pacific.",11,19,3,"3","coherence","coherence","NOUN","NN","Number=Sing","0","root",NA,NA
"doc69",1,1,"to foster coherence and forge constructive links between the existing oceans governance framework in the South West Pacific.",21,23,4,"4","and","and","CCONJ","CC",NA,"7","cc",NA,NA
"doc69",1,1,"to foster coherence and forge constructive links between the existing oceans governance framework in the South West Pacific.",25,29,5,"5","forge","forge","ADJ","JJ","Degree=Pos","7","amod",NA,NA
"doc69",1,1,"to foster coherence and forge constructive links between the existing oceans governance framework in the South West Pacific.",31,42,6,"6","constructive","constructive","ADJ","JJ","Degree=Pos","7","amod",NA,NA
"doc69",1,1,"to foster coherence and forge constructive links between the existing oceans governance framework in the South West Pacific.",44,48,7,"7","links","link","NOUN","NNS","Number=Plur","3","conj",NA,NA
"doc69",1,1,"to foster coherence and forge constructive links between the existing oceans governance framework in the South West Pacific.",50,56,8,"8","between","between","ADP","IN",NA,"13","case",NA,NA
"doc69",1,1,"to foster coherence and forge constructive links between the existing oceans governance framework in the South West Pacific.",58,60,9,"9","the","the","DET","DT","Definite=Def|PronType=Art","13","det",NA,NA
"doc69",1,1,"to foster coherence and forge constructive links between the existing oceans governance framework in the South West Pacific.",62,69,10,"10","existing","exist","VERB","VBG","VerbForm=Ger","11","amod",NA,NA
"doc69",1,1,"to foster coherence and forge constructive links between the existing oceans governance framework in the South West Pacific.",71,76,11,"11","oceans","oceans","NOUN","NNS","Number=Plur","13","compound",NA,NA
"doc69",1,1,"to foster coherence and forge constructive links between the existing oceans governance framework in the South West Pacific.",78,87,12,"12","governance","governance","NOUN","NN","Number=Sing","13","compound",NA,NA
"doc69",1,1,"to foster coherence and forge constructive links between the existing oceans governance framework in the South West Pacific.",89,97,13,"13","framework","framework","NOUN","NN","Number=Sing","7","nmod",NA,NA
"doc69",1,1,"to foster coherence and forge constructive links between the existing oceans governance framework in the South West Pacific.",99,100,14,"14","in","in","ADP","IN",NA,"18","case",NA,NA
"doc69",1,1,"to foster coherence and forge constructive links between the existing oceans governance framework in the South West Pacific.",102,104,15,"15","the","the","DET","DT","Definite=Def|PronType=Art","18","det",NA,NA
"doc69",1,1,"to foster coherence and forge constructive links between the existing oceans governance framework in the South West Pacific.",106,110,16,"16","South","South","PROPN","NNP","Number=Sing","18","compound",NA,NA
"doc69",1,1,"to foster coherence and forge constructive links between the existing oceans governance framework in the South West Pacific.",112,115,17,"17","West","West","PROPN","NNP","Number=Sing","18","compound",NA,NA
"doc69",1,1,"to foster coherence and forge constructive links between the existing oceans governance framework in the South West Pacific.",117,123,18,"18","Pacific","Pacific","PROPN","NNP","Number=Sing","13","nmod",NA,"SpaceAfter=No"
"doc69",1,1,"to foster coherence and forge constructive links between the existing oceans governance framework in the South West Pacific.",124,124,19,"19",".",".","PUNCT",".",NA,"3","punct",NA,"SpacesAfter=\n"
"doc70",1,1,"The Antarctic Treaty System and UNCLOS are not always compatible, possibly affecting the relationship between the Antarctic Treaty System and the BBNJ agreement.",1,3,1,"1","The","the","DET","DT","Definite=Def|PronType=Art","4","det",NA,NA
"doc70",1,1,"The Antarctic Treaty System and UNCLOS are not always compatible, possibly affecting the relationship between the Antarctic Treaty System and the BBNJ agreement.",5,13,2,"2","Antarctic","Antarctic","PROPN","NNP","Number=Sing","4","compound",NA,NA
"doc70",1,1,"The Antarctic Treaty System and UNCLOS are not always compatible, possibly affecting the relationship between the Antarctic Treaty System and the BBNJ agreement.",15,20,3,"3","Treaty","Treaty","PROPN","NNP","Number=Sing","4","compound",NA,NA
"doc70",1,1,"The Antarctic Treaty System and UNCLOS are not always compatible, possibly affecting the relationship between the Antarctic Treaty System and the BBNJ agreement.",22,27,4,"4","System","System","PROPN","NNP","Number=Sing","10","nsubj",NA,NA
"doc70",1,1,"The Antarctic Treaty System and UNCLOS are not always compatible, possibly affecting the relationship between the Antarctic Treaty System and the BBNJ agreement.",29,31,5,"5","and","and","CCONJ","CC",NA,"6","cc",NA,NA
"doc70",1,1,"The Antarctic Treaty System and UNCLOS are not always compatible, possibly affecting the relationship between the Antarctic Treaty System and the BBNJ agreement.",33,38,6,"6","UNCLOS","UNCLOS","PROPN","NNP","Number=Sing","4","conj",NA,NA
"doc70",1,1,"The Antarctic Treaty System and UNCLOS are not always compatible, possibly affecting the relationship between the Antarctic Treaty System and the BBNJ agreement.",40,42,7,"7","are","be","AUX","VBP","Mood=Ind|Tense=Pres|VerbForm=Fin","10","cop",NA,NA
"doc70",1,1,"The Antarctic Treaty System and UNCLOS are not always compatible, possibly affecting the relationship between the Antarctic Treaty System and the BBNJ agreement.",44,46,8,"8","not","not","PART","RB",NA,"10","advmod",NA,NA
"doc70",1,1,"The Antarctic Treaty System and UNCLOS are not always compatible, possibly affecting the relationship between the Antarctic Treaty System and the BBNJ agreement.",48,53,9,"9","always","always","ADV","RB",NA,"10","advmod",NA,NA
"doc70",1,1,"The Antarctic Treaty System and UNCLOS are not always compatible, possibly affecting the relationship between the Antarctic Treaty System and the BBNJ agreement.",55,64,10,"10","compatible","compatible","ADJ","JJ","Degree=Pos","0","root",NA,"SpaceAfter=No"
"doc70",1,1,"The Antarctic Treaty System and UNCLOS are not always compatible, possibly affecting the relationship between the Antarctic Treaty System and the BBNJ agreement.",65,65,11,"11",",",",","PUNCT",",",NA,"10","punct",NA,NA
"doc70",1,1,"The Antarctic Treaty System and UNCLOS are not always compatible, possibly affecting the relationship between the Antarctic Treaty System and the BBNJ agreement.",67,74,12,"12","possibly","possibly","ADV","RB",NA,"13","advmod",NA,NA
"doc70",1,1,"The Antarctic Treaty System and UNCLOS are not always compatible, possibly affecting the relationship between the Antarctic Treaty System and the BBNJ agreement.",76,84,13,"13","affecting","affecte","VERB","VBG","VerbForm=Ger","10","advcl",NA,NA
"doc70",1,1,"The Antarctic Treaty System and UNCLOS are not always compatible, possibly affecting the relationship between the Antarctic Treaty System and the BBNJ agreement.",86,88,14,"14","the","the","DET","DT","Definite=Def|PronType=Art","15","det",NA,NA
"doc70",1,1,"The Antarctic Treaty System and UNCLOS are not always compatible, possibly affecting the relationship between the Antarctic Treaty System and the BBNJ agreement.",90,101,15,"15","relationship","relationship","NOUN","NN","Number=Sing","13","obj",NA,NA
"doc70",1,1,"The Antarctic Treaty System and UNCLOS are not always compatible, possibly affecting the relationship between the Antarctic Treaty System and the BBNJ agreement.",103,109,16,"16","between","between","ADP","IN",NA,"20","case",NA,NA
"doc70",1,1,"The Antarctic Treaty System and UNCLOS are not always compatible, possibly affecting the relationship between the Antarctic Treaty System and the BBNJ agreement.",111,113,17,"17","the","the","DET","DT","Definite=Def|PronType=Art","20","det",NA,NA
"doc70",1,1,"The Antarctic Treaty System and UNCLOS are not always compatible, possibly affecting the relationship between the Antarctic Treaty System and the BBNJ agreement.",115,123,18,"18","Antarctic","Antarctic","PROPN","NNP","Number=Sing","20","compound",NA,NA
"doc70",1,1,"The Antarctic Treaty System and UNCLOS are not always compatible, possibly affecting the relationship between the Antarctic Treaty System and the BBNJ agreement.",125,130,19,"19","Treaty","Treaty","PROPN","NNP","Number=Sing","20","compound",NA,NA
"doc70",1,1,"The Antarctic Treaty System and UNCLOS are not always compatible, possibly affecting the relationship between the Antarctic Treaty System and the BBNJ agreement.",132,137,20,"20","System","system","PROPN","NNP","Number=Sing","15","nmod",NA,NA
"doc70",1,1,"The Antarctic Treaty System and UNCLOS are not always compatible, possibly affecting the relationship between the Antarctic Treaty System and the BBNJ agreement.",139,141,21,"21","and","and","CCONJ","CC",NA,"24","cc",NA,NA
"doc70",1,1,"The Antarctic Treaty System and UNCLOS are not always compatible, possibly affecting the relationship between the Antarctic Treaty System and the BBNJ agreement.",143,145,22,"22","the","the","DET","DT","Definite=Def|PronType=Art","24","det",NA,NA
"doc70",1,1,"The Antarctic Treaty System and UNCLOS are not always compatible, possibly affecting the relationship between the Antarctic Treaty System and the BBNJ agreement.",147,150,23,"23","BBNJ","Bbnj","NOUN","NN","Number=Sing","24","compound",NA,NA
"doc70",1,1,"The Antarctic Treaty System and UNCLOS are not always compatible, possibly affecting the relationship between the Antarctic Treaty System and the BBNJ agreement.",152,160,24,"24","agreement","agreement","NOUN","NN","Number=Sing","20","conj",NA,"SpaceAfter=No"
"doc70",1,1,"The Antarctic Treaty System and UNCLOS are not always compatible, possibly affecting the relationship between the Antarctic Treaty System and the BBNJ agreement.",161,161,25,"25",".",".","PUNCT",".",NA,"10","punct",NA,"SpacesAfter=\n"
"doc71",1,1,"to develop new dynamics and reform processes regarding the conservation and sustainable use of marine biodiversity under national jurisdiction and at regional level.",1,2,1,"1","to","to","PART","TO",NA,"2","mark",NA,NA
"doc71",1,1,"to develop new dynamics and reform processes regarding the conservation and sustainable use of marine biodiversity under national jurisdiction and at regional level.",4,10,2,"2","develop","develop","VERB","VB","VerbForm=Inf","0","root",NA,NA
"doc71",1,1,"to develop new dynamics and reform processes regarding the conservation and sustainable use of marine biodiversity under national jurisdiction and at regional level.",12,14,3,"3","new","new","ADJ","JJ","Degree=Pos","4","amod",NA,NA
"doc71",1,1,"to develop new dynamics and reform processes regarding the conservation and sustainable use of marine biodiversity under national jurisdiction and at regional level.",16,23,4,"4","dynamics","dynamics","NOUN","NNS","Number=Plur","2","obj",NA,NA
"doc71",1,1,"to develop new dynamics and reform processes regarding the conservation and sustainable use of marine biodiversity under national jurisdiction and at regional level.",25,27,5,"5","and","and","CCONJ","CC",NA,"6","cc",NA,NA
"doc71",1,1,"to develop new dynamics and reform processes regarding the conservation and sustainable use of marine biodiversity under national jurisdiction and at regional level.",29,34,6,"6","reform","reform","VERB","VB","VerbForm=Inf","2","conj",NA,NA
"doc71",1,1,"to develop new dynamics and reform processes regarding the conservation and sustainable use of marine biodiversity under national jurisdiction and at regional level.",36,44,7,"7","processes","process","NOUN","NNS","Number=Plur","6","obj",NA,NA
"doc71",1,1,"to develop new dynamics and reform processes regarding the conservation and sustainable use of marine biodiversity under national jurisdiction and at regional level.",46,54,8,"8","regarding","regard","VERB","VBG","VerbForm=Ger","10","case",NA,NA
"doc71",1,1,"to develop new dynamics and reform processes regarding the conservation and sustainable use of marine biodiversity under national jurisdiction and at regional level.",56,58,9,"9","the","the","DET","DT","Definite=Def|PronType=Art","10","det",NA,NA
"doc71",1,1,"to develop new dynamics and reform processes regarding the conservation and sustainable use of marine biodiversity under national jurisdiction and at regional level.",60,71,10,"10","conservation","conservation","NOUN","NN","Number=Sing","7","nmod",NA,NA
"doc71",1,1,"to develop new dynamics and reform processes regarding the conservation and sustainable use of marine biodiversity under national jurisdiction and at regional level.",73,75,11,"11","and","and","CCONJ","CC",NA,"13","cc",NA,NA
"doc71",1,1,"to develop new dynamics and reform processes regarding the conservation and sustainable use of marine biodiversity under national jurisdiction and at regional level.",77,87,12,"12","sustainable","sustainable","ADJ","JJ","Degree=Pos","13","amod",NA,NA
"doc71",1,1,"to develop new dynamics and reform processes regarding the conservation and sustainable use of marine biodiversity under national jurisdiction and at regional level.",89,91,13,"13","use","use","NOUN","NN","Number=Sing","10","conj",NA,NA
"doc71",1,1,"to develop new dynamics and reform processes regarding the conservation and sustainable use of marine biodiversity under national jurisdiction and at regional level.",93,94,14,"14","of","of","ADP","IN",NA,"16","case",NA,NA
"doc71",1,1,"to develop new dynamics and reform processes regarding the conservation and sustainable use of marine biodiversity under national jurisdiction and at regional level.",96,101,15,"15","marine","marine","NUM","CD","NumType=Card","16","nummod",NA,NA
"doc71",1,1,"to develop new dynamics and reform processes regarding the conservation and sustainable use of marine biodiversity under national jurisdiction and at regional level.",103,114,16,"16","biodiversity","biodiversity","NOUN","NN","Number=Sing","13","nmod",NA,NA
"doc71",1,1,"to develop new dynamics and reform processes regarding the conservation and sustainable use of marine biodiversity under national jurisdiction and at regional level.",116,120,17,"17","under","under","ADP","IN",NA,"19","case",NA,NA
"doc71",1,1,"to develop new dynamics and reform processes regarding the conservation and sustainable use of marine biodiversity under national jurisdiction and at regional level.",122,129,18,"18","national","national","ADJ","JJ","Degree=Pos","19","amod",NA,NA
"doc71",1,1,"to develop new dynamics and reform processes regarding the conservation and sustainable use of marine biodiversity under national jurisdiction and at regional level.",131,142,19,"19","jurisdiction","jurisdiction","NOUN","NN","Number=Sing","13","nmod",NA,NA
"doc71",1,1,"to develop new dynamics and reform processes regarding the conservation and sustainable use of marine biodiversity under national jurisdiction and at regional level.",144,146,20,"20","and","and","CCONJ","CC",NA,"23","cc",NA,NA
"doc71",1,1,"to develop new dynamics and reform processes regarding the conservation and sustainable use of marine biodiversity under national jurisdiction and at regional level.",148,149,21,"21","at","at","ADP","IN",NA,"23","case",NA,NA
"doc71",1,1,"to develop new dynamics and reform processes regarding the conservation and sustainable use of marine biodiversity under national jurisdiction and at regional level.",151,158,22,"22","regional","regional","ADJ","JJ","Degree=Pos","23","amod",NA,NA
"doc71",1,1,"to develop new dynamics and reform processes regarding the conservation and sustainable use of marine biodiversity under national jurisdiction and at regional level.",160,164,23,"23","level","level","NOUN","NN","Number=Sing","10","conj",NA,"SpaceAfter=No"
"doc71",1,1,"to develop new dynamics and reform processes regarding the conservation and sustainable use of marine biodiversity under national jurisdiction and at regional level.",165,165,24,"24",".",".","PUNCT",".",NA,"2","punct",NA,"SpacesAfter=\n"
"doc72",1,1,"to development of coordination mechanisms between existing organizations.",1,2,1,"1","to","to","ADP","IN",NA,"2","case",NA,NA
"doc72",1,1,"to development of coordination mechanisms between existing organizations.",4,14,2,"2","development","development","NOUN","NN","Number=Sing","0","root",NA,NA
"doc72",1,1,"to development of coordination mechanisms between existing organizations.",16,17,3,"3","of","of","ADP","IN",NA,"5","case",NA,NA
"doc72",1,1,"to development of coordination mechanisms between existing organizations.",19,30,4,"4","coordination","coordination","NOUN","NN","Number=Sing","5","compound",NA,NA
"doc72",1,1,"to development of coordination mechanisms between existing organizations.",32,41,5,"5","mechanisms","mechanism","NOUN","NNS","Number=Plur","2","nmod",NA,NA
"doc72",1,1,"to development of coordination mechanisms between existing organizations.",43,49,6,"6","between","between","ADP","IN",NA,"8","case",NA,NA
"doc72",1,1,"to development of coordination mechanisms between existing organizations.",51,58,7,"7","existing","exist","VERB","VBG","VerbForm=Ger","8","amod",NA,NA
"doc72",1,1,"to development of coordination mechanisms between existing organizations.",60,72,8,"8","organizations","organization","NOUN","NNS","Number=Plur","5","nmod",NA,"SpaceAfter=No"
"doc72",1,1,"to development of coordination mechanisms between existing organizations.",73,73,9,"9",".",".","PUNCT",".",NA,"2","punct",NA,"SpacesAfter=\n"
"doc73",1,1,"to ensure comprehensive and strategic management across sectors.",1,2,1,"1","to","to","PART","TO",NA,"2","mark",NA,NA
"doc73",1,1,"to ensure comprehensive and strategic management across sectors.",4,9,2,"2","ensure","ensure","VERB","VB","VerbForm=Inf","0","root",NA,NA
"doc73",1,1,"to ensure comprehensive and strategic management across sectors.",11,23,3,"3","comprehensive","comprehensive","ADJ","JJ","Degree=Pos","6","amod",NA,NA
"doc73",1,1,"to ensure comprehensive and strategic management across sectors.",25,27,4,"4","and","and","CCONJ","CC",NA,"5","cc",NA,NA
"doc73",1,1,"to ensure comprehensive and strategic management across sectors.",29,37,5,"5","strategic","strategic","ADJ","JJ","Degree=Pos","3","conj",NA,NA
"doc73",1,1,"to ensure comprehensive and strategic management across sectors.",39,48,6,"6","management","management","NOUN","NN","Number=Sing","2","obj",NA,NA
"doc73",1,1,"to ensure comprehensive and strategic management across sectors.",50,55,7,"7","across","across","ADP","IN",NA,"8","case",NA,NA
"doc73",1,1,"to ensure comprehensive and strategic management across sectors.",57,63,8,"8","sectors","sector","NOUN","NNS","Number=Plur","6","nmod",NA,"SpaceAfter=No"
"doc73",1,1,"to ensure comprehensive and strategic management across sectors.",64,64,9,"9",".",".","PUNCT",".",NA,"2","punct",NA,"SpacesAfter=\n"
"doc74",1,1,"The absence of detailed provisions on ABMTs means that the BBNJ treaty will likely generate acute legal conflicts with existing legal arrangements.",1,3,1,"1","The","the","DET","DT","Definite=Def|PronType=Art","2","det",NA,NA
"doc74",1,1,"The absence of detailed provisions on ABMTs means that the BBNJ treaty will likely generate acute legal conflicts with existing legal arrangements.",5,11,2,"2","absence","absence","NOUN","NN","Number=Sing","8","nsubj",NA,NA
"doc74",1,1,"The absence of detailed provisions on ABMTs means that the BBNJ treaty will likely generate acute legal conflicts with existing legal arrangements.",13,14,3,"3","of","of","ADP","IN",NA,"5","case",NA,NA
"doc74",1,1,"The absence of detailed provisions on ABMTs means that the BBNJ treaty will likely generate acute legal conflicts with existing legal arrangements.",16,23,4,"4","detailed","detailed","ADJ","JJ","Degree=Pos","5","amod",NA,NA
"doc74",1,1,"The absence of detailed provisions on ABMTs means that the BBNJ treaty will likely generate acute legal conflicts with existing legal arrangements.",25,34,5,"5","provisions","provision","NOUN","NNS","Number=Plur","2","nmod",NA,NA
"doc74",1,1,"The absence of detailed provisions on ABMTs means that the BBNJ treaty will likely generate acute legal conflicts with existing legal arrangements.",36,37,6,"6","on","on","ADP","IN",NA,"7","case",NA,NA
"doc74",1,1,"The absence of detailed provisions on ABMTs means that the BBNJ treaty will likely generate acute legal conflicts with existing legal arrangements.",39,43,7,"7","ABMTs","ABMTs","PROPN","NNP","Number=Sing","2","nmod",NA,NA
"doc74",1,1,"The absence of detailed provisions on ABMTs means that the BBNJ treaty will likely generate acute legal conflicts with existing legal arrangements.",45,49,8,"8","means","mean","VERB","VBZ","Mood=Ind|Number=Sing|Person=3|Tense=Pres|VerbForm=Fin","0","root",NA,NA
"doc74",1,1,"The absence of detailed provisions on ABMTs means that the BBNJ treaty will likely generate acute legal conflicts with existing legal arrangements.",51,54,9,"9","that","that","SCONJ","IN",NA,"15","mark",NA,NA
"doc74",1,1,"The absence of detailed provisions on ABMTs means that the BBNJ treaty will likely generate acute legal conflicts with existing legal arrangements.",56,58,10,"10","the","the","DET","DT","Definite=Def|PronType=Art","12","det",NA,NA
"doc74",1,1,"The absence of detailed provisions on ABMTs means that the BBNJ treaty will likely generate acute legal conflicts with existing legal arrangements.",60,63,11,"11","BBNJ","BBNJ","NOUN","NN","Number=Sing","12","compound",NA,NA
"doc74",1,1,"The absence of detailed provisions on ABMTs means that the BBNJ treaty will likely generate acute legal conflicts with existing legal arrangements.",65,70,12,"12","treaty","treaty","NOUN","NN","Number=Sing","15","nsubj",NA,NA
"doc74",1,1,"The absence of detailed provisions on ABMTs means that the BBNJ treaty will likely generate acute legal conflicts with existing legal arrangements.",72,75,13,"13","will","will","AUX","MD","VerbForm=Fin","15","aux",NA,NA
"doc74",1,1,"The absence of detailed provisions on ABMTs means that the BBNJ treaty will likely generate acute legal conflicts with existing legal arrangements.",77,82,14,"14","likely","likely","ADV","RB",NA,"15","advmod",NA,NA
"doc74",1,1,"The absence of detailed provisions on ABMTs means that the BBNJ treaty will likely generate acute legal conflicts with existing legal arrangements.",84,91,15,"15","generate","generate","VERB","VB","VerbForm=Inf","8","ccomp",NA,NA
"doc74",1,1,"The absence of detailed provisions on ABMTs means that the BBNJ treaty will likely generate acute legal conflicts with existing legal arrangements.",93,97,16,"16","acute","acute","ADP","IN",NA,"18","case",NA,NA
"doc74",1,1,"The absence of detailed provisions on ABMTs means that the BBNJ treaty will likely generate acute legal conflicts with existing legal arrangements.",99,103,17,"17","legal","legal","ADJ","JJ","Degree=Pos","18","amod",NA,NA
"doc74",1,1,"The absence of detailed provisions on ABMTs means that the BBNJ treaty will likely generate acute legal conflicts with existing legal arrangements.",105,113,18,"18","conflicts","conflict","NOUN","NNS","Number=Plur","15","obl",NA,NA
"doc74",1,1,"The absence of detailed provisions on ABMTs means that the BBNJ treaty will likely generate acute legal conflicts with existing legal arrangements.",115,118,19,"19","with","with","SCONJ","IN",NA,"20","mark",NA,NA
"doc74",1,1,"The absence of detailed provisions on ABMTs means that the BBNJ treaty will likely generate acute legal conflicts with existing legal arrangements.",120,127,20,"20","existing","exist","VERB","VBG","VerbForm=Ger","18","acl",NA,NA
"doc74",1,1,"The absence of detailed provisions on ABMTs means that the BBNJ treaty will likely generate acute legal conflicts with existing legal arrangements.",129,133,21,"21","legal","legal","ADJ","JJ","Degree=Pos","22","amod",NA,NA
"doc74",1,1,"The absence of detailed provisions on ABMTs means that the BBNJ treaty will likely generate acute legal conflicts with existing legal arrangements.",135,146,22,"22","arrangements","arrangement","NOUN","NNS","Number=Plur","20","obj",NA,"SpaceAfter=No"
"doc74",1,1,"The absence of detailed provisions on ABMTs means that the BBNJ treaty will likely generate acute legal conflicts with existing legal arrangements.",147,147,23,"23",".",".","PUNCT",".",NA,"8","punct",NA,"SpacesAfter=\n"
"doc75",1,1,"to integrate existing criteria and tools for recognizing important areas.",1,2,1,"1","to","to","PART","TO",NA,"2","mark",NA,NA
"doc75",1,1,"to integrate existing criteria and tools for recognizing important areas.",4,12,2,"2","integrate","integrate","VERB","VB","VerbForm=Inf","0","root",NA,NA
"doc75",1,1,"to integrate existing criteria and tools for recognizing important areas.",14,21,3,"3","existing","exist","VERB","VBG","VerbForm=Ger","4","amod",NA,NA
"doc75",1,1,"to integrate existing criteria and tools for recognizing important areas.",23,30,4,"4","criteria","criteria","NOUN","NNS","Number=Plur","2","obj",NA,NA
"doc75",1,1,"to integrate existing criteria and tools for recognizing important areas.",32,34,5,"5","and","and","CCONJ","CC",NA,"6","cc",NA,NA
"doc75",1,1,"to integrate existing criteria and tools for recognizing important areas.",36,40,6,"6","tools","tool","NOUN","NNS","Number=Plur","4","conj",NA,NA
"doc75",1,1,"to integrate existing criteria and tools for recognizing important areas.",42,44,7,"7","for","for","SCONJ","IN",NA,"8","mark",NA,NA
"doc75",1,1,"to integrate existing criteria and tools for recognizing important areas.",46,56,8,"8","recognizing","recognize","VERB","VBG","VerbForm=Ger","2","advcl",NA,NA
"doc75",1,1,"to integrate existing criteria and tools for recognizing important areas.",58,66,9,"9","important","important","ADJ","JJ","Degree=Pos","10","amod",NA,NA
"doc75",1,1,"to integrate existing criteria and tools for recognizing important areas.",68,72,10,"10","areas","area","NOUN","NNS","Number=Plur","8","obj",NA,"SpaceAfter=No"
"doc75",1,1,"to integrate existing criteria and tools for recognizing important areas.",73,73,11,"11",".",".","PUNCT",".",NA,"2","punct",NA,"SpacesAfter=\n"
"doc76",1,1,"to take into account other international instruments such as the CBD to achieve a comprehensive mechanism.",1,2,1,"1","to","to","PART","TO",NA,"2","mark",NA,NA
"doc76",1,1,"to take into account other international instruments such as the CBD to achieve a comprehensive mechanism.",4,7,2,"2","take","take","VERB","VB","VerbForm=Inf","0","root",NA,NA
"doc76",1,1,"to take into account other international instruments such as the CBD to achieve a comprehensive mechanism.",9,12,3,"3","into","into","ADP","IN",NA,"4","case",NA,NA
"doc76",1,1,"to take into account other international instruments such as the CBD to achieve a comprehensive mechanism.",14,20,4,"4","account","account","NOUN","NN","Number=Sing","2","obl",NA,NA
"doc76",1,1,"to take into account other international instruments such as the CBD to achieve a comprehensive mechanism.",22,26,5,"5","other","other","ADJ","JJ","Degree=Pos","7","amod",NA,NA
"doc76",1,1,"to take into account other international instruments such as the CBD to achieve a comprehensive mechanism.",28,40,6,"6","international","international","ADJ","JJ","Degree=Pos","7","amod",NA,NA
"doc76",1,1,"to take into account other international instruments such as the CBD to achieve a comprehensive mechanism.",42,52,7,"7","instruments","instrument","NOUN","NNS","Number=Plur","2","obj",NA,NA
"doc76",1,1,"to take into account other international instruments such as the CBD to achieve a comprehensive mechanism.",54,57,8,"8","such","such","ADJ","JJ","Degree=Pos","11","case",NA,NA
"doc76",1,1,"to take into account other international instruments such as the CBD to achieve a comprehensive mechanism.",59,60,9,"9","as","as","ADP","IN",NA,"8","fixed",NA,NA
"doc76",1,1,"to take into account other international instruments such as the CBD to achieve a comprehensive mechanism.",62,64,10,"10","the","the","DET","DT","Definite=Def|PronType=Art","11","det",NA,NA
"doc76",1,1,"to take into account other international instruments such as the CBD to achieve a comprehensive mechanism.",66,68,11,"11","CBD","CBD","PROPN","NNP","Number=Sing","7","nmod",NA,NA
"doc76",1,1,"to take into account other international instruments such as the CBD to achieve a comprehensive mechanism.",70,71,12,"12","to","to","PART","TO",NA,"13","mark",NA,NA
"doc76",1,1,"to take into account other international instruments such as the CBD to achieve a comprehensive mechanism.",73,79,13,"13","achieve","achieve","VERB","VB","VerbForm=Inf","2","advcl",NA,NA
"doc76",1,1,"to take into account other international instruments such as the CBD to achieve a comprehensive mechanism.",81,81,14,"14","a","a","DET","DT","Definite=Ind|PronType=Art","16","det",NA,NA
"doc76",1,1,"to take into account other international instruments such as the CBD to achieve a comprehensive mechanism.",83,95,15,"15","comprehensive","comprehensive","ADJ","JJ","Degree=Pos","16","amod",NA,NA
"doc76",1,1,"to take into account other international instruments such as the CBD to achieve a comprehensive mechanism.",97,105,16,"16","mechanism","mechanism","NOUN","NN","Number=Sing","13","obj",NA,"SpaceAfter=No"
"doc76",1,1,"to take into account other international instruments such as the CBD to achieve a comprehensive mechanism.",106,106,17,"17",".",".","PUNCT",".",NA,"2","punct",NA,"SpacesAfter=\n"
"doc77",1,1,"It will identify and examine the salient issues from different perspectives",1,2,1,"1","It","it","PRON","PRP","Case=Nom|Gender=Neut|Number=Sing|Person=3|PronType=Prs","3","nsubj",NA,NA
"doc77",1,1,"It will identify and examine the salient issues from different perspectives",4,7,2,"2","will","will","AUX","MD","VerbForm=Fin","3","aux",NA,NA
"doc77",1,1,"It will identify and examine the salient issues from different perspectives",9,16,3,"3","identify","identify","VERB","VB","VerbForm=Inf","0","root",NA,NA
"doc77",1,1,"It will identify and examine the salient issues from different perspectives",18,20,4,"4","and","and","CCONJ","CC",NA,"5","cc",NA,NA
"doc77",1,1,"It will identify and examine the salient issues from different perspectives",22,28,5,"5","examine","examine","VERB","VB","VerbForm=Inf","3","conj",NA,NA
"doc77",1,1,"It will identify and examine the salient issues from different perspectives",30,32,6,"6","the","the","DET","DT","Definite=Def|PronType=Art","8","det",NA,NA
"doc77",1,1,"It will identify and examine the salient issues from different perspectives",34,40,7,"7","salient","salient","ADJ","JJ","Degree=Pos","8","amod",NA,NA
"doc77",1,1,"It will identify and examine the salient issues from different perspectives",42,47,8,"8","issues","issue","NOUN","NNS","Number=Plur","5","obj",NA,NA
"doc77",1,1,"It will identify and examine the salient issues from different perspectives",49,52,9,"9","from","from","ADP","IN",NA,"11","case",NA,NA
"doc77",1,1,"It will identify and examine the salient issues from different perspectives",54,62,10,"10","different","different","ADJ","JJ","Degree=Pos","11","amod",NA,NA
"doc77",1,1,"It will identify and examine the salient issues from different perspectives",64,75,11,"11","perspectives","perspective","NOUN","NNS","Number=Plur","8","nmod",NA,"SpacesAfter=\n"
"doc78",1,1,"The Delegations are strategically focusing on issues with the potential to generate tangible economic benefits or obligations over the short to medium term.",1,3,1,"1","The","the","DET","DT","Definite=Def|PronType=Art","2","det",NA,NA
"doc78",1,1,"The Delegations are strategically focusing on issues with the potential to generate tangible economic benefits or obligations over the short to medium term.",5,15,2,"2","Delegations","Delegation","NOUN","NNS","Number=Plur","5","nsubj",NA,NA
"doc78",1,1,"The Delegations are strategically focusing on issues with the potential to generate tangible economic benefits or obligations over the short to medium term.",17,19,3,"3","are","be","AUX","VBP","Mood=Ind|Tense=Pres|VerbForm=Fin","5","aux",NA,NA
"doc78",1,1,"The Delegations are strategically focusing on issues with the potential to generate tangible economic benefits or obligations over the short to medium term.",21,33,4,"4","strategically","strategically","ADV","RB",NA,"5","advmod",NA,NA
"doc78",1,1,"The Delegations are strategically focusing on issues with the potential to generate tangible economic benefits or obligations over the short to medium term.",35,42,5,"5","focusing","focus","VERB","VBG","Tense=Pres|VerbForm=Part","0","root",NA,NA
"doc78",1,1,"The Delegations are strategically focusing on issues with the potential to generate tangible economic benefits or obligations over the short to medium term.",44,45,6,"6","on","on","ADP","IN",NA,"7","case",NA,NA
"doc78",1,1,"The Delegations are strategically focusing on issues with the potential to generate tangible economic benefits or obligations over the short to medium term.",47,52,7,"7","issues","issue","NOUN","NNS","Number=Plur","5","obl",NA,NA
"doc78",1,1,"The Delegations are strategically focusing on issues with the potential to generate tangible economic benefits or obligations over the short to medium term.",54,57,8,"8","with","with","ADP","IN",NA,"10","case",NA,NA
"doc78",1,1,"The Delegations are strategically focusing on issues with the potential to generate tangible economic benefits or obligations over the short to medium term.",59,61,9,"9","the","the","DET","DT","Definite=Def|PronType=Art","10","det",NA,NA
"doc78",1,1,"The Delegations are strategically focusing on issues with the potential to generate tangible economic benefits or obligations over the short to medium term.",63,71,10,"10","potential","potential","NOUN","NN","Number=Sing","7","nmod",NA,NA
"doc78",1,1,"The Delegations are strategically focusing on issues with the potential to generate tangible economic benefits or obligations over the short to medium term.",73,74,11,"11","to","to","PART","TO",NA,"12","mark",NA,NA
"doc78",1,1,"The Delegations are strategically focusing on issues with the potential to generate tangible economic benefits or obligations over the short to medium term.",76,83,12,"12","generate","generate","VERB","VB","VerbForm=Inf","10","acl",NA,NA
"doc78",1,1,"The Delegations are strategically focusing on issues with the potential to generate tangible economic benefits or obligations over the short to medium term.",85,92,13,"13","tangible","tangible","ADJ","JJ","Degree=Pos","15","amod",NA,NA
"doc78",1,1,"The Delegations are strategically focusing on issues with the potential to generate tangible economic benefits or obligations over the short to medium term.",94,101,14,"14","economic","economic","ADJ","JJ","Degree=Pos","15","amod",NA,NA
"doc78",1,1,"The Delegations are strategically focusing on issues with the potential to generate tangible economic benefits or obligations over the short to medium term.",103,110,15,"15","benefits","benefit","NOUN","NNS","Number=Plur","12","obj",NA,NA
"doc78",1,1,"The Delegations are strategically focusing on issues with the potential to generate tangible economic benefits or obligations over the short to medium term.",112,113,16,"16","or","or","CCONJ","CC",NA,"17","cc",NA,NA
"doc78",1,1,"The Delegations are strategically focusing on issues with the potential to generate tangible economic benefits or obligations over the short to medium term.",115,125,17,"17","obligations","obligation","NOUN","NNS","Number=Plur","15","conj",NA,NA
"doc78",1,1,"The Delegations are strategically focusing on issues with the potential to generate tangible economic benefits or obligations over the short to medium term.",127,130,18,"18","over","over","ADP","IN",NA,"20","case",NA,NA
"doc78",1,1,"The Delegations are strategically focusing on issues with the potential to generate tangible economic benefits or obligations over the short to medium term.",132,134,19,"19","the","the","DET","DT","Definite=Def|PronType=Art","20","det",NA,NA
"doc78",1,1,"The Delegations are strategically focusing on issues with the potential to generate tangible economic benefits or obligations over the short to medium term.",136,140,20,"20","short","short","ADJ","JJ","Degree=Pos","12","obl",NA,NA
"doc78",1,1,"The Delegations are strategically focusing on issues with the potential to generate tangible economic benefits or obligations over the short to medium term.",142,143,21,"21","to","to","PART","TO",NA,"22","mark",NA,NA
"doc78",1,1,"The Delegations are strategically focusing on issues with the potential to generate tangible economic benefits or obligations over the short to medium term.",145,150,22,"22","medium","medium","VERB","VB","VerbForm=Inf","12","advcl",NA,NA
"doc78",1,1,"The Delegations are strategically focusing on issues with the potential to generate tangible economic benefits or obligations over the short to medium term.",152,155,23,"23","term","term","NOUN","NN","Number=Sing","22","obj",NA,"SpaceAfter=No"
"doc78",1,1,"The Delegations are strategically focusing on issues with the potential to generate tangible economic benefits or obligations over the short to medium term.",156,156,24,"24",".",".","PUNCT",".",NA,"5","punct",NA,"SpacesAfter=\n"
"doc79",1,1,"to implement an institutional framework for consultation and collective decision making, policy making, co-ordination and management.",1,2,1,"1","to","to","PART","TO",NA,"2","mark",NA,NA
"doc79",1,1,"to implement an institutional framework for consultation and collective decision making, policy making, co-ordination and management.",4,12,2,"2","implement","implement","VERB","VB","VerbForm=Inf","0","root",NA,NA
"doc79",1,1,"to implement an institutional framework for consultation and collective decision making, policy making, co-ordination and management.",14,15,3,"3","an","a","DET","DT","Definite=Ind|PronType=Art","5","det",NA,NA
"doc79",1,1,"to implement an institutional framework for consultation and collective decision making, policy making, co-ordination and management.",17,29,4,"4","institutional","institutional","ADJ","JJ","Degree=Pos","5","amod",NA,NA
"doc79",1,1,"to implement an institutional framework for consultation and collective decision making, policy making, co-ordination and management.",31,39,5,"5","framework","framework","NOUN","NN","Number=Sing","2","obj",NA,NA
"doc79",1,1,"to implement an institutional framework for consultation and collective decision making, policy making, co-ordination and management.",41,43,6,"6","for","for","ADP","IN",NA,"7","case",NA,NA
"doc79",1,1,"to implement an institutional framework for consultation and collective decision making, policy making, co-ordination and management.",45,56,7,"7","consultation","consultation","NOUN","NN","Number=Sing","5","nmod",NA,NA
"doc79",1,1,"to implement an institutional framework for consultation and collective decision making, policy making, co-ordination and management.",58,60,8,"8","and","and","CCONJ","CC",NA,"11","cc",NA,NA
"doc79",1,1,"to implement an institutional framework for consultation and collective decision making, policy making, co-ordination and management.",62,71,9,"9","collective","collective","ADJ","JJ","Degree=Pos","11","amod",NA,NA
"doc79",1,1,"to implement an institutional framework for consultation and collective decision making, policy making, co-ordination and management.",73,80,10,"10","decision","decision","NOUN","NN","Number=Sing","11","compound",NA,NA
"doc79",1,1,"to implement an institutional framework for consultation and collective decision making, policy making, co-ordination and management.",82,87,11,"11","making","make","NOUN","NN","Number=Sing","7","conj",NA,"SpaceAfter=No"
"doc79",1,1,"to implement an institutional framework for consultation and collective decision making, policy making, co-ordination and management.",88,88,12,"12",",",",","PUNCT",",",NA,"14","punct",NA,NA
"doc79",1,1,"to implement an institutional framework for consultation and collective decision making, policy making, co-ordination and management.",90,95,13,"13","policy","policy","NOUN","NN","Number=Sing","14","compound",NA,NA
"doc79",1,1,"to implement an institutional framework for consultation and collective decision making, policy making, co-ordination and management.",97,102,14,"14","making","make","NOUN","NN","Number=Sing","5","conj",NA,"SpaceAfter=No"
"doc79",1,1,"to implement an institutional framework for consultation and collective decision making, policy making, co-ordination and management.",103,103,15,"15",",",",","PUNCT",",",NA,"16","punct",NA,NA
"doc79",1,1,"to implement an institutional framework for consultation and collective decision making, policy making, co-ordination and management.",105,117,16,"16","co-ordination","co-ordination","NOUN","NN","Number=Sing","5","conj",NA,NA
"doc79",1,1,"to implement an institutional framework for consultation and collective decision making, policy making, co-ordination and management.",119,121,17,"17","and","and","CCONJ","CC",NA,"18","cc",NA,NA
"doc79",1,1,"to implement an institutional framework for consultation and collective decision making, policy making, co-ordination and management.",123,132,18,"18","management","management","NOUN","NN","Number=Sing","5","conj",NA,"SpaceAfter=No"
"doc79",1,1,"to implement an institutional framework for consultation and collective decision making, policy making, co-ordination and management.",133,133,19,"19",".",".","PUNCT",".",NA,"2","punct",NA,"SpacesAfter=\n"
"doc80",1,1,"to initiate a broader framework, for integrated spatial planning and management, coordinating efforts between States and regional and sectoral organizations.",1,2,1,"1","to","to","PART","TO",NA,"2","mark",NA,NA
"doc80",1,1,"to initiate a broader framework, for integrated spatial planning and management, coordinating efforts between States and regional and sectoral organizations.",4,11,2,"2","initiate","initiate","VERB","VB","VerbForm=Inf","0","root",NA,NA
"doc80",1,1,"to initiate a broader framework, for integrated spatial planning and management, coordinating efforts between States and regional and sectoral organizations.",13,13,3,"3","a","a","DET","DT","Definite=Ind|PronType=Art","5","det",NA,NA
"doc80",1,1,"to initiate a broader framework, for integrated spatial planning and management, coordinating efforts between States and regional and sectoral organizations.",15,21,4,"4","broader","broader","ADJ","JJR","Degree=Cmp","5","amod",NA,NA
"doc80",1,1,"to initiate a broader framework, for integrated spatial planning and management, coordinating efforts between States and regional and sectoral organizations.",23,31,5,"5","framework","framework","NOUN","NN","Number=Sing","2","obj",NA,"SpaceAfter=No"
"doc80",1,1,"to initiate a broader framework, for integrated spatial planning and management, coordinating efforts between States and regional and sectoral organizations.",32,32,6,"6",",",",","PUNCT",",",NA,"2","punct",NA,NA
"doc80",1,1,"to initiate a broader framework, for integrated spatial planning and management, coordinating efforts between States and regional and sectoral organizations.",34,36,7,"7","for","for","ADP","IN",NA,"10","case",NA,NA
"doc80",1,1,"to initiate a broader framework, for integrated spatial planning and management, coordinating efforts between States and regional and sectoral organizations.",38,47,8,"8","integrated","integrate","VERB","VBN","Tense=Past|VerbForm=Part","10","amod",NA,NA
"doc80",1,1,"to initiate a broader framework, for integrated spatial planning and management, coordinating efforts between States and regional and sectoral organizations.",49,55,9,"9","spatial","spatial","ADJ","JJ","Degree=Pos","10","amod",NA,NA
"doc80",1,1,"to initiate a broader framework, for integrated spatial planning and management, coordinating efforts between States and regional and sectoral organizations.",57,64,10,"10","planning","planning","NOUN","NN","Number=Sing","2","obl",NA,NA
"doc80",1,1,"to initiate a broader framework, for integrated spatial planning and management, coordinating efforts between States and regional and sectoral organizations.",66,68,11,"11","and","and","CCONJ","CC",NA,"12","cc",NA,NA
"doc80",1,1,"to initiate a broader framework, for integrated spatial planning and management, coordinating efforts between States and regional and sectoral organizations.",70,79,12,"12","management","management","NOUN","NN","Number=Sing","10","conj",NA,"SpaceAfter=No"
"doc80",1,1,"to initiate a broader framework, for integrated spatial planning and management, coordinating efforts between States and regional and sectoral organizations.",80,80,13,"13",",",",","PUNCT",",",NA,"2","punct",NA,NA
"doc80",1,1,"to initiate a broader framework, for integrated spatial planning and management, coordinating efforts between States and regional and sectoral organizations.",82,93,14,"14","coordinating","coordinate","VERB","VBG","VerbForm=Ger","2","advcl",NA,NA
"doc80",1,1,"to initiate a broader framework, for integrated spatial planning and management, coordinating efforts between States and regional and sectoral organizations.",95,101,15,"15","efforts","effort","NOUN","NNS","Number=Plur","14","obj",NA,NA
"doc80",1,1,"to initiate a broader framework, for integrated spatial planning and management, coordinating efforts between States and regional and sectoral organizations.",103,109,16,"16","between","between","ADP","IN",NA,"17","case",NA,NA
"doc80",1,1,"to initiate a broader framework, for integrated spatial planning and management, coordinating efforts between States and regional and sectoral organizations.",111,116,17,"17","States","States","PROPN","NNP","Number=Sing","15","nmod",NA,NA
"doc80",1,1,"to initiate a broader framework, for integrated spatial planning and management, coordinating efforts between States and regional and sectoral organizations.",118,120,18,"18","and","and","CCONJ","CC",NA,"19","cc",NA,NA
"doc80",1,1,"to initiate a broader framework, for integrated spatial planning and management, coordinating efforts between States and regional and sectoral organizations.",122,129,19,"19","regional","regional","ADJ","JJ","Degree=Pos","17","conj",NA,NA
"doc80",1,1,"to initiate a broader framework, for integrated spatial planning and management, coordinating efforts between States and regional and sectoral organizations.",131,133,20,"20","and","and","CCONJ","CC",NA,"22","cc",NA,NA
"doc80",1,1,"to initiate a broader framework, for integrated spatial planning and management, coordinating efforts between States and regional and sectoral organizations.",135,142,21,"21","sectoral","sectoral","ADJ","JJ","Degree=Pos","22","amod",NA,NA
"doc80",1,1,"to initiate a broader framework, for integrated spatial planning and management, coordinating efforts between States and regional and sectoral organizations.",144,156,22,"22","organizations","organization","NOUN","NNS","Number=Plur","15","conj",NA,"SpaceAfter=No"
"doc80",1,1,"to initiate a broader framework, for integrated spatial planning and management, coordinating efforts between States and regional and sectoral organizations.",157,157,23,"23",".",".","PUNCT",".",NA,"2","punct",NA,"SpacesAfter=\n"
"doc81",1,1,"There is no recognition of a special role for coastal States in respect to adjacency.",1,5,1,"1","There","there","PRON","EX",NA,"2","expl",NA,NA
"doc81",1,1,"There is no recognition of a special role for coastal States in respect to adjacency.",7,8,2,"2","is","be","VERB","VBZ","Mood=Ind|Number=Sing|Person=3|Tense=Pres|VerbForm=Fin","0","root",NA,NA
"doc81",1,1,"There is no recognition of a special role for coastal States in respect to adjacency.",10,11,3,"3","no","no","DET","DT",NA,"4","det",NA,NA
"doc81",1,1,"There is no recognition of a special role for coastal States in respect to adjacency.",13,23,4,"4","recognition","recognition","NOUN","NN","Number=Sing","2","nsubj",NA,NA
"doc81",1,1,"There is no recognition of a special role for coastal States in respect to adjacency.",25,26,5,"5","of","of","ADP","IN",NA,"8","case",NA,NA
"doc81",1,1,"There is no recognition of a special role for coastal States in respect to adjacency.",28,28,6,"6","a","a","DET","DT","Definite=Ind|PronType=Art","8","det",NA,NA
"doc81",1,1,"There is no recognition of a special role for coastal States in respect to adjacency.",30,36,7,"7","special","special","ADJ","JJ","Degree=Pos","8","amod",NA,NA
"doc81",1,1,"There is no recognition of a special role for coastal States in respect to adjacency.",38,41,8,"8","role","role","NOUN","NN","Number=Sing","4","nmod",NA,NA
"doc81",1,1,"There is no recognition of a special role for coastal States in respect to adjacency.",43,45,9,"9","for","for","ADP","IN",NA,"11","case",NA,NA
"doc81",1,1,"There is no recognition of a special role for coastal States in respect to adjacency.",47,53,10,"10","coastal","coastal","ADJ","JJ","Degree=Pos","11","amod",NA,NA
"doc81",1,1,"There is no recognition of a special role for coastal States in respect to adjacency.",55,60,11,"11","States","States","NOUN","NNS","Number=Plur","8","nmod",NA,NA
"doc81",1,1,"There is no recognition of a special role for coastal States in respect to adjacency.",62,63,12,"12","in","in","ADP","IN",NA,"13","case",NA,NA
"doc81",1,1,"There is no recognition of a special role for coastal States in respect to adjacency.",65,71,13,"13","respect","respect","NOUN","NN","Number=Sing","8","nmod",NA,NA
"doc81",1,1,"There is no recognition of a special role for coastal States in respect to adjacency.",73,74,14,"14","to","to","PART","TO",NA,"15","mark",NA,NA
"doc81",1,1,"There is no recognition of a special role for coastal States in respect to adjacency.",76,84,15,"15","adjacency","adjacency","VERB","VB","VerbForm=Inf","4","acl",NA,"SpaceAfter=No"
"doc81",1,1,"There is no recognition of a special role for coastal States in respect to adjacency.",85,85,16,"16",".",".","PUNCT",".",NA,"2","punct",NA,"SpacesAfter=\n"
"doc82",1,1,"To adopt environmental stewardship as the intellectual basis for an effective governance framework that will balance competing values, uses and interests.",1,2,1,"1","To","to","PART","TO",NA,"2","mark",NA,NA
"doc82",1,1,"To adopt environmental stewardship as the intellectual basis for an effective governance framework that will balance competing values, uses and interests.",4,8,2,"2","adopt","adopt","VERB","VB","VerbForm=Inf","0","root",NA,NA
"doc82",1,1,"To adopt environmental stewardship as the intellectual basis for an effective governance framework that will balance competing values, uses and interests.",10,22,3,"3","environmental","environmental","ADJ","JJ","Degree=Pos","4","amod",NA,NA
"doc82",1,1,"To adopt environmental stewardship as the intellectual basis for an effective governance framework that will balance competing values, uses and interests.",24,34,4,"4","stewardship","stewardship","NOUN","NN","Number=Sing","2","obj",NA,NA
"doc82",1,1,"To adopt environmental stewardship as the intellectual basis for an effective governance framework that will balance competing values, uses and interests.",36,37,5,"5","as","as","ADP","IN",NA,"8","case",NA,NA
"doc82",1,1,"To adopt environmental stewardship as the intellectual basis for an effective governance framework that will balance competing values, uses and interests.",39,41,6,"6","the","the","DET","DT","Definite=Def|PronType=Art","8","det",NA,NA
"doc82",1,1,"To adopt environmental stewardship as the intellectual basis for an effective governance framework that will balance competing values, uses and interests.",43,54,7,"7","intellectual","intellectual","ADJ","JJ","Degree=Pos","8","amod",NA,NA
"doc82",1,1,"To adopt environmental stewardship as the intellectual basis for an effective governance framework that will balance competing values, uses and interests.",56,60,8,"8","basis","basis","NOUN","NN","Number=Sing","2","obl",NA,NA
"doc82",1,1,"To adopt environmental stewardship as the intellectual basis for an effective governance framework that will balance competing values, uses and interests.",62,64,9,"9","for","for","ADP","IN",NA,"13","case",NA,NA
"doc82",1,1,"To adopt environmental stewardship as the intellectual basis for an effective governance framework that will balance competing values, uses and interests.",66,67,10,"10","an","a","DET","DT","Definite=Ind|PronType=Art","13","det",NA,NA
"doc82",1,1,"To adopt environmental stewardship as the intellectual basis for an effective governance framework that will balance competing values, uses and interests.",69,77,11,"11","effective","effective","ADJ","JJ","Degree=Pos","13","amod",NA,NA
"doc82",1,1,"To adopt environmental stewardship as the intellectual basis for an effective governance framework that will balance competing values, uses and interests.",79,88,12,"12","governance","governance","NOUN","NN","Number=Sing","13","compound",NA,NA
"doc82",1,1,"To adopt environmental stewardship as the intellectual basis for an effective governance framework that will balance competing values, uses and interests.",90,98,13,"13","framework","framework","NOUN","NN","Number=Sing","2","obl",NA,NA
"doc82",1,1,"To adopt environmental stewardship as the intellectual basis for an effective governance framework that will balance competing values, uses and interests.",100,103,14,"14","that","that","PRON","WDT","PronType=Rel","16","nsubj",NA,NA
"doc82",1,1,"To adopt environmental stewardship as the intellectual basis for an effective governance framework that will balance competing values, uses and interests.",105,108,15,"15","will","will","AUX","MD","VerbForm=Fin","16","aux",NA,NA
"doc82",1,1,"To adopt environmental stewardship as the intellectual basis for an effective governance framework that will balance competing values, uses and interests.",110,116,16,"16","balance","balance","VERB","VB","VerbForm=Inf","13","acl:relcl",NA,NA
"doc82",1,1,"To adopt environmental stewardship as the intellectual basis for an effective governance framework that will balance competing values, uses and interests.",118,126,17,"17","competing","compete","VERB","VBG","VerbForm=Ger","18","amod",NA,NA
"doc82",1,1,"To adopt environmental stewardship as the intellectual basis for an effective governance framework that will balance competing values, uses and interests.",128,133,18,"18","values","value","NOUN","NNS","Number=Plur","16","obj",NA,"SpaceAfter=No"
"doc82",1,1,"To adopt environmental stewardship as the intellectual basis for an effective governance framework that will balance competing values, uses and interests.",134,134,19,"19",",",",","PUNCT",",",NA,"20","punct",NA,NA
"doc82",1,1,"To adopt environmental stewardship as the intellectual basis for an effective governance framework that will balance competing values, uses and interests.",136,139,20,"20","uses","use","NOUN","NNS","Number=Plur","18","conj",NA,NA
"doc82",1,1,"To adopt environmental stewardship as the intellectual basis for an effective governance framework that will balance competing values, uses and interests.",141,143,21,"21","and","and","CCONJ","CC",NA,"22","cc",NA,NA
"doc82",1,1,"To adopt environmental stewardship as the intellectual basis for an effective governance framework that will balance competing values, uses and interests.",145,153,22,"22","interests","interest","NOUN","NNS","Number=Plur","18","conj",NA,"SpaceAfter=No"
"doc82",1,1,"To adopt environmental stewardship as the intellectual basis for an effective governance framework that will balance competing values, uses and interests.",154,154,23,"23",".",".","PUNCT",".",NA,"2","punct",NA,"SpacesAfter=\n"
"doc83",1,1,"to align measures under the instrument and those under existing architecture for the purpose of coherence and coordination of efforts.",1,2,1,"1","to","to","PART","TO",NA,"2","mark",NA,NA
"doc83",1,1,"to align measures under the instrument and those under existing architecture for the purpose of coherence and coordination of efforts.",4,8,2,"2","align","align","VERB","VB","VerbForm=Inf","0","root",NA,NA
"doc83",1,1,"to align measures under the instrument and those under existing architecture for the purpose of coherence and coordination of efforts.",10,17,3,"3","measures","measure","NOUN","NNS","Number=Plur","2","obj",NA,NA
"doc83",1,1,"to align measures under the instrument and those under existing architecture for the purpose of coherence and coordination of efforts.",19,23,4,"4","under","under","ADP","IN",NA,"6","case",NA,NA
"doc83",1,1,"to align measures under the instrument and those under existing architecture for the purpose of coherence and coordination of efforts.",25,27,5,"5","the","the","DET","DT","Definite=Def|PronType=Art","6","det",NA,NA
"doc83",1,1,"to align measures under the instrument and those under existing architecture for the purpose of coherence and coordination of efforts.",29,38,6,"6","instrument","instrument","NOUN","NN","Number=Sing","2","obl",NA,NA
"doc83",1,1,"to align measures under the instrument and those under existing architecture for the purpose of coherence and coordination of efforts.",40,42,7,"7","and","and","CCONJ","CC",NA,"8","cc",NA,NA
"doc83",1,1,"to align measures under the instrument and those under existing architecture for the purpose of coherence and coordination of efforts.",44,48,8,"8","those","those","PRON","DT","Number=Plur|PronType=Dem","2","conj",NA,NA
"doc83",1,1,"to align measures under the instrument and those under existing architecture for the purpose of coherence and coordination of efforts.",50,54,9,"9","under","under","ADP","IN",NA,"11","case",NA,NA
"doc83",1,1,"to align measures under the instrument and those under existing architecture for the purpose of coherence and coordination of efforts.",56,63,10,"10","existing","exist","VERB","VBG","VerbForm=Ger","11","amod",NA,NA
"doc83",1,1,"to align measures under the instrument and those under existing architecture for the purpose of coherence and coordination of efforts.",65,76,11,"11","architecture","architecture","NOUN","NN","Number=Sing","8","nmod",NA,NA
"doc83",1,1,"to align measures under the instrument and those under existing architecture for the purpose of coherence and coordination of efforts.",78,80,12,"12","for","for","ADP","IN",NA,"14","case",NA,NA
"doc83",1,1,"to align measures under the instrument and those under existing architecture for the purpose of coherence and coordination of efforts.",82,84,13,"13","the","the","DET","DT","Definite=Def|PronType=Art","14","det",NA,NA
"doc83",1,1,"to align measures under the instrument and those under existing architecture for the purpose of coherence and coordination of efforts.",86,92,14,"14","purpose","purpose","NOUN","NN","Number=Sing","11","nmod",NA,NA
"doc83",1,1,"to align measures under the instrument and those under existing architecture for the purpose of coherence and coordination of efforts.",94,95,15,"15","of","of","ADP","IN",NA,"16","case",NA,NA
"doc83",1,1,"to align measures under the instrument and those under existing architecture for the purpose of coherence and coordination of efforts.",97,105,16,"16","coherence","coherence","NOUN","NN","Number=Sing","14","nmod",NA,NA
"doc83",1,1,"to align measures under the instrument and those under existing architecture for the purpose of coherence and coordination of efforts.",107,109,17,"17","and","and","CCONJ","CC",NA,"18","cc",NA,NA
"doc83",1,1,"to align measures under the instrument and those under existing architecture for the purpose of coherence and coordination of efforts.",111,122,18,"18","coordination","coordination","NOUN","NN","Number=Sing","16","conj",NA,NA
"doc83",1,1,"to align measures under the instrument and those under existing architecture for the purpose of coherence and coordination of efforts.",124,125,19,"19","of","of","ADP","IN",NA,"20","case",NA,NA
"doc83",1,1,"to align measures under the instrument and those under existing architecture for the purpose of coherence and coordination of efforts.",127,133,20,"20","efforts","effort","NOUN","NNS","Number=Plur","16","nmod",NA,"SpaceAfter=No"
"doc83",1,1,"to align measures under the instrument and those under existing architecture for the purpose of coherence and coordination of efforts.",134,134,21,"21",".",".","PUNCT",".",NA,"2","punct",NA,"SpacesAfter=\n"
"doc84",1,1,"to provide solutions through science diplomacy.",1,2,1,"1","to","to","PART","TO",NA,"2","mark",NA,NA
"doc84",1,1,"to provide solutions through science diplomacy.",4,10,2,"2","provide","provide","VERB","VB","VerbForm=Inf","0","root",NA,NA
"doc84",1,1,"to provide solutions through science diplomacy.",12,20,3,"3","solutions","solution","NOUN","NNS","Number=Plur","2","obj",NA,NA
"doc84",1,1,"to provide solutions through science diplomacy.",22,28,4,"4","through","through","ADP","IN",NA,"6","case",NA,NA
"doc84",1,1,"to provide solutions through science diplomacy.",30,36,5,"5","science","science","NOUN","NN","Number=Sing","6","compound",NA,NA
"doc84",1,1,"to provide solutions through science diplomacy.",38,46,6,"6","diplomacy","diplomacy","NOUN","NN","Number=Sing","2","obl",NA,"SpaceAfter=No"
"doc84",1,1,"to provide solutions through science diplomacy.",47,47,7,"7",".",".","PUNCT",".",NA,"2","punct",NA,"SpacesAfter=\n"
"doc85",1,1,"to establish a clearing house for information on marine scientific research being conducted in ABNJ, and data and information on marine genetic resources.",1,2,1,"1","to","to","PART","TO",NA,"2","mark",NA,NA
"doc85",1,1,"to establish a clearing house for information on marine scientific research being conducted in ABNJ, and data and information on marine genetic resources.",4,12,2,"2","establish","establish","VERB","VB","VerbForm=Inf","0","root",NA,NA
"doc85",1,1,"to establish a clearing house for information on marine scientific research being conducted in ABNJ, and data and information on marine genetic resources.",14,14,3,"3","a","a","DET","DT","Definite=Ind|PronType=Art","5","det",NA,NA
"doc85",1,1,"to establish a clearing house for information on marine scientific research being conducted in ABNJ, and data and information on marine genetic resources.",16,23,4,"4","clearing","clearing","NOUN","NN","Number=Sing","5","compound",NA,NA
"doc85",1,1,"to establish a clearing house for information on marine scientific research being conducted in ABNJ, and data and information on marine genetic resources.",25,29,5,"5","house","house","NOUN","NN","Number=Sing","2","obj",NA,NA
"doc85",1,1,"to establish a clearing house for information on marine scientific research being conducted in ABNJ, and data and information on marine genetic resources.",31,33,6,"6","for","for","ADP","IN",NA,"7","case",NA,NA
"doc85",1,1,"to establish a clearing house for information on marine scientific research being conducted in ABNJ, and data and information on marine genetic resources.",35,45,7,"7","information","information","NOUN","NN","Number=Sing","5","nmod",NA,NA
"doc85",1,1,"to establish a clearing house for information on marine scientific research being conducted in ABNJ, and data and information on marine genetic resources.",47,48,8,"8","on","on","ADP","IN",NA,"11","case",NA,NA
"doc85",1,1,"to establish a clearing house for information on marine scientific research being conducted in ABNJ, and data and information on marine genetic resources.",50,55,9,"9","marine","marine","NUM","CD","NumType=Card","11","nummod",NA,NA
"doc85",1,1,"to establish a clearing house for information on marine scientific research being conducted in ABNJ, and data and information on marine genetic resources.",57,66,10,"10","scientific","scientific","ADJ","JJ","Degree=Pos","11","amod",NA,NA
"doc85",1,1,"to establish a clearing house for information on marine scientific research being conducted in ABNJ, and data and information on marine genetic resources.",68,75,11,"11","research","research","NOUN","NN","Number=Sing","2","obl",NA,NA
"doc85",1,1,"to establish a clearing house for information on marine scientific research being conducted in ABNJ, and data and information on marine genetic resources.",77,81,12,"12","being","be","AUX","VBG","VerbForm=Ger","13","aux:pass",NA,NA
"doc85",1,1,"to establish a clearing house for information on marine scientific research being conducted in ABNJ, and data and information on marine genetic resources.",83,91,13,"13","conducted","conduct","VERB","VBN","Tense=Past|VerbForm=Part|Voice=Pass","11","acl",NA,NA
"doc85",1,1,"to establish a clearing house for information on marine scientific research being conducted in ABNJ, and data and information on marine genetic resources.",93,94,14,"14","in","in","ADP","IN",NA,"15","case",NA,NA
"doc85",1,1,"to establish a clearing house for information on marine scientific research being conducted in ABNJ, and data and information on marine genetic resources.",96,99,15,"15","ABNJ","ABNJ","PROPN","NNP","Number=Sing","13","obl",NA,"SpaceAfter=No"
"doc85",1,1,"to establish a clearing house for information on marine scientific research being conducted in ABNJ, and data and information on marine genetic resources.",100,100,16,"16",",",",","PUNCT",",",NA,"18","punct",NA,NA
"doc85",1,1,"to establish a clearing house for information on marine scientific research being conducted in ABNJ, and data and information on marine genetic resources.",102,104,17,"17","and","and","CCONJ","CC",NA,"18","cc",NA,NA
"doc85",1,1,"to establish a clearing house for information on marine scientific research being conducted in ABNJ, and data and information on marine genetic resources.",106,109,18,"18","data","data","NOUN","NN","Number=Sing","15","conj",NA,NA
"doc85",1,1,"to establish a clearing house for information on marine scientific research being conducted in ABNJ, and data and information on marine genetic resources.",111,113,19,"19","and","and","CCONJ","CC",NA,"20","cc",NA,NA
"doc85",1,1,"to establish a clearing house for information on marine scientific research being conducted in ABNJ, and data and information on marine genetic resources.",115,125,20,"20","information","information","NOUN","NN","Number=Sing","15","conj",NA,NA
"doc85",1,1,"to establish a clearing house for information on marine scientific research being conducted in ABNJ, and data and information on marine genetic resources.",127,128,21,"21","on","on","ADP","IN",NA,"24","case",NA,NA
"doc85",1,1,"to establish a clearing house for information on marine scientific research being conducted in ABNJ, and data and information on marine genetic resources.",130,135,22,"22","marine","marine","NUM","CD","NumType=Card","24","nummod",NA,NA
"doc85",1,1,"to establish a clearing house for information on marine scientific research being conducted in ABNJ, and data and information on marine genetic resources.",137,143,23,"23","genetic","genetic","ADJ","JJ","Degree=Pos","24","amod",NA,NA
"doc85",1,1,"to establish a clearing house for information on marine scientific research being conducted in ABNJ, and data and information on marine genetic resources.",145,153,24,"24","resources","resource","NOUN","NNS","Number=Plur","13","obl",NA,"SpaceAfter=No"
"doc85",1,1,"to establish a clearing house for information on marine scientific research being conducted in ABNJ, and data and information on marine genetic resources.",154,154,25,"25",".",".","PUNCT",".",NA,"2","punct",NA,"SpacesAfter=\n"
"doc86",1,1,"to clarify the responsibilities of coastal states and states with vessels operating in the waters above the continental shelf, encouraging cooperation that allows for effective management of activities.",1,2,1,"1","to","to","PART","TO",NA,"2","mark",NA,NA
"doc86",1,1,"to clarify the responsibilities of coastal states and states with vessels operating in the waters above the continental shelf, encouraging cooperation that allows for effective management of activities.",4,10,2,"2","clarify","clarify","VERB","VB","VerbForm=Inf","0","root",NA,NA
"doc86",1,1,"to clarify the responsibilities of coastal states and states with vessels operating in the waters above the continental shelf, encouraging cooperation that allows for effective management of activities.",12,14,3,"3","the","the","DET","DT","Definite=Def|PronType=Art","4","det",NA,NA
"doc86",1,1,"to clarify the responsibilities of coastal states and states with vessels operating in the waters above the continental shelf, encouraging cooperation that allows for effective management of activities.",16,31,4,"4","responsibilities","responsibility","NOUN","NNS","Number=Plur","2","obj",NA,NA
"doc86",1,1,"to clarify the responsibilities of coastal states and states with vessels operating in the waters above the continental shelf, encouraging cooperation that allows for effective management of activities.",33,34,5,"5","of","of","ADP","IN",NA,"7","case",NA,NA
"doc86",1,1,"to clarify the responsibilities of coastal states and states with vessels operating in the waters above the continental shelf, encouraging cooperation that allows for effective management of activities.",36,42,6,"6","coastal","coastal","ADJ","JJ","Degree=Pos","7","amod",NA,NA
"doc86",1,1,"to clarify the responsibilities of coastal states and states with vessels operating in the waters above the continental shelf, encouraging cooperation that allows for effective management of activities.",44,49,7,"7","states","state","NOUN","NNS","Number=Plur","4","nmod",NA,NA
"doc86",1,1,"to clarify the responsibilities of coastal states and states with vessels operating in the waters above the continental shelf, encouraging cooperation that allows for effective management of activities.",51,53,8,"8","and","and","CCONJ","CC",NA,"9","cc",NA,NA
"doc86",1,1,"to clarify the responsibilities of coastal states and states with vessels operating in the waters above the continental shelf, encouraging cooperation that allows for effective management of activities.",55,60,9,"9","states","state","NOUN","NNS","Number=Plur","7","conj",NA,NA
"doc86",1,1,"to clarify the responsibilities of coastal states and states with vessels operating in the waters above the continental shelf, encouraging cooperation that allows for effective management of activities.",62,65,10,"10","with","with","ADP","IN",NA,"11","case",NA,NA
"doc86",1,1,"to clarify the responsibilities of coastal states and states with vessels operating in the waters above the continental shelf, encouraging cooperation that allows for effective management of activities.",67,73,11,"11","vessels","vessel","NOUN","NNS","Number=Plur","9","nmod",NA,NA
"doc86",1,1,"to clarify the responsibilities of coastal states and states with vessels operating in the waters above the continental shelf, encouraging cooperation that allows for effective management of activities.",75,83,12,"12","operating","operate","VERB","VBG","VerbForm=Ger","11","acl",NA,NA
"doc86",1,1,"to clarify the responsibilities of coastal states and states with vessels operating in the waters above the continental shelf, encouraging cooperation that allows for effective management of activities.",85,86,13,"13","in","in","ADP","IN",NA,"15","case",NA,NA
"doc86",1,1,"to clarify the responsibilities of coastal states and states with vessels operating in the waters above the continental shelf, encouraging cooperation that allows for effective management of activities.",88,90,14,"14","the","the","DET","DT","Definite=Def|PronType=Art","15","det",NA,NA
"doc86",1,1,"to clarify the responsibilities of coastal states and states with vessels operating in the waters above the continental shelf, encouraging cooperation that allows for effective management of activities.",92,97,15,"15","waters","water","NOUN","NNS","Number=Plur","12","obl",NA,NA
"doc86",1,1,"to clarify the responsibilities of coastal states and states with vessels operating in the waters above the continental shelf, encouraging cooperation that allows for effective management of activities.",99,103,16,"16","above","above","ADP","IN",NA,"19","case",NA,NA
"doc86",1,1,"to clarify the responsibilities of coastal states and states with vessels operating in the waters above the continental shelf, encouraging cooperation that allows for effective management of activities.",105,107,17,"17","the","the","DET","DT","Definite=Def|PronType=Art","19","det",NA,NA
"doc86",1,1,"to clarify the responsibilities of coastal states and states with vessels operating in the waters above the continental shelf, encouraging cooperation that allows for effective management of activities.",109,119,18,"18","continental","continental","ADJ","JJ","Degree=Pos","19","amod",NA,NA
"doc86",1,1,"to clarify the responsibilities of coastal states and states with vessels operating in the waters above the continental shelf, encouraging cooperation that allows for effective management of activities.",121,125,19,"19","shelf","shelf","NOUN","NN","Number=Sing","15","nmod",NA,"SpaceAfter=No"
"doc86",1,1,"to clarify the responsibilities of coastal states and states with vessels operating in the waters above the continental shelf, encouraging cooperation that allows for effective management of activities.",126,126,20,"20",",",",","PUNCT",",",NA,"21","punct",NA,NA
"doc86",1,1,"to clarify the responsibilities of coastal states and states with vessels operating in the waters above the continental shelf, encouraging cooperation that allows for effective management of activities.",128,138,21,"21","encouraging","encourage","VERB","VBG","VerbForm=Ger","12","conj",NA,NA
"doc86",1,1,"to clarify the responsibilities of coastal states and states with vessels operating in the waters above the continental shelf, encouraging cooperation that allows for effective management of activities.",140,150,22,"22","cooperation","cooperation","NOUN","NN","Number=Sing","21","obj",NA,NA
"doc86",1,1,"to clarify the responsibilities of coastal states and states with vessels operating in the waters above the continental shelf, encouraging cooperation that allows for effective management of activities.",152,155,23,"23","that","that","PRON","WDT","PronType=Rel","24","nsubj",NA,NA
"doc86",1,1,"to clarify the responsibilities of coastal states and states with vessels operating in the waters above the continental shelf, encouraging cooperation that allows for effective management of activities.",157,162,24,"24","allows","allow","VERB","VBZ","Mood=Ind|Number=Sing|Person=3|Tense=Pres|VerbForm=Fin","22","acl:relcl",NA,NA
"doc86",1,1,"to clarify the responsibilities of coastal states and states with vessels operating in the waters above the continental shelf, encouraging cooperation that allows for effective management of activities.",164,166,25,"25","for","for","ADP","IN",NA,"27","case",NA,NA
"doc86",1,1,"to clarify the responsibilities of coastal states and states with vessels operating in the waters above the continental shelf, encouraging cooperation that allows for effective management of activities.",168,176,26,"26","effective","effective","ADJ","JJ","Degree=Pos","27","amod",NA,NA
"doc86",1,1,"to clarify the responsibilities of coastal states and states with vessels operating in the waters above the continental shelf, encouraging cooperation that allows for effective management of activities.",178,187,27,"27","management","management","NOUN","NN","Number=Sing","24","obl",NA,NA
"doc86",1,1,"to clarify the responsibilities of coastal states and states with vessels operating in the waters above the continental shelf, encouraging cooperation that allows for effective management of activities.",189,190,28,"28","of","of","ADP","IN",NA,"29","case",NA,NA
"doc86",1,1,"to clarify the responsibilities of coastal states and states with vessels operating in the waters above the continental shelf, encouraging cooperation that allows for effective management of activities.",192,201,29,"29","activities","activity","NOUN","NNS","Number=Plur","27","nmod",NA,"SpaceAfter=No"
"doc86",1,1,"to clarify the responsibilities of coastal states and states with vessels operating in the waters above the continental shelf, encouraging cooperation that allows for effective management of activities.",202,202,30,"30",".",".","PUNCT",".",NA,"2","punct",NA,"SpacesAfter=\n"
"doc87",1,1,"to envisage goals and criteria for future ABMTs, including MPAs.",1,2,1,"1","to","to","PART","TO",NA,"2","mark",NA,NA
"doc87",1,1,"to envisage goals and criteria for future ABMTs, including MPAs.",4,11,2,"2","envisage","envisage","VERB","VB","VerbForm=Inf","0","root",NA,NA
"doc87",1,1,"to envisage goals and criteria for future ABMTs, including MPAs.",13,17,3,"3","goals","goal","NOUN","NNS","Number=Plur","2","obj",NA,NA
"doc87",1,1,"to envisage goals and criteria for future ABMTs, including MPAs.",19,21,4,"4","and","and","CCONJ","CC",NA,"5","cc",NA,NA
"doc87",1,1,"to envisage goals and criteria for future ABMTs, including MPAs.",23,30,5,"5","criteria","criterion","NOUN","NNS","Number=Plur","3","conj",NA,NA
"doc87",1,1,"to envisage goals and criteria for future ABMTs, including MPAs.",32,34,6,"6","for","for","ADP","IN",NA,"8","case",NA,NA
"doc87",1,1,"to envisage goals and criteria for future ABMTs, including MPAs.",36,41,7,"7","future","future","ADJ","JJ","Degree=Pos","8","amod",NA,NA
"doc87",1,1,"to envisage goals and criteria for future ABMTs, including MPAs.",43,47,8,"8","ABMTs","ABMTs","NOUN","NNS","Number=Plur","3","nmod",NA,"SpaceAfter=No"
"doc87",1,1,"to envisage goals and criteria for future ABMTs, including MPAs.",48,48,9,"9",",",",","PUNCT",",",NA,"3","punct",NA,NA
"doc87",1,1,"to envisage goals and criteria for future ABMTs, including MPAs.",50,58,10,"10","including","include","VERB","VBG","VerbForm=Ger","11","case",NA,NA
"doc87",1,1,"to envisage goals and criteria for future ABMTs, including MPAs.",60,63,11,"11","MPAs","MPAs","NOUN","NNS","Number=Plur","3","nmod",NA,"SpaceAfter=No"
"doc87",1,1,"to envisage goals and criteria for future ABMTs, including MPAs.",64,64,12,"12",".",".","PUNCT",".",NA,"2","punct",NA,"SpacesAfter=\n"
"doc88",1,1,"to develop a holistic governance approach, which implies not only a global geographical coverage, but also consideration of various fields and sectors",1,2,1,"1","to","to","PART","TO",NA,"2","mark",NA,NA
"doc88",1,1,"to develop a holistic governance approach, which implies not only a global geographical coverage, but also consideration of various fields and sectors",4,10,2,"2","develop","develop","VERB","VB","VerbForm=Inf","0","root",NA,NA
"doc88",1,1,"to develop a holistic governance approach, which implies not only a global geographical coverage, but also consideration of various fields and sectors",12,12,3,"3","a","a","DET","DT","Definite=Ind|PronType=Art","6","det",NA,NA
"doc88",1,1,"to develop a holistic governance approach, which implies not only a global geographical coverage, but also consideration of various fields and sectors",14,21,4,"4","holistic","holistic","ADJ","JJ","Degree=Pos","6","amod",NA,NA
"doc88",1,1,"to develop a holistic governance approach, which implies not only a global geographical coverage, but also consideration of various fields and sectors",23,32,5,"5","governance","governance","NOUN","NN","Number=Sing","6","compound",NA,NA
"doc88",1,1,"to develop a holistic governance approach, which implies not only a global geographical coverage, but also consideration of various fields and sectors",34,41,6,"6","approach","approach","NOUN","NN","Number=Sing","2","obj",NA,"SpaceAfter=No"
"doc88",1,1,"to develop a holistic governance approach, which implies not only a global geographical coverage, but also consideration of various fields and sectors",42,42,7,"7",",",",","PUNCT",",",NA,"6","punct",NA,NA
"doc88",1,1,"to develop a holistic governance approach, which implies not only a global geographical coverage, but also consideration of various fields and sectors",44,48,8,"8","which","which","PRON","WDT","PronType=Rel","9","nsubj",NA,NA
"doc88",1,1,"to develop a holistic governance approach, which implies not only a global geographical coverage, but also consideration of various fields and sectors",50,56,9,"9","implies","imply","VERB","VBZ","Mood=Ind|Number=Sing|Person=3|Tense=Pres|VerbForm=Fin","6","acl:relcl",NA,NA
"doc88",1,1,"to develop a holistic governance approach, which implies not only a global geographical coverage, but also consideration of various fields and sectors",58,60,10,"10","not","not","ADV","RB",NA,"11","advmod",NA,NA
"doc88",1,1,"to develop a holistic governance approach, which implies not only a global geographical coverage, but also consideration of various fields and sectors",62,65,11,"11","only","only","ADV","RB",NA,"15","advmod",NA,NA
"doc88",1,1,"to develop a holistic governance approach, which implies not only a global geographical coverage, but also consideration of various fields and sectors",67,67,12,"12","a","a","DET","DT","Definite=Ind|PronType=Art","15","det",NA,NA
"doc88",1,1,"to develop a holistic governance approach, which implies not only a global geographical coverage, but also consideration of various fields and sectors",69,74,13,"13","global","global","ADJ","JJ","Degree=Pos","15","amod",NA,NA
"doc88",1,1,"to develop a holistic governance approach, which implies not only a global geographical coverage, but also consideration of various fields and sectors",76,87,14,"14","geographical","geographical","ADJ","JJ","Degree=Pos","15","amod",NA,NA
"doc88",1,1,"to develop a holistic governance approach, which implies not only a global geographical coverage, but also consideration of various fields and sectors",89,96,15,"15","coverage","coverage","NOUN","NN","Number=Sing","9","obj",NA,"SpaceAfter=No"
"doc88",1,1,"to develop a holistic governance approach, which implies not only a global geographical coverage, but also consideration of various fields and sectors",97,97,16,"16",",",",","PUNCT",",",NA,"19","punct",NA,NA
"doc88",1,1,"to develop a holistic governance approach, which implies not only a global geographical coverage, but also consideration of various fields and sectors",99,101,17,"17","but","but","CCONJ","CC",NA,"19","cc",NA,NA
"doc88",1,1,"to develop a holistic governance approach, which implies not only a global geographical coverage, but also consideration of various fields and sectors",103,106,18,"18","also","also","ADV","RB",NA,"19","advmod",NA,NA
"doc88",1,1,"to develop a holistic governance approach, which implies not only a global geographical coverage, but also consideration of various fields and sectors",108,120,19,"19","consideration","consideration","NOUN","NN","Number=Sing","2","conj",NA,NA
"doc88",1,1,"to develop a holistic governance approach, which implies not only a global geographical coverage, but also consideration of various fields and sectors",122,123,20,"20","of","of","ADP","IN",NA,"22","case",NA,NA
"doc88",1,1,"to develop a holistic governance approach, which implies not only a global geographical coverage, but also consideration of various fields and sectors",125,131,21,"21","various","various","ADJ","JJ","Degree=Pos","22","amod",NA,NA
"doc88",1,1,"to develop a holistic governance approach, which implies not only a global geographical coverage, but also consideration of various fields and sectors",133,138,22,"22","fields","field","NOUN","NNS","Number=Plur","19","nmod",NA,NA
"doc88",1,1,"to develop a holistic governance approach, which implies not only a global geographical coverage, but also consideration of various fields and sectors",140,142,23,"23","and","and","CCONJ","CC",NA,"24","cc",NA,NA
"doc88",1,1,"to develop a holistic governance approach, which implies not only a global geographical coverage, but also consideration of various fields and sectors",144,150,24,"24","sectors","sector","NOUN","NNS","Number=Plur","22","conj",NA,"SpacesAfter=\n"
"doc89",1,1,"to provide a focal point for global, regional and sectoral organisations with responsibilities for conservation and sustainable use of marine biodiversity in ABNJ.",1,2,1,"1","to","to","PART","TO",NA,"2","mark",NA,NA
"doc89",1,1,"to provide a focal point for global, regional and sectoral organisations with responsibilities for conservation and sustainable use of marine biodiversity in ABNJ.",4,10,2,"2","provide","provide","VERB","VB","VerbForm=Inf","0","root",NA,NA
"doc89",1,1,"to provide a focal point for global, regional and sectoral organisations with responsibilities for conservation and sustainable use of marine biodiversity in ABNJ.",12,12,3,"3","a","a","DET","DT","Definite=Ind|PronType=Art","5","det",NA,NA
"doc89",1,1,"to provide a focal point for global, regional and sectoral organisations with responsibilities for conservation and sustainable use of marine biodiversity in ABNJ.",14,18,4,"4","focal","focal","ADJ","JJ","Degree=Pos","5","amod",NA,NA
"doc89",1,1,"to provide a focal point for global, regional and sectoral organisations with responsibilities for conservation and sustainable use of marine biodiversity in ABNJ.",20,24,5,"5","point","point","NOUN","NN","Number=Sing","2","obj",NA,NA
"doc89",1,1,"to provide a focal point for global, regional and sectoral organisations with responsibilities for conservation and sustainable use of marine biodiversity in ABNJ.",26,28,6,"6","for","for","ADP","IN",NA,"12","case",NA,NA
"doc89",1,1,"to provide a focal point for global, regional and sectoral organisations with responsibilities for conservation and sustainable use of marine biodiversity in ABNJ.",30,35,7,"7","global","global","ADJ","JJ","Degree=Pos","12","amod",NA,"SpaceAfter=No"
"doc89",1,1,"to provide a focal point for global, regional and sectoral organisations with responsibilities for conservation and sustainable use of marine biodiversity in ABNJ.",36,36,8,"8",",",",","PUNCT",",",NA,"9","punct",NA,NA
"doc89",1,1,"to provide a focal point for global, regional and sectoral organisations with responsibilities for conservation and sustainable use of marine biodiversity in ABNJ.",38,45,9,"9","regional","regional","ADJ","JJ","Degree=Pos","7","conj",NA,NA
"doc89",1,1,"to provide a focal point for global, regional and sectoral organisations with responsibilities for conservation and sustainable use of marine biodiversity in ABNJ.",47,49,10,"10","and","and","CCONJ","CC",NA,"11","cc",NA,NA
"doc89",1,1,"to provide a focal point for global, regional and sectoral organisations with responsibilities for conservation and sustainable use of marine biodiversity in ABNJ.",51,58,11,"11","sectoral","sectoral","ADJ","JJ","Degree=Pos","7","conj",NA,NA
"doc89",1,1,"to provide a focal point for global, regional and sectoral organisations with responsibilities for conservation and sustainable use of marine biodiversity in ABNJ.",60,72,12,"12","organisations","organisation","NOUN","NNS","Number=Plur","5","nmod",NA,NA
"doc89",1,1,"to provide a focal point for global, regional and sectoral organisations with responsibilities for conservation and sustainable use of marine biodiversity in ABNJ.",74,77,13,"13","with","with","ADP","IN",NA,"14","case",NA,NA
"doc89",1,1,"to provide a focal point for global, regional and sectoral organisations with responsibilities for conservation and sustainable use of marine biodiversity in ABNJ.",79,94,14,"14","responsibilities","responsibility","NOUN","NNS","Number=Plur","5","nmod",NA,NA
"doc89",1,1,"to provide a focal point for global, regional and sectoral organisations with responsibilities for conservation and sustainable use of marine biodiversity in ABNJ.",96,98,15,"15","for","for","ADP","IN",NA,"16","case",NA,NA
"doc89",1,1,"to provide a focal point for global, regional and sectoral organisations with responsibilities for conservation and sustainable use of marine biodiversity in ABNJ.",100,111,16,"16","conservation","conservation","NOUN","NN","Number=Sing","14","nmod",NA,NA
"doc89",1,1,"to provide a focal point for global, regional and sectoral organisations with responsibilities for conservation and sustainable use of marine biodiversity in ABNJ.",113,115,17,"17","and","and","CCONJ","CC",NA,"19","cc",NA,NA
"doc89",1,1,"to provide a focal point for global, regional and sectoral organisations with responsibilities for conservation and sustainable use of marine biodiversity in ABNJ.",117,127,18,"18","sustainable","sustainable","ADJ","JJ","Degree=Pos","19","amod",NA,NA
"doc89",1,1,"to provide a focal point for global, regional and sectoral organisations with responsibilities for conservation and sustainable use of marine biodiversity in ABNJ.",129,131,19,"19","use","use","NOUN","NN","Number=Sing","16","conj",NA,NA
"doc89",1,1,"to provide a focal point for global, regional and sectoral organisations with responsibilities for conservation and sustainable use of marine biodiversity in ABNJ.",133,134,20,"20","of","of","ADP","IN",NA,"22","case",NA,NA
"doc89",1,1,"to provide a focal point for global, regional and sectoral organisations with responsibilities for conservation and sustainable use of marine biodiversity in ABNJ.",136,141,21,"21","marine","marine","NOUN","NN","Number=Sing","22","compound",NA,NA
"doc89",1,1,"to provide a focal point for global, regional and sectoral organisations with responsibilities for conservation and sustainable use of marine biodiversity in ABNJ.",143,154,22,"22","biodiversity","biodiversity","NOUN","NN","Number=Sing","19","nmod",NA,NA
"doc89",1,1,"to provide a focal point for global, regional and sectoral organisations with responsibilities for conservation and sustainable use of marine biodiversity in ABNJ.",156,157,23,"23","in","in","ADP","IN",NA,"24","case",NA,NA
"doc89",1,1,"to provide a focal point for global, regional and sectoral organisations with responsibilities for conservation and sustainable use of marine biodiversity in ABNJ.",159,162,24,"24","ABNJ","ABNJ","PROPN","NNP","Number=Sing","22","nmod",NA,"SpaceAfter=No"
"doc89",1,1,"to provide a focal point for global, regional and sectoral organisations with responsibilities for conservation and sustainable use of marine biodiversity in ABNJ.",163,163,25,"25",".",".","PUNCT",".",NA,"2","punct",NA,"SpacesAfter=\n"
"doc90",1,1,"to support cooperation within the existing regional ocean governance framework.",1,2,1,"1","to","to","PART","TO",NA,"2","mark",NA,NA
"doc90",1,1,"to support cooperation within the existing regional ocean governance framework.",4,10,2,"2","support","support","VERB","VB","VerbForm=Inf","0","root",NA,NA
"doc90",1,1,"to support cooperation within the existing regional ocean governance framework.",12,22,3,"3","cooperation","cooperation","NOUN","NN","Number=Sing","2","obj",NA,NA
"doc90",1,1,"to support cooperation within the existing regional ocean governance framework.",24,29,4,"4","within","within","ADP","IN",NA,"10","case",NA,NA
"doc90",1,1,"to support cooperation within the existing regional ocean governance framework.",31,33,5,"5","the","the","DET","DT","Definite=Def|PronType=Art","10","det",NA,NA
"doc90",1,1,"to support cooperation within the existing regional ocean governance framework.",35,42,6,"6","existing","exist","VERB","VBG","VerbForm=Ger","10","amod",NA,NA
"doc90",1,1,"to support cooperation within the existing regional ocean governance framework.",44,51,7,"7","regional","regional","ADJ","JJ","Degree=Pos","10","amod",NA,NA
"doc90",1,1,"to support cooperation within the existing regional ocean governance framework.",53,57,8,"8","ocean","ocean","NOUN","NN","Number=Sing","9","compound",NA,NA
"doc90",1,1,"to support cooperation within the existing regional ocean governance framework.",59,68,9,"9","governance","governance","NOUN","NN","Number=Sing","10","compound",NA,NA
"doc90",1,1,"to support cooperation within the existing regional ocean governance framework.",70,78,10,"10","framework","framework","NOUN","NN","Number=Sing","2","obl",NA,"SpaceAfter=No"
"doc90",1,1,"to support cooperation within the existing regional ocean governance framework.",79,79,11,"11",".",".","PUNCT",".",NA,"2","punct",NA,"SpacesAfter=\n"
"doc91",1,1,"The Antarctic Treaty System does not allow to recognize areas beyond national jurisdiction in the Southern Ocean.",1,3,1,"1","The","the","DET","DT","Definite=Def|PronType=Art","4","det",NA,NA
"doc91",1,1,"The Antarctic Treaty System does not allow to recognize areas beyond national jurisdiction in the Southern Ocean.",5,13,2,"2","Antarctic","Antarctic","PROPN","NNP","Number=Sing","4","compound",NA,NA
"doc91",1,1,"The Antarctic Treaty System does not allow to recognize areas beyond national jurisdiction in the Southern Ocean.",15,20,3,"3","Treaty","Treaty","PROPN","NNP","Number=Sing","4","compound",NA,NA
"doc91",1,1,"The Antarctic Treaty System does not allow to recognize areas beyond national jurisdiction in the Southern Ocean.",22,27,4,"4","System","System","PROPN","NNP","Number=Sing","7","nsubj",NA,NA
"doc91",1,1,"The Antarctic Treaty System does not allow to recognize areas beyond national jurisdiction in the Southern Ocean.",29,32,5,"5","does","do","AUX","VBZ","Mood=Ind|Number=Sing|Person=3|Tense=Pres|VerbForm=Fin","7","aux",NA,NA
"doc91",1,1,"The Antarctic Treaty System does not allow to recognize areas beyond national jurisdiction in the Southern Ocean.",34,36,6,"6","not","not","PART","RB",NA,"7","advmod",NA,NA
"doc91",1,1,"The Antarctic Treaty System does not allow to recognize areas beyond national jurisdiction in the Southern Ocean.",38,42,7,"7","allow","allow","VERB","VB","VerbForm=Inf","0","root",NA,NA
"doc91",1,1,"The Antarctic Treaty System does not allow to recognize areas beyond national jurisdiction in the Southern Ocean.",44,45,8,"8","to","to","PART","TO",NA,"9","mark",NA,NA
"doc91",1,1,"The Antarctic Treaty System does not allow to recognize areas beyond national jurisdiction in the Southern Ocean.",47,55,9,"9","recognize","recognize","VERB","VB","VerbForm=Inf","7","xcomp",NA,NA
"doc91",1,1,"The Antarctic Treaty System does not allow to recognize areas beyond national jurisdiction in the Southern Ocean.",57,61,10,"10","areas","area","NOUN","NNS","Number=Plur","9","obj",NA,NA
"doc91",1,1,"The Antarctic Treaty System does not allow to recognize areas beyond national jurisdiction in the Southern Ocean.",63,68,11,"11","beyond","beyond","ADP","IN",NA,"13","case",NA,NA
"doc91",1,1,"The Antarctic Treaty System does not allow to recognize areas beyond national jurisdiction in the Southern Ocean.",70,77,12,"12","national","national","ADJ","JJ","Degree=Pos","13","amod",NA,NA
"doc91",1,1,"The Antarctic Treaty System does not allow to recognize areas beyond national jurisdiction in the Southern Ocean.",79,90,13,"13","jurisdiction","jurisdiction","NOUN","NN","Number=Sing","10","nmod",NA,NA
"doc91",1,1,"The Antarctic Treaty System does not allow to recognize areas beyond national jurisdiction in the Southern Ocean.",92,93,14,"14","in","in","ADP","IN",NA,"17","case",NA,NA
"doc91",1,1,"The Antarctic Treaty System does not allow to recognize areas beyond national jurisdiction in the Southern Ocean.",95,97,15,"15","the","the","DET","DT","Definite=Def|PronType=Art","17","det",NA,NA
"doc91",1,1,"The Antarctic Treaty System does not allow to recognize areas beyond national jurisdiction in the Southern Ocean.",99,106,16,"16","Southern","Southern","PROPN","NNP","Number=Sing","17","compound",NA,NA
"doc91",1,1,"The Antarctic Treaty System does not allow to recognize areas beyond national jurisdiction in the Southern Ocean.",108,112,17,"17","Ocean","Ocean","PROPN","NNP","Number=Sing","13","nmod",NA,"SpaceAfter=No"
"doc91",1,1,"The Antarctic Treaty System does not allow to recognize areas beyond national jurisdiction in the Southern Ocean.",113,113,18,"18",".",".","PUNCT",".",NA,"7","punct",NA,"SpacesAfter=\n"
"doc92",1,1,"to strengthen regional oceans governance through multi-sectoral coordination and the establishment of new regional oceans governance bodies.",1,2,1,"1","to","to","PART","TO",NA,"2","mark",NA,NA
"doc92",1,1,"to strengthen regional oceans governance through multi-sectoral coordination and the establishment of new regional oceans governance bodies.",4,13,2,"2","strengthen","strengthen","VERB","VB","VerbForm=Inf","0","root",NA,NA
"doc92",1,1,"to strengthen regional oceans governance through multi-sectoral coordination and the establishment of new regional oceans governance bodies.",15,22,3,"3","regional","regional","ADJ","JJ","Degree=Pos","5","amod",NA,NA
"doc92",1,1,"to strengthen regional oceans governance through multi-sectoral coordination and the establishment of new regional oceans governance bodies.",24,29,4,"4","oceans","oceans","NOUN","NNS","Number=Plur","5","compound",NA,NA
"doc92",1,1,"to strengthen regional oceans governance through multi-sectoral coordination and the establishment of new regional oceans governance bodies.",31,40,5,"5","governance","governance","NOUN","NN","Number=Sing","2","obj",NA,NA
"doc92",1,1,"to strengthen regional oceans governance through multi-sectoral coordination and the establishment of new regional oceans governance bodies.",42,48,6,"6","through","through","ADP","IN",NA,"8","case",NA,NA
"doc92",1,1,"to strengthen regional oceans governance through multi-sectoral coordination and the establishment of new regional oceans governance bodies.",50,63,7,"7","multi-sectoral","multi-sectoral","ADJ","JJ","Degree=Pos","8","amod",NA,NA
"doc92",1,1,"to strengthen regional oceans governance through multi-sectoral coordination and the establishment of new regional oceans governance bodies.",65,76,8,"8","coordination","coordination","NOUN","NN","Number=Sing","2","obl",NA,NA
"doc92",1,1,"to strengthen regional oceans governance through multi-sectoral coordination and the establishment of new regional oceans governance bodies.",78,80,9,"9","and","and","CCONJ","CC",NA,"11","cc",NA,NA
"doc92",1,1,"to strengthen regional oceans governance through multi-sectoral coordination and the establishment of new regional oceans governance bodies.",82,84,10,"10","the","the","DET","DT","Definite=Def|PronType=Art","11","det",NA,NA
"doc92",1,1,"to strengthen regional oceans governance through multi-sectoral coordination and the establishment of new regional oceans governance bodies.",86,98,11,"11","establishment","establishment","NOUN","NN","Number=Sing","2","conj",NA,NA
"doc92",1,1,"to strengthen regional oceans governance through multi-sectoral coordination and the establishment of new regional oceans governance bodies.",100,101,12,"12","of","of","ADP","IN",NA,"17","case",NA,NA
"doc92",1,1,"to strengthen regional oceans governance through multi-sectoral coordination and the establishment of new regional oceans governance bodies.",103,105,13,"13","new","new","ADJ","JJ","Degree=Pos","17","amod",NA,NA
"doc92",1,1,"to strengthen regional oceans governance through multi-sectoral coordination and the establishment of new regional oceans governance bodies.",107,114,14,"14","regional","regional","ADJ","JJ","Degree=Pos","16","amod",NA,NA
"doc92",1,1,"to strengthen regional oceans governance through multi-sectoral coordination and the establishment of new regional oceans governance bodies.",116,121,15,"15","oceans","oceans","NOUN","NNS","Number=Plur","16","compound",NA,NA
"doc92",1,1,"to strengthen regional oceans governance through multi-sectoral coordination and the establishment of new regional oceans governance bodies.",123,132,16,"16","governance","governance","NOUN","NN","Number=Sing","17","compound",NA,NA
"doc92",1,1,"to strengthen regional oceans governance through multi-sectoral coordination and the establishment of new regional oceans governance bodies.",134,139,17,"17","bodies","body","NOUN","NNS","Number=Plur","11","nmod",NA,"SpaceAfter=No"
"doc92",1,1,"to strengthen regional oceans governance through multi-sectoral coordination and the establishment of new regional oceans governance bodies.",140,140,18,"18",".",".","PUNCT",".",NA,"2","punct",NA,"SpacesAfter=\n"
"doc93",1,1,"to consider the any current consistency between multilateral and regional institutions and legal instruments.",1,2,1,"1","to","to","PART","TO",NA,"2","mark",NA,NA
"doc93",1,1,"to consider the any current consistency between multilateral and regional institutions and legal instruments.",4,11,2,"2","consider","consider","VERB","VB","VerbForm=Inf","0","root",NA,NA
"doc93",1,1,"to consider the any current consistency between multilateral and regional institutions and legal instruments.",13,15,3,"3","the","the","DET","DT","Definite=Def|PronType=Art","6","det",NA,NA
"doc93",1,1,"to consider the any current consistency between multilateral and regional institutions and legal instruments.",17,19,4,"4","any","any","DET","DT",NA,"6","det",NA,NA
"doc93",1,1,"to consider the any current consistency between multilateral and regional institutions and legal instruments.",21,27,5,"5","current","current","ADJ","JJ","Degree=Pos","6","amod",NA,NA
"doc93",1,1,"to consider the any current consistency between multilateral and regional institutions and legal instruments.",29,39,6,"6","consistency","consistency","NOUN","NN","Number=Sing","2","obj",NA,NA
"doc93",1,1,"to consider the any current consistency between multilateral and regional institutions and legal instruments.",41,47,7,"7","between","between","ADP","IN",NA,"11","case",NA,NA
"doc93",1,1,"to consider the any current consistency between multilateral and regional institutions and legal instruments.",49,60,8,"8","multilateral","multilateral","ADJ","JJ","Degree=Pos","11","amod",NA,NA
"doc93",1,1,"to consider the any current consistency between multilateral and regional institutions and legal instruments.",62,64,9,"9","and","and","CCONJ","CC",NA,"10","cc",NA,NA
"doc93",1,1,"to consider the any current consistency between multilateral and regional institutions and legal instruments.",66,73,10,"10","regional","regional","ADJ","JJ","Degree=Pos","8","conj",NA,NA
"doc93",1,1,"to consider the any current consistency between multilateral and regional institutions and legal instruments.",75,86,11,"11","institutions","institution","NOUN","NNS","Number=Plur","6","nmod",NA,NA
"doc93",1,1,"to consider the any current consistency between multilateral and regional institutions and legal instruments.",88,90,12,"12","and","and","CCONJ","CC",NA,"14","cc",NA,NA
"doc93",1,1,"to consider the any current consistency between multilateral and regional institutions and legal instruments.",92,96,13,"13","legal","legal","ADJ","JJ","Degree=Pos","14","amod",NA,NA
"doc93",1,1,"to consider the any current consistency between multilateral and regional institutions and legal instruments.",98,108,14,"14","instruments","instrument","NOUN","NNS","Number=Plur","11","conj",NA,"SpaceAfter=No"
"doc93",1,1,"to consider the any current consistency between multilateral and regional institutions and legal instruments.",109,109,15,"15",".",".","PUNCT",".",NA,"2","punct",NA,"SpacesAfter=\n"
"doc94",1,1,"to unify existing regulatory and governance mechanisms and fill gaps where they exist.",1,2,1,"1","to","to","PART","TO",NA,"2","mark",NA,NA
"doc94",1,1,"to unify existing regulatory and governance mechanisms and fill gaps where they exist.",4,8,2,"2","unify","unify","VERB","VB","VerbForm=Inf","0","root",NA,NA
"doc94",1,1,"to unify existing regulatory and governance mechanisms and fill gaps where they exist.",10,17,3,"3","existing","exist","VERB","VBG","VerbForm=Ger","4","amod",NA,NA
"doc94",1,1,"to unify existing regulatory and governance mechanisms and fill gaps where they exist.",19,28,4,"4","regulatory","regulatory","NOUN","NN","Number=Sing","7","compound",NA,NA
"doc94",1,1,"to unify existing regulatory and governance mechanisms and fill gaps where they exist.",30,32,5,"5","and","and","CCONJ","CC",NA,"6","cc",NA,NA
"doc94",1,1,"to unify existing regulatory and governance mechanisms and fill gaps where they exist.",34,43,6,"6","governance","governance","NOUN","NN","Number=Sing","4","conj",NA,NA
"doc94",1,1,"to unify existing regulatory and governance mechanisms and fill gaps where they exist.",45,54,7,"7","mechanisms","mechanism","NOUN","NNS","Number=Plur","2","obj",NA,NA
"doc94",1,1,"to unify existing regulatory and governance mechanisms and fill gaps where they exist.",56,58,8,"8","and","and","CCONJ","CC",NA,"10","cc",NA,NA
"doc94",1,1,"to unify existing regulatory and governance mechanisms and fill gaps where they exist.",60,63,9,"9","fill","fill","ADJ","JJ","Degree=Pos","10","amod",NA,NA
"doc94",1,1,"to unify existing regulatory and governance mechanisms and fill gaps where they exist.",65,68,10,"10","gaps","gaps","NOUN","NNS","Number=Plur","7","conj",NA,NA
"doc94",1,1,"to unify existing regulatory and governance mechanisms and fill gaps where they exist.",70,74,11,"11","where","where","ADV","WRB","PronType=Rel","13","advmod",NA,NA
"doc94",1,1,"to unify existing regulatory and governance mechanisms and fill gaps where they exist.",76,79,12,"12","they","they","PRON","PRP","Case=Nom|Number=Plur|Person=3|PronType=Prs","13","nsubj",NA,NA
"doc94",1,1,"to unify existing regulatory and governance mechanisms and fill gaps where they exist.",81,85,13,"13","exist","exist","VERB","VBP","Mood=Ind|Tense=Pres|VerbForm=Fin","10","acl:relcl",NA,"SpaceAfter=No"
"doc94",1,1,"to unify existing regulatory and governance mechanisms and fill gaps where they exist.",86,86,14,"14",".",".","PUNCT",".",NA,"2","punct",NA,"SpacesAfter=\n"
"doc95",1,1,"an approach to fisheries, building on and complementary to existing measures, will be preferred to radical approaches.",1,2,1,"1","an","a","DET","DT","Definite=Ind|PronType=Art","2","det",NA,NA
"doc95",1,1,"an approach to fisheries, building on and complementary to existing measures, will be preferred to radical approaches.",4,11,2,"2","approach","approach","NOUN","NN","Number=Sing","16","nsubj:pass",NA,NA
"doc95",1,1,"an approach to fisheries, building on and complementary to existing measures, will be preferred to radical approaches.",13,14,3,"3","to","to","ADP","IN",NA,"4","case",NA,NA
"doc95",1,1,"an approach to fisheries, building on and complementary to existing measures, will be preferred to radical approaches.",16,24,4,"4","fisheries","fishery","NOUN","NNS","Number=Plur","2","nmod",NA,"SpaceAfter=No"
"doc95",1,1,"an approach to fisheries, building on and complementary to existing measures, will be preferred to radical approaches.",25,25,5,"5",",",",","PUNCT",",",NA,"6","punct",NA,NA
"doc95",1,1,"an approach to fisheries, building on and complementary to existing measures, will be preferred to radical approaches.",27,34,6,"6","building","build","NOUN","NN","Number=Sing","4","conj",NA,NA
"doc95",1,1,"an approach to fisheries, building on and complementary to existing measures, will be preferred to radical approaches.",36,37,7,"7","on","on","ADP","IN",NA,"12","case",NA,NA
"doc95",1,1,"an approach to fisheries, building on and complementary to existing measures, will be preferred to radical approaches.",39,41,8,"8","and","and","CCONJ","CC",NA,"9","cc",NA,NA
"doc95",1,1,"an approach to fisheries, building on and complementary to existing measures, will be preferred to radical approaches.",43,55,9,"9","complementary","complementary","ADJ","JJ","Degree=Pos","7","conj",NA,NA
"doc95",1,1,"an approach to fisheries, building on and complementary to existing measures, will be preferred to radical approaches.",57,58,10,"10","to","to","ADP","IN",NA,"12","case",NA,NA
"doc95",1,1,"an approach to fisheries, building on and complementary to existing measures, will be preferred to radical approaches.",60,67,11,"11","existing","exist","VERB","VBG","VerbForm=Ger","12","amod",NA,NA
"doc95",1,1,"an approach to fisheries, building on and complementary to existing measures, will be preferred to radical approaches.",69,76,12,"12","measures","measure","NOUN","NNS","Number=Plur","2","nmod",NA,"SpaceAfter=No"
"doc95",1,1,"an approach to fisheries, building on and complementary to existing measures, will be preferred to radical approaches.",77,77,13,"13",",",",","PUNCT",",",NA,"16","punct",NA,NA
"doc95",1,1,"an approach to fisheries, building on and complementary to existing measures, will be preferred to radical approaches.",79,82,14,"14","will","will","AUX","MD","VerbForm=Fin","16","aux",NA,NA
"doc95",1,1,"an approach to fisheries, building on and complementary to existing measures, will be preferred to radical approaches.",84,85,15,"15","be","be","AUX","VB","VerbForm=Inf","16","aux:pass",NA,NA
"doc95",1,1,"an approach to fisheries, building on and complementary to existing measures, will be preferred to radical approaches.",87,95,16,"16","preferred","prefer","VERB","VBN","Tense=Past|VerbForm=Part|Voice=Pass","0","root",NA,NA
"doc95",1,1,"an approach to fisheries, building on and complementary to existing measures, will be preferred to radical approaches.",97,98,17,"17","to","to","ADP","IN",NA,"19","case",NA,NA
"doc95",1,1,"an approach to fisheries, building on and complementary to existing measures, will be preferred to radical approaches.",100,106,18,"18","radical","radical","ADJ","JJ","Degree=Pos","19","amod",NA,NA
"doc95",1,1,"an approach to fisheries, building on and complementary to existing measures, will be preferred to radical approaches.",108,117,19,"19","approaches","approaches","NOUN","NNS","Number=Plur","16","obl",NA,"SpaceAfter=No"
"doc95",1,1,"an approach to fisheries, building on and complementary to existing measures, will be preferred to radical approaches.",118,118,20,"20",".",".","PUNCT",".",NA,"16","punct",NA,"SpacesAfter=\n"
"doc96",1,1,"to strengthen requirements for monitoring, compliance and enforcement.",1,2,1,"1","to","to","PART","TO",NA,"2","mark",NA,NA
"doc96",1,1,"to strengthen requirements for monitoring, compliance and enforcement.",4,13,2,"2","strengthen","strengthen","VERB","VB","VerbForm=Inf","0","root",NA,NA
"doc96",1,1,"to strengthen requirements for monitoring, compliance and enforcement.",15,26,3,"3","requirements","requirement","NOUN","NNS","Number=Plur","2","obj",NA,NA
"doc96",1,1,"to strengthen requirements for monitoring, compliance and enforcement.",28,30,4,"4","for","for","ADP","IN",NA,"5","case",NA,NA
"doc96",1,1,"to strengthen requirements for monitoring, compliance and enforcement.",32,41,5,"5","monitoring","monitoring","NOUN","NN","Number=Sing","3","nmod",NA,"SpaceAfter=No"
"doc96",1,1,"to strengthen requirements for monitoring, compliance and enforcement.",42,42,6,"6",",",",","PUNCT",",",NA,"7","punct",NA,NA
"doc96",1,1,"to strengthen requirements for monitoring, compliance and enforcement.",44,53,7,"7","compliance","compliance","NOUN","NN","Number=Sing","5","conj",NA,NA
"doc96",1,1,"to strengthen requirements for monitoring, compliance and enforcement.",55,57,8,"8","and","and","CCONJ","CC",NA,"9","cc",NA,NA
"doc96",1,1,"to strengthen requirements for monitoring, compliance and enforcement.",59,69,9,"9","enforcement","enforcement","NOUN","NN","Number=Sing","5","conj",NA,"SpaceAfter=No"
"doc96",1,1,"to strengthen requirements for monitoring, compliance and enforcement.",70,70,10,"10",".",".","PUNCT",".",NA,"2","punct",NA,"SpacesAfter=\n"
"doc97",1,1,"Lack of consensus between developing and developed states on whether the ABNJ should be governed under the principle of common heritage of mankind or freedom of the High Seas.",1,4,1,"1","Lack","lack","NOUN","NN","Number=Sing","0","root",NA,NA
"doc97",1,1,"Lack of consensus between developing and developed states on whether the ABNJ should be governed under the principle of common heritage of mankind or freedom of the High Seas.",6,7,2,"2","of","of","ADP","IN",NA,"3","case",NA,NA
"doc97",1,1,"Lack of consensus between developing and developed states on whether the ABNJ should be governed under the principle of common heritage of mankind or freedom of the High Seas.",9,17,3,"3","consensus","consensus","NOUN","NN","Number=Sing","1","nmod",NA,NA
"doc97",1,1,"Lack of consensus between developing and developed states on whether the ABNJ should be governed under the principle of common heritage of mankind or freedom of the High Seas.",19,25,4,"4","between","between","ADP","IN",NA,"5","case",NA,NA
"doc97",1,1,"Lack of consensus between developing and developed states on whether the ABNJ should be governed under the principle of common heritage of mankind or freedom of the High Seas.",27,36,5,"5","developing","develop","NOUN","NN","Number=Sing","8","compound",NA,NA
"doc97",1,1,"Lack of consensus between developing and developed states on whether the ABNJ should be governed under the principle of common heritage of mankind or freedom of the High Seas.",38,40,6,"6","and","and","CCONJ","CC",NA,"7","cc",NA,NA
"doc97",1,1,"Lack of consensus between developing and developed states on whether the ABNJ should be governed under the principle of common heritage of mankind or freedom of the High Seas.",42,50,7,"7","developed","develop","VERB","VBD","Mood=Ind|Tense=Past|VerbForm=Fin","5","conj",NA,NA
"doc97",1,1,"Lack of consensus between developing and developed states on whether the ABNJ should be governed under the principle of common heritage of mankind or freedom of the High Seas.",52,57,8,"8","states","state","NOUN","NNS","Number=Plur","1","nmod",NA,NA
"doc97",1,1,"Lack of consensus between developing and developed states on whether the ABNJ should be governed under the principle of common heritage of mankind or freedom of the High Seas.",59,60,9,"9","on","on","SCONJ","IN",NA,"15","mark",NA,NA
"doc97",1,1,"Lack of consensus between developing and developed states on whether the ABNJ should be governed under the principle of common heritage of mankind or freedom of the High Seas.",62,68,10,"10","whether","whether","SCONJ","IN",NA,"15","mark",NA,NA
"doc97",1,1,"Lack of consensus between developing and developed states on whether the ABNJ should be governed under the principle of common heritage of mankind or freedom of the High Seas.",70,72,11,"11","the","the","DET","DT","Definite=Def|PronType=Art","12","det",NA,NA
"doc97",1,1,"Lack of consensus between developing and developed states on whether the ABNJ should be governed under the principle of common heritage of mankind or freedom of the High Seas.",74,77,12,"12","ABNJ","ABNJ","PROPN","NNP","Number=Sing","15","nsubj:pass",NA,NA
"doc97",1,1,"Lack of consensus between developing and developed states on whether the ABNJ should be governed under the principle of common heritage of mankind or freedom of the High Seas.",79,84,13,"13","should","should","AUX","MD","VerbForm=Fin","15","aux",NA,NA
"doc97",1,1,"Lack of consensus between developing and developed states on whether the ABNJ should be governed under the principle of common heritage of mankind or freedom of the High Seas.",86,87,14,"14","be","be","AUX","VB","VerbForm=Inf","15","aux:pass",NA,NA
"doc97",1,1,"Lack of consensus between developing and developed states on whether the ABNJ should be governed under the principle of common heritage of mankind or freedom of the High Seas.",89,96,15,"15","governed","govern","VERB","VBN","Tense=Past|VerbForm=Part|Voice=Pass","1","acl",NA,NA
"doc97",1,1,"Lack of consensus between developing and developed states on whether the ABNJ should be governed under the principle of common heritage of mankind or freedom of the High Seas.",98,102,16,"16","under","under","ADP","IN",NA,"18","case",NA,NA
"doc97",1,1,"Lack of consensus between developing and developed states on whether the ABNJ should be governed under the principle of common heritage of mankind or freedom of the High Seas.",104,106,17,"17","the","the","DET","DT","Definite=Def|PronType=Art","18","det",NA,NA
"doc97",1,1,"Lack of consensus between developing and developed states on whether the ABNJ should be governed under the principle of common heritage of mankind or freedom of the High Seas.",108,116,18,"18","principle","principle","NOUN","NN","Number=Sing","15","obl",NA,NA
"doc97",1,1,"Lack of consensus between developing and developed states on whether the ABNJ should be governed under the principle of common heritage of mankind or freedom of the High Seas.",118,119,19,"19","of","of","ADP","IN",NA,"21","case",NA,NA
"doc97",1,1,"Lack of consensus between developing and developed states on whether the ABNJ should be governed under the principle of common heritage of mankind or freedom of the High Seas.",121,126,20,"20","common","common","ADJ","JJ","Degree=Pos","21","amod",NA,NA
"doc97",1,1,"Lack of consensus between developing and developed states on whether the ABNJ should be governed under the principle of common heritage of mankind or freedom of the High Seas.",128,135,21,"21","heritage","heritage","NOUN","NN","Number=Sing","18","nmod",NA,NA
"doc97",1,1,"Lack of consensus between developing and developed states on whether the ABNJ should be governed under the principle of common heritage of mankind or freedom of the High Seas.",137,138,22,"22","of","of","ADP","IN",NA,"23","case",NA,NA
"doc97",1,1,"Lack of consensus between developing and developed states on whether the ABNJ should be governed under the principle of common heritage of mankind or freedom of the High Seas.",140,146,23,"23","mankind","mankind","NOUN","NN","Number=Sing","21","nmod",NA,NA
"doc97",1,1,"Lack of consensus between developing and developed states on whether the ABNJ should be governed under the principle of common heritage of mankind or freedom of the High Seas.",148,149,24,"24","or","or","CCONJ","CC",NA,"25","cc",NA,NA
"doc97",1,1,"Lack of consensus between developing and developed states on whether the ABNJ should be governed under the principle of common heritage of mankind or freedom of the High Seas.",151,157,25,"25","freedom","freedom","NOUN","NN","Number=Sing","23","conj",NA,NA
"doc97",1,1,"Lack of consensus between developing and developed states on whether the ABNJ should be governed under the principle of common heritage of mankind or freedom of the High Seas.",159,160,26,"26","of","of","ADP","IN",NA,"29","case",NA,NA
"doc97",1,1,"Lack of consensus between developing and developed states on whether the ABNJ should be governed under the principle of common heritage of mankind or freedom of the High Seas.",162,164,27,"27","the","the","DET","DT","Definite=Def|PronType=Art","29","det",NA,NA
"doc97",1,1,"Lack of consensus between developing and developed states on whether the ABNJ should be governed under the principle of common heritage of mankind or freedom of the High Seas.",166,169,28,"28","High","High","PROPN","NNP","Number=Sing","29","compound",NA,NA
"doc97",1,1,"Lack of consensus between developing and developed states on whether the ABNJ should be governed under the principle of common heritage of mankind or freedom of the High Seas.",171,174,29,"29","Seas","Seas","PROPN","NNPS","Number=Plur","23","nmod",NA,"SpaceAfter=No"
"doc97",1,1,"Lack of consensus between developing and developed states on whether the ABNJ should be governed under the principle of common heritage of mankind or freedom of the High Seas.",175,175,30,"30",".",".","PUNCT",".",NA,"1","punct",NA,"SpacesAfter=\n"
"doc98",1,1,"it will indicate options and approaches to promote international cooperation and coordination for the conservation and sustainable use of ABNJ.",1,2,1,"1","it","it","PRON","PRP","Case=Nom|Gender=Neut|Number=Sing|Person=3|PronType=Prs","3","nsubj",NA,NA
"doc98",1,1,"it will indicate options and approaches to promote international cooperation and coordination for the conservation and sustainable use of ABNJ.",4,7,2,"2","will","will","AUX","MD","VerbForm=Fin","3","aux",NA,NA
"doc98",1,1,"it will indicate options and approaches to promote international cooperation and coordination for the conservation and sustainable use of ABNJ.",9,16,3,"3","indicate","indicate","VERB","VB","VerbForm=Inf","0","root",NA,NA
"doc98",1,1,"it will indicate options and approaches to promote international cooperation and coordination for the conservation and sustainable use of ABNJ.",18,24,4,"4","options","option","NOUN","NNS","Number=Plur","3","obj",NA,NA
"doc98",1,1,"it will indicate options and approaches to promote international cooperation and coordination for the conservation and sustainable use of ABNJ.",26,28,5,"5","and","and","CCONJ","CC",NA,"6","cc",NA,NA
"doc98",1,1,"it will indicate options and approaches to promote international cooperation and coordination for the conservation and sustainable use of ABNJ.",30,39,6,"6","approaches","approaches","VERB","VBZ","Mood=Ind|Number=Sing|Person=3|Tense=Pres|VerbForm=Fin","3","conj",NA,NA
"doc98",1,1,"it will indicate options and approaches to promote international cooperation and coordination for the conservation and sustainable use of ABNJ.",41,42,7,"7","to","to","PART","TO",NA,"8","mark",NA,NA
"doc98",1,1,"it will indicate options and approaches to promote international cooperation and coordination for the conservation and sustainable use of ABNJ.",44,50,8,"8","promote","promote","VERB","VB","VerbForm=Inf","6","xcomp",NA,NA
"doc98",1,1,"it will indicate options and approaches to promote international cooperation and coordination for the conservation and sustainable use of ABNJ.",52,64,9,"9","international","international","ADJ","JJ","Degree=Pos","10","amod",NA,NA
"doc98",1,1,"it will indicate options and approaches to promote international cooperation and coordination for the conservation and sustainable use of ABNJ.",66,76,10,"10","cooperation","cooperation","NOUN","NN","Number=Sing","8","obj",NA,NA
"doc98",1,1,"it will indicate options and approaches to promote international cooperation and coordination for the conservation and sustainable use of ABNJ.",78,80,11,"11","and","and","CCONJ","CC",NA,"12","cc",NA,NA
"doc98",1,1,"it will indicate options and approaches to promote international cooperation and coordination for the conservation and sustainable use of ABNJ.",82,93,12,"12","coordination","coordination","NOUN","NN","Number=Sing","10","conj",NA,NA
"doc98",1,1,"it will indicate options and approaches to promote international cooperation and coordination for the conservation and sustainable use of ABNJ.",95,97,13,"13","for","for","ADP","IN",NA,"15","case",NA,NA
"doc98",1,1,"it will indicate options and approaches to promote international cooperation and coordination for the conservation and sustainable use of ABNJ.",99,101,14,"14","the","the","DET","DT","Definite=Def|PronType=Art","15","det",NA,NA
"doc98",1,1,"it will indicate options and approaches to promote international cooperation and coordination for the conservation and sustainable use of ABNJ.",103,114,15,"15","conservation","conservation","NOUN","NN","Number=Sing","10","nmod",NA,NA
"doc98",1,1,"it will indicate options and approaches to promote international cooperation and coordination for the conservation and sustainable use of ABNJ.",116,118,16,"16","and","and","CCONJ","CC",NA,"18","cc",NA,NA
"doc98",1,1,"it will indicate options and approaches to promote international cooperation and coordination for the conservation and sustainable use of ABNJ.",120,130,17,"17","sustainable","sustainable","ADJ","JJ","Degree=Pos","18","amod",NA,NA
"doc98",1,1,"it will indicate options and approaches to promote international cooperation and coordination for the conservation and sustainable use of ABNJ.",132,134,18,"18","use","use","NOUN","NN","Number=Sing","15","conj",NA,NA
"doc98",1,1,"it will indicate options and approaches to promote international cooperation and coordination for the conservation and sustainable use of ABNJ.",136,137,19,"19","of","of","ADP","IN",NA,"20","case",NA,NA
"doc98",1,1,"it will indicate options and approaches to promote international cooperation and coordination for the conservation and sustainable use of ABNJ.",139,142,20,"20","ABNJ","ABNJ","PROPN","NNP","Number=Sing","15","nmod",NA,"SpaceAfter=No"
"doc98",1,1,"it will indicate options and approaches to promote international cooperation and coordination for the conservation and sustainable use of ABNJ.",143,143,21,"21",".",".","PUNCT",".",NA,"3","punct",NA,"SpacesAfter=\n"
"doc99",1,1,"Many developing states still lack the means to access resources in ABNJ or benefit from their exploitation.",1,4,1,"1","Many","many","ADJ","JJ","Degree=Pos","3","amod",NA,NA
"doc99",1,1,"Many developing states still lack the means to access resources in ABNJ or benefit from their exploitation.",6,15,2,"2","developing","develop","VERB","VBG","VerbForm=Ger","3","amod",NA,NA
"doc99",1,1,"Many developing states still lack the means to access resources in ABNJ or benefit from their exploitation.",17,22,3,"3","states","state","NOUN","NNS","Number=Plur","5","nsubj",NA,NA
"doc99",1,1,"Many developing states still lack the means to access resources in ABNJ or benefit from their exploitation.",24,28,4,"4","still","still","ADV","RB",NA,"5","advmod",NA,NA
"doc99",1,1,"Many developing states still lack the means to access resources in ABNJ or benefit from their exploitation.",30,33,5,"5","lack","lack","VERB","VBP","Mood=Ind|Tense=Pres|VerbForm=Fin","0","root",NA,NA
"doc99",1,1,"Many developing states still lack the means to access resources in ABNJ or benefit from their exploitation.",35,37,6,"6","the","the","DET","DT","Definite=Def|PronType=Art","7","det",NA,NA
"doc99",1,1,"Many developing states still lack the means to access resources in ABNJ or benefit from their exploitation.",39,43,7,"7","means","means","NOUN","NNS","Number=Plur","5","obj",NA,NA
"doc99",1,1,"Many developing states still lack the means to access resources in ABNJ or benefit from their exploitation.",45,46,8,"8","to","to","PART","TO",NA,"9","mark",NA,NA
"doc99",1,1,"Many developing states still lack the means to access resources in ABNJ or benefit from their exploitation.",48,53,9,"9","access","access","VERB","VB","VerbForm=Inf","7","acl",NA,NA
"doc99",1,1,"Many developing states still lack the means to access resources in ABNJ or benefit from their exploitation.",55,63,10,"10","resources","resource","NOUN","NNS","Number=Plur","9","obj",NA,NA
"doc99",1,1,"Many developing states still lack the means to access resources in ABNJ or benefit from their exploitation.",65,66,11,"11","in","in","ADP","IN",NA,"12","case",NA,NA
"doc99",1,1,"Many developing states still lack the means to access resources in ABNJ or benefit from their exploitation.",68,71,12,"12","ABNJ","ABNJ","PROPN","NNP","Number=Sing","9","obl",NA,NA
"doc99",1,1,"Many developing states still lack the means to access resources in ABNJ or benefit from their exploitation.",73,74,13,"13","or","or","CCONJ","CC",NA,"14","cc",NA,NA
"doc99",1,1,"Many developing states still lack the means to access resources in ABNJ or benefit from their exploitation.",76,82,14,"14","benefit","benefit","VERB","VB","VerbForm=Inf","9","conj",NA,NA
"doc99",1,1,"Many developing states still lack the means to access resources in ABNJ or benefit from their exploitation.",84,87,15,"15","from","from","ADP","IN",NA,"17","case",NA,NA
"doc99",1,1,"Many developing states still lack the means to access resources in ABNJ or benefit from their exploitation.",89,93,16,"16","their","they","PRON","PRP$","Number=Plur|Person=3|Poss=Yes|PronType=Prs","17","nmod:poss",NA,NA
"doc99",1,1,"Many developing states still lack the means to access resources in ABNJ or benefit from their exploitation.",95,106,17,"17","exploitation","exploitation","NOUN","NN","Number=Sing","14","obl",NA,"SpaceAfter=No"
"doc99",1,1,"Many developing states still lack the means to access resources in ABNJ or benefit from their exploitation.",107,107,18,"18",".",".","PUNCT",".",NA,"5","punct",NA,"SpacesAfter=\n"
"doc100",1,1,"to encourage inter-sectoral and inter-agency coordination in ABNJ.",1,2,1,"1","to","to","PART","TO",NA,"2","mark",NA,NA
"doc100",1,1,"to encourage inter-sectoral and inter-agency coordination in ABNJ.",4,12,2,"2","encourage","encourage","VERB","VB","VerbForm=Inf","0","root",NA,NA
"doc100",1,1,"to encourage inter-sectoral and inter-agency coordination in ABNJ.",14,27,3,"3","inter-sectoral","inter-sectoral","ADJ","JJ","Degree=Pos","6","amod",NA,NA
"doc100",1,1,"to encourage inter-sectoral and inter-agency coordination in ABNJ.",29,31,4,"4","and","and","CCONJ","CC",NA,"5","cc",NA,NA
"doc100",1,1,"to encourage inter-sectoral and inter-agency coordination in ABNJ.",33,44,5,"5","inter-agency","inter-agency","ADJ","JJ","Degree=Pos","3","conj",NA,NA
"doc100",1,1,"to encourage inter-sectoral and inter-agency coordination in ABNJ.",46,57,6,"6","coordination","coordination","NOUN","NN","Number=Sing","2","obj",NA,NA
"doc100",1,1,"to encourage inter-sectoral and inter-agency coordination in ABNJ.",59,60,7,"7","in","in","ADP","IN",NA,"8","case",NA,NA
"doc100",1,1,"to encourage inter-sectoral and inter-agency coordination in ABNJ.",62,65,8,"8","ABNJ","ABNJ","PROPN","NNP","Number=Sing","2","obl",NA,"SpaceAfter=No"
"doc100",1,1,"to encourage inter-sectoral and inter-agency coordination in ABNJ.",66,66,9,"9",".",".","PUNCT",".",NA,"2","punct",NA,"SpacesAfter=\n"
"doc101",1,1,"to create additional criteria for defining EBSAs to protect ecosystems from new and developing threats.",1,2,1,"1","to","to","PART","TO",NA,"2","mark",NA,NA
"doc101",1,1,"to create additional criteria for defining EBSAs to protect ecosystems from new and developing threats.",4,9,2,"2","create","create","VERB","VB","VerbForm=Inf","0","root",NA,NA
"doc101",1,1,"to create additional criteria for defining EBSAs to protect ecosystems from new and developing threats.",11,20,3,"3","additional","additional","ADJ","JJ","Degree=Pos","4","amod",NA,NA
"doc101",1,1,"to create additional criteria for defining EBSAs to protect ecosystems from new and developing threats.",22,29,4,"4","criteria","criteria","NOUN","NN","Number=Sing","2","obj",NA,NA
"doc101",1,1,"to create additional criteria for defining EBSAs to protect ecosystems from new and developing threats.",31,33,5,"5","for","for","SCONJ","IN",NA,"6","mark",NA,NA
"doc101",1,1,"to create additional criteria for defining EBSAs to protect ecosystems from new and developing threats.",35,42,6,"6","defining","define","VERB","VBG","VerbForm=Ger","2","advcl",NA,NA
"doc101",1,1,"to create additional criteria for defining EBSAs to protect ecosystems from new and developing threats.",44,48,7,"7","EBSAs","EBSAs","PROPN","NNP","Number=Sing","6","obj",NA,NA
"doc101",1,1,"to create additional criteria for defining EBSAs to protect ecosystems from new and developing threats.",50,51,8,"8","to","to","PART","TO",NA,"9","mark",NA,NA
"doc101",1,1,"to create additional criteria for defining EBSAs to protect ecosystems from new and developing threats.",53,59,9,"9","protect","protect","VERB","VB","VerbForm=Inf","6","xcomp",NA,NA
"doc101",1,1,"to create additional criteria for defining EBSAs to protect ecosystems from new and developing threats.",61,70,10,"10","ecosystems","ecosystems","NOUN","NNS","Number=Plur","9","obj",NA,NA
"doc101",1,1,"to create additional criteria for defining EBSAs to protect ecosystems from new and developing threats.",72,75,11,"11","from","from","ADP","IN",NA,"12","case",NA,NA
"doc101",1,1,"to create additional criteria for defining EBSAs to protect ecosystems from new and developing threats.",77,79,12,"12","new","new","ADJ","JJ","Degree=Pos","9","obl",NA,NA
"doc101",1,1,"to create additional criteria for defining EBSAs to protect ecosystems from new and developing threats.",81,83,13,"13","and","and","CCONJ","CC",NA,"14","cc",NA,NA
"doc101",1,1,"to create additional criteria for defining EBSAs to protect ecosystems from new and developing threats.",85,94,14,"14","developing","develop","VERB","VBG","VerbForm=Ger","9","conj",NA,NA
"doc101",1,1,"to create additional criteria for defining EBSAs to protect ecosystems from new and developing threats.",96,102,15,"15","threats","threat","NOUN","NNS","Number=Plur","14","obj",NA,"SpaceAfter=No"
"doc101",1,1,"to create additional criteria for defining EBSAs to protect ecosystems from new and developing threats.",103,103,16,"16",".",".","PUNCT",".",NA,"2","punct",NA,"SpacesAfter=\n"
"doc102",1,1,"Adjacent coastal States are merely included as a subcategory of all States.",1,8,1,"1","Adjacent","adjacent","ADJ","JJ","Degree=Pos","3","amod",NA,NA
"doc102",1,1,"Adjacent coastal States are merely included as a subcategory of all States.",10,16,2,"2","coastal","coastal","ADJ","JJ","Degree=Pos","3","amod",NA,NA
"doc102",1,1,"Adjacent coastal States are merely included as a subcategory of all States.",18,23,3,"3","States","States","PROPN","NNPS","Number=Plur","6","nsubj:pass",NA,NA
"doc102",1,1,"Adjacent coastal States are merely included as a subcategory of all States.",25,27,4,"4","are","be","AUX","VBP","Mood=Ind|Tense=Pres|VerbForm=Fin","6","aux:pass",NA,NA
"doc102",1,1,"Adjacent coastal States are merely included as a subcategory of all States.",29,34,5,"5","merely","merly","ADV","RB",NA,"6","advmod",NA,NA
"doc102",1,1,"Adjacent coastal States are merely included as a subcategory of all States.",36,43,6,"6","included","include","VERB","VBN","Tense=Past|VerbForm=Part|Voice=Pass","0","root",NA,NA
"doc102",1,1,"Adjacent coastal States are merely included as a subcategory of all States.",45,46,7,"7","as","as","ADP","IN",NA,"9","case",NA,NA
"doc102",1,1,"Adjacent coastal States are merely included as a subcategory of all States.",48,48,8,"8","a","a","DET","DT","Definite=Ind|PronType=Art","9","det",NA,NA
"doc102",1,1,"Adjacent coastal States are merely included as a subcategory of all States.",50,60,9,"9","subcategory","subcategory","NOUN","NN","Number=Sing","6","obl",NA,NA
"doc102",1,1,"Adjacent coastal States are merely included as a subcategory of all States.",62,63,10,"10","of","of","ADP","IN",NA,"12","case",NA,NA
"doc102",1,1,"Adjacent coastal States are merely included as a subcategory of all States.",65,67,11,"11","all","all","DET","DT",NA,"12","det",NA,NA
"doc102",1,1,"Adjacent coastal States are merely included as a subcategory of all States.",69,74,12,"12","States","States","PROPN","NNPS","Number=Plur","9","nmod",NA,"SpaceAfter=No"
"doc102",1,1,"Adjacent coastal States are merely included as a subcategory of all States.",75,75,13,"13",".",".","PUNCT",".",NA,"6","punct",NA,"SpacesAfter=\n"
"doc103",1,1,"to benefit from the experience gained in existing regional and global approaches.",1,2,1,"1","to","to","PART","TO",NA,"2","mark",NA,NA
"doc103",1,1,"to benefit from the experience gained in existing regional and global approaches.",4,10,2,"2","benefit","benefit","VERB","VB","VerbForm=Inf","0","root",NA,NA
"doc103",1,1,"to benefit from the experience gained in existing regional and global approaches.",12,15,3,"3","from","from","ADP","IN",NA,"5","case",NA,NA
"doc103",1,1,"to benefit from the experience gained in existing regional and global approaches.",17,19,4,"4","the","the","DET","DT","Definite=Def|PronType=Art","5","det",NA,NA
"doc103",1,1,"to benefit from the experience gained in existing regional and global approaches.",21,30,5,"5","experience","experience","NOUN","NN","Number=Sing","2","obl",NA,NA
"doc103",1,1,"to benefit from the experience gained in existing regional and global approaches.",32,37,6,"6","gained","gain","VERB","VBD","Mood=Ind|Tense=Past|VerbForm=Fin","2","ccomp",NA,NA
"doc103",1,1,"to benefit from the experience gained in existing regional and global approaches.",39,40,7,"7","in","in","SCONJ","IN",NA,"8","mark",NA,NA
"doc103",1,1,"to benefit from the experience gained in existing regional and global approaches.",42,49,8,"8","existing","exist","VERB","VBG","VerbForm=Ger","6","advcl",NA,NA
"doc103",1,1,"to benefit from the experience gained in existing regional and global approaches.",51,58,9,"9","regional","regional","ADJ","JJ","Degree=Pos","12","amod",NA,NA
"doc103",1,1,"to benefit from the experience gained in existing regional and global approaches.",60,62,10,"10","and","and","CCONJ","CC",NA,"11","cc",NA,NA
"doc103",1,1,"to benefit from the experience gained in existing regional and global approaches.",64,69,11,"11","global","global","ADJ","JJ","Degree=Pos","9","conj",NA,NA
"doc103",1,1,"to benefit from the experience gained in existing regional and global approaches.",71,80,12,"12","approaches","approaches","NOUN","NNS","Number=Plur","8","obj",NA,"SpaceAfter=No"
"doc103",1,1,"to benefit from the experience gained in existing regional and global approaches.",81,81,13,"13",".",".","PUNCT",".",NA,"2","punct",NA,"SpacesAfter=\n"
"doc104",1,1,"to use a broad interpretation of the term not undermine to facilitate the efforts and abilities of existing bodies.",1,2,1,"1","to","to","PART","TO",NA,"2","mark",NA,NA
"doc104",1,1,"to use a broad interpretation of the term not undermine to facilitate the efforts and abilities of existing bodies.",4,6,2,"2","use","use","VERB","VB","VerbForm=Inf","0","root",NA,NA
"doc104",1,1,"to use a broad interpretation of the term not undermine to facilitate the efforts and abilities of existing bodies.",8,8,3,"3","a","a","DET","DT","Definite=Ind|PronType=Art","5","det",NA,NA
"doc104",1,1,"to use a broad interpretation of the term not undermine to facilitate the efforts and abilities of existing bodies.",10,14,4,"4","broad","broad","ADJ","JJ","Degree=Pos","5","amod",NA,NA
"doc104",1,1,"to use a broad interpretation of the term not undermine to facilitate the efforts and abilities of existing bodies.",16,29,5,"5","interpretation","interpretation","NOUN","NN","Number=Sing","2","obj",NA,NA
"doc104",1,1,"to use a broad interpretation of the term not undermine to facilitate the efforts and abilities of existing bodies.",31,32,6,"6","of","of","ADP","IN",NA,"8","case",NA,NA
"doc104",1,1,"to use a broad interpretation of the term not undermine to facilitate the efforts and abilities of existing bodies.",34,36,7,"7","the","the","DET","DT","Definite=Def|PronType=Art","8","det",NA,NA
"doc104",1,1,"to use a broad interpretation of the term not undermine to facilitate the efforts and abilities of existing bodies.",38,41,8,"8","term","term","NOUN","NN","Number=Sing","5","nmod",NA,NA
"doc104",1,1,"to use a broad interpretation of the term not undermine to facilitate the efforts and abilities of existing bodies.",43,45,9,"9","not","not","PART","RB",NA,"10","advmod",NA,NA
"doc104",1,1,"to use a broad interpretation of the term not undermine to facilitate the efforts and abilities of existing bodies.",47,55,10,"10","undermine","undermine","ADJ","JJ","Degree=Pos","5","amod",NA,NA
"doc104",1,1,"to use a broad interpretation of the term not undermine to facilitate the efforts and abilities of existing bodies.",57,58,11,"11","to","to","PART","TO",NA,"12","mark",NA,NA
"doc104",1,1,"to use a broad interpretation of the term not undermine to facilitate the efforts and abilities of existing bodies.",60,69,12,"12","facilitate","facilitate","VERB","VB","VerbForm=Inf","10","advcl",NA,NA
"doc104",1,1,"to use a broad interpretation of the term not undermine to facilitate the efforts and abilities of existing bodies.",71,73,13,"13","the","the","DET","DT","Definite=Def|PronType=Art","14","det",NA,NA
"doc104",1,1,"to use a broad interpretation of the term not undermine to facilitate the efforts and abilities of existing bodies.",75,81,14,"14","efforts","effort","NOUN","NNS","Number=Plur","12","obj",NA,NA
"doc104",1,1,"to use a broad interpretation of the term not undermine to facilitate the efforts and abilities of existing bodies.",83,85,15,"15","and","and","CCONJ","CC",NA,"16","cc",NA,NA
"doc104",1,1,"to use a broad interpretation of the term not undermine to facilitate the efforts and abilities of existing bodies.",87,95,16,"16","abilities","ability","NOUN","NNS","Number=Plur","14","conj",NA,NA
"doc104",1,1,"to use a broad interpretation of the term not undermine to facilitate the efforts and abilities of existing bodies.",97,98,17,"17","of","of","ADP","IN",NA,"19","case",NA,NA
"doc104",1,1,"to use a broad interpretation of the term not undermine to facilitate the efforts and abilities of existing bodies.",100,107,18,"18","existing","exist","VERB","VBG","VerbForm=Ger","19","amod",NA,NA
"doc104",1,1,"to use a broad interpretation of the term not undermine to facilitate the efforts and abilities of existing bodies.",109,114,19,"19","bodies","body","NOUN","NNS","Number=Plur","14","nmod",NA,"SpaceAfter=No"
"doc104",1,1,"to use a broad interpretation of the term not undermine to facilitate the efforts and abilities of existing bodies.",115,115,20,"20",".",".","PUNCT",".",NA,"2","punct",NA,"SpacesAfter=\n"
"doc105",1,1,"to provide a unifying focus, through science collaboration, to generate knowledge, technology transfer and capacity development to enable the application of knowledge.",1,2,1,"1","to","to","PART","TO",NA,"2","mark",NA,NA
"doc105",1,1,"to provide a unifying focus, through science collaboration, to generate knowledge, technology transfer and capacity development to enable the application of knowledge.",4,10,2,"2","provide","provide","VERB","VB","VerbForm=Inf","0","root",NA,NA
"doc105",1,1,"to provide a unifying focus, through science collaboration, to generate knowledge, technology transfer and capacity development to enable the application of knowledge.",12,12,3,"3","a","a","DET","DT","Definite=Ind|PronType=Art","5","det",NA,NA
"doc105",1,1,"to provide a unifying focus, through science collaboration, to generate knowledge, technology transfer and capacity development to enable the application of knowledge.",14,21,4,"4","unifying","unifying","ADJ","JJ","Degree=Pos","5","amod",NA,NA
"doc105",1,1,"to provide a unifying focus, through science collaboration, to generate knowledge, technology transfer and capacity development to enable the application of knowledge.",23,27,5,"5","focus","focus","NOUN","NN","Number=Sing","2","obj",NA,"SpaceAfter=No"
"doc105",1,1,"to provide a unifying focus, through science collaboration, to generate knowledge, technology transfer and capacity development to enable the application of knowledge.",28,28,6,"6",",",",","PUNCT",",",NA,"2","punct",NA,NA
"doc105",1,1,"to provide a unifying focus, through science collaboration, to generate knowledge, technology transfer and capacity development to enable the application of knowledge.",30,36,7,"7","through","through","ADP","IN",NA,"9","case",NA,NA
"doc105",1,1,"to provide a unifying focus, through science collaboration, to generate knowledge, technology transfer and capacity development to enable the application of knowledge.",38,44,8,"8","science","science","NOUN","NN","Number=Sing","9","compound",NA,NA
"doc105",1,1,"to provide a unifying focus, through science collaboration, to generate knowledge, technology transfer and capacity development to enable the application of knowledge.",46,58,9,"9","collaboration","collaboration","NOUN","NN","Number=Sing","2","obl",NA,"SpaceAfter=No"
"doc105",1,1,"to provide a unifying focus, through science collaboration, to generate knowledge, technology transfer and capacity development to enable the application of knowledge.",59,59,10,"10",",",",","PUNCT",",",NA,"2","punct",NA,NA
"doc105",1,1,"to provide a unifying focus, through science collaboration, to generate knowledge, technology transfer and capacity development to enable the application of knowledge.",61,62,11,"11","to","to","PART","TO",NA,"12","mark",NA,NA
"doc105",1,1,"to provide a unifying focus, through science collaboration, to generate knowledge, technology transfer and capacity development to enable the application of knowledge.",64,71,12,"12","generate","generate","VERB","VB","VerbForm=Inf","2","xcomp",NA,NA
"doc105",1,1,"to provide a unifying focus, through science collaboration, to generate knowledge, technology transfer and capacity development to enable the application of knowledge.",73,81,13,"13","knowledge","knowledge","NOUN","NN","Number=Sing","12","obj",NA,"SpaceAfter=No"
"doc105",1,1,"to provide a unifying focus, through science collaboration, to generate knowledge, technology transfer and capacity development to enable the application of knowledge.",82,82,14,"14",",",",","PUNCT",",",NA,"16","punct",NA,NA
"doc105",1,1,"to provide a unifying focus, through science collaboration, to generate knowledge, technology transfer and capacity development to enable the application of knowledge.",84,93,15,"15","technology","technology","NOUN","NN","Number=Sing","16","compound",NA,NA
"doc105",1,1,"to provide a unifying focus, through science collaboration, to generate knowledge, technology transfer and capacity development to enable the application of knowledge.",95,102,16,"16","transfer","transfer","NOUN","NN","Number=Sing","13","conj",NA,NA
"doc105",1,1,"to provide a unifying focus, through science collaboration, to generate knowledge, technology transfer and capacity development to enable the application of knowledge.",104,106,17,"17","and","and","CCONJ","CC",NA,"19","cc",NA,NA
"doc105",1,1,"to provide a unifying focus, through science collaboration, to generate knowledge, technology transfer and capacity development to enable the application of knowledge.",108,115,18,"18","capacity","capacity","NOUN","NN","Number=Sing","19","compound",NA,NA
"doc105",1,1,"to provide a unifying focus, through science collaboration, to generate knowledge, technology transfer and capacity development to enable the application of knowledge.",117,127,19,"19","development","development","NOUN","NN","Number=Sing","13","conj",NA,NA
"doc105",1,1,"to provide a unifying focus, through science collaboration, to generate knowledge, technology transfer and capacity development to enable the application of knowledge.",129,130,20,"20","to","to","PART","TO",NA,"21","mark",NA,NA
"doc105",1,1,"to provide a unifying focus, through science collaboration, to generate knowledge, technology transfer and capacity development to enable the application of knowledge.",132,137,21,"21","enable","enable","VERB","VB","VerbForm=Inf","12","advcl",NA,NA
"doc105",1,1,"to provide a unifying focus, through science collaboration, to generate knowledge, technology transfer and capacity development to enable the application of knowledge.",139,141,22,"22","the","the","DET","DT","Definite=Def|PronType=Art","23","det",NA,NA
"doc105",1,1,"to provide a unifying focus, through science collaboration, to generate knowledge, technology transfer and capacity development to enable the application of knowledge.",143,153,23,"23","application","application","NOUN","NN","Number=Sing","21","obj",NA,NA
"doc105",1,1,"to provide a unifying focus, through science collaboration, to generate knowledge, technology transfer and capacity development to enable the application of knowledge.",155,156,24,"24","of","of","ADP","IN",NA,"25","case",NA,NA
"doc105",1,1,"to provide a unifying focus, through science collaboration, to generate knowledge, technology transfer and capacity development to enable the application of knowledge.",158,166,25,"25","knowledge","knowledge","NOUN","NN","Number=Sing","23","nmod",NA,"SpaceAfter=No"
"doc105",1,1,"to provide a unifying focus, through science collaboration, to generate knowledge, technology transfer and capacity development to enable the application of knowledge.",167,167,26,"26",".",".","PUNCT",".",NA,"2","punct",NA,"SpacesAfter=\n"
"doc106",1,1,"to facilitate participation in research programmes.",1,2,1,"1","to","to","PART","TO",NA,"2","mark",NA,NA
"doc106",1,1,"to facilitate participation in research programmes.",4,13,2,"2","facilitate","facilitate","VERB","VB","VerbForm=Inf","0","root",NA,NA
"doc106",1,1,"to facilitate participation in research programmes.",15,27,3,"3","participation","participation","NOUN","NN","Number=Sing","2","obj",NA,NA
"doc106",1,1,"to facilitate participation in research programmes.",29,30,4,"4","in","in","ADP","IN",NA,"6","case",NA,NA
"doc106",1,1,"to facilitate participation in research programmes.",32,39,5,"5","research","research","NOUN","NN","Number=Sing","6","compound",NA,NA
"doc106",1,1,"to facilitate participation in research programmes.",41,50,6,"6","programmes","programme","NOUN","NNS","Number=Plur","3","nmod",NA,"SpaceAfter=No"
"doc106",1,1,"to facilitate participation in research programmes.",51,51,7,"7",".",".","PUNCT",".",NA,"2","punct",NA,"SpacesAfter=\n"
"doc107",1,1,"to consult coastal states when ABMTs are proposed for an area near their extended continental shelf.",1,2,1,"1","to","to","PART","TO",NA,"2","mark",NA,NA
"doc107",1,1,"to consult coastal states when ABMTs are proposed for an area near their extended continental shelf.",4,10,2,"2","consult","consult","VERB","VB","VerbForm=Inf","0","root",NA,NA
"doc107",1,1,"to consult coastal states when ABMTs are proposed for an area near their extended continental shelf.",12,18,3,"3","coastal","coastal","NOUN","NN","Number=Sing","2","obj",NA,NA
"doc107",1,1,"to consult coastal states when ABMTs are proposed for an area near their extended continental shelf.",20,25,4,"4","states","state","VERB","VBZ","Mood=Ind|Number=Sing|Person=3|Tense=Pres|VerbForm=Fin","2","ccomp",NA,NA
"doc107",1,1,"to consult coastal states when ABMTs are proposed for an area near their extended continental shelf.",27,30,5,"5","when","when","ADV","WRB","PronType=Int","8","mark",NA,NA
"doc107",1,1,"to consult coastal states when ABMTs are proposed for an area near their extended continental shelf.",32,36,6,"6","ABMTs","ABMTs","NOUN","NNS","Number=Plur","8","nsubj:pass",NA,NA
"doc107",1,1,"to consult coastal states when ABMTs are proposed for an area near their extended continental shelf.",38,40,7,"7","are","be","AUX","VBP","Mood=Ind|Tense=Pres|VerbForm=Fin","8","aux:pass",NA,NA
"doc107",1,1,"to consult coastal states when ABMTs are proposed for an area near their extended continental shelf.",42,49,8,"8","proposed","propose","VERB","VBN","Tense=Past|VerbForm=Part","4","advcl",NA,NA
"doc107",1,1,"to consult coastal states when ABMTs are proposed for an area near their extended continental shelf.",51,53,9,"9","for","for","ADP","IN",NA,"11","case",NA,NA
"doc107",1,1,"to consult coastal states when ABMTs are proposed for an area near their extended continental shelf.",55,56,10,"10","an","a","DET","DT","Definite=Ind|PronType=Art","11","det",NA,NA
"doc107",1,1,"to consult coastal states when ABMTs are proposed for an area near their extended continental shelf.",58,61,11,"11","area","area","NOUN","NN","Number=Sing","8","obl",NA,NA
"doc107",1,1,"to consult coastal states when ABMTs are proposed for an area near their extended continental shelf.",63,66,12,"12","near","near","ADP","IN",NA,"16","case",NA,NA
"doc107",1,1,"to consult coastal states when ABMTs are proposed for an area near their extended continental shelf.",68,72,13,"13","their","they","PRON","PRP$","Number=Plur|Person=3|Poss=Yes|PronType=Prs","16","nmod:poss",NA,NA
"doc107",1,1,"to consult coastal states when ABMTs are proposed for an area near their extended continental shelf.",74,81,14,"14","extended","extend","VERB","VBN","Tense=Past|VerbForm=Part","16","amod",NA,NA
"doc107",1,1,"to consult coastal states when ABMTs are proposed for an area near their extended continental shelf.",83,93,15,"15","continental","continental","ADJ","JJ","Degree=Pos","16","amod",NA,NA
"doc107",1,1,"to consult coastal states when ABMTs are proposed for an area near their extended continental shelf.",95,99,16,"16","shelf","shelf","NOUN","NN","Number=Sing","8","obl",NA,"SpaceAfter=No"
"doc107",1,1,"to consult coastal states when ABMTs are proposed for an area near their extended continental shelf.",100,100,17,"17",".",".","PUNCT",".",NA,"2","punct",NA,"SpacesAfter=\n"
"doc108",1,1,"to build upon the follow-up requirements to keep under surveillance the effects of any permitted activities, including fisheries.",1,2,1,"1","to","to","PART","TO",NA,"2","mark",NA,NA
"doc108",1,1,"to build upon the follow-up requirements to keep under surveillance the effects of any permitted activities, including fisheries.",4,8,2,"2","build","build","VERB","VB","VerbForm=Inf","0","root",NA,NA
"doc108",1,1,"to build upon the follow-up requirements to keep under surveillance the effects of any permitted activities, including fisheries.",10,13,3,"3","upon","upon","ADP","IN",NA,"8","case",NA,NA
"doc108",1,1,"to build upon the follow-up requirements to keep under surveillance the effects of any permitted activities, including fisheries.",15,17,4,"4","the","the","DET","DT","Definite=Def|PronType=Art","8","det",NA,NA
"doc108",1,1,"to build upon the follow-up requirements to keep under surveillance the effects of any permitted activities, including fisheries.",19,24,5,"5","follow","follow","NOUN","NN","Number=Sing","7","compound",NA,"SpaceAfter=No"
"doc108",1,1,"to build upon the follow-up requirements to keep under surveillance the effects of any permitted activities, including fisheries.",25,25,6,"6","-","-","PUNCT","HYPH",NA,"7","punct",NA,"SpaceAfter=No"
"doc108",1,1,"to build upon the follow-up requirements to keep under surveillance the effects of any permitted activities, including fisheries.",26,27,7,"7","up","up","NOUN","NN","Number=Sing","8","compound",NA,NA
"doc108",1,1,"to build upon the follow-up requirements to keep under surveillance the effects of any permitted activities, including fisheries.",29,40,8,"8","requirements","requirement","NOUN","NNS","Number=Plur","2","obl",NA,NA
"doc108",1,1,"to build upon the follow-up requirements to keep under surveillance the effects of any permitted activities, including fisheries.",42,43,9,"9","to","to","PART","TO",NA,"10","mark",NA,NA
"doc108",1,1,"to build upon the follow-up requirements to keep under surveillance the effects of any permitted activities, including fisheries.",45,48,10,"10","keep","keep","VERB","VB","VerbForm=Inf","2","xcomp",NA,NA
"doc108",1,1,"to build upon the follow-up requirements to keep under surveillance the effects of any permitted activities, including fisheries.",50,54,11,"11","under","under","ADP","IN",NA,"12","case",NA,NA
"doc108",1,1,"to build upon the follow-up requirements to keep under surveillance the effects of any permitted activities, including fisheries.",56,67,12,"12","surveillance","surveillance","NOUN","NN","Number=Sing","10","obl",NA,NA
"doc108",1,1,"to build upon the follow-up requirements to keep under surveillance the effects of any permitted activities, including fisheries.",69,71,13,"13","the","the","DET","DT","Definite=Def|PronType=Art","14","det",NA,NA
"doc108",1,1,"to build upon the follow-up requirements to keep under surveillance the effects of any permitted activities, including fisheries.",73,79,14,"14","effects","effect","NOUN","NNS","Number=Plur","12","nmod",NA,NA
"doc108",1,1,"to build upon the follow-up requirements to keep under surveillance the effects of any permitted activities, including fisheries.",81,82,15,"15","of","of","ADP","IN",NA,"18","case",NA,NA
"doc108",1,1,"to build upon the follow-up requirements to keep under surveillance the effects of any permitted activities, including fisheries.",84,86,16,"16","any","any","DET","DT",NA,"18","det",NA,NA
"doc108",1,1,"to build upon the follow-up requirements to keep under surveillance the effects of any permitted activities, including fisheries.",88,96,17,"17","permitted","permit","ADJ","JJ","Degree=Pos","18","amod",NA,NA
"doc108",1,1,"to build upon the follow-up requirements to keep under surveillance the effects of any permitted activities, including fisheries.",98,107,18,"18","activities","activity","NOUN","NNS","Number=Plur","14","nmod",NA,"SpaceAfter=No"
"doc108",1,1,"to build upon the follow-up requirements to keep under surveillance the effects of any permitted activities, including fisheries.",108,108,19,"19",",",",","PUNCT",",",NA,"12","punct",NA,NA
"doc108",1,1,"to build upon the follow-up requirements to keep under surveillance the effects of any permitted activities, including fisheries.",110,118,20,"20","including","include","VERB","VBG","VerbForm=Ger","21","case",NA,NA
"doc108",1,1,"to build upon the follow-up requirements to keep under surveillance the effects of any permitted activities, including fisheries.",120,128,21,"21","fisheries","fishery","NOUN","NNS","Number=Plur","12","nmod",NA,"SpaceAfter=No"
"doc108",1,1,"to build upon the follow-up requirements to keep under surveillance the effects of any permitted activities, including fisheries.",129,129,22,"22",".",".","PUNCT",".",NA,"2","punct",NA,"SpacesAfter=\n"
"doc109",1,1,"to establish regular as opposed to ad-hoc cooperation mechanisms between RFMOs and other global and regional organisations such as the International Maritime Organization (IMO), the International Seabed Authority (ISA) and regional seas organizations.",1,2,1,"1","to","to","PART","TO",NA,"2","mark",NA,NA
"doc109",1,1,"to establish regular as opposed to ad-hoc cooperation mechanisms between RFMOs and other global and regional organisations such as the International Maritime Organization (IMO), the International Seabed Authority (ISA) and regional seas organizations.",4,12,2,"2","establish","establish","VERB","VB","VerbForm=Inf","0","root",NA,NA
"doc109",1,1,"to establish regular as opposed to ad-hoc cooperation mechanisms between RFMOs and other global and regional organisations such as the International Maritime Organization (IMO), the International Seabed Authority (ISA) and regional seas organizations.",14,20,3,"3","regular","regular","ADJ","JJ","Degree=Pos","2","xcomp",NA,NA
"doc109",1,1,"to establish regular as opposed to ad-hoc cooperation mechanisms between RFMOs and other global and regional organisations such as the International Maritime Organization (IMO), the International Seabed Authority (ISA) and regional seas organizations.",22,23,4,"4","as","as","SCONJ","IN",NA,"5","mark",NA,NA
"doc109",1,1,"to establish regular as opposed to ad-hoc cooperation mechanisms between RFMOs and other global and regional organisations such as the International Maritime Organization (IMO), the International Seabed Authority (ISA) and regional seas organizations.",25,31,5,"5","opposed","oppose","VERB","VBN","Tense=Past|VerbForm=Part","2","advcl",NA,NA
"doc109",1,1,"to establish regular as opposed to ad-hoc cooperation mechanisms between RFMOs and other global and regional organisations such as the International Maritime Organization (IMO), the International Seabed Authority (ISA) and regional seas organizations.",33,34,6,"6","to","to","ADP","IN",NA,"11","case",NA,NA
"doc109",1,1,"to establish regular as opposed to ad-hoc cooperation mechanisms between RFMOs and other global and regional organisations such as the International Maritime Organization (IMO), the International Seabed Authority (ISA) and regional seas organizations.",36,37,7,"7","ad","ad","NOUN","NN","Number=Sing","9","compound",NA,"SpaceAfter=No"
"doc109",1,1,"to establish regular as opposed to ad-hoc cooperation mechanisms between RFMOs and other global and regional organisations such as the International Maritime Organization (IMO), the International Seabed Authority (ISA) and regional seas organizations.",38,38,8,"8","-","-","PUNCT","HYPH",NA,"9","punct",NA,"SpaceAfter=No"
"doc109",1,1,"to establish regular as opposed to ad-hoc cooperation mechanisms between RFMOs and other global and regional organisations such as the International Maritime Organization (IMO), the International Seabed Authority (ISA) and regional seas organizations.",39,41,9,"9","hoc","hoc","NOUN","NN","Number=Sing","11","compound",NA,NA
"doc109",1,1,"to establish regular as opposed to ad-hoc cooperation mechanisms between RFMOs and other global and regional organisations such as the International Maritime Organization (IMO), the International Seabed Authority (ISA) and regional seas organizations.",43,53,10,"10","cooperation","cooperation","NOUN","NN","Number=Sing","11","compound",NA,NA
"doc109",1,1,"to establish regular as opposed to ad-hoc cooperation mechanisms between RFMOs and other global and regional organisations such as the International Maritime Organization (IMO), the International Seabed Authority (ISA) and regional seas organizations.",55,64,11,"11","mechanisms","mechanism","NOUN","NNS","Number=Plur","5","obl",NA,NA
"doc109",1,1,"to establish regular as opposed to ad-hoc cooperation mechanisms between RFMOs and other global and regional organisations such as the International Maritime Organization (IMO), the International Seabed Authority (ISA) and regional seas organizations.",66,72,12,"12","between","between","ADP","IN",NA,"13","case",NA,NA
"doc109",1,1,"to establish regular as opposed to ad-hoc cooperation mechanisms between RFMOs and other global and regional organisations such as the International Maritime Organization (IMO), the International Seabed Authority (ISA) and regional seas organizations.",74,78,13,"13","RFMOs","RFMO","NOUN","NNS","Number=Plur","11","nmod",NA,NA
"doc109",1,1,"to establish regular as opposed to ad-hoc cooperation mechanisms between RFMOs and other global and regional organisations such as the International Maritime Organization (IMO), the International Seabed Authority (ISA) and regional seas organizations.",80,82,14,"14","and","and","CCONJ","CC",NA,"19","cc",NA,NA
"doc109",1,1,"to establish regular as opposed to ad-hoc cooperation mechanisms between RFMOs and other global and regional organisations such as the International Maritime Organization (IMO), the International Seabed Authority (ISA) and regional seas organizations.",84,88,15,"15","other","other","ADJ","JJ","Degree=Pos","19","amod",NA,NA
"doc109",1,1,"to establish regular as opposed to ad-hoc cooperation mechanisms between RFMOs and other global and regional organisations such as the International Maritime Organization (IMO), the International Seabed Authority (ISA) and regional seas organizations.",90,95,16,"16","global","global","ADJ","JJ","Degree=Pos","19","amod",NA,NA
"doc109",1,1,"to establish regular as opposed to ad-hoc cooperation mechanisms between RFMOs and other global and regional organisations such as the International Maritime Organization (IMO), the International Seabed Authority (ISA) and regional seas organizations.",97,99,17,"17","and","and","CCONJ","CC",NA,"18","cc",NA,NA
"doc109",1,1,"to establish regular as opposed to ad-hoc cooperation mechanisms between RFMOs and other global and regional organisations such as the International Maritime Organization (IMO), the International Seabed Authority (ISA) and regional seas organizations.",101,108,18,"18","regional","regional","ADJ","JJ","Degree=Pos","16","conj",NA,NA
"doc109",1,1,"to establish regular as opposed to ad-hoc cooperation mechanisms between RFMOs and other global and regional organisations such as the International Maritime Organization (IMO), the International Seabed Authority (ISA) and regional seas organizations.",110,122,19,"19","organisations","organisation","NOUN","NNS","Number=Plur","13","conj",NA,NA
"doc109",1,1,"to establish regular as opposed to ad-hoc cooperation mechanisms between RFMOs and other global and regional organisations such as the International Maritime Organization (IMO), the International Seabed Authority (ISA) and regional seas organizations.",124,127,20,"20","such","such","ADJ","JJ","Degree=Pos","25","case",NA,NA
"doc109",1,1,"to establish regular as opposed to ad-hoc cooperation mechanisms between RFMOs and other global and regional organisations such as the International Maritime Organization (IMO), the International Seabed Authority (ISA) and regional seas organizations.",129,130,21,"21","as","as","ADP","IN",NA,"20","fixed",NA,NA
"doc109",1,1,"to establish regular as opposed to ad-hoc cooperation mechanisms between RFMOs and other global and regional organisations such as the International Maritime Organization (IMO), the International Seabed Authority (ISA) and regional seas organizations.",132,134,22,"22","the","the","DET","DT","Definite=Def|PronType=Art","25","det",NA,NA
"doc109",1,1,"to establish regular as opposed to ad-hoc cooperation mechanisms between RFMOs and other global and regional organisations such as the International Maritime Organization (IMO), the International Seabed Authority (ISA) and regional seas organizations.",136,148,23,"23","International","International","PROPN","NNP","Number=Sing","25","compound",NA,NA
"doc109",1,1,"to establish regular as opposed to ad-hoc cooperation mechanisms between RFMOs and other global and regional organisations such as the International Maritime Organization (IMO), the International Seabed Authority (ISA) and regional seas organizations.",150,157,24,"24","Maritime","maritime","PROPN","NNP","Number=Sing","25","compound",NA,NA
"doc109",1,1,"to establish regular as opposed to ad-hoc cooperation mechanisms between RFMOs and other global and regional organisations such as the International Maritime Organization (IMO), the International Seabed Authority (ISA) and regional seas organizations.",159,170,25,"25","Organization","Organization","PROPN","NNP","Number=Sing","19","nmod",NA,NA
"doc109",1,1,"to establish regular as opposed to ad-hoc cooperation mechanisms between RFMOs and other global and regional organisations such as the International Maritime Organization (IMO), the International Seabed Authority (ISA) and regional seas organizations.",172,172,26,"26","(","(","PUNCT","-LRB-",NA,"27","punct",NA,"SpaceAfter=No"
"doc109",1,1,"to establish regular as opposed to ad-hoc cooperation mechanisms between RFMOs and other global and regional organisations such as the International Maritime Organization (IMO), the International Seabed Authority (ISA) and regional seas organizations.",173,175,27,"27","IMO","Imo","ADV","RB",NA,"25","advmod",NA,"SpaceAfter=No"
"doc109",1,1,"to establish regular as opposed to ad-hoc cooperation mechanisms between RFMOs and other global and regional organisations such as the International Maritime Organization (IMO), the International Seabed Authority (ISA) and regional seas organizations.",176,176,28,"28",")",")","PUNCT","-RRB-",NA,"27","punct",NA,"SpaceAfter=No"
"doc109",1,1,"to establish regular as opposed to ad-hoc cooperation mechanisms between RFMOs and other global and regional organisations such as the International Maritime Organization (IMO), the International Seabed Authority (ISA) and regional seas organizations.",177,177,29,"29",",",",","PUNCT",",",NA,"33","punct",NA,NA
"doc109",1,1,"to establish regular as opposed to ad-hoc cooperation mechanisms between RFMOs and other global and regional organisations such as the International Maritime Organization (IMO), the International Seabed Authority (ISA) and regional seas organizations.",179,181,30,"30","the","the","DET","DT","Definite=Def|PronType=Art","33","det",NA,NA
"doc109",1,1,"to establish regular as opposed to ad-hoc cooperation mechanisms between RFMOs and other global and regional organisations such as the International Maritime Organization (IMO), the International Seabed Authority (ISA) and regional seas organizations.",183,195,31,"31","International","International","PROPN","NNP","Number=Sing","33","compound",NA,NA
"doc109",1,1,"to establish regular as opposed to ad-hoc cooperation mechanisms between RFMOs and other global and regional organisations such as the International Maritime Organization (IMO), the International Seabed Authority (ISA) and regional seas organizations.",197,202,32,"32","Seabed","Sea","PROPN","NNP","Number=Sing","33","compound",NA,NA
"doc109",1,1,"to establish regular as opposed to ad-hoc cooperation mechanisms between RFMOs and other global and regional organisations such as the International Maritime Organization (IMO), the International Seabed Authority (ISA) and regional seas organizations.",204,212,33,"33","Authority","authority","PROPN","NNP","Number=Sing","25","appos",NA,NA
"doc109",1,1,"to establish regular as opposed to ad-hoc cooperation mechanisms between RFMOs and other global and regional organisations such as the International Maritime Organization (IMO), the International Seabed Authority (ISA) and regional seas organizations.",214,214,34,"34","(","(","PUNCT","-LRB-",NA,"35","punct",NA,"SpaceAfter=No"
"doc109",1,1,"to establish regular as opposed to ad-hoc cooperation mechanisms between RFMOs and other global and regional organisations such as the International Maritime Organization (IMO), the International Seabed Authority (ISA) and regional seas organizations.",215,217,35,"35","ISA","ISA","PROPN","NNP","Number=Sing","25","appos",NA,"SpaceAfter=No"
"doc109",1,1,"to establish regular as opposed to ad-hoc cooperation mechanisms between RFMOs and other global and regional organisations such as the International Maritime Organization (IMO), the International Seabed Authority (ISA) and regional seas organizations.",218,218,36,"36",")",")","PUNCT","-RRB-",NA,"35","punct",NA,NA
"doc109",1,1,"to establish regular as opposed to ad-hoc cooperation mechanisms between RFMOs and other global and regional organisations such as the International Maritime Organization (IMO), the International Seabed Authority (ISA) and regional seas organizations.",220,222,37,"37","and","and","CCONJ","CC",NA,"40","cc",NA,NA
"doc109",1,1,"to establish regular as opposed to ad-hoc cooperation mechanisms between RFMOs and other global and regional organisations such as the International Maritime Organization (IMO), the International Seabed Authority (ISA) and regional seas organizations.",224,231,38,"38","regional","regional","ADJ","JJ","Degree=Pos","40","amod",NA,NA
"doc109",1,1,"to establish regular as opposed to ad-hoc cooperation mechanisms between RFMOs and other global and regional organisations such as the International Maritime Organization (IMO), the International Seabed Authority (ISA) and regional seas organizations.",233,236,39,"39","seas","seas","NOUN","NN","Number=Sing","40","compound",NA,NA
"doc109",1,1,"to establish regular as opposed to ad-hoc cooperation mechanisms between RFMOs and other global and regional organisations such as the International Maritime Organization (IMO), the International Seabed Authority (ISA) and regional seas organizations.",238,250,40,"40","organizations","organizations","NOUN","NNS","Number=Plur","25","conj",NA,"SpaceAfter=No"
"doc109",1,1,"to establish regular as opposed to ad-hoc cooperation mechanisms between RFMOs and other global and regional organisations such as the International Maritime Organization (IMO), the International Seabed Authority (ISA) and regional seas organizations.",251,251,41,"41",".",".","PUNCT",".",NA,"2","punct",NA,"SpacesAfter=\n"
"doc110",1,1,"the situation regarding Antarctic terrestrial sovereignty and the Antarctic Treaty mean that the areas within the Southern Ocean to which the ILBI will apply cannot be identified.",1,3,1,"1","the","the","DET","DT","Definite=Def|PronType=Art","2","det",NA,NA
"doc110",1,1,"the situation regarding Antarctic terrestrial sovereignty and the Antarctic Treaty mean that the areas within the Southern Ocean to which the ILBI will apply cannot be identified.",5,13,2,"2","situation","situation","NOUN","NN","Number=Sing","11","nsubj",NA,NA
"doc110",1,1,"the situation regarding Antarctic terrestrial sovereignty and the Antarctic Treaty mean that the areas within the Southern Ocean to which the ILBI will apply cannot be identified.",15,23,3,"3","regarding","regard","VERB","VBG","VerbForm=Ger","6","case",NA,NA
"doc110",1,1,"the situation regarding Antarctic terrestrial sovereignty and the Antarctic Treaty mean that the areas within the Southern Ocean to which the ILBI will apply cannot be identified.",25,33,4,"4","Antarctic","Antarctic","ADJ","JJ","Degree=Pos","6","amod",NA,NA
"doc110",1,1,"the situation regarding Antarctic terrestrial sovereignty and the Antarctic Treaty mean that the areas within the Southern Ocean to which the ILBI will apply cannot be identified.",35,45,5,"5","terrestrial","terrestrial","ADJ","JJ","Degree=Pos","6","amod",NA,NA
"doc110",1,1,"the situation regarding Antarctic terrestrial sovereignty and the Antarctic Treaty mean that the areas within the Southern Ocean to which the ILBI will apply cannot be identified.",47,57,6,"6","sovereignty","sovereignty","NOUN","NN","Number=Sing","2","nmod",NA,NA
"doc110",1,1,"the situation regarding Antarctic terrestrial sovereignty and the Antarctic Treaty mean that the areas within the Southern Ocean to which the ILBI will apply cannot be identified.",59,61,7,"7","and","and","CCONJ","CC",NA,"10","cc",NA,NA
"doc110",1,1,"the situation regarding Antarctic terrestrial sovereignty and the Antarctic Treaty mean that the areas within the Southern Ocean to which the ILBI will apply cannot be identified.",63,65,8,"8","the","the","DET","DT","Definite=Def|PronType=Art","10","det",NA,NA
"doc110",1,1,"the situation regarding Antarctic terrestrial sovereignty and the Antarctic Treaty mean that the areas within the Southern Ocean to which the ILBI will apply cannot be identified.",67,75,9,"9","Antarctic","Antarctic","ADJ","JJ","Degree=Pos","10","amod",NA,NA
"doc110",1,1,"the situation regarding Antarctic terrestrial sovereignty and the Antarctic Treaty mean that the areas within the Southern Ocean to which the ILBI will apply cannot be identified.",77,82,10,"10","Treaty","Treaty","NOUN","NN","Number=Sing","6","conj",NA,NA
"doc110",1,1,"the situation regarding Antarctic terrestrial sovereignty and the Antarctic Treaty mean that the areas within the Southern Ocean to which the ILBI will apply cannot be identified.",84,87,11,"11","mean","mean","VERB","VBP","Mood=Ind|Tense=Pres|VerbForm=Fin","0","root",NA,NA
"doc110",1,1,"the situation regarding Antarctic terrestrial sovereignty and the Antarctic Treaty mean that the areas within the Southern Ocean to which the ILBI will apply cannot be identified.",89,92,12,"12","that","that","SCONJ","IN",NA,"28","mark",NA,NA
"doc110",1,1,"the situation regarding Antarctic terrestrial sovereignty and the Antarctic Treaty mean that the areas within the Southern Ocean to which the ILBI will apply cannot be identified.",94,96,13,"13","the","the","DET","DT","Definite=Def|PronType=Art","14","det",NA,NA
"doc110",1,1,"the situation regarding Antarctic terrestrial sovereignty and the Antarctic Treaty mean that the areas within the Southern Ocean to which the ILBI will apply cannot be identified.",98,102,14,"14","areas","area","NOUN","NNS","Number=Plur","28","nsubj:pass",NA,NA
"doc110",1,1,"the situation regarding Antarctic terrestrial sovereignty and the Antarctic Treaty mean that the areas within the Southern Ocean to which the ILBI will apply cannot be identified.",104,109,15,"15","within","within","ADP","IN",NA,"18","case",NA,NA
"doc110",1,1,"the situation regarding Antarctic terrestrial sovereignty and the Antarctic Treaty mean that the areas within the Southern Ocean to which the ILBI will apply cannot be identified.",111,113,16,"16","the","the","DET","DT","Definite=Def|PronType=Art","18","det",NA,NA
"doc110",1,1,"the situation regarding Antarctic terrestrial sovereignty and the Antarctic Treaty mean that the areas within the Southern Ocean to which the ILBI will apply cannot be identified.",115,122,17,"17","Southern","Southern","PROPN","NNP","Number=Sing","18","compound",NA,NA
"doc110",1,1,"the situation regarding Antarctic terrestrial sovereignty and the Antarctic Treaty mean that the areas within the Southern Ocean to which the ILBI will apply cannot be identified.",124,128,18,"18","Ocean","Ocean","PROPN","NNP","Number=Sing","14","nmod",NA,NA
"doc110",1,1,"the situation regarding Antarctic terrestrial sovereignty and the Antarctic Treaty mean that the areas within the Southern Ocean to which the ILBI will apply cannot be identified.",130,131,19,"19","to","to","ADP","IN",NA,"20","case",NA,NA
"doc110",1,1,"the situation regarding Antarctic terrestrial sovereignty and the Antarctic Treaty mean that the areas within the Southern Ocean to which the ILBI will apply cannot be identified.",133,137,20,"20","which","which","PRON","WDT","PronType=Rel","24","obl",NA,NA
"doc110",1,1,"the situation regarding Antarctic terrestrial sovereignty and the Antarctic Treaty mean that the areas within the Southern Ocean to which the ILBI will apply cannot be identified.",139,141,21,"21","the","the","DET","DT","Definite=Def|PronType=Art","22","det",NA,NA
"doc110",1,1,"the situation regarding Antarctic terrestrial sovereignty and the Antarctic Treaty mean that the areas within the Southern Ocean to which the ILBI will apply cannot be identified.",143,146,22,"22","ILBI","Ilbi","NOUN","NN","Number=Sing","24","nsubj",NA,NA
"doc110",1,1,"the situation regarding Antarctic terrestrial sovereignty and the Antarctic Treaty mean that the areas within the Southern Ocean to which the ILBI will apply cannot be identified.",148,151,23,"23","will","will","AUX","MD","VerbForm=Fin","24","aux",NA,NA
"doc110",1,1,"the situation regarding Antarctic terrestrial sovereignty and the Antarctic Treaty mean that the areas within the Southern Ocean to which the ILBI will apply cannot be identified.",153,157,24,"24","apply","apply","VERB","VB","VerbForm=Inf","14","acl:relcl",NA,NA
"doc110",1,1,"the situation regarding Antarctic terrestrial sovereignty and the Antarctic Treaty mean that the areas within the Southern Ocean to which the ILBI will apply cannot be identified.",159,161,25,"25","can","can","AUX","MD","VerbForm=Fin","28","aux",NA,"SpaceAfter=No"
"doc110",1,1,"the situation regarding Antarctic terrestrial sovereignty and the Antarctic Treaty mean that the areas within the Southern Ocean to which the ILBI will apply cannot be identified.",162,164,26,"26","not","not","PART","RB",NA,"28","advmod",NA,NA
"doc110",1,1,"the situation regarding Antarctic terrestrial sovereignty and the Antarctic Treaty mean that the areas within the Southern Ocean to which the ILBI will apply cannot be identified.",166,167,27,"27","be","be","AUX","VB","VerbForm=Inf","28","aux:pass",NA,NA
"doc110",1,1,"the situation regarding Antarctic terrestrial sovereignty and the Antarctic Treaty mean that the areas within the Southern Ocean to which the ILBI will apply cannot be identified.",169,178,28,"28","identified","identify","VERB","VBN","Tense=Past|VerbForm=Part|Voice=Pass","11","ccomp",NA,"SpaceAfter=No"
"doc110",1,1,"the situation regarding Antarctic terrestrial sovereignty and the Antarctic Treaty mean that the areas within the Southern Ocean to which the ILBI will apply cannot be identified.",179,179,29,"29",".",".","PUNCT",".",NA,"11","punct",NA,"SpacesAfter=\n"
"doc111",1,1,"to update and develop the regime for high seas fisheries contained in UNCLOS and the UN Fish Stocks Agreement for the Southern Ocean.",1,2,1,"1","to","to","PART","TO",NA,"2","mark",NA,NA
"doc111",1,1,"to update and develop the regime for high seas fisheries contained in UNCLOS and the UN Fish Stocks Agreement for the Southern Ocean.",4,9,2,"2","update","update","VERB","VB","VerbForm=Inf","0","root",NA,NA
"doc111",1,1,"to update and develop the regime for high seas fisheries contained in UNCLOS and the UN Fish Stocks Agreement for the Southern Ocean.",11,13,3,"3","and","and","CCONJ","CC",NA,"4","cc",NA,NA
"doc111",1,1,"to update and develop the regime for high seas fisheries contained in UNCLOS and the UN Fish Stocks Agreement for the Southern Ocean.",15,21,4,"4","develop","develop","VERB","VB","VerbForm=Inf","2","conj",NA,NA
"doc111",1,1,"to update and develop the regime for high seas fisheries contained in UNCLOS and the UN Fish Stocks Agreement for the Southern Ocean.",23,25,5,"5","the","the","DET","DT","Definite=Def|PronType=Art","6","det",NA,NA
"doc111",1,1,"to update and develop the regime for high seas fisheries contained in UNCLOS and the UN Fish Stocks Agreement for the Southern Ocean.",27,32,6,"6","regime","regime","NOUN","NN","Number=Sing","2","obj",NA,NA
"doc111",1,1,"to update and develop the regime for high seas fisheries contained in UNCLOS and the UN Fish Stocks Agreement for the Southern Ocean.",34,36,7,"7","for","for","ADP","IN",NA,"10","case",NA,NA
"doc111",1,1,"to update and develop the regime for high seas fisheries contained in UNCLOS and the UN Fish Stocks Agreement for the Southern Ocean.",38,41,8,"8","high","high","ADJ","JJ","Degree=Pos","10","amod",NA,NA
"doc111",1,1,"to update and develop the regime for high seas fisheries contained in UNCLOS and the UN Fish Stocks Agreement for the Southern Ocean.",43,46,9,"9","seas","seas","NOUN","NN","Number=Sing","10","compound",NA,NA
"doc111",1,1,"to update and develop the regime for high seas fisheries contained in UNCLOS and the UN Fish Stocks Agreement for the Southern Ocean.",48,56,10,"10","fisheries","fishery","NOUN","NNS","Number=Plur","2","obl",NA,NA
"doc111",1,1,"to update and develop the regime for high seas fisheries contained in UNCLOS and the UN Fish Stocks Agreement for the Southern Ocean.",58,66,11,"11","contained","contain","VERB","VBN","Tense=Past|VerbForm=Part","10","acl",NA,NA
"doc111",1,1,"to update and develop the regime for high seas fisheries contained in UNCLOS and the UN Fish Stocks Agreement for the Southern Ocean.",68,69,12,"12","in","in","ADP","IN",NA,"13","case",NA,NA
"doc111",1,1,"to update and develop the regime for high seas fisheries contained in UNCLOS and the UN Fish Stocks Agreement for the Southern Ocean.",71,76,13,"13","UNCLOS","UNCLOS","PROPN","NNP","Number=Sing","11","obl",NA,NA
"doc111",1,1,"to update and develop the regime for high seas fisheries contained in UNCLOS and the UN Fish Stocks Agreement for the Southern Ocean.",78,80,14,"14","and","and","CCONJ","CC",NA,"19","cc",NA,NA
"doc111",1,1,"to update and develop the regime for high seas fisheries contained in UNCLOS and the UN Fish Stocks Agreement for the Southern Ocean.",82,84,15,"15","the","the","DET","DT","Definite=Def|PronType=Art","19","det",NA,NA
"doc111",1,1,"to update and develop the regime for high seas fisheries contained in UNCLOS and the UN Fish Stocks Agreement for the Southern Ocean.",86,87,16,"16","UN","UN","PROPN","NNP","Number=Sing","19","compound",NA,NA
"doc111",1,1,"to update and develop the regime for high seas fisheries contained in UNCLOS and the UN Fish Stocks Agreement for the Southern Ocean.",89,92,17,"17","Fish","Fish","PROPN","NNP","Number=Sing","18","compound",NA,NA
"doc111",1,1,"to update and develop the regime for high seas fisheries contained in UNCLOS and the UN Fish Stocks Agreement for the Southern Ocean.",94,99,18,"18","Stocks","stock","PROPN","NNPS","Number=Plur","19","compound",NA,NA
"doc111",1,1,"to update and develop the regime for high seas fisheries contained in UNCLOS and the UN Fish Stocks Agreement for the Southern Ocean.",101,109,19,"19","Agreement","agreement","NOUN","NN","Number=Sing","13","conj",NA,NA
"doc111",1,1,"to update and develop the regime for high seas fisheries contained in UNCLOS and the UN Fish Stocks Agreement for the Southern Ocean.",111,113,20,"20","for","for","ADP","IN",NA,"23","case",NA,NA
"doc111",1,1,"to update and develop the regime for high seas fisheries contained in UNCLOS and the UN Fish Stocks Agreement for the Southern Ocean.",115,117,21,"21","the","the","DET","DT","Definite=Def|PronType=Art","23","det",NA,NA
"doc111",1,1,"to update and develop the regime for high seas fisheries contained in UNCLOS and the UN Fish Stocks Agreement for the Southern Ocean.",119,126,22,"22","Southern","Southern","PROPN","NNP","Number=Sing","23","compound",NA,NA
"doc111",1,1,"to update and develop the regime for high seas fisheries contained in UNCLOS and the UN Fish Stocks Agreement for the Southern Ocean.",128,132,23,"23","Ocean","Ocean","PROPN","NNP","Number=Sing","19","nmod",NA,"SpaceAfter=No"
"doc111",1,1,"to update and develop the regime for high seas fisheries contained in UNCLOS and the UN Fish Stocks Agreement for the Southern Ocean.",133,133,24,"24",".",".","PUNCT",".",NA,"2","punct",NA,"SpacesAfter=\n"
"doc112",1,1,"to consider the rights and duties of States both within and beyond to national jurisdiction",1,2,1,"1","to","to","PART","TO",NA,"2","mark",NA,NA
"doc112",1,1,"to consider the rights and duties of States both within and beyond to national jurisdiction",4,11,2,"2","consider","consider","VERB","VB","VerbForm=Inf","0","root",NA,NA
"doc112",1,1,"to consider the rights and duties of States both within and beyond to national jurisdiction",13,15,3,"3","the","the","DET","DT","Definite=Def|PronType=Art","4","det",NA,NA
"doc112",1,1,"to consider the rights and duties of States both within and beyond to national jurisdiction",17,22,4,"4","rights","rights","NOUN","NNS","Number=Plur","2","obj",NA,NA
"doc112",1,1,"to consider the rights and duties of States both within and beyond to national jurisdiction",24,26,5,"5","and","and","CCONJ","CC",NA,"6","cc",NA,NA
"doc112",1,1,"to consider the rights and duties of States both within and beyond to national jurisdiction",28,33,6,"6","duties","duty","NOUN","NNS","Number=Plur","4","conj",NA,NA
"doc112",1,1,"to consider the rights and duties of States both within and beyond to national jurisdiction",35,36,7,"7","of","of","ADP","IN",NA,"8","case",NA,NA
"doc112",1,1,"to consider the rights and duties of States both within and beyond to national jurisdiction",38,43,8,"8","States","States","PROPN","NNP","Number=Sing","4","nmod",NA,NA
"doc112",1,1,"to consider the rights and duties of States both within and beyond to national jurisdiction",45,48,9,"9","both","both","CCONJ","CC",NA,"10","cc:preconj",NA,NA
"doc112",1,1,"to consider the rights and duties of States both within and beyond to national jurisdiction",50,55,10,"10","within","within","ADP","IN",NA,"15","case",NA,NA
"doc112",1,1,"to consider the rights and duties of States both within and beyond to national jurisdiction",57,59,11,"11","and","and","CCONJ","CC",NA,"12","cc",NA,NA
"doc112",1,1,"to consider the rights and duties of States both within and beyond to national jurisdiction",61,66,12,"12","beyond","beyond","ADP","IN",NA,"10","conj",NA,NA
"doc112",1,1,"to consider the rights and duties of States both within and beyond to national jurisdiction",68,69,13,"13","to","to","ADP","IN",NA,"15","case",NA,NA
"doc112",1,1,"to consider the rights and duties of States both within and beyond to national jurisdiction",71,78,14,"14","national","national","ADJ","JJ","Degree=Pos","15","amod",NA,NA
"doc112",1,1,"to consider the rights and duties of States both within and beyond to national jurisdiction",80,91,15,"15","jurisdiction","jurisdiction","NOUN","NN","Number=Sing","2","obl",NA,"SpacesAfter=\n"
"doc113",1,1,"to move from a sectoral and fragmented ABNJ management system to one that is holistic and based on the ecosystem approach.",1,2,1,"1","to","to","PART","TO",NA,"2","mark",NA,NA
"doc113",1,1,"to move from a sectoral and fragmented ABNJ management system to one that is holistic and based on the ecosystem approach.",4,7,2,"2","move","move","VERB","VB","VerbForm=Inf","0","root",NA,NA
"doc113",1,1,"to move from a sectoral and fragmented ABNJ management system to one that is holistic and based on the ecosystem approach.",9,12,3,"3","from","from","ADP","IN",NA,"10","case",NA,NA
"doc113",1,1,"to move from a sectoral and fragmented ABNJ management system to one that is holistic and based on the ecosystem approach.",14,14,4,"4","a","a","DET","DT","Definite=Ind|PronType=Art","10","det",NA,NA
"doc113",1,1,"to move from a sectoral and fragmented ABNJ management system to one that is holistic and based on the ecosystem approach.",16,23,5,"5","sectoral","sectoral","ADJ","JJ","Degree=Pos","10","amod",NA,NA
"doc113",1,1,"to move from a sectoral and fragmented ABNJ management system to one that is holistic and based on the ecosystem approach.",25,27,6,"6","and","and","CCONJ","CC",NA,"7","cc",NA,NA
"doc113",1,1,"to move from a sectoral and fragmented ABNJ management system to one that is holistic and based on the ecosystem approach.",29,38,7,"7","fragmented","fragmented","ADJ","JJ","Degree=Pos","5","conj",NA,NA
"doc113",1,1,"to move from a sectoral and fragmented ABNJ management system to one that is holistic and based on the ecosystem approach.",40,43,8,"8","ABNJ","Abnj","NOUN","NN","Number=Sing","9","compound",NA,NA
"doc113",1,1,"to move from a sectoral and fragmented ABNJ management system to one that is holistic and based on the ecosystem approach.",45,54,9,"9","management","management","NOUN","NN","Number=Sing","10","compound",NA,NA
"doc113",1,1,"to move from a sectoral and fragmented ABNJ management system to one that is holistic and based on the ecosystem approach.",56,61,10,"10","system","system","NOUN","NN","Number=Sing","2","obl",NA,NA
"doc113",1,1,"to move from a sectoral and fragmented ABNJ management system to one that is holistic and based on the ecosystem approach.",63,64,11,"11","to","to","ADP","IN",NA,"12","case",NA,NA
"doc113",1,1,"to move from a sectoral and fragmented ABNJ management system to one that is holistic and based on the ecosystem approach.",66,68,12,"12","one","one","NUM","CD","NumType=Card","10","nmod",NA,NA
"doc113",1,1,"to move from a sectoral and fragmented ABNJ management system to one that is holistic and based on the ecosystem approach.",70,73,13,"13","that","that","PRON","WDT","PronType=Rel","15","nsubj",NA,NA
"doc113",1,1,"to move from a sectoral and fragmented ABNJ management system to one that is holistic and based on the ecosystem approach.",75,76,14,"14","is","be","AUX","VBZ","Mood=Ind|Number=Sing|Person=3|Tense=Pres|VerbForm=Fin","15","cop",NA,NA
"doc113",1,1,"to move from a sectoral and fragmented ABNJ management system to one that is holistic and based on the ecosystem approach.",78,85,15,"15","holistic","holistic","ADJ","JJ","Degree=Pos","12","acl:relcl",NA,NA
"doc113",1,1,"to move from a sectoral and fragmented ABNJ management system to one that is holistic and based on the ecosystem approach.",87,89,16,"16","and","and","CCONJ","CC",NA,"17","cc",NA,NA
"doc113",1,1,"to move from a sectoral and fragmented ABNJ management system to one that is holistic and based on the ecosystem approach.",91,95,17,"17","based","base","VERB","VBN","Tense=Past|VerbForm=Part","15","conj",NA,NA
"doc113",1,1,"to move from a sectoral and fragmented ABNJ management system to one that is holistic and based on the ecosystem approach.",97,98,18,"18","on","on","ADP","IN",NA,"21","case",NA,NA
"doc113",1,1,"to move from a sectoral and fragmented ABNJ management system to one that is holistic and based on the ecosystem approach.",100,102,19,"19","the","the","DET","DT","Definite=Def|PronType=Art","21","det",NA,NA
"doc113",1,1,"to move from a sectoral and fragmented ABNJ management system to one that is holistic and based on the ecosystem approach.",104,112,20,"20","ecosystem","ecosystem","NOUN","NN","Number=Sing","21","compound",NA,NA
"doc113",1,1,"to move from a sectoral and fragmented ABNJ management system to one that is holistic and based on the ecosystem approach.",114,121,21,"21","approach","approach","NOUN","NN","Number=Sing","17","obl",NA,"SpaceAfter=No"
"doc113",1,1,"to move from a sectoral and fragmented ABNJ management system to one that is holistic and based on the ecosystem approach.",122,122,22,"22",".",".","PUNCT",".",NA,"2","punct",NA,"SpacesAfter=\n"
"doc114",1,1,"the adoption of the BBNJ agreement will not resolve the gaps in RFMO coverage unless it secures universal participation",1,3,1,"1","the","the","DET","DT","Definite=Def|PronType=Art","2","det",NA,NA
"doc114",1,1,"the adoption of the BBNJ agreement will not resolve the gaps in RFMO coverage unless it secures universal participation",5,12,2,"2","adoption","adoption","NOUN","NN","Number=Sing","9","nsubj",NA,NA
"doc114",1,1,"the adoption of the BBNJ agreement will not resolve the gaps in RFMO coverage unless it secures universal participation",14,15,3,"3","of","of","ADP","IN",NA,"6","case",NA,NA
"doc114",1,1,"the adoption of the BBNJ agreement will not resolve the gaps in RFMO coverage unless it secures universal participation",17,19,4,"4","the","the","DET","DT","Definite=Def|PronType=Art","6","det",NA,NA
"doc114",1,1,"the adoption of the BBNJ agreement will not resolve the gaps in RFMO coverage unless it secures universal participation",21,24,5,"5","BBNJ","Bbnj","PROPN","NNP","Number=Sing","6","compound",NA,NA
"doc114",1,1,"the adoption of the BBNJ agreement will not resolve the gaps in RFMO coverage unless it secures universal participation",26,34,6,"6","agreement","agreement","NOUN","NN","Number=Sing","2","nmod",NA,NA
"doc114",1,1,"the adoption of the BBNJ agreement will not resolve the gaps in RFMO coverage unless it secures universal participation",36,39,7,"7","will","will","AUX","MD","VerbForm=Fin","9","aux",NA,NA
"doc114",1,1,"the adoption of the BBNJ agreement will not resolve the gaps in RFMO coverage unless it secures universal participation",41,43,8,"8","not","not","PART","RB",NA,"9","advmod",NA,NA
"doc114",1,1,"the adoption of the BBNJ agreement will not resolve the gaps in RFMO coverage unless it secures universal participation",45,51,9,"9","resolve","resolve","VERB","VB","VerbForm=Inf","0","root",NA,NA
"doc114",1,1,"the adoption of the BBNJ agreement will not resolve the gaps in RFMO coverage unless it secures universal participation",53,55,10,"10","the","the","DET","DT","Definite=Def|PronType=Art","11","det",NA,NA
"doc114",1,1,"the adoption of the BBNJ agreement will not resolve the gaps in RFMO coverage unless it secures universal participation",57,60,11,"11","gaps","gap","NOUN","NNS","Number=Plur","9","obj",NA,NA
"doc114",1,1,"the adoption of the BBNJ agreement will not resolve the gaps in RFMO coverage unless it secures universal participation",62,63,12,"12","in","in","ADP","IN",NA,"14","case",NA,NA
"doc114",1,1,"the adoption of the BBNJ agreement will not resolve the gaps in RFMO coverage unless it secures universal participation",65,68,13,"13","RFMO","RFMO","PROPN","NNP","Number=Sing","14","compound",NA,NA
"doc114",1,1,"the adoption of the BBNJ agreement will not resolve the gaps in RFMO coverage unless it secures universal participation",70,77,14,"14","coverage","coverage","NOUN","NN","Number=Sing","11","nmod",NA,NA
"doc114",1,1,"the adoption of the BBNJ agreement will not resolve the gaps in RFMO coverage unless it secures universal participation",79,84,15,"15","unless","unless","SCONJ","IN",NA,"17","mark",NA,NA
"doc114",1,1,"the adoption of the BBNJ agreement will not resolve the gaps in RFMO coverage unless it secures universal participation",86,87,16,"16","it","it","PRON","PRP","Case=Nom|Gender=Neut|Number=Sing|Person=3|PronType=Prs","17","nsubj",NA,NA
"doc114",1,1,"the adoption of the BBNJ agreement will not resolve the gaps in RFMO coverage unless it secures universal participation",89,95,17,"17","secures","secure","VERB","VBZ","Mood=Ind|Number=Sing|Person=3|Tense=Pres|VerbForm=Fin","9","advcl",NA,NA
"doc114",1,1,"the adoption of the BBNJ agreement will not resolve the gaps in RFMO coverage unless it secures universal participation",97,105,18,"18","universal","universal","ADJ","JJ","Degree=Pos","19","amod",NA,NA
"doc114",1,1,"the adoption of the BBNJ agreement will not resolve the gaps in RFMO coverage unless it secures universal participation",107,119,19,"19","participation","participation","NOUN","NN","Number=Sing","17","obj",NA,"SpacesAfter=\n"
"doc115",1,1,"to articulate best practice standards for EIAs, SEAs and MSP.",1,2,1,"1","to","to","PART","TO",NA,"2","mark",NA,NA
"doc115",1,1,"to articulate best practice standards for EIAs, SEAs and MSP.",4,13,2,"2","articulate","articulate","VERB","VB","VerbForm=Inf","0","root",NA,NA
"doc115",1,1,"to articulate best practice standards for EIAs, SEAs and MSP.",15,18,3,"3","best","best","ADJ","JJS","Degree=Sup","5","amod",NA,NA
"doc115",1,1,"to articulate best practice standards for EIAs, SEAs and MSP.",20,27,4,"4","practice","practice","NOUN","NN","Number=Sing","5","compound",NA,NA
"doc115",1,1,"to articulate best practice standards for EIAs, SEAs and MSP.",29,37,5,"5","standards","standard","NOUN","NNS","Number=Plur","2","obj",NA,NA
"doc115",1,1,"to articulate best practice standards for EIAs, SEAs and MSP.",39,41,6,"6","for","for","ADP","IN",NA,"7","case",NA,NA
"doc115",1,1,"to articulate best practice standards for EIAs, SEAs and MSP.",43,46,7,"7","EIAs","EIAs","PROPN","NNP","Number=Sing","5","nmod",NA,"SpaceAfter=No"
"doc115",1,1,"to articulate best practice standards for EIAs, SEAs and MSP.",47,47,8,"8",",",",","PUNCT",",",NA,"9","punct",NA,NA
"doc115",1,1,"to articulate best practice standards for EIAs, SEAs and MSP.",49,52,9,"9","SEAs","Seas","PROPN","NNPS","Number=Plur","7","conj",NA,NA
"doc115",1,1,"to articulate best practice standards for EIAs, SEAs and MSP.",54,56,10,"10","and","and","CCONJ","CC",NA,"11","cc",NA,NA
"doc115",1,1,"to articulate best practice standards for EIAs, SEAs and MSP.",58,60,11,"11","MSP","MSP","PROPN","NNP","Number=Sing","7","conj",NA,"SpaceAfter=No"
"doc115",1,1,"to articulate best practice standards for EIAs, SEAs and MSP.",61,61,12,"12",".",".","PUNCT",".",NA,"2","punct",NA,"SpacesAfter=\n"
"doc116",1,1,"The preparatory committee needs to reach agreement on substantive matters by consensus.",1,3,1,"1","The","the","DET","DT","Definite=Def|PronType=Art","3","det",NA,NA
"doc116",1,1,"The preparatory committee needs to reach agreement on substantive matters by consensus.",5,15,2,"2","preparatory","preparatory","ADJ","JJ","Degree=Pos","3","amod",NA,NA
"doc116",1,1,"The preparatory committee needs to reach agreement on substantive matters by consensus.",17,25,3,"3","committee","committee","NOUN","NN","Number=Sing","4","nsubj",NA,NA
"doc116",1,1,"The preparatory committee needs to reach agreement on substantive matters by consensus.",27,31,4,"4","needs","need","VERB","VBZ","Mood=Ind|Number=Sing|Person=3|Tense=Pres|VerbForm=Fin","0","root",NA,NA
"doc116",1,1,"The preparatory committee needs to reach agreement on substantive matters by consensus.",33,34,5,"5","to","to","PART","TO",NA,"6","mark",NA,NA
"doc116",1,1,"The preparatory committee needs to reach agreement on substantive matters by consensus.",36,40,6,"6","reach","reach","VERB","VB","VerbForm=Inf","4","xcomp",NA,NA
"doc116",1,1,"The preparatory committee needs to reach agreement on substantive matters by consensus.",42,50,7,"7","agreement","agreement","NOUN","NN","Number=Sing","6","obj",NA,NA
"doc116",1,1,"The preparatory committee needs to reach agreement on substantive matters by consensus.",52,53,8,"8","on","on","ADP","IN",NA,"10","case",NA,NA
"doc116",1,1,"The preparatory committee needs to reach agreement on substantive matters by consensus.",55,65,9,"9","substantive","substantive","ADJ","JJ","Degree=Pos","10","amod",NA,NA
"doc116",1,1,"The preparatory committee needs to reach agreement on substantive matters by consensus.",67,73,10,"10","matters","matter","NOUN","NNS","Number=Plur","6","obl",NA,NA
"doc116",1,1,"The preparatory committee needs to reach agreement on substantive matters by consensus.",75,76,11,"11","by","by","ADP","IN",NA,"12","case",NA,NA
"doc116",1,1,"The preparatory committee needs to reach agreement on substantive matters by consensus.",78,86,12,"12","consensus","consensus","NOUN","NN","Number=Sing","6","obl",NA,"SpaceAfter=No"
"doc116",1,1,"The preparatory committee needs to reach agreement on substantive matters by consensus.",87,87,13,"13",".",".","PUNCT",".",NA,"4","punct",NA,"SpacesAfter=\n"
"doc117",1,1,"to harmonize and enhance existing governance mechanisms.",1,2,1,"1","to","to","PART","TO",NA,"2","mark",NA,NA
"doc117",1,1,"to harmonize and enhance existing governance mechanisms.",4,12,2,"2","harmonize","harmonize","VERB","VB","VerbForm=Inf","0","root",NA,NA
"doc117",1,1,"to harmonize and enhance existing governance mechanisms.",14,16,3,"3","and","and","CCONJ","CC",NA,"4","cc",NA,NA
"doc117",1,1,"to harmonize and enhance existing governance mechanisms.",18,24,4,"4","enhance","enhance","VERB","VB","VerbForm=Inf","2","conj",NA,NA
"doc117",1,1,"to harmonize and enhance existing governance mechanisms.",26,33,5,"5","existing","exist","VERB","VBG","VerbForm=Ger","7","amod",NA,NA
"doc117",1,1,"to harmonize and enhance existing governance mechanisms.",35,44,6,"6","governance","governance","NOUN","NN","Number=Sing","7","compound",NA,NA
"doc117",1,1,"to harmonize and enhance existing governance mechanisms.",46,55,7,"7","mechanisms","mechanism","NOUN","NNS","Number=Plur","2","obj",NA,"SpaceAfter=No"
"doc117",1,1,"to harmonize and enhance existing governance mechanisms.",56,56,8,"8",".",".","PUNCT",".",NA,"2","punct",NA,"SpacesAfter=\n"
"doc118",1,1,"to create regional committees composed by States with stake in particular ABNJ localities and sectoral management bodies.",1,2,1,"1","to","to","PART","TO",NA,"2","mark",NA,NA
"doc118",1,1,"to create regional committees composed by States with stake in particular ABNJ localities and sectoral management bodies.",4,9,2,"2","create","create","VERB","VB","VerbForm=Inf","0","root",NA,NA
"doc118",1,1,"to create regional committees composed by States with stake in particular ABNJ localities and sectoral management bodies.",11,18,3,"3","regional","regional","ADJ","JJ","Degree=Pos","4","amod",NA,NA
"doc118",1,1,"to create regional committees composed by States with stake in particular ABNJ localities and sectoral management bodies.",20,29,4,"4","committees","committees","NOUN","NNS","Number=Plur","2","obj",NA,NA
"doc118",1,1,"to create regional committees composed by States with stake in particular ABNJ localities and sectoral management bodies.",31,38,5,"5","composed","compose","VERB","VBN","Tense=Past|VerbForm=Part","2","acl",NA,NA
"doc118",1,1,"to create regional committees composed by States with stake in particular ABNJ localities and sectoral management bodies.",40,41,6,"6","by","by","ADP","IN",NA,"7","case",NA,NA
"doc118",1,1,"to create regional committees composed by States with stake in particular ABNJ localities and sectoral management bodies.",43,48,7,"7","States","States","PROPN","NNP","Number=Sing","5","obl",NA,NA
"doc118",1,1,"to create regional committees composed by States with stake in particular ABNJ localities and sectoral management bodies.",50,53,8,"8","with","with","ADP","IN",NA,"9","case",NA,NA
"doc118",1,1,"to create regional committees composed by States with stake in particular ABNJ localities and sectoral management bodies.",55,59,9,"9","stake","stake","NOUN","NN","Number=Sing","5","obl",NA,NA
"doc118",1,1,"to create regional committees composed by States with stake in particular ABNJ localities and sectoral management bodies.",61,62,10,"10","in","in","ADP","IN",NA,"13","case",NA,NA
"doc118",1,1,"to create regional committees composed by States with stake in particular ABNJ localities and sectoral management bodies.",64,73,11,"11","particular","particular","ADJ","JJ","Degree=Pos","13","amod",NA,NA
"doc118",1,1,"to create regional committees composed by States with stake in particular ABNJ localities and sectoral management bodies.",75,78,12,"12","ABNJ","ABNJ","PROPN","NNP","Number=Sing","13","compound",NA,NA
"doc118",1,1,"to create regional committees composed by States with stake in particular ABNJ localities and sectoral management bodies.",80,89,13,"13","localities","locality","NOUN","NNS","Number=Plur","5","obl",NA,NA
"doc118",1,1,"to create regional committees composed by States with stake in particular ABNJ localities and sectoral management bodies.",91,93,14,"14","and","and","CCONJ","CC",NA,"17","cc",NA,NA
"doc118",1,1,"to create regional committees composed by States with stake in particular ABNJ localities and sectoral management bodies.",95,102,15,"15","sectoral","sectoral","ADJ","JJ","Degree=Pos","17","amod",NA,NA
"doc118",1,1,"to create regional committees composed by States with stake in particular ABNJ localities and sectoral management bodies.",104,113,16,"16","management","management","NOUN","NN","Number=Sing","17","compound",NA,NA
"doc118",1,1,"to create regional committees composed by States with stake in particular ABNJ localities and sectoral management bodies.",115,120,17,"17","bodies","body","NOUN","NNS","Number=Plur","13","conj",NA,"SpaceAfter=No"
"doc118",1,1,"to create regional committees composed by States with stake in particular ABNJ localities and sectoral management bodies.",121,121,18,"18",".",".","PUNCT",".",NA,"2","punct",NA,"SpacesAfter=\n"
"doc119",1,1,"to integrate a more formal and explicit operationalization of the precautionary principle into the criteria for MPAs in ABNJ.",1,2,1,"1","to","to","PART","TO",NA,"2","mark",NA,NA
"doc119",1,1,"to integrate a more formal and explicit operationalization of the precautionary principle into the criteria for MPAs in ABNJ.",4,12,2,"2","integrate","integrate","VERB","VB","VerbForm=Inf","0","root",NA,NA
"doc119",1,1,"to integrate a more formal and explicit operationalization of the precautionary principle into the criteria for MPAs in ABNJ.",14,14,3,"3","a","a","DET","DT","Definite=Ind|PronType=Art","8","det",NA,NA
"doc119",1,1,"to integrate a more formal and explicit operationalization of the precautionary principle into the criteria for MPAs in ABNJ.",16,19,4,"4","more","more","ADV","RBR",NA,"5","advmod",NA,NA
"doc119",1,1,"to integrate a more formal and explicit operationalization of the precautionary principle into the criteria for MPAs in ABNJ.",21,26,5,"5","formal","formal","ADJ","JJ","Degree=Pos","8","amod",NA,NA
"doc119",1,1,"to integrate a more formal and explicit operationalization of the precautionary principle into the criteria for MPAs in ABNJ.",28,30,6,"6","and","and","CCONJ","CC",NA,"7","cc",NA,NA
"doc119",1,1,"to integrate a more formal and explicit operationalization of the precautionary principle into the criteria for MPAs in ABNJ.",32,39,7,"7","explicit","explicit","ADJ","JJ","Degree=Pos","5","conj",NA,NA
"doc119",1,1,"to integrate a more formal and explicit operationalization of the precautionary principle into the criteria for MPAs in ABNJ.",41,58,8,"8","operationalization","operationalization","NOUN","NN","Number=Sing","2","obj",NA,NA
"doc119",1,1,"to integrate a more formal and explicit operationalization of the precautionary principle into the criteria for MPAs in ABNJ.",60,61,9,"9","of","of","ADP","IN",NA,"12","case",NA,NA
"doc119",1,1,"to integrate a more formal and explicit operationalization of the precautionary principle into the criteria for MPAs in ABNJ.",63,65,10,"10","the","the","DET","DT","Definite=Def|PronType=Art","12","det",NA,NA
"doc119",1,1,"to integrate a more formal and explicit operationalization of the precautionary principle into the criteria for MPAs in ABNJ.",67,79,11,"11","precautionary","precautionary","ADJ","JJ","Degree=Pos","12","amod",NA,NA
"doc119",1,1,"to integrate a more formal and explicit operationalization of the precautionary principle into the criteria for MPAs in ABNJ.",81,89,12,"12","principle","principle","NOUN","NN","Number=Sing","8","nmod",NA,NA
"doc119",1,1,"to integrate a more formal and explicit operationalization of the precautionary principle into the criteria for MPAs in ABNJ.",91,94,13,"13","into","into","ADP","IN",NA,"15","case",NA,NA
"doc119",1,1,"to integrate a more formal and explicit operationalization of the precautionary principle into the criteria for MPAs in ABNJ.",96,98,14,"14","the","the","DET","DT","Definite=Def|PronType=Art","15","det",NA,NA
"doc119",1,1,"to integrate a more formal and explicit operationalization of the precautionary principle into the criteria for MPAs in ABNJ.",100,107,15,"15","criteria","criteria","NOUN","NN","Number=Sing","12","nmod",NA,NA
"doc119",1,1,"to integrate a more formal and explicit operationalization of the precautionary principle into the criteria for MPAs in ABNJ.",109,111,16,"16","for","for","ADP","IN",NA,"17","case",NA,NA
"doc119",1,1,"to integrate a more formal and explicit operationalization of the precautionary principle into the criteria for MPAs in ABNJ.",113,116,17,"17","MPAs","MPAs","NOUN","NNS","Number=Plur","15","nmod",NA,NA
"doc119",1,1,"to integrate a more formal and explicit operationalization of the precautionary principle into the criteria for MPAs in ABNJ.",118,119,18,"18","in","in","ADP","IN",NA,"19","case",NA,NA
"doc119",1,1,"to integrate a more formal and explicit operationalization of the precautionary principle into the criteria for MPAs in ABNJ.",121,124,19,"19","ABNJ","ABNJ","PROPN","NNP","Number=Sing","17","nmod",NA,"SpaceAfter=No"
"doc119",1,1,"to integrate a more formal and explicit operationalization of the precautionary principle into the criteria for MPAs in ABNJ.",125,125,20,"20",".",".","PUNCT",".",NA,"2","punct",NA,"SpacesAfter=\n"
"doc120",1,1,"there is a lack of the convergence among most delegations.",1,5,1,"1","there","there","PRON","EX",NA,"2","expl",NA,NA
"doc120",1,1,"there is a lack of the convergence among most delegations.",7,8,2,"2","is","be","VERB","VBZ","Mood=Ind|Number=Sing|Person=3|Tense=Pres|VerbForm=Fin","0","root",NA,NA
"doc120",1,1,"there is a lack of the convergence among most delegations.",10,10,3,"3","a","a","DET","DT","Definite=Ind|PronType=Art","4","det",NA,NA
"doc120",1,1,"there is a lack of the convergence among most delegations.",12,15,4,"4","lack","lack","NOUN","NN","Number=Sing","2","nsubj",NA,NA
"doc120",1,1,"there is a lack of the convergence among most delegations.",17,18,5,"5","of","of","ADP","IN",NA,"7","case",NA,NA
"doc120",1,1,"there is a lack of the convergence among most delegations.",20,22,6,"6","the","the","DET","DT","Definite=Def|PronType=Art","7","det",NA,NA
"doc120",1,1,"there is a lack of the convergence among most delegations.",24,34,7,"7","convergence","convergence","NOUN","NN","Number=Sing","4","nmod",NA,NA
"doc120",1,1,"there is a lack of the convergence among most delegations.",36,40,8,"8","among","among","ADP","IN",NA,"10","case",NA,NA
"doc120",1,1,"there is a lack of the convergence among most delegations.",42,45,9,"9","most","most","ADJ","JJS","Degree=Sup","10","amod",NA,NA
"doc120",1,1,"there is a lack of the convergence among most delegations.",47,57,10,"10","delegations","delegation","NOUN","NNS","Number=Plur","4","nmod",NA,"SpaceAfter=No"
"doc120",1,1,"there is a lack of the convergence among most delegations.",58,58,11,"11",".",".","PUNCT",".",NA,"2","punct",NA,"SpacesAfter=\n"
"doc121",1,1,"to use a positive interpretation of the term not undermine to strengthen the the role of existing institutions.",1,2,1,"1","to","to","PART","TO",NA,"2","mark",NA,NA
"doc121",1,1,"to use a positive interpretation of the term not undermine to strengthen the the role of existing institutions.",4,6,2,"2","use","use","VERB","VB","VerbForm=Inf","0","root",NA,NA
"doc121",1,1,"to use a positive interpretation of the term not undermine to strengthen the the role of existing institutions.",8,8,3,"3","a","a","DET","DT","Definite=Ind|PronType=Art","5","det",NA,NA
"doc121",1,1,"to use a positive interpretation of the term not undermine to strengthen the the role of existing institutions.",10,17,4,"4","positive","positive","ADJ","JJ","Degree=Pos","5","amod",NA,NA
"doc121",1,1,"to use a positive interpretation of the term not undermine to strengthen the the role of existing institutions.",19,32,5,"5","interpretation","interpretation","NOUN","NN","Number=Sing","2","obj",NA,NA
"doc121",1,1,"to use a positive interpretation of the term not undermine to strengthen the the role of existing institutions.",34,35,6,"6","of","of","ADP","IN",NA,"8","case",NA,NA
"doc121",1,1,"to use a positive interpretation of the term not undermine to strengthen the the role of existing institutions.",37,39,7,"7","the","the","DET","DT","Definite=Def|PronType=Art","8","det",NA,NA
"doc121",1,1,"to use a positive interpretation of the term not undermine to strengthen the the role of existing institutions.",41,44,8,"8","term","term","NOUN","NN","Number=Sing","5","nmod",NA,NA
"doc121",1,1,"to use a positive interpretation of the term not undermine to strengthen the the role of existing institutions.",46,48,9,"9","not","not","PART","RB",NA,"10","advmod",NA,NA
"doc121",1,1,"to use a positive interpretation of the term not undermine to strengthen the the role of existing institutions.",50,58,10,"10","undermine","undermine","ADJ","JJ","Degree=Pos","5","acl:relcl",NA,NA
"doc121",1,1,"to use a positive interpretation of the term not undermine to strengthen the the role of existing institutions.",60,61,11,"11","to","to","PART","TO",NA,"12","mark",NA,NA
"doc121",1,1,"to use a positive interpretation of the term not undermine to strengthen the the role of existing institutions.",63,72,12,"12","strengthen","strengthen","VERB","VB","VerbForm=Inf","10","advcl",NA,NA
"doc121",1,1,"to use a positive interpretation of the term not undermine to strengthen the the role of existing institutions.",74,76,13,"13","the","the","DET","DT","Definite=Def|PronType=Art","15","det",NA,NA
"doc121",1,1,"to use a positive interpretation of the term not undermine to strengthen the the role of existing institutions.",78,80,14,"14","the","the","DET","DT","Definite=Def|PronType=Art","15","det",NA,NA
"doc121",1,1,"to use a positive interpretation of the term not undermine to strengthen the the role of existing institutions.",82,85,15,"15","role","role","NOUN","NN","Number=Sing","12","obj",NA,NA
"doc121",1,1,"to use a positive interpretation of the term not undermine to strengthen the the role of existing institutions.",87,88,16,"16","of","of","SCONJ","IN",NA,"17","mark",NA,NA
"doc121",1,1,"to use a positive interpretation of the term not undermine to strengthen the the role of existing institutions.",90,97,17,"17","existing","exist","VERB","VBG","VerbForm=Ger","15","acl",NA,NA
"doc121",1,1,"to use a positive interpretation of the term not undermine to strengthen the the role of existing institutions.",99,110,18,"18","institutions","institution","NOUN","NNS","Number=Plur","17","obj",NA,"SpaceAfter=No"
"doc121",1,1,"to use a positive interpretation of the term not undermine to strengthen the the role of existing institutions.",111,111,19,"19",".",".","PUNCT",".",NA,"2","punct",NA,"SpacesAfter=\n"
"doc122",1,1,"the term not undermine is ambiguous.",1,3,1,"1","the","the","DET","DT","Definite=Def|PronType=Art","2","det",NA,NA
"doc122",1,1,"the term not undermine is ambiguous.",5,8,2,"2","term","term","NOUN","NN","Number=Sing","4","nmod:poss",NA,NA
"doc122",1,1,"the term not undermine is ambiguous.",10,12,3,"3","not","not","PART","RB",NA,"2","advmod",NA,NA
"doc122",1,1,"the term not undermine is ambiguous.",14,22,4,"4","undermine","undermine","NOUN","NN","Number=Sing","6","nsubj",NA,NA
"doc122",1,1,"the term not undermine is ambiguous.",24,25,5,"5","is","be","AUX","VBZ","Mood=Ind|Number=Sing|Person=3|Tense=Pres|VerbForm=Fin","6","cop",NA,NA
"doc122",1,1,"the term not undermine is ambiguous.",27,35,6,"6","ambiguous","ambiguous","ADJ","JJ","Degree=Pos","0","root",NA,"SpaceAfter=No"
"doc122",1,1,"the term not undermine is ambiguous.",36,36,7,"7",".",".","PUNCT",".",NA,"6","punct",NA,"SpacesAfter=\n"
"doc123",1,1,"to improve the implementation of the duty to cooperate in science and technology.",1,2,1,"1","to","to","PART","TO",NA,"2","mark",NA,NA
"doc123",1,1,"to improve the implementation of the duty to cooperate in science and technology.",4,10,2,"2","improve","improve","VERB","VB","VerbForm=Inf","0","root",NA,NA
"doc123",1,1,"to improve the implementation of the duty to cooperate in science and technology.",12,14,3,"3","the","the","DET","DT","Definite=Def|PronType=Art","4","det",NA,NA
"doc123",1,1,"to improve the implementation of the duty to cooperate in science and technology.",16,29,4,"4","implementation","implementation","NOUN","NN","Number=Sing","2","obj",NA,NA
"doc123",1,1,"to improve the implementation of the duty to cooperate in science and technology.",31,32,5,"5","of","of","ADP","IN",NA,"7","case",NA,NA
"doc123",1,1,"to improve the implementation of the duty to cooperate in science and technology.",34,36,6,"6","the","the","DET","DT","Definite=Def|PronType=Art","7","det",NA,NA
"doc123",1,1,"to improve the implementation of the duty to cooperate in science and technology.",38,41,7,"7","duty","duty","NOUN","NN","Number=Sing","4","nmod",NA,NA
"doc123",1,1,"to improve the implementation of the duty to cooperate in science and technology.",43,44,8,"8","to","to","PART","TO",NA,"9","mark",NA,NA
"doc123",1,1,"to improve the implementation of the duty to cooperate in science and technology.",46,54,9,"9","cooperate","cooperate","VERB","VB","VerbForm=Inf","2","xcomp",NA,NA
"doc123",1,1,"to improve the implementation of the duty to cooperate in science and technology.",56,57,10,"10","in","in","ADP","IN",NA,"11","case",NA,NA
"doc123",1,1,"to improve the implementation of the duty to cooperate in science and technology.",59,65,11,"11","science","science","NOUN","NN","Number=Sing","9","obl",NA,NA
"doc123",1,1,"to improve the implementation of the duty to cooperate in science and technology.",67,69,12,"12","and","and","CCONJ","CC",NA,"13","cc",NA,NA
"doc123",1,1,"to improve the implementation of the duty to cooperate in science and technology.",71,80,13,"13","technology","technology","NOUN","NN","Number=Sing","11","conj",NA,"SpaceAfter=No"
"doc123",1,1,"to improve the implementation of the duty to cooperate in science and technology.",81,81,14,"14",".",".","PUNCT",".",NA,"2","punct",NA,"SpacesAfter=\n"
"doc124",1,1,"to establishment a Trust Fund to be used for conservation and management of marine biodiversity of ABNJ or for capacity building of developing countries, ensuring ethic environmental stewardship.",1,2,1,"1","to","to","PART","TO",NA,"2","mark",NA,NA
"doc124",1,1,"to establishment a Trust Fund to be used for conservation and management of marine biodiversity of ABNJ or for capacity building of developing countries, ensuring ethic environmental stewardship.",4,16,2,"2","establishment","establishment","VERB","VB","VerbForm=Inf","0","root",NA,NA
"doc124",1,1,"to establishment a Trust Fund to be used for conservation and management of marine biodiversity of ABNJ or for capacity building of developing countries, ensuring ethic environmental stewardship.",18,18,3,"3","a","a","DET","DT","Definite=Ind|PronType=Art","5","det",NA,NA
"doc124",1,1,"to establishment a Trust Fund to be used for conservation and management of marine biodiversity of ABNJ or for capacity building of developing countries, ensuring ethic environmental stewardship.",20,24,4,"4","Trust","trust","ADJ","JJ","Degree=Pos","5","amod",NA,NA
"doc124",1,1,"to establishment a Trust Fund to be used for conservation and management of marine biodiversity of ABNJ or for capacity building of developing countries, ensuring ethic environmental stewardship.",26,29,5,"5","Fund","Fund","NOUN","NN","Number=Sing","2","obj",NA,NA
"doc124",1,1,"to establishment a Trust Fund to be used for conservation and management of marine biodiversity of ABNJ or for capacity building of developing countries, ensuring ethic environmental stewardship.",31,32,6,"6","to","to","PART","TO",NA,"8","mark",NA,NA
"doc124",1,1,"to establishment a Trust Fund to be used for conservation and management of marine biodiversity of ABNJ or for capacity building of developing countries, ensuring ethic environmental stewardship.",34,35,7,"7","be","be","AUX","VB","VerbForm=Inf","8","aux:pass",NA,NA
"doc124",1,1,"to establishment a Trust Fund to be used for conservation and management of marine biodiversity of ABNJ or for capacity building of developing countries, ensuring ethic environmental stewardship.",37,40,8,"8","used","use","VERB","VBN","Tense=Past|VerbForm=Part|Voice=Pass","2","advcl",NA,NA
"doc124",1,1,"to establishment a Trust Fund to be used for conservation and management of marine biodiversity of ABNJ or for capacity building of developing countries, ensuring ethic environmental stewardship.",42,44,9,"9","for","for","ADP","IN",NA,"10","case",NA,NA
"doc124",1,1,"to establishment a Trust Fund to be used for conservation and management of marine biodiversity of ABNJ or for capacity building of developing countries, ensuring ethic environmental stewardship.",46,57,10,"10","conservation","conservation","NOUN","NN","Number=Sing","8","obl",NA,NA
"doc124",1,1,"to establishment a Trust Fund to be used for conservation and management of marine biodiversity of ABNJ or for capacity building of developing countries, ensuring ethic environmental stewardship.",59,61,11,"11","and","and","CCONJ","CC",NA,"12","cc",NA,NA
"doc124",1,1,"to establishment a Trust Fund to be used for conservation and management of marine biodiversity of ABNJ or for capacity building of developing countries, ensuring ethic environmental stewardship.",63,72,12,"12","management","management","NOUN","NN","Number=Sing","10","conj",NA,NA
"doc124",1,1,"to establishment a Trust Fund to be used for conservation and management of marine biodiversity of ABNJ or for capacity building of developing countries, ensuring ethic environmental stewardship.",74,75,13,"13","of","of","ADP","IN",NA,"15","case",NA,NA
"doc124",1,1,"to establishment a Trust Fund to be used for conservation and management of marine biodiversity of ABNJ or for capacity building of developing countries, ensuring ethic environmental stewardship.",77,82,14,"14","marine","marine","NUM","CD","NumType=Card","15","nummod",NA,NA
"doc124",1,1,"to establishment a Trust Fund to be used for conservation and management of marine biodiversity of ABNJ or for capacity building of developing countries, ensuring ethic environmental stewardship.",84,95,15,"15","biodiversity","biodiversity","NOUN","NN","Number=Sing","10","nmod",NA,NA
"doc124",1,1,"to establishment a Trust Fund to be used for conservation and management of marine biodiversity of ABNJ or for capacity building of developing countries, ensuring ethic environmental stewardship.",97,98,16,"16","of","of","ADP","IN",NA,"17","case",NA,NA
"doc124",1,1,"to establishment a Trust Fund to be used for conservation and management of marine biodiversity of ABNJ or for capacity building of developing countries, ensuring ethic environmental stewardship.",100,103,17,"17","ABNJ","ABNJ","PROPN","NNP","Number=Sing","15","nmod",NA,NA
"doc124",1,1,"to establishment a Trust Fund to be used for conservation and management of marine biodiversity of ABNJ or for capacity building of developing countries, ensuring ethic environmental stewardship.",105,106,18,"18","or","or","CCONJ","CC",NA,"21","cc",NA,NA
"doc124",1,1,"to establishment a Trust Fund to be used for conservation and management of marine biodiversity of ABNJ or for capacity building of developing countries, ensuring ethic environmental stewardship.",108,110,19,"19","for","for","ADP","IN",NA,"21","case",NA,NA
"doc124",1,1,"to establishment a Trust Fund to be used for conservation and management of marine biodiversity of ABNJ or for capacity building of developing countries, ensuring ethic environmental stewardship.",112,119,20,"20","capacity","capacity","NOUN","NN","Number=Sing","21","compound",NA,NA
"doc124",1,1,"to establishment a Trust Fund to be used for conservation and management of marine biodiversity of ABNJ or for capacity building of developing countries, ensuring ethic environmental stewardship.",121,128,21,"21","building","building","NOUN","NN","Number=Sing","17","conj",NA,NA
"doc124",1,1,"to establishment a Trust Fund to be used for conservation and management of marine biodiversity of ABNJ or for capacity building of developing countries, ensuring ethic environmental stewardship.",130,131,22,"22","of","of","SCONJ","IN",NA,"23","mark",NA,NA
"doc124",1,1,"to establishment a Trust Fund to be used for conservation and management of marine biodiversity of ABNJ or for capacity building of developing countries, ensuring ethic environmental stewardship.",133,142,23,"23","developing","develop","VERB","VBG","VerbForm=Ger","21","acl",NA,NA
"doc124",1,1,"to establishment a Trust Fund to be used for conservation and management of marine biodiversity of ABNJ or for capacity building of developing countries, ensuring ethic environmental stewardship.",144,152,24,"24","countries","country","NOUN","NNS","Number=Plur","23","obj",NA,"SpaceAfter=No"
"doc124",1,1,"to establishment a Trust Fund to be used for conservation and management of marine biodiversity of ABNJ or for capacity building of developing countries, ensuring ethic environmental stewardship.",153,153,25,"25",",",",","PUNCT",",",NA,"23","punct",NA,NA
"doc124",1,1,"to establishment a Trust Fund to be used for conservation and management of marine biodiversity of ABNJ or for capacity building of developing countries, ensuring ethic environmental stewardship.",155,162,26,"26","ensuring","ensure","VERB","VBG","VerbForm=Ger","23","advcl",NA,NA
"doc124",1,1,"to establishment a Trust Fund to be used for conservation and management of marine biodiversity of ABNJ or for capacity building of developing countries, ensuring ethic environmental stewardship.",164,168,27,"27","ethic","ethic","ADJ","JJ","Degree=Pos","29","amod",NA,NA
"doc124",1,1,"to establishment a Trust Fund to be used for conservation and management of marine biodiversity of ABNJ or for capacity building of developing countries, ensuring ethic environmental stewardship.",170,182,28,"28","environmental","environmental","ADJ","JJ","Degree=Pos","29","amod",NA,NA
"doc124",1,1,"to establishment a Trust Fund to be used for conservation and management of marine biodiversity of ABNJ or for capacity building of developing countries, ensuring ethic environmental stewardship.",184,194,29,"29","stewardship","stewardship","NOUN","NN","Number=Sing","26","obj",NA,"SpaceAfter=No"
"doc124",1,1,"to establishment a Trust Fund to be used for conservation and management of marine biodiversity of ABNJ or for capacity building of developing countries, ensuring ethic environmental stewardship.",195,195,30,"30",".",".","PUNCT",".",NA,"2","punct",NA,"SpacesAfter=\n"
"doc125",1,1,"to define obligations to cooperate with the coastal state",1,2,1,"1","to","to","PART","TO",NA,"2","mark",NA,NA
"doc125",1,1,"to define obligations to cooperate with the coastal state",4,9,2,"2","define","define","VERB","VB","VerbForm=Inf","0","root",NA,NA
"doc125",1,1,"to define obligations to cooperate with the coastal state",11,21,3,"3","obligations","obligation","NOUN","NNS","Number=Plur","2","obj",NA,NA
"doc125",1,1,"to define obligations to cooperate with the coastal state",23,24,4,"4","to","to","PART","TO",NA,"5","mark",NA,NA
"doc125",1,1,"to define obligations to cooperate with the coastal state",26,34,5,"5","cooperate","cooperate","VERB","VB","VerbForm=Inf","3","acl",NA,NA
"doc125",1,1,"to define obligations to cooperate with the coastal state",36,39,6,"6","with","with","ADP","IN",NA,"9","case",NA,NA
"doc125",1,1,"to define obligations to cooperate with the coastal state",41,43,7,"7","the","the","DET","DT","Definite=Def|PronType=Art","9","det",NA,NA
"doc125",1,1,"to define obligations to cooperate with the coastal state",45,51,8,"8","coastal","coastal","ADJ","JJ","Degree=Pos","9","amod",NA,NA
"doc125",1,1,"to define obligations to cooperate with the coastal state",53,57,9,"9","state","state","NOUN","NN","Number=Sing","5","obl",NA,"SpacesAfter=\n"
"doc126",1,1,"to have a more comprehensive analysis of the marine environment, while assessing whether fishing activities (due to the timing, methods and gear used, stocks targeted or other reasons) cause harm.",1,2,1,"1","to","to","PART","TO",NA,"2","mark",NA,NA
"doc126",1,1,"to have a more comprehensive analysis of the marine environment, while assessing whether fishing activities (due to the timing, methods and gear used, stocks targeted or other reasons) cause harm.",4,7,2,"2","have","have","VERB","VB","VerbForm=Inf","0","root",NA,NA
"doc126",1,1,"to have a more comprehensive analysis of the marine environment, while assessing whether fishing activities (due to the timing, methods and gear used, stocks targeted or other reasons) cause harm.",9,9,3,"3","a","a","DET","DT","Definite=Ind|PronType=Art","6","det",NA,NA
"doc126",1,1,"to have a more comprehensive analysis of the marine environment, while assessing whether fishing activities (due to the timing, methods and gear used, stocks targeted or other reasons) cause harm.",11,14,4,"4","more","more","ADV","RBR",NA,"5","advmod",NA,NA
"doc126",1,1,"to have a more comprehensive analysis of the marine environment, while assessing whether fishing activities (due to the timing, methods and gear used, stocks targeted or other reasons) cause harm.",16,28,5,"5","comprehensive","comprehensive","ADJ","JJ","Degree=Pos","6","amod",NA,NA
"doc126",1,1,"to have a more comprehensive analysis of the marine environment, while assessing whether fishing activities (due to the timing, methods and gear used, stocks targeted or other reasons) cause harm.",30,37,6,"6","analysis","analysis","NOUN","NN","Number=Sing","2","obj",NA,NA
"doc126",1,1,"to have a more comprehensive analysis of the marine environment, while assessing whether fishing activities (due to the timing, methods and gear used, stocks targeted or other reasons) cause harm.",39,40,7,"7","of","of","ADP","IN",NA,"10","case",NA,NA
"doc126",1,1,"to have a more comprehensive analysis of the marine environment, while assessing whether fishing activities (due to the timing, methods and gear used, stocks targeted or other reasons) cause harm.",42,44,8,"8","the","the","DET","DT","Definite=Def|PronType=Art","10","det",NA,NA
"doc126",1,1,"to have a more comprehensive analysis of the marine environment, while assessing whether fishing activities (due to the timing, methods and gear used, stocks targeted or other reasons) cause harm.",46,51,9,"9","marine","marine","NOUN","NN","Number=Sing","10","compound",NA,NA
"doc126",1,1,"to have a more comprehensive analysis of the marine environment, while assessing whether fishing activities (due to the timing, methods and gear used, stocks targeted or other reasons) cause harm.",53,63,10,"10","environment","environment","NOUN","NN","Number=Sing","6","nmod",NA,"SpaceAfter=No"
"doc126",1,1,"to have a more comprehensive analysis of the marine environment, while assessing whether fishing activities (due to the timing, methods and gear used, stocks targeted or other reasons) cause harm.",64,64,11,"11",",",",","PUNCT",",",NA,"2","punct",NA,NA
"doc126",1,1,"to have a more comprehensive analysis of the marine environment, while assessing whether fishing activities (due to the timing, methods and gear used, stocks targeted or other reasons) cause harm.",66,70,12,"12","while","while","SCONJ","IN",NA,"13","mark",NA,NA
"doc126",1,1,"to have a more comprehensive analysis of the marine environment, while assessing whether fishing activities (due to the timing, methods and gear used, stocks targeted or other reasons) cause harm.",72,80,13,"13","assessing","assess","VERB","VBG","VerbForm=Ger","2","advcl",NA,NA
"doc126",1,1,"to have a more comprehensive analysis of the marine environment, while assessing whether fishing activities (due to the timing, methods and gear used, stocks targeted or other reasons) cause harm.",82,88,14,"14","whether","whether","SCONJ","IN",NA,"15","mark",NA,NA
"doc126",1,1,"to have a more comprehensive analysis of the marine environment, while assessing whether fishing activities (due to the timing, methods and gear used, stocks targeted or other reasons) cause harm.",90,96,15,"15","fishing","fish","VERB","VBG","VerbForm=Ger","13","advcl",NA,NA
"doc126",1,1,"to have a more comprehensive analysis of the marine environment, while assessing whether fishing activities (due to the timing, methods and gear used, stocks targeted or other reasons) cause harm.",98,107,16,"16","activities","activity","NOUN","NNS","Number=Plur","15","obj",NA,NA
"doc126",1,1,"to have a more comprehensive analysis of the marine environment, while assessing whether fishing activities (due to the timing, methods and gear used, stocks targeted or other reasons) cause harm.",109,109,17,"17","(","(","PUNCT","-LRB-",NA,"21","punct",NA,"SpaceAfter=No"
"doc126",1,1,"to have a more comprehensive analysis of the marine environment, while assessing whether fishing activities (due to the timing, methods and gear used, stocks targeted or other reasons) cause harm.",110,112,18,"18","due","due","ADP","IN",NA,"21","case",NA,NA
"doc126",1,1,"to have a more comprehensive analysis of the marine environment, while assessing whether fishing activities (due to the timing, methods and gear used, stocks targeted or other reasons) cause harm.",114,115,19,"19","to","to","ADP","IN",NA,"18","fixed",NA,NA
"doc126",1,1,"to have a more comprehensive analysis of the marine environment, while assessing whether fishing activities (due to the timing, methods and gear used, stocks targeted or other reasons) cause harm.",117,119,20,"20","the","the","DET","DT","Definite=Def|PronType=Art","21","det",NA,NA
"doc126",1,1,"to have a more comprehensive analysis of the marine environment, while assessing whether fishing activities (due to the timing, methods and gear used, stocks targeted or other reasons) cause harm.",121,126,21,"21","timing","timing","NOUN","NN","Number=Sing","2","nmod",NA,"SpaceAfter=No"
"doc126",1,1,"to have a more comprehensive analysis of the marine environment, while assessing whether fishing activities (due to the timing, methods and gear used, stocks targeted or other reasons) cause harm.",127,127,22,"22",",",",","PUNCT",",",NA,"23","punct",NA,NA
"doc126",1,1,"to have a more comprehensive analysis of the marine environment, while assessing whether fishing activities (due to the timing, methods and gear used, stocks targeted or other reasons) cause harm.",129,135,23,"23","methods","methods","NOUN","NNS","Number=Plur","21","conj",NA,NA
"doc126",1,1,"to have a more comprehensive analysis of the marine environment, while assessing whether fishing activities (due to the timing, methods and gear used, stocks targeted or other reasons) cause harm.",137,139,24,"24","and","and","CCONJ","CC",NA,"25","cc",NA,NA
"doc126",1,1,"to have a more comprehensive analysis of the marine environment, while assessing whether fishing activities (due to the timing, methods and gear used, stocks targeted or other reasons) cause harm.",141,144,25,"25","gear","gear","NOUN","NN","Number=Sing","21","conj",NA,NA
"doc126",1,1,"to have a more comprehensive analysis of the marine environment, while assessing whether fishing activities (due to the timing, methods and gear used, stocks targeted or other reasons) cause harm.",146,149,26,"26","used","use","VERB","VBN","Tense=Past|VerbForm=Part","28","amod",NA,"SpaceAfter=No"
"doc126",1,1,"to have a more comprehensive analysis of the marine environment, while assessing whether fishing activities (due to the timing, methods and gear used, stocks targeted or other reasons) cause harm.",150,150,27,"27",",",",","PUNCT",",",NA,"28","punct",NA,NA
"doc126",1,1,"to have a more comprehensive analysis of the marine environment, while assessing whether fishing activities (due to the timing, methods and gear used, stocks targeted or other reasons) cause harm.",152,157,28,"28","stocks","stock","NOUN","NNS","Number=Plur","21","conj",NA,NA
"doc126",1,1,"to have a more comprehensive analysis of the marine environment, while assessing whether fishing activities (due to the timing, methods and gear used, stocks targeted or other reasons) cause harm.",159,166,29,"29","targeted","target","VERB","VBN","Tense=Past|VerbForm=Part","28","acl",NA,NA
"doc126",1,1,"to have a more comprehensive analysis of the marine environment, while assessing whether fishing activities (due to the timing, methods and gear used, stocks targeted or other reasons) cause harm.",168,169,30,"30","or","or","CCONJ","CC",NA,"32","cc",NA,NA
"doc126",1,1,"to have a more comprehensive analysis of the marine environment, while assessing whether fishing activities (due to the timing, methods and gear used, stocks targeted or other reasons) cause harm.",171,175,31,"31","other","other","ADJ","JJ","Degree=Pos","32","amod",NA,NA
"doc126",1,1,"to have a more comprehensive analysis of the marine environment, while assessing whether fishing activities (due to the timing, methods and gear used, stocks targeted or other reasons) cause harm.",177,183,32,"32","reasons","reason","NOUN","NNS","Number=Plur","21","conj",NA,"SpaceAfter=No"
"doc126",1,1,"to have a more comprehensive analysis of the marine environment, while assessing whether fishing activities (due to the timing, methods and gear used, stocks targeted or other reasons) cause harm.",184,184,33,"33",")",")","PUNCT","-RRB-",NA,"35","punct",NA,NA
"doc126",1,1,"to have a more comprehensive analysis of the marine environment, while assessing whether fishing activities (due to the timing, methods and gear used, stocks targeted or other reasons) cause harm.",186,190,34,"34","cause","cause","NOUN","NN","Number=Sing","35","compound",NA,NA
"doc126",1,1,"to have a more comprehensive analysis of the marine environment, while assessing whether fishing activities (due to the timing, methods and gear used, stocks targeted or other reasons) cause harm.",192,195,35,"35","harm","harm","NOUN","NN","Number=Sing","21","conj",NA,"SpaceAfter=No"
"doc126",1,1,"to have a more comprehensive analysis of the marine environment, while assessing whether fishing activities (due to the timing, methods and gear used, stocks targeted or other reasons) cause harm.",196,196,36,"36",".",".","PUNCT",".",NA,"2","punct",NA,"SpacesAfter=\n"
"doc127",1,1,"to strengthen governance of shared fisheries by cooperating with RFMOs and enhancing their role.",1,2,1,"1","to","to","PART","TO",NA,"2","mark",NA,NA
"doc127",1,1,"to strengthen governance of shared fisheries by cooperating with RFMOs and enhancing their role.",4,13,2,"2","strengthen","strengthen","VERB","VB","VerbForm=Inf","0","root",NA,NA
"doc127",1,1,"to strengthen governance of shared fisheries by cooperating with RFMOs and enhancing their role.",15,24,3,"3","governance","governance","NOUN","NN","Number=Sing","2","obj",NA,NA
"doc127",1,1,"to strengthen governance of shared fisheries by cooperating with RFMOs and enhancing their role.",26,27,4,"4","of","of","ADP","IN",NA,"6","case",NA,NA
"doc127",1,1,"to strengthen governance of shared fisheries by cooperating with RFMOs and enhancing their role.",29,34,5,"5","shared","share","VERB","VBN","Tense=Past|VerbForm=Part","6","amod",NA,NA
"doc127",1,1,"to strengthen governance of shared fisheries by cooperating with RFMOs and enhancing their role.",36,44,6,"6","fisheries","fishery","NOUN","NNS","Number=Plur","3","nmod",NA,NA
"doc127",1,1,"to strengthen governance of shared fisheries by cooperating with RFMOs and enhancing their role.",46,47,7,"7","by","by","SCONJ","IN",NA,"8","mark",NA,NA
"doc127",1,1,"to strengthen governance of shared fisheries by cooperating with RFMOs and enhancing their role.",49,59,8,"8","cooperating","cooperate","VERB","VBG","VerbForm=Ger","2","advcl",NA,NA
"doc127",1,1,"to strengthen governance of shared fisheries by cooperating with RFMOs and enhancing their role.",61,64,9,"9","with","with","ADP","IN",NA,"10","case",NA,NA
"doc127",1,1,"to strengthen governance of shared fisheries by cooperating with RFMOs and enhancing their role.",66,70,10,"10","RFMOs","RFMOs","NOUN","NNS","Number=Plur","8","obl",NA,NA
"doc127",1,1,"to strengthen governance of shared fisheries by cooperating with RFMOs and enhancing their role.",72,74,11,"11","and","and","CCONJ","CC",NA,"12","cc",NA,NA
"doc127",1,1,"to strengthen governance of shared fisheries by cooperating with RFMOs and enhancing their role.",76,84,12,"12","enhancing","enhance","VERB","VBG","VerbForm=Ger","8","conj",NA,NA
"doc127",1,1,"to strengthen governance of shared fisheries by cooperating with RFMOs and enhancing their role.",86,90,13,"13","their","they","PRON","PRP$","Number=Plur|Person=3|Poss=Yes|PronType=Prs","14","nmod:poss",NA,NA
"doc127",1,1,"to strengthen governance of shared fisheries by cooperating with RFMOs and enhancing their role.",92,95,14,"14","role","role","NOUN","NN","Number=Sing","12","obj",NA,"SpaceAfter=No"
"doc127",1,1,"to strengthen governance of shared fisheries by cooperating with RFMOs and enhancing their role.",96,96,15,"15",".",".","PUNCT",".",NA,"2","punct",NA,"SpacesAfter=\n"
"doc128",1,1,"to provide a collaborative forum and potential financial support for global and regional organizations to coordinate their efforts on conservation and sustainable use of marine biodiversity in ABNJ.",1,2,1,"1","to","to","PART","TO",NA,"2","mark",NA,NA
"doc128",1,1,"to provide a collaborative forum and potential financial support for global and regional organizations to coordinate their efforts on conservation and sustainable use of marine biodiversity in ABNJ.",4,10,2,"2","provide","provide","VERB","VB","VerbForm=Inf","0","root",NA,NA
"doc128",1,1,"to provide a collaborative forum and potential financial support for global and regional organizations to coordinate their efforts on conservation and sustainable use of marine biodiversity in ABNJ.",12,12,3,"3","a","a","DET","DT","Definite=Ind|PronType=Art","5","det",NA,NA
"doc128",1,1,"to provide a collaborative forum and potential financial support for global and regional organizations to coordinate their efforts on conservation and sustainable use of marine biodiversity in ABNJ.",14,26,4,"4","collaborative","collaborative","ADJ","JJ","Degree=Pos","5","amod",NA,NA
"doc128",1,1,"to provide a collaborative forum and potential financial support for global and regional organizations to coordinate their efforts on conservation and sustainable use of marine biodiversity in ABNJ.",28,32,5,"5","forum","forum","NOUN","NN","Number=Sing","2","obj",NA,NA
"doc128",1,1,"to provide a collaborative forum and potential financial support for global and regional organizations to coordinate their efforts on conservation and sustainable use of marine biodiversity in ABNJ.",34,36,6,"6","and","and","CCONJ","CC",NA,"9","cc",NA,NA
"doc128",1,1,"to provide a collaborative forum and potential financial support for global and regional organizations to coordinate their efforts on conservation and sustainable use of marine biodiversity in ABNJ.",38,46,7,"7","potential","potential","ADJ","JJ","Degree=Pos","9","amod",NA,NA
"doc128",1,1,"to provide a collaborative forum and potential financial support for global and regional organizations to coordinate their efforts on conservation and sustainable use of marine biodiversity in ABNJ.",48,56,8,"8","financial","financial","ADJ","JJ","Degree=Pos","9","amod",NA,NA
"doc128",1,1,"to provide a collaborative forum and potential financial support for global and regional organizations to coordinate their efforts on conservation and sustainable use of marine biodiversity in ABNJ.",58,64,9,"9","support","support","NOUN","NN","Number=Sing","5","conj",NA,NA
"doc128",1,1,"to provide a collaborative forum and potential financial support for global and regional organizations to coordinate their efforts on conservation and sustainable use of marine biodiversity in ABNJ.",66,68,10,"10","for","for","ADP","IN",NA,"14","case",NA,NA
"doc128",1,1,"to provide a collaborative forum and potential financial support for global and regional organizations to coordinate their efforts on conservation and sustainable use of marine biodiversity in ABNJ.",70,75,11,"11","global","global","ADJ","JJ","Degree=Pos","14","amod",NA,NA
"doc128",1,1,"to provide a collaborative forum and potential financial support for global and regional organizations to coordinate their efforts on conservation and sustainable use of marine biodiversity in ABNJ.",77,79,12,"12","and","and","CCONJ","CC",NA,"13","cc",NA,NA
"doc128",1,1,"to provide a collaborative forum and potential financial support for global and regional organizations to coordinate their efforts on conservation and sustainable use of marine biodiversity in ABNJ.",81,88,13,"13","regional","regional","ADJ","JJ","Degree=Pos","11","conj",NA,NA
"doc128",1,1,"to provide a collaborative forum and potential financial support for global and regional organizations to coordinate their efforts on conservation and sustainable use of marine biodiversity in ABNJ.",90,102,14,"14","organizations","organization","NOUN","NNS","Number=Plur","5","nmod",NA,NA
"doc128",1,1,"to provide a collaborative forum and potential financial support for global and regional organizations to coordinate their efforts on conservation and sustainable use of marine biodiversity in ABNJ.",104,105,15,"15","to","to","PART","TO",NA,"16","mark",NA,NA
"doc128",1,1,"to provide a collaborative forum and potential financial support for global and regional organizations to coordinate their efforts on conservation and sustainable use of marine biodiversity in ABNJ.",107,116,16,"16","coordinate","coordinate","VERB","VB","VerbForm=Inf","2","advcl",NA,NA
"doc128",1,1,"to provide a collaborative forum and potential financial support for global and regional organizations to coordinate their efforts on conservation and sustainable use of marine biodiversity in ABNJ.",118,122,17,"17","their","they","PRON","PRP$","Number=Plur|Person=3|Poss=Yes|PronType=Prs","18","nmod:poss",NA,NA
"doc128",1,1,"to provide a collaborative forum and potential financial support for global and regional organizations to coordinate their efforts on conservation and sustainable use of marine biodiversity in ABNJ.",124,130,18,"18","efforts","effort","NOUN","NNS","Number=Plur","16","obj",NA,NA
"doc128",1,1,"to provide a collaborative forum and potential financial support for global and regional organizations to coordinate their efforts on conservation and sustainable use of marine biodiversity in ABNJ.",132,133,19,"19","on","on","ADP","IN",NA,"20","case",NA,NA
"doc128",1,1,"to provide a collaborative forum and potential financial support for global and regional organizations to coordinate their efforts on conservation and sustainable use of marine biodiversity in ABNJ.",135,146,20,"20","conservation","conservation","NOUN","NN","Number=Sing","18","nmod",NA,NA
"doc128",1,1,"to provide a collaborative forum and potential financial support for global and regional organizations to coordinate their efforts on conservation and sustainable use of marine biodiversity in ABNJ.",148,150,21,"21","and","and","CCONJ","CC",NA,"23","cc",NA,NA
"doc128",1,1,"to provide a collaborative forum and potential financial support for global and regional organizations to coordinate their efforts on conservation and sustainable use of marine biodiversity in ABNJ.",152,162,22,"22","sustainable","sustainable","ADJ","JJ","Degree=Pos","23","amod",NA,NA
"doc128",1,1,"to provide a collaborative forum and potential financial support for global and regional organizations to coordinate their efforts on conservation and sustainable use of marine biodiversity in ABNJ.",164,166,23,"23","use","use","NOUN","NN","Number=Sing","20","conj",NA,NA
"doc128",1,1,"to provide a collaborative forum and potential financial support for global and regional organizations to coordinate their efforts on conservation and sustainable use of marine biodiversity in ABNJ.",168,169,24,"24","of","of","ADP","IN",NA,"26","case",NA,NA
"doc128",1,1,"to provide a collaborative forum and potential financial support for global and regional organizations to coordinate their efforts on conservation and sustainable use of marine biodiversity in ABNJ.",171,176,25,"25","marine","marine","NUM","CD","NumType=Card","26","nummod",NA,NA
"doc128",1,1,"to provide a collaborative forum and potential financial support for global and regional organizations to coordinate their efforts on conservation and sustainable use of marine biodiversity in ABNJ.",178,189,26,"26","biodiversity","biodiversity","NOUN","NN","Number=Sing","23","nmod",NA,NA
"doc128",1,1,"to provide a collaborative forum and potential financial support for global and regional organizations to coordinate their efforts on conservation and sustainable use of marine biodiversity in ABNJ.",191,192,27,"27","in","in","ADP","IN",NA,"28","case",NA,NA
"doc128",1,1,"to provide a collaborative forum and potential financial support for global and regional organizations to coordinate their efforts on conservation and sustainable use of marine biodiversity in ABNJ.",194,197,28,"28","ABNJ","ABNJ","PROPN","NNP","Number=Sing","26","nmod",NA,"SpaceAfter=No"
"doc128",1,1,"to provide a collaborative forum and potential financial support for global and regional organizations to coordinate their efforts on conservation and sustainable use of marine biodiversity in ABNJ.",198,198,29,"29",".",".","PUNCT",".",NA,"2","punct",NA,"SpacesAfter=\n"
"doc129",1,1,"to further implement and clarify the regime applicable to the extended continental shelf.",1,2,1,"1","to","to","PART","TO",NA,"3","mark",NA,NA
"doc129",1,1,"to further implement and clarify the regime applicable to the extended continental shelf.",4,10,2,"2","further","further","ADV","RB",NA,"3","advmod",NA,NA
"doc129",1,1,"to further implement and clarify the regime applicable to the extended continental shelf.",12,20,3,"3","implement","implement","VERB","VB","VerbForm=Inf","0","root",NA,NA
"doc129",1,1,"to further implement and clarify the regime applicable to the extended continental shelf.",22,24,4,"4","and","and","CCONJ","CC",NA,"5","cc",NA,NA
"doc129",1,1,"to further implement and clarify the regime applicable to the extended continental shelf.",26,32,5,"5","clarify","clarify","VERB","VB","VerbForm=Inf","3","conj",NA,NA
"doc129",1,1,"to further implement and clarify the regime applicable to the extended continental shelf.",34,36,6,"6","the","the","DET","DT","Definite=Def|PronType=Art","7","det",NA,NA
"doc129",1,1,"to further implement and clarify the regime applicable to the extended continental shelf.",38,43,7,"7","regime","regime","NOUN","NN","Number=Sing","5","obj",NA,NA
"doc129",1,1,"to further implement and clarify the regime applicable to the extended continental shelf.",45,54,8,"8","applicable","applicable","ADJ","JJ","Degree=Pos","7","amod",NA,NA
"doc129",1,1,"to further implement and clarify the regime applicable to the extended continental shelf.",56,57,9,"9","to","to","ADP","IN",NA,"13","case",NA,NA
"doc129",1,1,"to further implement and clarify the regime applicable to the extended continental shelf.",59,61,10,"10","the","the","DET","DT","Definite=Def|PronType=Art","13","det",NA,NA
"doc129",1,1,"to further implement and clarify the regime applicable to the extended continental shelf.",63,70,11,"11","extended","extend","VERB","VBN","Tense=Past|VerbForm=Part","13","amod",NA,NA
"doc129",1,1,"to further implement and clarify the regime applicable to the extended continental shelf.",72,82,12,"12","continental","continental","ADJ","JJ","Degree=Pos","13","amod",NA,NA
"doc129",1,1,"to further implement and clarify the regime applicable to the extended continental shelf.",84,88,13,"13","shelf","shelf","NOUN","NN","Number=Sing","8","obl",NA,"SpaceAfter=No"
"doc129",1,1,"to further implement and clarify the regime applicable to the extended continental shelf.",89,89,14,"14",".",".","PUNCT",".",NA,"3","punct",NA,"SpacesAfter=\n"
"doc130",1,1,"to achieve consistency between the previously examined rights of sovereignty and jurisdiction of coastal States and the interests of sustainable ocean governance.",1,2,1,"1","to","to","PART","TO",NA,"2","mark",NA,NA
"doc130",1,1,"to achieve consistency between the previously examined rights of sovereignty and jurisdiction of coastal States and the interests of sustainable ocean governance.",4,10,2,"2","achieve","achieve","VERB","VB","VerbForm=Inf","0","root",NA,NA
"doc130",1,1,"to achieve consistency between the previously examined rights of sovereignty and jurisdiction of coastal States and the interests of sustainable ocean governance.",12,22,3,"3","consistency","consistency","NOUN","NN","Number=Sing","2","obj",NA,NA
"doc130",1,1,"to achieve consistency between the previously examined rights of sovereignty and jurisdiction of coastal States and the interests of sustainable ocean governance.",24,30,4,"4","between","between","ADP","IN",NA,"8","case",NA,NA
"doc130",1,1,"to achieve consistency between the previously examined rights of sovereignty and jurisdiction of coastal States and the interests of sustainable ocean governance.",32,34,5,"5","the","the","DET","DT","Definite=Def|PronType=Art","8","det",NA,NA
"doc130",1,1,"to achieve consistency between the previously examined rights of sovereignty and jurisdiction of coastal States and the interests of sustainable ocean governance.",36,45,6,"6","previously","previously","ADV","RB",NA,"7","advmod",NA,NA
"doc130",1,1,"to achieve consistency between the previously examined rights of sovereignty and jurisdiction of coastal States and the interests of sustainable ocean governance.",47,54,7,"7","examined","examine","VERB","VBN","Tense=Past|VerbForm=Part","8","amod",NA,NA
"doc130",1,1,"to achieve consistency between the previously examined rights of sovereignty and jurisdiction of coastal States and the interests of sustainable ocean governance.",56,61,8,"8","rights","rights","NOUN","NNS","Number=Plur","3","nmod",NA,NA
"doc130",1,1,"to achieve consistency between the previously examined rights of sovereignty and jurisdiction of coastal States and the interests of sustainable ocean governance.",63,64,9,"9","of","of","ADP","IN",NA,"10","case",NA,NA
"doc130",1,1,"to achieve consistency between the previously examined rights of sovereignty and jurisdiction of coastal States and the interests of sustainable ocean governance.",66,76,10,"10","sovereignty","sovereignty","NOUN","NN","Number=Sing","8","nmod",NA,NA
"doc130",1,1,"to achieve consistency between the previously examined rights of sovereignty and jurisdiction of coastal States and the interests of sustainable ocean governance.",78,80,11,"11","and","and","CCONJ","CC",NA,"12","cc",NA,NA
"doc130",1,1,"to achieve consistency between the previously examined rights of sovereignty and jurisdiction of coastal States and the interests of sustainable ocean governance.",82,93,12,"12","jurisdiction","jurisdiction","NOUN","NN","Number=Sing","10","conj",NA,NA
"doc130",1,1,"to achieve consistency between the previously examined rights of sovereignty and jurisdiction of coastal States and the interests of sustainable ocean governance.",95,96,13,"13","of","of","ADP","IN",NA,"15","case",NA,NA
"doc130",1,1,"to achieve consistency between the previously examined rights of sovereignty and jurisdiction of coastal States and the interests of sustainable ocean governance.",98,104,14,"14","coastal","coastal","ADJ","JJ","Degree=Pos","15","amod",NA,NA
"doc130",1,1,"to achieve consistency between the previously examined rights of sovereignty and jurisdiction of coastal States and the interests of sustainable ocean governance.",106,111,15,"15","States","States","PROPN","NNP","Number=Sing","12","nmod",NA,NA
"doc130",1,1,"to achieve consistency between the previously examined rights of sovereignty and jurisdiction of coastal States and the interests of sustainable ocean governance.",113,115,16,"16","and","and","CCONJ","CC",NA,"18","cc",NA,NA
"doc130",1,1,"to achieve consistency between the previously examined rights of sovereignty and jurisdiction of coastal States and the interests of sustainable ocean governance.",117,119,17,"17","the","the","DET","DT","Definite=Def|PronType=Art","18","det",NA,NA
"doc130",1,1,"to achieve consistency between the previously examined rights of sovereignty and jurisdiction of coastal States and the interests of sustainable ocean governance.",121,129,18,"18","interests","interest","NOUN","NNS","Number=Plur","3","conj",NA,NA
"doc130",1,1,"to achieve consistency between the previously examined rights of sovereignty and jurisdiction of coastal States and the interests of sustainable ocean governance.",131,132,19,"19","of","of","ADP","IN",NA,"22","case",NA,NA
"doc130",1,1,"to achieve consistency between the previously examined rights of sovereignty and jurisdiction of coastal States and the interests of sustainable ocean governance.",134,144,20,"20","sustainable","sustainable","ADJ","JJ","Degree=Pos","22","amod",NA,NA
"doc130",1,1,"to achieve consistency between the previously examined rights of sovereignty and jurisdiction of coastal States and the interests of sustainable ocean governance.",146,150,21,"21","ocean","ocean","ADJ","JJ","Degree=Pos","22","amod",NA,NA
"doc130",1,1,"to achieve consistency between the previously examined rights of sovereignty and jurisdiction of coastal States and the interests of sustainable ocean governance.",152,161,22,"22","governance","governance","NOUN","NN","Number=Sing","18","nmod",NA,"SpaceAfter=No"
"doc130",1,1,"to achieve consistency between the previously examined rights of sovereignty and jurisdiction of coastal States and the interests of sustainable ocean governance.",162,162,23,"23",".",".","PUNCT",".",NA,"2","punct",NA,"SpacesAfter=\n"
"doc131",1,1,"to influence or shape the future mandates of RFMOs, filling or addressing governance gaps.",1,2,1,"1","to","to","PART","TO",NA,"2","mark",NA,NA
"doc131",1,1,"to influence or shape the future mandates of RFMOs, filling or addressing governance gaps.",4,12,2,"2","influence","influence","VERB","VB","VerbForm=Inf","0","root",NA,NA
"doc131",1,1,"to influence or shape the future mandates of RFMOs, filling or addressing governance gaps.",14,15,3,"3","or","or","CCONJ","CC",NA,"4","cc",NA,NA
"doc131",1,1,"to influence or shape the future mandates of RFMOs, filling or addressing governance gaps.",17,21,4,"4","shape","shape","VERB","VB","VerbForm=Inf","2","conj",NA,NA
"doc131",1,1,"to influence or shape the future mandates of RFMOs, filling or addressing governance gaps.",23,25,5,"5","the","the","DET","DT","Definite=Def|PronType=Art","7","det",NA,NA
"doc131",1,1,"to influence or shape the future mandates of RFMOs, filling or addressing governance gaps.",27,32,6,"6","future","future","ADJ","JJ","Degree=Pos","7","amod",NA,NA
"doc131",1,1,"to influence or shape the future mandates of RFMOs, filling or addressing governance gaps.",34,41,7,"7","mandates","mandate","NOUN","NNS","Number=Plur","2","obj",NA,NA
"doc131",1,1,"to influence or shape the future mandates of RFMOs, filling or addressing governance gaps.",43,44,8,"8","of","of","ADP","IN",NA,"9","case",NA,NA
"doc131",1,1,"to influence or shape the future mandates of RFMOs, filling or addressing governance gaps.",46,50,9,"9","RFMOs","RFMOs","NOUN","NNS","Number=Plur","7","nmod",NA,"SpaceAfter=No"
"doc131",1,1,"to influence or shape the future mandates of RFMOs, filling or addressing governance gaps.",51,51,10,"10",",",",","PUNCT",",",NA,"2","punct",NA,NA
"doc131",1,1,"to influence or shape the future mandates of RFMOs, filling or addressing governance gaps.",53,59,11,"11","filling","fill","VERB","VBG","VerbForm=Ger","2","advcl",NA,NA
"doc131",1,1,"to influence or shape the future mandates of RFMOs, filling or addressing governance gaps.",61,62,12,"12","or","or","CCONJ","CC",NA,"13","cc",NA,NA
"doc131",1,1,"to influence or shape the future mandates of RFMOs, filling or addressing governance gaps.",64,73,13,"13","addressing","address","VERB","VBG","VerbForm=Ger","11","conj",NA,NA
"doc131",1,1,"to influence or shape the future mandates of RFMOs, filling or addressing governance gaps.",75,84,14,"14","governance","governance","NOUN","NN","Number=Sing","15","compound",NA,NA
"doc131",1,1,"to influence or shape the future mandates of RFMOs, filling or addressing governance gaps.",86,89,15,"15","gaps","gaps","NOUN","NNS","Number=Plur","11","obj",NA,"SpaceAfter=No"
"doc131",1,1,"to influence or shape the future mandates of RFMOs, filling or addressing governance gaps.",90,90,16,"16",".",".","PUNCT",".",NA,"2","punct",NA,"SpacesAfter=\n"
"doc132",1,1,"to ensure public engagement.",1,2,1,"1","to","to","PART","TO",NA,"2","mark",NA,NA
"doc132",1,1,"to ensure public engagement.",4,9,2,"2","ensure","ensure","VERB","VB","VerbForm=Inf","0","root",NA,NA
"doc132",1,1,"to ensure public engagement.",11,16,3,"3","public","public","ADJ","JJ","Degree=Pos","4","amod",NA,NA
"doc132",1,1,"to ensure public engagement.",18,27,4,"4","engagement","engagement","NOUN","NN","Number=Sing","2","obj",NA,"SpaceAfter=No"
"doc132",1,1,"to ensure public engagement.",28,28,5,"5",".",".","PUNCT",".",NA,"2","punct",NA,"SpacesAfter=\n"
"doc133",1,1,"to implement a combination of monitoring and enforcement measures.",1,2,1,"1","to","to","PART","TO",NA,"2","mark",NA,NA
"doc133",1,1,"to implement a combination of monitoring and enforcement measures.",4,12,2,"2","implement","implement","VERB","VB","VerbForm=Inf","0","root",NA,NA
"doc133",1,1,"to implement a combination of monitoring and enforcement measures.",14,14,3,"3","a","a","DET","DT","Definite=Ind|PronType=Art","4","det",NA,NA
"doc133",1,1,"to implement a combination of monitoring and enforcement measures.",16,26,4,"4","combination","combination","NOUN","NN","Number=Sing","2","obj",NA,NA
"doc133",1,1,"to implement a combination of monitoring and enforcement measures.",28,29,5,"5","of","of","ADP","IN",NA,"6","case",NA,NA
"doc133",1,1,"to implement a combination of monitoring and enforcement measures.",31,40,6,"6","monitoring","monitoring","NOUN","NN","Number=Sing","4","nmod",NA,NA
"doc133",1,1,"to implement a combination of monitoring and enforcement measures.",42,44,7,"7","and","and","CCONJ","CC",NA,"9","cc",NA,NA
"doc133",1,1,"to implement a combination of monitoring and enforcement measures.",46,56,8,"8","enforcement","enforcement","NOUN","NN","Number=Sing","9","compound",NA,NA
"doc133",1,1,"to implement a combination of monitoring and enforcement measures.",58,65,9,"9","measures","measure","NOUN","NNS","Number=Plur","6","conj",NA,"SpaceAfter=No"
"doc133",1,1,"to implement a combination of monitoring and enforcement measures.",66,66,10,"10",".",".","PUNCT",".",NA,"2","punct",NA,"SpacesAfter=\n"
"doc134",1,1,"to push for more equitable sharing of benefits from human activities in ABNJ.",1,2,1,"1","to","to","PART","TO",NA,"2","mark",NA,NA
"doc134",1,1,"to push for more equitable sharing of benefits from human activities in ABNJ.",4,7,2,"2","push","push","VERB","VB","VerbForm=Inf","0","root",NA,NA
"doc134",1,1,"to push for more equitable sharing of benefits from human activities in ABNJ.",9,11,3,"3","for","for","ADP","IN",NA,"6","case",NA,NA
"doc134",1,1,"to push for more equitable sharing of benefits from human activities in ABNJ.",13,16,4,"4","more","more","ADJ","JJR","Degree=Cmp","6","amod",NA,NA
"doc134",1,1,"to push for more equitable sharing of benefits from human activities in ABNJ.",18,26,5,"5","equitable","equitable","ADJ","JJ","Degree=Pos","6","amod",NA,NA
"doc134",1,1,"to push for more equitable sharing of benefits from human activities in ABNJ.",28,34,6,"6","sharing","sharing","NOUN","NN","Number=Sing","2","obl",NA,NA
"doc134",1,1,"to push for more equitable sharing of benefits from human activities in ABNJ.",36,37,7,"7","of","of","ADP","IN",NA,"8","case",NA,NA
"doc134",1,1,"to push for more equitable sharing of benefits from human activities in ABNJ.",39,46,8,"8","benefits","benefit","NOUN","NNS","Number=Plur","6","nmod",NA,NA
"doc134",1,1,"to push for more equitable sharing of benefits from human activities in ABNJ.",48,51,9,"9","from","from","ADP","IN",NA,"11","case",NA,NA
"doc134",1,1,"to push for more equitable sharing of benefits from human activities in ABNJ.",53,57,10,"10","human","human","ADJ","JJ","Degree=Pos","11","amod",NA,NA
"doc134",1,1,"to push for more equitable sharing of benefits from human activities in ABNJ.",59,68,11,"11","activities","activity","NOUN","NNS","Number=Plur","8","nmod",NA,NA
"doc134",1,1,"to push for more equitable sharing of benefits from human activities in ABNJ.",70,71,12,"12","in","in","ADP","IN",NA,"13","case",NA,NA
"doc134",1,1,"to push for more equitable sharing of benefits from human activities in ABNJ.",73,76,13,"13","ABNJ","ABNJ","PROPN","NNP","Number=Sing","11","nmod",NA,"SpaceAfter=No"
"doc134",1,1,"to push for more equitable sharing of benefits from human activities in ABNJ.",77,77,14,"14",".",".","PUNCT",".",NA,"2","punct",NA,"SpacesAfter=\n"
"doc135",1,1,"to learn from regional experiences to implement ABMTs and MPAs in ABNJ.",1,2,1,"1","to","to","PART","TO",NA,"2","mark",NA,NA
"doc135",1,1,"to learn from regional experiences to implement ABMTs and MPAs in ABNJ.",4,8,2,"2","learn","learn","VERB","VB","VerbForm=Inf","0","root",NA,NA
"doc135",1,1,"to learn from regional experiences to implement ABMTs and MPAs in ABNJ.",10,13,3,"3","from","from","ADP","IN",NA,"5","case",NA,NA
"doc135",1,1,"to learn from regional experiences to implement ABMTs and MPAs in ABNJ.",15,22,4,"4","regional","regional","ADJ","JJ","Degree=Pos","5","amod",NA,NA
"doc135",1,1,"to learn from regional experiences to implement ABMTs and MPAs in ABNJ.",24,34,5,"5","experiences","experience","NOUN","NNS","Number=Plur","2","obl",NA,NA
"doc135",1,1,"to learn from regional experiences to implement ABMTs and MPAs in ABNJ.",36,37,6,"6","to","to","PART","TO",NA,"7","mark",NA,NA
"doc135",1,1,"to learn from regional experiences to implement ABMTs and MPAs in ABNJ.",39,47,7,"7","implement","implement","VERB","VB","VerbForm=Inf","2","ccomp",NA,NA
"doc135",1,1,"to learn from regional experiences to implement ABMTs and MPAs in ABNJ.",49,53,8,"8","ABMTs","ABMTs","PROPN","NNP","Number=Sing","7","obj",NA,NA
"doc135",1,1,"to learn from regional experiences to implement ABMTs and MPAs in ABNJ.",55,57,9,"9","and","and","CCONJ","CC",NA,"10","cc",NA,NA
"doc135",1,1,"to learn from regional experiences to implement ABMTs and MPAs in ABNJ.",59,62,10,"10","MPAs","MPAs","PROPN","NNP","Number=Sing","8","conj",NA,NA
"doc135",1,1,"to learn from regional experiences to implement ABMTs and MPAs in ABNJ.",64,65,11,"11","in","in","ADP","IN",NA,"12","case",NA,NA
"doc135",1,1,"to learn from regional experiences to implement ABMTs and MPAs in ABNJ.",67,70,12,"12","ABNJ","ABNJ","PROPN","NNP","Number=Sing","7","obl",NA,"SpaceAfter=No"
"doc135",1,1,"to learn from regional experiences to implement ABMTs and MPAs in ABNJ.",71,71,13,"13",".",".","PUNCT",".",NA,"2","punct",NA,"SpacesAfter=\n"
"doc136",1,1,"The options for decision making on issues concerning MPAs are completely open.",1,3,1,"1","The","the","DET","DT","Definite=Def|PronType=Art","2","det",NA,NA
"doc136",1,1,"The options for decision making on issues concerning MPAs are completely open.",5,11,2,"2","options","option","NOUN","NNS","Number=Plur","12","nsubj",NA,NA
"doc136",1,1,"The options for decision making on issues concerning MPAs are completely open.",13,15,3,"3","for","for","ADP","IN",NA,"5","case",NA,NA
"doc136",1,1,"The options for decision making on issues concerning MPAs are completely open.",17,24,4,"4","decision","decision","NOUN","NN","Number=Sing","5","compound",NA,NA
"doc136",1,1,"The options for decision making on issues concerning MPAs are completely open.",26,31,5,"5","making","make","NOUN","NN","Number=Sing","2","nmod",NA,NA
"doc136",1,1,"The options for decision making on issues concerning MPAs are completely open.",33,34,6,"6","on","on","ADP","IN",NA,"7","case",NA,NA
"doc136",1,1,"The options for decision making on issues concerning MPAs are completely open.",36,41,7,"7","issues","issue","NOUN","NNS","Number=Plur","2","nmod",NA,NA
"doc136",1,1,"The options for decision making on issues concerning MPAs are completely open.",43,52,8,"8","concerning","concern","VERB","VBG","VerbForm=Ger","9","case",NA,NA
"doc136",1,1,"The options for decision making on issues concerning MPAs are completely open.",54,57,9,"9","MPAs","MPAs","NOUN","NNS","Number=Plur","7","nmod",NA,NA
"doc136",1,1,"The options for decision making on issues concerning MPAs are completely open.",59,61,10,"10","are","be","AUX","VBP","Mood=Ind|Tense=Pres|VerbForm=Fin","12","cop",NA,NA
"doc136",1,1,"The options for decision making on issues concerning MPAs are completely open.",63,72,11,"11","completely","completely","ADV","RB",NA,"12","advmod",NA,NA
"doc136",1,1,"The options for decision making on issues concerning MPAs are completely open.",74,77,12,"12","open","open","ADJ","JJ","Degree=Pos","0","root",NA,"SpaceAfter=No"
"doc136",1,1,"The options for decision making on issues concerning MPAs are completely open.",78,78,13,"13",".",".","PUNCT",".",NA,"12","punct",NA,"SpacesAfter=\n"
"doc137",1,1,"The conflict between the common heritage of mankind and the freedom of high seas has not been resolved.",1,3,1,"1","The","the","DET","DT","Definite=Def|PronType=Art","2","det",NA,NA
"doc137",1,1,"The conflict between the common heritage of mankind and the freedom of high seas has not been resolved.",5,12,2,"2","conflict","conflict","NOUN","NN","Number=Sing","18","nsubj:pass",NA,NA
"doc137",1,1,"The conflict between the common heritage of mankind and the freedom of high seas has not been resolved.",14,20,3,"3","between","between","ADP","IN",NA,"6","case",NA,NA
"doc137",1,1,"The conflict between the common heritage of mankind and the freedom of high seas has not been resolved.",22,24,4,"4","the","the","DET","DT","Definite=Def|PronType=Art","6","det",NA,NA
"doc137",1,1,"The conflict between the common heritage of mankind and the freedom of high seas has not been resolved.",26,31,5,"5","common","common","ADJ","JJ","Degree=Pos","6","amod",NA,NA
"doc137",1,1,"The conflict between the common heritage of mankind and the freedom of high seas has not been resolved.",33,40,6,"6","heritage","heritage","NOUN","NN","Number=Sing","2","nmod",NA,NA
"doc137",1,1,"The conflict between the common heritage of mankind and the freedom of high seas has not been resolved.",42,43,7,"7","of","of","ADP","IN",NA,"8","case",NA,NA
"doc137",1,1,"The conflict between the common heritage of mankind and the freedom of high seas has not been resolved.",45,51,8,"8","mankind","mankind","NOUN","NN","Number=Sing","6","nmod",NA,NA
"doc137",1,1,"The conflict between the common heritage of mankind and the freedom of high seas has not been resolved.",53,55,9,"9","and","and","CCONJ","CC",NA,"11","cc",NA,NA
"doc137",1,1,"The conflict between the common heritage of mankind and the freedom of high seas has not been resolved.",57,59,10,"10","the","the","DET","DT","Definite=Def|PronType=Art","11","det",NA,NA
"doc137",1,1,"The conflict between the common heritage of mankind and the freedom of high seas has not been resolved.",61,67,11,"11","freedom","freedom","NOUN","NN","Number=Sing","6","conj",NA,NA
"doc137",1,1,"The conflict between the common heritage of mankind and the freedom of high seas has not been resolved.",69,70,12,"12","of","of","ADP","IN",NA,"14","case",NA,NA
"doc137",1,1,"The conflict between the common heritage of mankind and the freedom of high seas has not been resolved.",72,75,13,"13","high","high","ADJ","JJ","Degree=Pos","14","amod",NA,NA
"doc137",1,1,"The conflict between the common heritage of mankind and the freedom of high seas has not been resolved.",77,80,14,"14","seas","seas","NOUN","NN","Number=Sing","11","nmod",NA,NA
"doc137",1,1,"The conflict between the common heritage of mankind and the freedom of high seas has not been resolved.",82,84,15,"15","has","have","AUX","VBZ","Mood=Ind|Number=Sing|Person=3|Tense=Pres|VerbForm=Fin","18","aux",NA,NA
"doc137",1,1,"The conflict between the common heritage of mankind and the freedom of high seas has not been resolved.",86,88,16,"16","not","not","PART","RB",NA,"18","advmod",NA,NA
"doc137",1,1,"The conflict between the common heritage of mankind and the freedom of high seas has not been resolved.",90,93,17,"17","been","be","AUX","VBN","Tense=Past|VerbForm=Part","18","aux:pass",NA,NA
"doc137",1,1,"The conflict between the common heritage of mankind and the freedom of high seas has not been resolved.",95,102,18,"18","resolved","resolve","VERB","VBN","Tense=Past|VerbForm=Part|Voice=Pass","0","root",NA,"SpaceAfter=No"
"doc137",1,1,"The conflict between the common heritage of mankind and the freedom of high seas has not been resolved.",103,103,19,"19",".",".","PUNCT",".",NA,"18","punct",NA,"SpacesAfter=\n"
"doc138",1,1,"To engage cross-disciplinary scientific communities and legal experts in order to enable science cooperation on the basis of mutual benefit and for the benefit of all mankind as a whole",1,2,1,"1","To","to","PART","TO",NA,"2","mark",NA,NA
"doc138",1,1,"To engage cross-disciplinary scientific communities and legal experts in order to enable science cooperation on the basis of mutual benefit and for the benefit of all mankind as a whole",4,9,2,"2","engage","engage","VERB","VB","VerbForm=Inf","0","root",NA,NA
"doc138",1,1,"To engage cross-disciplinary scientific communities and legal experts in order to enable science cooperation on the basis of mutual benefit and for the benefit of all mankind as a whole",11,28,3,"3","cross-disciplinary","cross-disciplinary","ADJ","JJ","Degree=Pos","5","amod",NA,NA
"doc138",1,1,"To engage cross-disciplinary scientific communities and legal experts in order to enable science cooperation on the basis of mutual benefit and for the benefit of all mankind as a whole",30,39,4,"4","scientific","scientific","ADJ","JJ","Degree=Pos","5","amod",NA,NA
"doc138",1,1,"To engage cross-disciplinary scientific communities and legal experts in order to enable science cooperation on the basis of mutual benefit and for the benefit of all mankind as a whole",41,51,5,"5","communities","community","NOUN","NNS","Number=Plur","2","obj",NA,NA
"doc138",1,1,"To engage cross-disciplinary scientific communities and legal experts in order to enable science cooperation on the basis of mutual benefit and for the benefit of all mankind as a whole",53,55,6,"6","and","and","CCONJ","CC",NA,"8","cc",NA,NA
"doc138",1,1,"To engage cross-disciplinary scientific communities and legal experts in order to enable science cooperation on the basis of mutual benefit and for the benefit of all mankind as a whole",57,61,7,"7","legal","legal","ADJ","JJ","Degree=Pos","8","amod",NA,NA
"doc138",1,1,"To engage cross-disciplinary scientific communities and legal experts in order to enable science cooperation on the basis of mutual benefit and for the benefit of all mankind as a whole",63,69,8,"8","experts","expert","NOUN","NNS","Number=Plur","5","conj",NA,NA
"doc138",1,1,"To engage cross-disciplinary scientific communities and legal experts in order to enable science cooperation on the basis of mutual benefit and for the benefit of all mankind as a whole",71,72,9,"9","in","in","ADP","IN",NA,"12","mark",NA,NA
"doc138",1,1,"To engage cross-disciplinary scientific communities and legal experts in order to enable science cooperation on the basis of mutual benefit and for the benefit of all mankind as a whole",74,78,10,"10","order","order","NOUN","NN","Number=Sing","9","fixed",NA,NA
"doc138",1,1,"To engage cross-disciplinary scientific communities and legal experts in order to enable science cooperation on the basis of mutual benefit and for the benefit of all mankind as a whole",80,81,11,"11","to","to","PART","TO",NA,"12","mark",NA,NA
"doc138",1,1,"To engage cross-disciplinary scientific communities and legal experts in order to enable science cooperation on the basis of mutual benefit and for the benefit of all mankind as a whole",83,88,12,"12","enable","enable","VERB","VB","VerbForm=Inf","2","advcl",NA,NA
"doc138",1,1,"To engage cross-disciplinary scientific communities and legal experts in order to enable science cooperation on the basis of mutual benefit and for the benefit of all mankind as a whole",90,96,13,"13","science","science","NOUN","NN","Number=Sing","14","compound",NA,NA
"doc138",1,1,"To engage cross-disciplinary scientific communities and legal experts in order to enable science cooperation on the basis of mutual benefit and for the benefit of all mankind as a whole",98,108,14,"14","cooperation","cooperation","NOUN","NN","Number=Sing","12","obj",NA,NA
"doc138",1,1,"To engage cross-disciplinary scientific communities and legal experts in order to enable science cooperation on the basis of mutual benefit and for the benefit of all mankind as a whole",110,111,15,"15","on","on","ADP","IN",NA,"17","case",NA,NA
"doc138",1,1,"To engage cross-disciplinary scientific communities and legal experts in order to enable science cooperation on the basis of mutual benefit and for the benefit of all mankind as a whole",113,115,16,"16","the","the","DET","DT","Definite=Def|PronType=Art","17","det",NA,NA
"doc138",1,1,"To engage cross-disciplinary scientific communities and legal experts in order to enable science cooperation on the basis of mutual benefit and for the benefit of all mankind as a whole",117,121,17,"17","basis","basis","NOUN","NN","Number=Sing","12","obl",NA,NA
"doc138",1,1,"To engage cross-disciplinary scientific communities and legal experts in order to enable science cooperation on the basis of mutual benefit and for the benefit of all mankind as a whole",123,124,18,"18","of","of","ADP","IN",NA,"20","case",NA,NA
"doc138",1,1,"To engage cross-disciplinary scientific communities and legal experts in order to enable science cooperation on the basis of mutual benefit and for the benefit of all mankind as a whole",126,131,19,"19","mutual","mutual","ADJ","JJ","Degree=Pos","20","amod",NA,NA
"doc138",1,1,"To engage cross-disciplinary scientific communities and legal experts in order to enable science cooperation on the basis of mutual benefit and for the benefit of all mankind as a whole",133,139,20,"20","benefit","benefit","NOUN","NN","Number=Sing","17","nmod",NA,NA
"doc138",1,1,"To engage cross-disciplinary scientific communities and legal experts in order to enable science cooperation on the basis of mutual benefit and for the benefit of all mankind as a whole",141,143,21,"21","and","and","CCONJ","CC",NA,"24","cc",NA,NA
"doc138",1,1,"To engage cross-disciplinary scientific communities and legal experts in order to enable science cooperation on the basis of mutual benefit and for the benefit of all mankind as a whole",145,147,22,"22","for","for","ADP","IN",NA,"24","case",NA,NA
"doc138",1,1,"To engage cross-disciplinary scientific communities and legal experts in order to enable science cooperation on the basis of mutual benefit and for the benefit of all mankind as a whole",149,151,23,"23","the","the","DET","DT","Definite=Def|PronType=Art","24","det",NA,NA
"doc138",1,1,"To engage cross-disciplinary scientific communities and legal experts in order to enable science cooperation on the basis of mutual benefit and for the benefit of all mankind as a whole",153,159,24,"24","benefit","benefit","NOUN","NN","Number=Sing","2","conj",NA,NA
"doc138",1,1,"To engage cross-disciplinary scientific communities and legal experts in order to enable science cooperation on the basis of mutual benefit and for the benefit of all mankind as a whole",161,162,25,"25","of","of","ADP","IN",NA,"27","case",NA,NA
"doc138",1,1,"To engage cross-disciplinary scientific communities and legal experts in order to enable science cooperation on the basis of mutual benefit and for the benefit of all mankind as a whole",164,166,26,"26","all","all","DET","DT",NA,"27","det",NA,NA
"doc138",1,1,"To engage cross-disciplinary scientific communities and legal experts in order to enable science cooperation on the basis of mutual benefit and for the benefit of all mankind as a whole",168,174,27,"27","mankind","mankind","NOUN","NN","Number=Sing","24","nmod",NA,NA
"doc138",1,1,"To engage cross-disciplinary scientific communities and legal experts in order to enable science cooperation on the basis of mutual benefit and for the benefit of all mankind as a whole",176,177,28,"28","as","as","ADP","IN",NA,"30","case",NA,NA
"doc138",1,1,"To engage cross-disciplinary scientific communities and legal experts in order to enable science cooperation on the basis of mutual benefit and for the benefit of all mankind as a whole",179,179,29,"29","a","a","DET","DT","Definite=Ind|PronType=Art","30","det",NA,NA
"doc138",1,1,"To engage cross-disciplinary scientific communities and legal experts in order to enable science cooperation on the basis of mutual benefit and for the benefit of all mankind as a whole",181,185,30,"30","whole","whole","ADJ","JJ","Degree=Pos","24","nmod",NA,"SpacesAfter=\n"
"doc139",1,1,"Conflicting opinions among States regarding the governance framework.",1,11,1,"1","Conflicting","conflict","VERB","VBG","VerbForm=Ger","0","root",NA,NA
"doc139",1,1,"Conflicting opinions among States regarding the governance framework.",13,20,2,"2","opinions","opinion","NOUN","NNS","Number=Plur","1","obj",NA,NA
"doc139",1,1,"Conflicting opinions among States regarding the governance framework.",22,26,3,"3","among","among","ADP","IN",NA,"4","case",NA,NA
"doc139",1,1,"Conflicting opinions among States regarding the governance framework.",28,33,4,"4","States","States","PROPN","NNP","Number=Sing","2","nmod",NA,NA
"doc139",1,1,"Conflicting opinions among States regarding the governance framework.",35,43,5,"5","regarding","regard","VERB","VBG","VerbForm=Ger","8","case",NA,NA
"doc139",1,1,"Conflicting opinions among States regarding the governance framework.",45,47,6,"6","the","the","DET","DT","Definite=Def|PronType=Art","8","det",NA,NA
"doc139",1,1,"Conflicting opinions among States regarding the governance framework.",49,58,7,"7","governance","governance","NOUN","NN","Number=Sing","8","compound",NA,NA
"doc139",1,1,"Conflicting opinions among States regarding the governance framework.",60,68,8,"8","framework","framework","NOUN","NN","Number=Sing","2","nmod",NA,"SpaceAfter=No"
"doc139",1,1,"Conflicting opinions among States regarding the governance framework.",69,69,9,"9",".",".","PUNCT",".",NA,"1","punct",NA,"SpacesAfter=\n"
"doc140",1,1,"to create a dispute settlement process to resolve disagreements about the appropriate levels of environmental protection.",1,2,1,"1","to","to","PART","TO",NA,"2","mark",NA,NA
"doc140",1,1,"to create a dispute settlement process to resolve disagreements about the appropriate levels of environmental protection.",4,9,2,"2","create","create","VERB","VB","VerbForm=Inf","0","root",NA,NA
"doc140",1,1,"to create a dispute settlement process to resolve disagreements about the appropriate levels of environmental protection.",11,11,3,"3","a","a","DET","DT","Definite=Ind|PronType=Art","6","det",NA,NA
"doc140",1,1,"to create a dispute settlement process to resolve disagreements about the appropriate levels of environmental protection.",13,19,4,"4","dispute","dispute","NOUN","NN","Number=Sing","5","compound",NA,NA
"doc140",1,1,"to create a dispute settlement process to resolve disagreements about the appropriate levels of environmental protection.",21,30,5,"5","settlement","settlement","NOUN","NN","Number=Sing","6","compound",NA,NA
"doc140",1,1,"to create a dispute settlement process to resolve disagreements about the appropriate levels of environmental protection.",32,38,6,"6","process","process","NOUN","NN","Number=Sing","2","obj",NA,NA
"doc140",1,1,"to create a dispute settlement process to resolve disagreements about the appropriate levels of environmental protection.",40,41,7,"7","to","to","PART","TO",NA,"8","mark",NA,NA
"doc140",1,1,"to create a dispute settlement process to resolve disagreements about the appropriate levels of environmental protection.",43,49,8,"8","resolve","resolve","VERB","VB","VerbForm=Inf","2","advcl",NA,NA
"doc140",1,1,"to create a dispute settlement process to resolve disagreements about the appropriate levels of environmental protection.",51,63,9,"9","disagreements","disagreement","NOUN","NNS","Number=Plur","8","obj",NA,NA
"doc140",1,1,"to create a dispute settlement process to resolve disagreements about the appropriate levels of environmental protection.",65,69,10,"10","about","about","ADP","IN",NA,"13","case",NA,NA
"doc140",1,1,"to create a dispute settlement process to resolve disagreements about the appropriate levels of environmental protection.",71,73,11,"11","the","the","DET","DT","Definite=Def|PronType=Art","13","det",NA,NA
"doc140",1,1,"to create a dispute settlement process to resolve disagreements about the appropriate levels of environmental protection.",75,85,12,"12","appropriate","appropriate","ADJ","JJ","Degree=Pos","13","amod",NA,NA
"doc140",1,1,"to create a dispute settlement process to resolve disagreements about the appropriate levels of environmental protection.",87,92,13,"13","levels","level","NOUN","NNS","Number=Plur","9","nmod",NA,NA
"doc140",1,1,"to create a dispute settlement process to resolve disagreements about the appropriate levels of environmental protection.",94,95,14,"14","of","of","ADP","IN",NA,"16","case",NA,NA
"doc140",1,1,"to create a dispute settlement process to resolve disagreements about the appropriate levels of environmental protection.",97,109,15,"15","environmental","environmental","ADJ","JJ","Degree=Pos","16","amod",NA,NA
"doc140",1,1,"to create a dispute settlement process to resolve disagreements about the appropriate levels of environmental protection.",111,120,16,"16","protection","protection","NOUN","NN","Number=Sing","13","nmod",NA,"SpaceAfter=No"
"doc140",1,1,"to create a dispute settlement process to resolve disagreements about the appropriate levels of environmental protection.",121,121,17,"17",".",".","PUNCT",".",NA,"2","punct",NA,"SpacesAfter=\n"
"doc141",1,1,"to establish a more institutionalized approach, including a monitoring and/or scientific body",1,2,1,"1","to","to","PART","TO",NA,"2","mark",NA,NA
"doc141",1,1,"to establish a more institutionalized approach, including a monitoring and/or scientific body",4,12,2,"2","establish","establish","VERB","VB","VerbForm=Inf","0","root",NA,NA
"doc141",1,1,"to establish a more institutionalized approach, including a monitoring and/or scientific body",14,14,3,"3","a","a","DET","DT","Definite=Ind|PronType=Art","6","det",NA,NA
"doc141",1,1,"to establish a more institutionalized approach, including a monitoring and/or scientific body",16,19,4,"4","more","more","ADV","RBR",NA,"5","advmod",NA,NA
"doc141",1,1,"to establish a more institutionalized approach, including a monitoring and/or scientific body",21,37,5,"5","institutionalized","institutionalized","ADJ","JJ","Degree=Pos","6","amod",NA,NA
"doc141",1,1,"to establish a more institutionalized approach, including a monitoring and/or scientific body",39,46,6,"6","approach","approach","NOUN","NN","Number=Sing","2","obj",NA,"SpaceAfter=No"
"doc141",1,1,"to establish a more institutionalized approach, including a monitoring and/or scientific body",47,47,7,"7",",",",","PUNCT",",",NA,"6","punct",NA,NA
"doc141",1,1,"to establish a more institutionalized approach, including a monitoring and/or scientific body",49,57,8,"8","including","include","VERB","VBG","VerbForm=Ger","10","case",NA,NA
"doc141",1,1,"to establish a more institutionalized approach, including a monitoring and/or scientific body",59,59,9,"9","a","a","DET","DT","Definite=Ind|PronType=Art","10","det",NA,NA
"doc141",1,1,"to establish a more institutionalized approach, including a monitoring and/or scientific body",61,70,10,"10","monitoring","monitoring","NOUN","NN","Number=Sing","15","compound",NA,NA
"doc141",1,1,"to establish a more institutionalized approach, including a monitoring and/or scientific body",72,74,11,"11","and","and","CCONJ","CC",NA,"13","cc",NA,"SpaceAfter=No"
"doc141",1,1,"to establish a more institutionalized approach, including a monitoring and/or scientific body",75,75,12,"12","/","/","PUNCT",",",NA,"13","punct",NA,"SpaceAfter=No"
"doc141",1,1,"to establish a more institutionalized approach, including a monitoring and/or scientific body",76,77,13,"13","or","or","CCONJ","CC",NA,"14","cc",NA,NA
"doc141",1,1,"to establish a more institutionalized approach, including a monitoring and/or scientific body",79,88,14,"14","scientific","scientific","ADJ","JJ","Degree=Pos","10","conj",NA,NA
"doc141",1,1,"to establish a more institutionalized approach, including a monitoring and/or scientific body",90,93,15,"15","body","body","NOUN","NN","Number=Sing","6","appos",NA,"SpacesAfter=\n"
"doc142",1,1,"to balance individual interests of particular States and stakeholders and those interests that are common to all.",1,2,1,"1","to","to","PART","TO",NA,"2","mark",NA,NA
"doc142",1,1,"to balance individual interests of particular States and stakeholders and those interests that are common to all.",4,10,2,"2","balance","balance","VERB","VB","VerbForm=Inf","0","root",NA,NA
"doc142",1,1,"to balance individual interests of particular States and stakeholders and those interests that are common to all.",12,21,3,"3","individual","individual","ADJ","JJ","Degree=Pos","4","amod",NA,NA
"doc142",1,1,"to balance individual interests of particular States and stakeholders and those interests that are common to all.",23,31,4,"4","interests","interest","NOUN","NNS","Number=Plur","2","obj",NA,NA
"doc142",1,1,"to balance individual interests of particular States and stakeholders and those interests that are common to all.",33,34,5,"5","of","of","ADP","IN",NA,"7","case",NA,NA
"doc142",1,1,"to balance individual interests of particular States and stakeholders and those interests that are common to all.",36,45,6,"6","particular","particular","ADJ","JJ","Degree=Pos","7","amod",NA,NA
"doc142",1,1,"to balance individual interests of particular States and stakeholders and those interests that are common to all.",47,52,7,"7","States","States","NOUN","NNS","Number=Plur","4","nmod",NA,NA
"doc142",1,1,"to balance individual interests of particular States and stakeholders and those interests that are common to all.",54,56,8,"8","and","and","CCONJ","CC",NA,"9","cc",NA,NA
"doc142",1,1,"to balance individual interests of particular States and stakeholders and those interests that are common to all.",58,69,9,"9","stakeholders","stakeholder","NOUN","NNS","Number=Plur","7","conj",NA,NA
"doc142",1,1,"to balance individual interests of particular States and stakeholders and those interests that are common to all.",71,73,10,"10","and","and","CCONJ","CC",NA,"12","cc",NA,NA
"doc142",1,1,"to balance individual interests of particular States and stakeholders and those interests that are common to all.",75,79,11,"11","those","those","DET","DT","Number=Plur|PronType=Dem","12","det",NA,NA
"doc142",1,1,"to balance individual interests of particular States and stakeholders and those interests that are common to all.",81,89,12,"12","interests","interest","NOUN","NNS","Number=Plur","2","conj",NA,NA
"doc142",1,1,"to balance individual interests of particular States and stakeholders and those interests that are common to all.",91,94,13,"13","that","that","PRON","WDT","PronType=Rel","15","nsubj",NA,NA
"doc142",1,1,"to balance individual interests of particular States and stakeholders and those interests that are common to all.",96,98,14,"14","are","be","AUX","VBP","Mood=Ind|Tense=Pres|VerbForm=Fin","15","cop",NA,NA
"doc142",1,1,"to balance individual interests of particular States and stakeholders and those interests that are common to all.",100,105,15,"15","common","common","ADJ","JJ","Degree=Pos","12","acl:relcl",NA,NA
"doc142",1,1,"to balance individual interests of particular States and stakeholders and those interests that are common to all.",107,108,16,"16","to","to","ADP","IN",NA,"17","case",NA,NA
"doc142",1,1,"to balance individual interests of particular States and stakeholders and those interests that are common to all.",110,112,17,"17","all","all","DET","DT",NA,"15","obl",NA,"SpaceAfter=No"
"doc142",1,1,"to balance individual interests of particular States and stakeholders and those interests that are common to all.",113,113,18,"18",".",".","PUNCT",".",NA,"2","punct",NA,"SpacesAfter=\n"
"doc143",1,1,"to gather scientific information on marine biodiversity in ABNJ from a wider group of global, regional and sectoral organizations and share such information among its States Parties.",1,2,1,"1","to","to","PART","TO",NA,"2","mark",NA,NA
"doc143",1,1,"to gather scientific information on marine biodiversity in ABNJ from a wider group of global, regional and sectoral organizations and share such information among its States Parties.",4,9,2,"2","gather","gather","VERB","VB","VerbForm=Inf","0","root",NA,NA
"doc143",1,1,"to gather scientific information on marine biodiversity in ABNJ from a wider group of global, regional and sectoral organizations and share such information among its States Parties.",11,20,3,"3","scientific","scientific","ADJ","JJ","Degree=Pos","4","amod",NA,NA
"doc143",1,1,"to gather scientific information on marine biodiversity in ABNJ from a wider group of global, regional and sectoral organizations and share such information among its States Parties.",22,32,4,"4","information","information","NOUN","NN","Number=Sing","2","obj",NA,NA
"doc143",1,1,"to gather scientific information on marine biodiversity in ABNJ from a wider group of global, regional and sectoral organizations and share such information among its States Parties.",34,35,5,"5","on","on","ADP","IN",NA,"7","case",NA,NA
"doc143",1,1,"to gather scientific information on marine biodiversity in ABNJ from a wider group of global, regional and sectoral organizations and share such information among its States Parties.",37,42,6,"6","marine","marine","NUM","CD","NumType=Card","7","nummod",NA,NA
"doc143",1,1,"to gather scientific information on marine biodiversity in ABNJ from a wider group of global, regional and sectoral organizations and share such information among its States Parties.",44,55,7,"7","biodiversity","biodiversity","NOUN","NN","Number=Sing","4","nmod",NA,NA
"doc143",1,1,"to gather scientific information on marine biodiversity in ABNJ from a wider group of global, regional and sectoral organizations and share such information among its States Parties.",57,58,8,"8","in","in","ADP","IN",NA,"9","case",NA,NA
"doc143",1,1,"to gather scientific information on marine biodiversity in ABNJ from a wider group of global, regional and sectoral organizations and share such information among its States Parties.",60,63,9,"9","ABNJ","ABNJ","PROPN","NNP","Number=Sing","2","nmod",NA,NA
"doc143",1,1,"to gather scientific information on marine biodiversity in ABNJ from a wider group of global, regional and sectoral organizations and share such information among its States Parties.",65,68,10,"10","from","from","ADP","IN",NA,"13","case",NA,NA
"doc143",1,1,"to gather scientific information on marine biodiversity in ABNJ from a wider group of global, regional and sectoral organizations and share such information among its States Parties.",70,70,11,"11","a","a","DET","DT","Definite=Ind|PronType=Art","13","det",NA,NA
"doc143",1,1,"to gather scientific information on marine biodiversity in ABNJ from a wider group of global, regional and sectoral organizations and share such information among its States Parties.",72,76,12,"12","wider","wider","ADJ","JJR","Degree=Cmp","13","amod",NA,NA
"doc143",1,1,"to gather scientific information on marine biodiversity in ABNJ from a wider group of global, regional and sectoral organizations and share such information among its States Parties.",78,82,13,"13","group","group","NOUN","NN","Number=Sing","2","obl",NA,NA
"doc143",1,1,"to gather scientific information on marine biodiversity in ABNJ from a wider group of global, regional and sectoral organizations and share such information among its States Parties.",84,85,14,"14","of","of","ADP","IN",NA,"20","case",NA,NA
"doc143",1,1,"to gather scientific information on marine biodiversity in ABNJ from a wider group of global, regional and sectoral organizations and share such information among its States Parties.",87,92,15,"15","global","global","ADJ","JJ","Degree=Pos","20","amod",NA,"SpaceAfter=No"
"doc143",1,1,"to gather scientific information on marine biodiversity in ABNJ from a wider group of global, regional and sectoral organizations and share such information among its States Parties.",93,93,16,"16",",",",","PUNCT",",",NA,"17","punct",NA,NA
"doc143",1,1,"to gather scientific information on marine biodiversity in ABNJ from a wider group of global, regional and sectoral organizations and share such information among its States Parties.",95,102,17,"17","regional","regional","ADJ","JJ","Degree=Pos","15","conj",NA,NA
"doc143",1,1,"to gather scientific information on marine biodiversity in ABNJ from a wider group of global, regional and sectoral organizations and share such information among its States Parties.",104,106,18,"18","and","and","CCONJ","CC",NA,"19","cc",NA,NA
"doc143",1,1,"to gather scientific information on marine biodiversity in ABNJ from a wider group of global, regional and sectoral organizations and share such information among its States Parties.",108,115,19,"19","sectoral","sectoral","ADJ","JJ","Degree=Pos","15","conj",NA,NA
"doc143",1,1,"to gather scientific information on marine biodiversity in ABNJ from a wider group of global, regional and sectoral organizations and share such information among its States Parties.",117,129,20,"20","organizations","organization","NOUN","NNS","Number=Plur","24","nmod",NA,NA
"doc143",1,1,"to gather scientific information on marine biodiversity in ABNJ from a wider group of global, regional and sectoral organizations and share such information among its States Parties.",131,133,21,"21","and","and","CCONJ","CC",NA,"22","cc",NA,NA
"doc143",1,1,"to gather scientific information on marine biodiversity in ABNJ from a wider group of global, regional and sectoral organizations and share such information among its States Parties.",135,139,22,"22","share","share","NOUN","NN","Number=Sing","20","conj",NA,NA
"doc143",1,1,"to gather scientific information on marine biodiversity in ABNJ from a wider group of global, regional and sectoral organizations and share such information among its States Parties.",141,144,23,"23","such","such","ADJ","JJ","Degree=Pos","24","amod",NA,NA
"doc143",1,1,"to gather scientific information on marine biodiversity in ABNJ from a wider group of global, regional and sectoral organizations and share such information among its States Parties.",146,156,24,"24","information","information","NOUN","NN","Number=Sing","13","nmod",NA,NA
"doc143",1,1,"to gather scientific information on marine biodiversity in ABNJ from a wider group of global, regional and sectoral organizations and share such information among its States Parties.",158,162,25,"25","among","among","ADP","IN",NA,"28","case",NA,NA
"doc143",1,1,"to gather scientific information on marine biodiversity in ABNJ from a wider group of global, regional and sectoral organizations and share such information among its States Parties.",164,166,26,"26","its","its","PRON","PRP$","Gender=Neut|Number=Sing|Person=3|Poss=Yes|PronType=Prs","28","nmod:poss",NA,NA
"doc143",1,1,"to gather scientific information on marine biodiversity in ABNJ from a wider group of global, regional and sectoral organizations and share such information among its States Parties.",168,173,27,"27","States","states","PROPN","NNP","Number=Sing","28","compound",NA,NA
"doc143",1,1,"to gather scientific information on marine biodiversity in ABNJ from a wider group of global, regional and sectoral organizations and share such information among its States Parties.",175,181,28,"28","Parties","Party","PROPN","NNPS","Number=Plur","24","nmod",NA,"SpaceAfter=No"
"doc143",1,1,"to gather scientific information on marine biodiversity in ABNJ from a wider group of global, regional and sectoral organizations and share such information among its States Parties.",182,182,29,"29",".",".","PUNCT",".",NA,"2","punct",NA,"SpacesAfter=\n"
"doc144",1,1,"to be guided by principles of realism, effectiveness and responsibility and consider the characteristics of developing countries, such as lack of scientific data and information.",1,2,1,"1","to","to","PART","TO",NA,"3","mark",NA,NA
"doc144",1,1,"to be guided by principles of realism, effectiveness and responsibility and consider the characteristics of developing countries, such as lack of scientific data and information.",4,5,2,"2","be","be","AUX","VB","VerbForm=Inf","3","aux:pass",NA,NA
"doc144",1,1,"to be guided by principles of realism, effectiveness and responsibility and consider the characteristics of developing countries, such as lack of scientific data and information.",7,12,3,"3","guided","guide","VERB","VBN","Tense=Past|VerbForm=Part|Voice=Pass","0","root",NA,NA
"doc144",1,1,"to be guided by principles of realism, effectiveness and responsibility and consider the characteristics of developing countries, such as lack of scientific data and information.",14,15,4,"4","by","by","ADP","IN",NA,"5","case",NA,NA
"doc144",1,1,"to be guided by principles of realism, effectiveness and responsibility and consider the characteristics of developing countries, such as lack of scientific data and information.",17,26,5,"5","principles","principle","NOUN","NNS","Number=Plur","3","obl",NA,NA
"doc144",1,1,"to be guided by principles of realism, effectiveness and responsibility and consider the characteristics of developing countries, such as lack of scientific data and information.",28,29,6,"6","of","of","ADP","IN",NA,"7","case",NA,NA
"doc144",1,1,"to be guided by principles of realism, effectiveness and responsibility and consider the characteristics of developing countries, such as lack of scientific data and information.",31,37,7,"7","realism","realism","NOUN","NN","Number=Sing","5","nmod",NA,"SpaceAfter=No"
"doc144",1,1,"to be guided by principles of realism, effectiveness and responsibility and consider the characteristics of developing countries, such as lack of scientific data and information.",38,38,8,"8",",",",","PUNCT",",",NA,"9","punct",NA,NA
"doc144",1,1,"to be guided by principles of realism, effectiveness and responsibility and consider the characteristics of developing countries, such as lack of scientific data and information.",40,52,9,"9","effectiveness","effectiveness","NOUN","NN","Number=Sing","7","conj",NA,NA
"doc144",1,1,"to be guided by principles of realism, effectiveness and responsibility and consider the characteristics of developing countries, such as lack of scientific data and information.",54,56,10,"10","and","and","CCONJ","CC",NA,"11","cc",NA,NA
"doc144",1,1,"to be guided by principles of realism, effectiveness and responsibility and consider the characteristics of developing countries, such as lack of scientific data and information.",58,71,11,"11","responsibility","responsibility","NOUN","NN","Number=Sing","7","conj",NA,NA
"doc144",1,1,"to be guided by principles of realism, effectiveness and responsibility and consider the characteristics of developing countries, such as lack of scientific data and information.",73,75,12,"12","and","and","CCONJ","CC",NA,"13","cc",NA,NA
"doc144",1,1,"to be guided by principles of realism, effectiveness and responsibility and consider the characteristics of developing countries, such as lack of scientific data and information.",77,84,13,"13","consider","consider","VERB","VBP","Mood=Ind|Tense=Pres|VerbForm=Fin","3","conj",NA,NA
"doc144",1,1,"to be guided by principles of realism, effectiveness and responsibility and consider the characteristics of developing countries, such as lack of scientific data and information.",86,88,14,"14","the","the","DET","DT","Definite=Def|PronType=Art","15","det",NA,NA
"doc144",1,1,"to be guided by principles of realism, effectiveness and responsibility and consider the characteristics of developing countries, such as lack of scientific data and information.",90,104,15,"15","characteristics","characteristic","NOUN","NNS","Number=Plur","13","obj",NA,NA
"doc144",1,1,"to be guided by principles of realism, effectiveness and responsibility and consider the characteristics of developing countries, such as lack of scientific data and information.",106,107,16,"16","of","of","SCONJ","IN",NA,"17","mark",NA,NA
"doc144",1,1,"to be guided by principles of realism, effectiveness and responsibility and consider the characteristics of developing countries, such as lack of scientific data and information.",109,118,17,"17","developing","develop","VERB","VBG","VerbForm=Ger","15","acl",NA,NA
"doc144",1,1,"to be guided by principles of realism, effectiveness and responsibility and consider the characteristics of developing countries, such as lack of scientific data and information.",120,128,18,"18","countries","country","NOUN","NNS","Number=Plur","17","obj",NA,"SpaceAfter=No"
"doc144",1,1,"to be guided by principles of realism, effectiveness and responsibility and consider the characteristics of developing countries, such as lack of scientific data and information.",129,129,19,"19",",",",","PUNCT",",",NA,"18","punct",NA,NA
"doc144",1,1,"to be guided by principles of realism, effectiveness and responsibility and consider the characteristics of developing countries, such as lack of scientific data and information.",131,134,20,"20","such","such","ADJ","JJ","Degree=Pos","22","case",NA,NA
"doc144",1,1,"to be guided by principles of realism, effectiveness and responsibility and consider the characteristics of developing countries, such as lack of scientific data and information.",136,137,21,"21","as","as","ADP","IN",NA,"20","fixed",NA,NA
"doc144",1,1,"to be guided by principles of realism, effectiveness and responsibility and consider the characteristics of developing countries, such as lack of scientific data and information.",139,142,22,"22","lack","lack","NOUN","NN","Number=Sing","18","nmod",NA,NA
"doc144",1,1,"to be guided by principles of realism, effectiveness and responsibility and consider the characteristics of developing countries, such as lack of scientific data and information.",144,145,23,"23","of","of","ADP","IN",NA,"25","case",NA,NA
"doc144",1,1,"to be guided by principles of realism, effectiveness and responsibility and consider the characteristics of developing countries, such as lack of scientific data and information.",147,156,24,"24","scientific","scientific","ADJ","JJ","Degree=Pos","25","amod",NA,NA
"doc144",1,1,"to be guided by principles of realism, effectiveness and responsibility and consider the characteristics of developing countries, such as lack of scientific data and information.",158,161,25,"25","data","data","NOUN","NN","Number=Sing","22","nmod",NA,NA
"doc144",1,1,"to be guided by principles of realism, effectiveness and responsibility and consider the characteristics of developing countries, such as lack of scientific data and information.",163,165,26,"26","and","and","CCONJ","CC",NA,"27","cc",NA,NA
"doc144",1,1,"to be guided by principles of realism, effectiveness and responsibility and consider the characteristics of developing countries, such as lack of scientific data and information.",167,177,27,"27","information","information","NOUN","NN","Number=Sing","25","conj",NA,"SpaceAfter=No"
"doc144",1,1,"to be guided by principles of realism, effectiveness and responsibility and consider the characteristics of developing countries, such as lack of scientific data and information.",178,178,28,"28",".",".","PUNCT",".",NA,"3","punct",NA,"SpacesAfter=\n"
"doc145",1,1,"to include MPAs in Marine Spatial Planning as they are intrinsically linked.",1,2,1,"1","to","to","PART","TO",NA,"2","mark",NA,NA
"doc145",1,1,"to include MPAs in Marine Spatial Planning as they are intrinsically linked.",4,10,2,"2","include","include","VERB","VB","VerbForm=Inf","0","root",NA,NA
"doc145",1,1,"to include MPAs in Marine Spatial Planning as they are intrinsically linked.",12,15,3,"3","MPAs","MPAs","NOUN","NNS","Number=Plur","2","obj",NA,NA
"doc145",1,1,"to include MPAs in Marine Spatial Planning as they are intrinsically linked.",17,18,4,"4","in","in","ADP","IN",NA,"7","case",NA,NA
"doc145",1,1,"to include MPAs in Marine Spatial Planning as they are intrinsically linked.",20,25,5,"5","Marine","Marine","PROPN","NNP","Number=Sing","7","compound",NA,NA
"doc145",1,1,"to include MPAs in Marine Spatial Planning as they are intrinsically linked.",27,33,6,"6","Spatial","spatial","PROPN","NNP","Number=Sing","7","compound",NA,NA
"doc145",1,1,"to include MPAs in Marine Spatial Planning as they are intrinsically linked.",35,42,7,"7","Planning","plan","PROPN","NNP","Number=Sing","3","nmod",NA,NA
"doc145",1,1,"to include MPAs in Marine Spatial Planning as they are intrinsically linked.",44,45,8,"8","as","as","SCONJ","IN",NA,"12","mark",NA,NA
"doc145",1,1,"to include MPAs in Marine Spatial Planning as they are intrinsically linked.",47,50,9,"9","they","they","PRON","PRP","Case=Nom|Number=Plur|Person=3|PronType=Prs","12","nsubj:pass",NA,NA
"doc145",1,1,"to include MPAs in Marine Spatial Planning as they are intrinsically linked.",52,54,10,"10","are","be","AUX","VBP","Mood=Ind|Tense=Pres|VerbForm=Fin","12","aux:pass",NA,NA
"doc145",1,1,"to include MPAs in Marine Spatial Planning as they are intrinsically linked.",56,68,11,"11","intrinsically","intrinsically","ADV","RB",NA,"12","advmod",NA,NA
"doc145",1,1,"to include MPAs in Marine Spatial Planning as they are intrinsically linked.",70,75,12,"12","linked","link","VERB","VBN","Tense=Past|VerbForm=Part|Voice=Pass","2","advcl",NA,"SpaceAfter=No"
"doc145",1,1,"to include MPAs in Marine Spatial Planning as they are intrinsically linked.",76,76,13,"13",".",".","PUNCT",".",NA,"2","punct",NA,"SpacesAfter=\n"
"doc146",1,1,"to enhance cooperation via existing mechanisms for the protection of the marine environment.",1,2,1,"1","to","to","PART","TO",NA,"2","mark",NA,NA
"doc146",1,1,"to enhance cooperation via existing mechanisms for the protection of the marine environment.",4,10,2,"2","enhance","enhance","VERB","VB","VerbForm=Inf","0","root",NA,NA
"doc146",1,1,"to enhance cooperation via existing mechanisms for the protection of the marine environment.",12,22,3,"3","cooperation","cooperation","NOUN","NN","Number=Sing","2","obj",NA,NA
"doc146",1,1,"to enhance cooperation via existing mechanisms for the protection of the marine environment.",24,26,4,"4","via","via","ADP","IN",NA,"6","case",NA,NA
"doc146",1,1,"to enhance cooperation via existing mechanisms for the protection of the marine environment.",28,35,5,"5","existing","exist","VERB","VBG","VerbForm=Ger","6","amod",NA,NA
"doc146",1,1,"to enhance cooperation via existing mechanisms for the protection of the marine environment.",37,46,6,"6","mechanisms","mechanism","NOUN","NNS","Number=Plur","2","obl",NA,NA
"doc146",1,1,"to enhance cooperation via existing mechanisms for the protection of the marine environment.",48,50,7,"7","for","for","ADP","IN",NA,"9","case",NA,NA
"doc146",1,1,"to enhance cooperation via existing mechanisms for the protection of the marine environment.",52,54,8,"8","the","the","DET","DT","Definite=Def|PronType=Art","9","det",NA,NA
"doc146",1,1,"to enhance cooperation via existing mechanisms for the protection of the marine environment.",56,65,9,"9","protection","protection","NOUN","NN","Number=Sing","2","obl",NA,NA
"doc146",1,1,"to enhance cooperation via existing mechanisms for the protection of the marine environment.",67,68,10,"10","of","of","ADP","IN",NA,"13","case",NA,NA
"doc146",1,1,"to enhance cooperation via existing mechanisms for the protection of the marine environment.",70,72,11,"11","the","the","DET","DT","Definite=Def|PronType=Art","13","det",NA,NA
"doc146",1,1,"to enhance cooperation via existing mechanisms for the protection of the marine environment.",74,79,12,"12","marine","marine","NOUN","NN","Number=Sing","13","compound",NA,NA
"doc146",1,1,"to enhance cooperation via existing mechanisms for the protection of the marine environment.",81,91,13,"13","environment","environment","NOUN","NN","Number=Sing","9","nmod",NA,"SpaceAfter=No"
"doc146",1,1,"to enhance cooperation via existing mechanisms for the protection of the marine environment.",92,92,14,"14",".",".","PUNCT",".",NA,"2","punct",NA,"SpacesAfter=\n"
"doc147",1,1,"to create targeted funding and innovative finance mechanisms.",1,2,1,"1","to","to","PART","TO",NA,"2","mark",NA,NA
"doc147",1,1,"to create targeted funding and innovative finance mechanisms.",4,9,2,"2","create","create","VERB","VB","VerbForm=Inf","0","root",NA,NA
"doc147",1,1,"to create targeted funding and innovative finance mechanisms.",11,18,3,"3","targeted","targete","VERB","VBN","Tense=Past|VerbForm=Part","4","amod",NA,NA
"doc147",1,1,"to create targeted funding and innovative finance mechanisms.",20,26,4,"4","funding","funding","NOUN","NN","Number=Sing","2","obj",NA,NA
"doc147",1,1,"to create targeted funding and innovative finance mechanisms.",28,30,5,"5","and","and","CCONJ","CC",NA,"8","cc",NA,NA
"doc147",1,1,"to create targeted funding and innovative finance mechanisms.",32,41,6,"6","innovative","innovative","ADJ","JJ","Degree=Pos","8","amod",NA,NA
"doc147",1,1,"to create targeted funding and innovative finance mechanisms.",43,49,7,"7","finance","finance","NOUN","NN","Number=Sing","8","compound",NA,NA
"doc147",1,1,"to create targeted funding and innovative finance mechanisms.",51,60,8,"8","mechanisms","mechanism","NOUN","NNS","Number=Plur","4","conj",NA,"SpaceAfter=No"
"doc147",1,1,"to create targeted funding and innovative finance mechanisms.",61,61,9,"9",".",".","PUNCT",".",NA,"2","punct",NA,"SpacesAfter=\n"
"doc148",1,1,"to strengthen the UNCLOS regarding capacity building to foster conservation and sustainable use.",1,2,1,"1","to","to","PART","TO",NA,"2","mark",NA,NA
"doc148",1,1,"to strengthen the UNCLOS regarding capacity building to foster conservation and sustainable use.",4,13,2,"2","strengthen","strengthen","VERB","VB","VerbForm=Inf","0","root",NA,NA
"doc148",1,1,"to strengthen the UNCLOS regarding capacity building to foster conservation and sustainable use.",15,17,3,"3","the","the","DET","DT","Definite=Def|PronType=Art","4","det",NA,NA
"doc148",1,1,"to strengthen the UNCLOS regarding capacity building to foster conservation and sustainable use.",19,24,4,"4","UNCLOS","Unclo","NOUN","NNS","Number=Plur","2","obj",NA,NA
"doc148",1,1,"to strengthen the UNCLOS regarding capacity building to foster conservation and sustainable use.",26,34,5,"5","regarding","regard","VERB","VBG","VerbForm=Ger","7","case",NA,NA
"doc148",1,1,"to strengthen the UNCLOS regarding capacity building to foster conservation and sustainable use.",36,43,6,"6","capacity","capacity","NOUN","NN","Number=Sing","7","compound",NA,NA
"doc148",1,1,"to strengthen the UNCLOS regarding capacity building to foster conservation and sustainable use.",45,52,7,"7","building","building","NOUN","NN","Number=Sing","4","nmod",NA,NA
"doc148",1,1,"to strengthen the UNCLOS regarding capacity building to foster conservation and sustainable use.",54,55,8,"8","to","to","ADP","IN",NA,"10","case",NA,NA
"doc148",1,1,"to strengthen the UNCLOS regarding capacity building to foster conservation and sustainable use.",57,62,9,"9","foster","foster","NOUN","NN","Number=Sing","10","compound",NA,NA
"doc148",1,1,"to strengthen the UNCLOS regarding capacity building to foster conservation and sustainable use.",64,75,10,"10","conservation","conservation","NOUN","NN","Number=Sing","2","obl",NA,NA
"doc148",1,1,"to strengthen the UNCLOS regarding capacity building to foster conservation and sustainable use.",77,79,11,"11","and","and","CCONJ","CC",NA,"13","cc",NA,NA
"doc148",1,1,"to strengthen the UNCLOS regarding capacity building to foster conservation and sustainable use.",81,91,12,"12","sustainable","sustainable","ADJ","JJ","Degree=Pos","13","amod",NA,NA
"doc148",1,1,"to strengthen the UNCLOS regarding capacity building to foster conservation and sustainable use.",93,95,13,"13","use","use","NOUN","NN","Number=Sing","10","conj",NA,"SpaceAfter=No"
"doc148",1,1,"to strengthen the UNCLOS regarding capacity building to foster conservation and sustainable use.",96,96,14,"14",".",".","PUNCT",".",NA,"2","punct",NA,"SpacesAfter=\n"
"doc149",1,1,"Not undermining existing organizations presents a particular challenge within the context of BBNJ, as a patchwork of relevant sectoral regulations and guidelines is spread across international bodies.",1,3,1,"1","Not","not","PART","RB",NA,"2","advmod",NA,NA
"doc149",1,1,"Not undermining existing organizations presents a particular challenge within the context of BBNJ, as a patchwork of relevant sectoral regulations and guidelines is spread across international bodies.",5,15,2,"2","undermining","undermine","VERB","VBG","Tense=Pres|VerbForm=Part","0","root",NA,NA
"doc149",1,1,"Not undermining existing organizations presents a particular challenge within the context of BBNJ, as a patchwork of relevant sectoral regulations and guidelines is spread across international bodies.",17,24,3,"3","existing","exist","VERB","VBG","VerbForm=Ger","4","amod",NA,NA
"doc149",1,1,"Not undermining existing organizations presents a particular challenge within the context of BBNJ, as a patchwork of relevant sectoral regulations and guidelines is spread across international bodies.",26,38,4,"4","organizations","organization","NOUN","NNS","Number=Plur","5","compound",NA,NA
"doc149",1,1,"Not undermining existing organizations presents a particular challenge within the context of BBNJ, as a patchwork of relevant sectoral regulations and guidelines is spread across international bodies.",40,47,5,"5","presents","present","NOUN","NNS","Number=Plur","2","obj",NA,NA
"doc149",1,1,"Not undermining existing organizations presents a particular challenge within the context of BBNJ, as a patchwork of relevant sectoral regulations and guidelines is spread across international bodies.",49,49,6,"6","a","a","DET","DT","Definite=Ind|PronType=Art","8","det",NA,NA
"doc149",1,1,"Not undermining existing organizations presents a particular challenge within the context of BBNJ, as a patchwork of relevant sectoral regulations and guidelines is spread across international bodies.",51,60,7,"7","particular","particular","ADJ","JJ","Degree=Pos","8","amod",NA,NA
"doc149",1,1,"Not undermining existing organizations presents a particular challenge within the context of BBNJ, as a patchwork of relevant sectoral regulations and guidelines is spread across international bodies.",62,70,8,"8","challenge","challenge","NOUN","NN","Number=Sing","25","nsubj:pass",NA,NA
"doc149",1,1,"Not undermining existing organizations presents a particular challenge within the context of BBNJ, as a patchwork of relevant sectoral regulations and guidelines is spread across international bodies.",72,77,9,"9","within","within","ADP","IN",NA,"11","case",NA,NA
"doc149",1,1,"Not undermining existing organizations presents a particular challenge within the context of BBNJ, as a patchwork of relevant sectoral regulations and guidelines is spread across international bodies.",79,81,10,"10","the","the","DET","DT","Definite=Def|PronType=Art","11","det",NA,NA
"doc149",1,1,"Not undermining existing organizations presents a particular challenge within the context of BBNJ, as a patchwork of relevant sectoral regulations and guidelines is spread across international bodies.",83,89,11,"11","context","context","NOUN","NN","Number=Sing","8","nmod",NA,NA
"doc149",1,1,"Not undermining existing organizations presents a particular challenge within the context of BBNJ, as a patchwork of relevant sectoral regulations and guidelines is spread across international bodies.",91,92,12,"12","of","of","ADP","IN",NA,"13","case",NA,NA
"doc149",1,1,"Not undermining existing organizations presents a particular challenge within the context of BBNJ, as a patchwork of relevant sectoral regulations and guidelines is spread across international bodies.",94,97,13,"13","BBNJ","BBNJ","PROPN","NNP","Number=Sing","11","nmod",NA,"SpaceAfter=No"
"doc149",1,1,"Not undermining existing organizations presents a particular challenge within the context of BBNJ, as a patchwork of relevant sectoral regulations and guidelines is spread across international bodies.",98,98,14,"14",",",",","PUNCT",",",NA,"8","punct",NA,NA
"doc149",1,1,"Not undermining existing organizations presents a particular challenge within the context of BBNJ, as a patchwork of relevant sectoral regulations and guidelines is spread across international bodies.",100,101,15,"15","as","as","ADP","IN",NA,"17","case",NA,NA
"doc149",1,1,"Not undermining existing organizations presents a particular challenge within the context of BBNJ, as a patchwork of relevant sectoral regulations and guidelines is spread across international bodies.",103,103,16,"16","a","a","DET","DT","Definite=Ind|PronType=Art","17","det",NA,NA
"doc149",1,1,"Not undermining existing organizations presents a particular challenge within the context of BBNJ, as a patchwork of relevant sectoral regulations and guidelines is spread across international bodies.",105,113,17,"17","patchwork","patchwork","NOUN","NN","Number=Sing","8","nmod",NA,NA
"doc149",1,1,"Not undermining existing organizations presents a particular challenge within the context of BBNJ, as a patchwork of relevant sectoral regulations and guidelines is spread across international bodies.",115,116,18,"18","of","of","ADP","IN",NA,"21","case",NA,NA
"doc149",1,1,"Not undermining existing organizations presents a particular challenge within the context of BBNJ, as a patchwork of relevant sectoral regulations and guidelines is spread across international bodies.",118,125,19,"19","relevant","relevant","ADJ","JJ","Degree=Pos","21","amod",NA,NA
"doc149",1,1,"Not undermining existing organizations presents a particular challenge within the context of BBNJ, as a patchwork of relevant sectoral regulations and guidelines is spread across international bodies.",127,134,20,"20","sectoral","sectoral","ADJ","JJ","Degree=Pos","21","amod",NA,NA
"doc149",1,1,"Not undermining existing organizations presents a particular challenge within the context of BBNJ, as a patchwork of relevant sectoral regulations and guidelines is spread across international bodies.",136,146,21,"21","regulations","regulation","NOUN","NNS","Number=Plur","17","nmod",NA,NA
"doc149",1,1,"Not undermining existing organizations presents a particular challenge within the context of BBNJ, as a patchwork of relevant sectoral regulations and guidelines is spread across international bodies.",148,150,22,"22","and","and","CCONJ","CC",NA,"23","cc",NA,NA
"doc149",1,1,"Not undermining existing organizations presents a particular challenge within the context of BBNJ, as a patchwork of relevant sectoral regulations and guidelines is spread across international bodies.",152,161,23,"23","guidelines","guideline","NOUN","NNS","Number=Plur","21","conj",NA,NA
"doc149",1,1,"Not undermining existing organizations presents a particular challenge within the context of BBNJ, as a patchwork of relevant sectoral regulations and guidelines is spread across international bodies.",163,164,24,"24","is","be","AUX","VBZ","Mood=Ind|Number=Sing|Person=3|Tense=Pres|VerbForm=Fin","25","aux:pass",NA,NA
"doc149",1,1,"Not undermining existing organizations presents a particular challenge within the context of BBNJ, as a patchwork of relevant sectoral regulations and guidelines is spread across international bodies.",166,171,25,"25","spread","spread","VERB","VBN","Tense=Past|VerbForm=Part|Voice=Pass","2","parataxis",NA,NA
"doc149",1,1,"Not undermining existing organizations presents a particular challenge within the context of BBNJ, as a patchwork of relevant sectoral regulations and guidelines is spread across international bodies.",173,178,26,"26","across","across","ADP","IN",NA,"28","case",NA,NA
"doc149",1,1,"Not undermining existing organizations presents a particular challenge within the context of BBNJ, as a patchwork of relevant sectoral regulations and guidelines is spread across international bodies.",180,192,27,"27","international","international","ADJ","JJ","Degree=Pos","28","amod",NA,NA
"doc149",1,1,"Not undermining existing organizations presents a particular challenge within the context of BBNJ, as a patchwork of relevant sectoral regulations and guidelines is spread across international bodies.",194,199,28,"28","bodies","body","NOUN","NNS","Number=Plur","25","obl",NA,"SpaceAfter=No"
"doc149",1,1,"Not undermining existing organizations presents a particular challenge within the context of BBNJ, as a patchwork of relevant sectoral regulations and guidelines is spread across international bodies.",200,200,29,"29",".",".","PUNCT",".",NA,"2","punct",NA,"SpacesAfter=\n"
"doc150",1,1,"to implement MPAs stronger than existing RFMO closures, including both the water column and seabed, and sites that are completely off-limits to human use.",1,2,1,"1","to","to","PART","TO",NA,"2","mark",NA,NA
"doc150",1,1,"to implement MPAs stronger than existing RFMO closures, including both the water column and seabed, and sites that are completely off-limits to human use.",4,12,2,"2","implement","implement","VERB","VB","VerbForm=Inf","0","root",NA,NA
"doc150",1,1,"to implement MPAs stronger than existing RFMO closures, including both the water column and seabed, and sites that are completely off-limits to human use.",14,17,3,"3","MPAs","MPAs","ADV","RB",NA,"2","advmod",NA,NA
"doc150",1,1,"to implement MPAs stronger than existing RFMO closures, including both the water column and seabed, and sites that are completely off-limits to human use.",19,26,4,"4","stronger","stronger","ADJ","JJR","Degree=Cmp","2","obj",NA,NA
"doc150",1,1,"to implement MPAs stronger than existing RFMO closures, including both the water column and seabed, and sites that are completely off-limits to human use.",28,31,5,"5","than","than","SCONJ","IN",NA,"6","mark",NA,NA
"doc150",1,1,"to implement MPAs stronger than existing RFMO closures, including both the water column and seabed, and sites that are completely off-limits to human use.",33,40,6,"6","existing","exist","VERB","VBG","VerbForm=Ger","4","advcl",NA,NA
"doc150",1,1,"to implement MPAs stronger than existing RFMO closures, including both the water column and seabed, and sites that are completely off-limits to human use.",42,45,7,"7","RFMO","RFMO","PROPN","NNP","Number=Sing","8","compound",NA,NA
"doc150",1,1,"to implement MPAs stronger than existing RFMO closures, including both the water column and seabed, and sites that are completely off-limits to human use.",47,54,8,"8","closures","closure","NOUN","NNS","Number=Plur","6","obj",NA,"SpaceAfter=No"
"doc150",1,1,"to implement MPAs stronger than existing RFMO closures, including both the water column and seabed, and sites that are completely off-limits to human use.",55,55,9,"9",",",",","PUNCT",",",NA,"2","punct",NA,NA
"doc150",1,1,"to implement MPAs stronger than existing RFMO closures, including both the water column and seabed, and sites that are completely off-limits to human use.",57,65,10,"10","including","include","VERB","VBG","VerbForm=Ger","14","case",NA,NA
"doc150",1,1,"to implement MPAs stronger than existing RFMO closures, including both the water column and seabed, and sites that are completely off-limits to human use.",67,70,11,"11","both","both","CCONJ","CC",NA,"14","cc:preconj",NA,NA
"doc150",1,1,"to implement MPAs stronger than existing RFMO closures, including both the water column and seabed, and sites that are completely off-limits to human use.",72,74,12,"12","the","the","DET","DT","Definite=Def|PronType=Art","14","det",NA,NA
"doc150",1,1,"to implement MPAs stronger than existing RFMO closures, including both the water column and seabed, and sites that are completely off-limits to human use.",76,80,13,"13","water","water","NOUN","NN","Number=Sing","14","compound",NA,NA
"doc150",1,1,"to implement MPAs stronger than existing RFMO closures, including both the water column and seabed, and sites that are completely off-limits to human use.",82,87,14,"14","column","column","NOUN","NN","Number=Sing","2","obl",NA,NA
"doc150",1,1,"to implement MPAs stronger than existing RFMO closures, including both the water column and seabed, and sites that are completely off-limits to human use.",89,91,15,"15","and","and","CCONJ","CC",NA,"16","cc",NA,NA
"doc150",1,1,"to implement MPAs stronger than existing RFMO closures, including both the water column and seabed, and sites that are completely off-limits to human use.",93,98,16,"16","seabed","seab","VERB","VBD","Mood=Ind|Tense=Past|VerbForm=Fin","14","conj",NA,"SpaceAfter=No"
"doc150",1,1,"to implement MPAs stronger than existing RFMO closures, including both the water column and seabed, and sites that are completely off-limits to human use.",99,99,17,"17",",",",","PUNCT",",",NA,"19","punct",NA,NA
"doc150",1,1,"to implement MPAs stronger than existing RFMO closures, including both the water column and seabed, and sites that are completely off-limits to human use.",101,103,18,"18","and","and","CCONJ","CC",NA,"19","cc",NA,NA
"doc150",1,1,"to implement MPAs stronger than existing RFMO closures, including both the water column and seabed, and sites that are completely off-limits to human use.",105,109,19,"19","sites","site","NOUN","NNS","Number=Plur","14","conj",NA,NA
"doc150",1,1,"to implement MPAs stronger than existing RFMO closures, including both the water column and seabed, and sites that are completely off-limits to human use.",111,114,20,"20","that","that","PRON","WDT","PronType=Rel","25","nsubj",NA,NA
"doc150",1,1,"to implement MPAs stronger than existing RFMO closures, including both the water column and seabed, and sites that are completely off-limits to human use.",116,118,21,"21","are","be","AUX","VBP","Mood=Ind|Tense=Pres|VerbForm=Fin","25","cop",NA,NA
"doc150",1,1,"to implement MPAs stronger than existing RFMO closures, including both the water column and seabed, and sites that are completely off-limits to human use.",120,129,22,"22","completely","completely","ADV","RB",NA,"25","advmod",NA,NA
"doc150",1,1,"to implement MPAs stronger than existing RFMO closures, including both the water column and seabed, and sites that are completely off-limits to human use.",131,133,23,"23","off","off","ADV","RB",NA,"22","advmod",NA,"SpaceAfter=No"
"doc150",1,1,"to implement MPAs stronger than existing RFMO closures, including both the water column and seabed, and sites that are completely off-limits to human use.",134,134,24,"24","-","-","PUNCT",",",NA,"25","punct",NA,"SpaceAfter=No"
"doc150",1,1,"to implement MPAs stronger than existing RFMO closures, including both the water column and seabed, and sites that are completely off-limits to human use.",135,140,25,"25","limits","limit","NOUN","NNS","Number=Plur","19","acl:relcl",NA,NA
"doc150",1,1,"to implement MPAs stronger than existing RFMO closures, including both the water column and seabed, and sites that are completely off-limits to human use.",142,143,26,"26","to","to","ADP","IN",NA,"28","case",NA,NA
"doc150",1,1,"to implement MPAs stronger than existing RFMO closures, including both the water column and seabed, and sites that are completely off-limits to human use.",145,149,27,"27","human","human","ADJ","JJ","Degree=Pos","28","amod",NA,NA
"doc150",1,1,"to implement MPAs stronger than existing RFMO closures, including both the water column and seabed, and sites that are completely off-limits to human use.",151,153,28,"28","use","use","NOUN","NN","Number=Sing","25","obl",NA,"SpaceAfter=No"
"doc150",1,1,"to implement MPAs stronger than existing RFMO closures, including both the water column and seabed, and sites that are completely off-limits to human use.",154,154,29,"29",".",".","PUNCT",".",NA,"2","punct",NA,"SpacesAfter=\n"
"doc151",1,1,"due regard should be the main concept for regulating the relationships between coastal States and States carrying out activities in ABNJ.",1,3,1,"1","due","due","ADP","IN",NA,"2","case",NA,NA
"doc151",1,1,"due regard should be the main concept for regulating the relationships between coastal States and States carrying out activities in ABNJ.",5,10,2,"2","regard","regard","NOUN","NN","Number=Sing","7","obl",NA,NA
"doc151",1,1,"due regard should be the main concept for regulating the relationships between coastal States and States carrying out activities in ABNJ.",12,17,3,"3","should","should","AUX","MD","VerbForm=Fin","7","aux",NA,NA
"doc151",1,1,"due regard should be the main concept for regulating the relationships between coastal States and States carrying out activities in ABNJ.",19,20,4,"4","be","be","AUX","VB","VerbForm=Inf","7","cop",NA,NA
"doc151",1,1,"due regard should be the main concept for regulating the relationships between coastal States and States carrying out activities in ABNJ.",22,24,5,"5","the","the","DET","DT","Definite=Def|PronType=Art","7","det",NA,NA
"doc151",1,1,"due regard should be the main concept for regulating the relationships between coastal States and States carrying out activities in ABNJ.",26,29,6,"6","main","main","ADJ","JJ","Degree=Pos","7","amod",NA,NA
"doc151",1,1,"due regard should be the main concept for regulating the relationships between coastal States and States carrying out activities in ABNJ.",31,37,7,"7","concept","concept","NOUN","NN","Number=Sing","0","root",NA,NA
"doc151",1,1,"due regard should be the main concept for regulating the relationships between coastal States and States carrying out activities in ABNJ.",39,41,8,"8","for","for","SCONJ","IN",NA,"9","mark",NA,NA
"doc151",1,1,"due regard should be the main concept for regulating the relationships between coastal States and States carrying out activities in ABNJ.",43,52,9,"9","regulating","regulate","VERB","VBG","VerbForm=Ger","7","acl",NA,NA
"doc151",1,1,"due regard should be the main concept for regulating the relationships between coastal States and States carrying out activities in ABNJ.",54,56,10,"10","the","the","DET","DT","Definite=Def|PronType=Art","11","det",NA,NA
"doc151",1,1,"due regard should be the main concept for regulating the relationships between coastal States and States carrying out activities in ABNJ.",58,70,11,"11","relationships","relationship","NOUN","NNS","Number=Plur","9","obj",NA,NA
"doc151",1,1,"due regard should be the main concept for regulating the relationships between coastal States and States carrying out activities in ABNJ.",72,78,12,"12","between","between","ADP","IN",NA,"14","case",NA,NA
"doc151",1,1,"due regard should be the main concept for regulating the relationships between coastal States and States carrying out activities in ABNJ.",80,86,13,"13","coastal","coastal","ADJ","JJ","Degree=Pos","14","amod",NA,NA
"doc151",1,1,"due regard should be the main concept for regulating the relationships between coastal States and States carrying out activities in ABNJ.",88,93,14,"14","States","States","PROPN","NNP","Number=Sing","11","nmod",NA,NA
"doc151",1,1,"due regard should be the main concept for regulating the relationships between coastal States and States carrying out activities in ABNJ.",95,97,15,"15","and","and","CCONJ","CC",NA,"16","cc",NA,NA
"doc151",1,1,"due regard should be the main concept for regulating the relationships between coastal States and States carrying out activities in ABNJ.",99,104,16,"16","States","States","PROPN","NNP","Number=Sing","14","conj",NA,NA
"doc151",1,1,"due regard should be the main concept for regulating the relationships between coastal States and States carrying out activities in ABNJ.",106,113,17,"17","carrying","carry","VERB","VBG","VerbForm=Ger","14","conj",NA,NA
"doc151",1,1,"due regard should be the main concept for regulating the relationships between coastal States and States carrying out activities in ABNJ.",115,117,18,"18","out","out","ADP","RP",NA,"17","compound:prt",NA,NA
"doc151",1,1,"due regard should be the main concept for regulating the relationships between coastal States and States carrying out activities in ABNJ.",119,128,19,"19","activities","activity","NOUN","NNS","Number=Plur","17","obj",NA,NA
"doc151",1,1,"due regard should be the main concept for regulating the relationships between coastal States and States carrying out activities in ABNJ.",130,131,20,"20","in","in","ADP","IN",NA,"21","case",NA,NA
"doc151",1,1,"due regard should be the main concept for regulating the relationships between coastal States and States carrying out activities in ABNJ.",133,136,21,"21","ABNJ","ABNJ","PROPN","NNP","Number=Sing","19","nmod",NA,"SpaceAfter=No"
"doc151",1,1,"due regard should be the main concept for regulating the relationships between coastal States and States carrying out activities in ABNJ.",137,137,22,"22",".",".","PUNCT",".",NA,"7","punct",NA,"SpacesAfter=\n"
"doc152",1,1,"to use science diplomacy to strengthen international alliances.",1,2,1,"1","to","to","PART","TO",NA,"2","mark",NA,NA
"doc152",1,1,"to use science diplomacy to strengthen international alliances.",4,6,2,"2","use","use","VERB","VB","VerbForm=Inf","0","root",NA,NA
"doc152",1,1,"to use science diplomacy to strengthen international alliances.",8,14,3,"3","science","science","NOUN","NN","Number=Sing","4","compound",NA,NA
"doc152",1,1,"to use science diplomacy to strengthen international alliances.",16,24,4,"4","diplomacy","diplomacy","NOUN","NN","Number=Sing","2","obj",NA,NA
"doc152",1,1,"to use science diplomacy to strengthen international alliances.",26,27,5,"5","to","to","PART","TO",NA,"6","mark",NA,NA
"doc152",1,1,"to use science diplomacy to strengthen international alliances.",29,38,6,"6","strengthen","strengthen","VERB","VB","VerbForm=Inf","2","advcl",NA,NA
"doc152",1,1,"to use science diplomacy to strengthen international alliances.",40,52,7,"7","international","international","ADJ","JJ","Degree=Pos","8","amod",NA,NA
"doc152",1,1,"to use science diplomacy to strengthen international alliances.",54,62,8,"8","alliances","alliances","NOUN","NNS","Number=Plur","6","obj",NA,"SpaceAfter=No"
"doc152",1,1,"to use science diplomacy to strengthen international alliances.",63,63,9,"9",".",".","PUNCT",".",NA,"2","punct",NA,"SpacesAfter=\n"
"doc153",1,1,"States may have divergent interests in the conflict between proximity and inclusiveness.",1,6,1,"1","States","States","PROPN","NNP","Number=Sing","3","nsubj",NA,NA
"doc153",1,1,"States may have divergent interests in the conflict between proximity and inclusiveness.",8,10,2,"2","may","may","AUX","MD","VerbForm=Fin","3","aux",NA,NA
"doc153",1,1,"States may have divergent interests in the conflict between proximity and inclusiveness.",12,15,3,"3","have","have","VERB","VB","VerbForm=Inf","0","root",NA,NA
"doc153",1,1,"States may have divergent interests in the conflict between proximity and inclusiveness.",17,25,4,"4","divergent","divergent","ADJ","JJ","Degree=Pos","5","amod",NA,NA
"doc153",1,1,"States may have divergent interests in the conflict between proximity and inclusiveness.",27,35,5,"5","interests","interests","NOUN","NNS","Number=Plur","3","obj",NA,NA
"doc153",1,1,"States may have divergent interests in the conflict between proximity and inclusiveness.",37,38,6,"6","in","in","ADP","IN",NA,"8","case",NA,NA
"doc153",1,1,"States may have divergent interests in the conflict between proximity and inclusiveness.",40,42,7,"7","the","the","DET","DT","Definite=Def|PronType=Art","8","det",NA,NA
"doc153",1,1,"States may have divergent interests in the conflict between proximity and inclusiveness.",44,51,8,"8","conflict","conflict","NOUN","NN","Number=Sing","5","nmod",NA,NA
"doc153",1,1,"States may have divergent interests in the conflict between proximity and inclusiveness.",53,59,9,"9","between","between","ADP","IN",NA,"10","case",NA,NA
"doc153",1,1,"States may have divergent interests in the conflict between proximity and inclusiveness.",61,69,10,"10","proximity","proximity","NOUN","NN","Number=Sing","5","nmod",NA,NA
"doc153",1,1,"States may have divergent interests in the conflict between proximity and inclusiveness.",71,73,11,"11","and","and","CCONJ","CC",NA,"12","cc",NA,NA
"doc153",1,1,"States may have divergent interests in the conflict between proximity and inclusiveness.",75,87,12,"12","inclusiveness","inclusiveness","NOUN","NN","Number=Sing","10","conj",NA,"SpaceAfter=No"
"doc153",1,1,"States may have divergent interests in the conflict between proximity and inclusiveness.",88,88,13,"13",".",".","PUNCT",".",NA,"3","punct",NA,"SpacesAfter=\n"
"doc154",1,1,"Coastal states may establish ABMTs for the water above the extended continental shelf in order to support environmental protection measures taken in respect of shelf biodiversity",1,7,1,"1","Coastal","coastal","PROPN","NNP","Number=Sing","2","compound",NA,NA
"doc154",1,1,"Coastal states may establish ABMTs for the water above the extended continental shelf in order to support environmental protection measures taken in respect of shelf biodiversity",9,14,2,"2","states","state","PROPN","NNP","Number=Sing","4","nsubj",NA,NA
"doc154",1,1,"Coastal states may establish ABMTs for the water above the extended continental shelf in order to support environmental protection measures taken in respect of shelf biodiversity",16,18,3,"3","may","may","AUX","MD","VerbForm=Fin","4","aux",NA,NA
"doc154",1,1,"Coastal states may establish ABMTs for the water above the extended continental shelf in order to support environmental protection measures taken in respect of shelf biodiversity",20,28,4,"4","establish","establish","VERB","VB","VerbForm=Inf","0","root",NA,NA
"doc154",1,1,"Coastal states may establish ABMTs for the water above the extended continental shelf in order to support environmental protection measures taken in respect of shelf biodiversity",30,34,5,"5","ABMTs","ABMTs","NOUN","NNS","Number=Plur","4","obj",NA,NA
"doc154",1,1,"Coastal states may establish ABMTs for the water above the extended continental shelf in order to support environmental protection measures taken in respect of shelf biodiversity",36,38,6,"6","for","for","ADP","IN",NA,"8","case",NA,NA
"doc154",1,1,"Coastal states may establish ABMTs for the water above the extended continental shelf in order to support environmental protection measures taken in respect of shelf biodiversity",40,42,7,"7","the","the","DET","DT","Definite=Def|PronType=Art","8","det",NA,NA
"doc154",1,1,"Coastal states may establish ABMTs for the water above the extended continental shelf in order to support environmental protection measures taken in respect of shelf biodiversity",44,48,8,"8","water","water","NOUN","NN","Number=Sing","4","obl",NA,NA
"doc154",1,1,"Coastal states may establish ABMTs for the water above the extended continental shelf in order to support environmental protection measures taken in respect of shelf biodiversity",50,54,9,"9","above","above","ADP","IN",NA,"13","case",NA,NA
"doc154",1,1,"Coastal states may establish ABMTs for the water above the extended continental shelf in order to support environmental protection measures taken in respect of shelf biodiversity",56,58,10,"10","the","the","DET","DT","Definite=Def|PronType=Art","13","det",NA,NA
"doc154",1,1,"Coastal states may establish ABMTs for the water above the extended continental shelf in order to support environmental protection measures taken in respect of shelf biodiversity",60,67,11,"11","extended","extend","VERB","VBN","Tense=Past|VerbForm=Part","13","amod",NA,NA
"doc154",1,1,"Coastal states may establish ABMTs for the water above the extended continental shelf in order to support environmental protection measures taken in respect of shelf biodiversity",69,79,12,"12","continental","continental","ADJ","JJ","Degree=Pos","13","amod",NA,NA
"doc154",1,1,"Coastal states may establish ABMTs for the water above the extended continental shelf in order to support environmental protection measures taken in respect of shelf biodiversity",81,85,13,"13","shelf","shelf","NOUN","NN","Number=Sing","8","nmod",NA,NA
"doc154",1,1,"Coastal states may establish ABMTs for the water above the extended continental shelf in order to support environmental protection measures taken in respect of shelf biodiversity",87,88,14,"14","in","in","ADP","IN",NA,"17","mark",NA,NA
"doc154",1,1,"Coastal states may establish ABMTs for the water above the extended continental shelf in order to support environmental protection measures taken in respect of shelf biodiversity",90,94,15,"15","order","order","NOUN","NN","Number=Sing","14","fixed",NA,NA
"doc154",1,1,"Coastal states may establish ABMTs for the water above the extended continental shelf in order to support environmental protection measures taken in respect of shelf biodiversity",96,97,16,"16","to","to","PART","TO",NA,"17","mark",NA,NA
"doc154",1,1,"Coastal states may establish ABMTs for the water above the extended continental shelf in order to support environmental protection measures taken in respect of shelf biodiversity",99,105,17,"17","support","support","VERB","VB","VerbForm=Inf","4","advcl",NA,NA
"doc154",1,1,"Coastal states may establish ABMTs for the water above the extended continental shelf in order to support environmental protection measures taken in respect of shelf biodiversity",107,119,18,"18","environmental","environmental","ADJ","JJ","Degree=Pos","19","amod",NA,NA
"doc154",1,1,"Coastal states may establish ABMTs for the water above the extended continental shelf in order to support environmental protection measures taken in respect of shelf biodiversity",121,130,19,"19","protection","protection","NOUN","NN","Number=Sing","20","compound",NA,NA
"doc154",1,1,"Coastal states may establish ABMTs for the water above the extended continental shelf in order to support environmental protection measures taken in respect of shelf biodiversity",132,139,20,"20","measures","measure","NOUN","NNS","Number=Plur","17","obj",NA,NA
"doc154",1,1,"Coastal states may establish ABMTs for the water above the extended continental shelf in order to support environmental protection measures taken in respect of shelf biodiversity",141,145,21,"21","taken","take","VERB","VBN","Tense=Past|VerbForm=Part","20","acl",NA,NA
"doc154",1,1,"Coastal states may establish ABMTs for the water above the extended continental shelf in order to support environmental protection measures taken in respect of shelf biodiversity",147,148,22,"22","in","in","ADP","IN",NA,"23","case",NA,NA
"doc154",1,1,"Coastal states may establish ABMTs for the water above the extended continental shelf in order to support environmental protection measures taken in respect of shelf biodiversity",150,156,23,"23","respect","respect","NOUN","NN","Number=Sing","21","obl",NA,NA
"doc154",1,1,"Coastal states may establish ABMTs for the water above the extended continental shelf in order to support environmental protection measures taken in respect of shelf biodiversity",158,159,24,"24","of","of","ADP","IN",NA,"26","case",NA,NA
"doc154",1,1,"Coastal states may establish ABMTs for the water above the extended continental shelf in order to support environmental protection measures taken in respect of shelf biodiversity",161,165,25,"25","shelf","shelf","NOUN","NN","Number=Sing","26","compound",NA,NA
"doc154",1,1,"Coastal states may establish ABMTs for the water above the extended continental shelf in order to support environmental protection measures taken in respect of shelf biodiversity",167,178,26,"26","biodiversity","biodiversity","NOUN","NN","Number=Sing","23","nmod",NA,"SpacesAfter=\n"
"doc155",1,1,"in the fisheries context, the BBNJ agreement can build upon existing UNCLOS and the Fish Stock Agreement provisions by extending broad biodiversity considerations to all types of fisheries.",1,2,1,"1","in","in","ADP","IN",NA,"4","case",NA,NA
"doc155",1,1,"in the fisheries context, the BBNJ agreement can build upon existing UNCLOS and the Fish Stock Agreement provisions by extending broad biodiversity considerations to all types of fisheries.",4,6,2,"2","the","the","DET","DT","Definite=Def|PronType=Art","4","det",NA,NA
"doc155",1,1,"in the fisheries context, the BBNJ agreement can build upon existing UNCLOS and the Fish Stock Agreement provisions by extending broad biodiversity considerations to all types of fisheries.",8,16,3,"3","fisheries","fishery","NOUN","NNS","Number=Plur","4","compound",NA,NA
"doc155",1,1,"in the fisheries context, the BBNJ agreement can build upon existing UNCLOS and the Fish Stock Agreement provisions by extending broad biodiversity considerations to all types of fisheries.",18,24,4,"4","context","context","NOUN","NN","Number=Sing","10","obl",NA,"SpaceAfter=No"
"doc155",1,1,"in the fisheries context, the BBNJ agreement can build upon existing UNCLOS and the Fish Stock Agreement provisions by extending broad biodiversity considerations to all types of fisheries.",25,25,5,"5",",",",","PUNCT",",",NA,"10","punct",NA,NA
"doc155",1,1,"in the fisheries context, the BBNJ agreement can build upon existing UNCLOS and the Fish Stock Agreement provisions by extending broad biodiversity considerations to all types of fisheries.",27,29,6,"6","the","the","DET","DT","Definite=Def|PronType=Art","8","det",NA,NA
"doc155",1,1,"in the fisheries context, the BBNJ agreement can build upon existing UNCLOS and the Fish Stock Agreement provisions by extending broad biodiversity considerations to all types of fisheries.",31,34,7,"7","BBNJ","BBNJ","NOUN","NN","Number=Sing","8","compound",NA,NA
"doc155",1,1,"in the fisheries context, the BBNJ agreement can build upon existing UNCLOS and the Fish Stock Agreement provisions by extending broad biodiversity considerations to all types of fisheries.",36,44,8,"8","agreement","agreement","NOUN","NN","Number=Sing","10","nsubj",NA,NA
"doc155",1,1,"in the fisheries context, the BBNJ agreement can build upon existing UNCLOS and the Fish Stock Agreement provisions by extending broad biodiversity considerations to all types of fisheries.",46,48,9,"9","can","can","AUX","MD","VerbForm=Fin","10","aux",NA,NA
"doc155",1,1,"in the fisheries context, the BBNJ agreement can build upon existing UNCLOS and the Fish Stock Agreement provisions by extending broad biodiversity considerations to all types of fisheries.",50,54,10,"10","build","build","VERB","VB","VerbForm=Inf","0","root",NA,NA
"doc155",1,1,"in the fisheries context, the BBNJ agreement can build upon existing UNCLOS and the Fish Stock Agreement provisions by extending broad biodiversity considerations to all types of fisheries.",56,59,11,"11","upon","upon","SCONJ","IN",NA,"12","mark",NA,NA
"doc155",1,1,"in the fisheries context, the BBNJ agreement can build upon existing UNCLOS and the Fish Stock Agreement provisions by extending broad biodiversity considerations to all types of fisheries.",61,68,12,"12","existing","exist","VERB","VBG","VerbForm=Ger","10","advcl",NA,NA
"doc155",1,1,"in the fisheries context, the BBNJ agreement can build upon existing UNCLOS and the Fish Stock Agreement provisions by extending broad biodiversity considerations to all types of fisheries.",70,75,13,"13","UNCLOS","Unclo","PROPN","NNP","Number=Sing","12","obj",NA,NA
"doc155",1,1,"in the fisheries context, the BBNJ agreement can build upon existing UNCLOS and the Fish Stock Agreement provisions by extending broad biodiversity considerations to all types of fisheries.",77,79,14,"14","and","and","CCONJ","CC",NA,"19","cc",NA,NA
"doc155",1,1,"in the fisheries context, the BBNJ agreement can build upon existing UNCLOS and the Fish Stock Agreement provisions by extending broad biodiversity considerations to all types of fisheries.",81,83,15,"15","the","the","DET","DT","Definite=Def|PronType=Art","19","det",NA,NA
"doc155",1,1,"in the fisheries context, the BBNJ agreement can build upon existing UNCLOS and the Fish Stock Agreement provisions by extending broad biodiversity considerations to all types of fisheries.",85,88,16,"16","Fish","Fish","ADJ","JJ","Degree=Pos","18","amod",NA,NA
"doc155",1,1,"in the fisheries context, the BBNJ agreement can build upon existing UNCLOS and the Fish Stock Agreement provisions by extending broad biodiversity considerations to all types of fisheries.",90,94,17,"17","Stock","stock","NOUN","NN","Number=Sing","18","compound",NA,NA
"doc155",1,1,"in the fisheries context, the BBNJ agreement can build upon existing UNCLOS and the Fish Stock Agreement provisions by extending broad biodiversity considerations to all types of fisheries.",96,104,18,"18","Agreement","agreement","NOUN","NN","Number=Sing","19","compound",NA,NA
"doc155",1,1,"in the fisheries context, the BBNJ agreement can build upon existing UNCLOS and the Fish Stock Agreement provisions by extending broad biodiversity considerations to all types of fisheries.",106,115,19,"19","provisions","provision","NOUN","NNS","Number=Plur","13","conj",NA,NA
"doc155",1,1,"in the fisheries context, the BBNJ agreement can build upon existing UNCLOS and the Fish Stock Agreement provisions by extending broad biodiversity considerations to all types of fisheries.",117,118,20,"20","by","by","SCONJ","IN",NA,"21","mark",NA,NA
"doc155",1,1,"in the fisheries context, the BBNJ agreement can build upon existing UNCLOS and the Fish Stock Agreement provisions by extending broad biodiversity considerations to all types of fisheries.",120,128,21,"21","extending","extend","VERB","VBG","VerbForm=Ger","12","advcl",NA,NA
"doc155",1,1,"in the fisheries context, the BBNJ agreement can build upon existing UNCLOS and the Fish Stock Agreement provisions by extending broad biodiversity considerations to all types of fisheries.",130,134,22,"22","broad","broad","ADJ","JJ","Degree=Pos","24","amod",NA,NA
"doc155",1,1,"in the fisheries context, the BBNJ agreement can build upon existing UNCLOS and the Fish Stock Agreement provisions by extending broad biodiversity considerations to all types of fisheries.",136,147,23,"23","biodiversity","biodiversity","NOUN","NN","Number=Sing","24","compound",NA,NA
"doc155",1,1,"in the fisheries context, the BBNJ agreement can build upon existing UNCLOS and the Fish Stock Agreement provisions by extending broad biodiversity considerations to all types of fisheries.",149,162,24,"24","considerations","consideration","NOUN","NNS","Number=Plur","21","obj",NA,NA
"doc155",1,1,"in the fisheries context, the BBNJ agreement can build upon existing UNCLOS and the Fish Stock Agreement provisions by extending broad biodiversity considerations to all types of fisheries.",164,165,25,"25","to","to","ADP","IN",NA,"27","case",NA,NA
"doc155",1,1,"in the fisheries context, the BBNJ agreement can build upon existing UNCLOS and the Fish Stock Agreement provisions by extending broad biodiversity considerations to all types of fisheries.",167,169,26,"26","all","all","DET","DT",NA,"27","det",NA,NA
"doc155",1,1,"in the fisheries context, the BBNJ agreement can build upon existing UNCLOS and the Fish Stock Agreement provisions by extending broad biodiversity considerations to all types of fisheries.",171,175,27,"27","types","type","NOUN","NNS","Number=Plur","24","nmod",NA,NA
"doc155",1,1,"in the fisheries context, the BBNJ agreement can build upon existing UNCLOS and the Fish Stock Agreement provisions by extending broad biodiversity considerations to all types of fisheries.",177,178,28,"28","of","of","ADP","IN",NA,"29","case",NA,NA
"doc155",1,1,"in the fisheries context, the BBNJ agreement can build upon existing UNCLOS and the Fish Stock Agreement provisions by extending broad biodiversity considerations to all types of fisheries.",180,188,29,"29","fisheries","fishery","NOUN","NNS","Number=Plur","27","nmod",NA,"SpaceAfter=No"
"doc155",1,1,"in the fisheries context, the BBNJ agreement can build upon existing UNCLOS and the Fish Stock Agreement provisions by extending broad biodiversity considerations to all types of fisheries.",189,189,30,"30",".",".","PUNCT",".",NA,"10","punct",NA,"SpacesAfter=\n"
"doc156",1,1,"to integrate all relevant elements impacting biodiversity in ABNJ in order to develop a regime that will cover these areas completely and broadly.",1,2,1,"1","to","to","PART","TO",NA,"2","mark",NA,NA
"doc156",1,1,"to integrate all relevant elements impacting biodiversity in ABNJ in order to develop a regime that will cover these areas completely and broadly.",4,12,2,"2","integrate","integrate","VERB","VB","VerbForm=Inf","0","root",NA,NA
"doc156",1,1,"to integrate all relevant elements impacting biodiversity in ABNJ in order to develop a regime that will cover these areas completely and broadly.",14,16,3,"3","all","all","DET","DT",NA,"5","det",NA,NA
"doc156",1,1,"to integrate all relevant elements impacting biodiversity in ABNJ in order to develop a regime that will cover these areas completely and broadly.",18,25,4,"4","relevant","relevant","ADJ","JJ","Degree=Pos","5","amod",NA,NA
"doc156",1,1,"to integrate all relevant elements impacting biodiversity in ABNJ in order to develop a regime that will cover these areas completely and broadly.",27,34,5,"5","elements","element","NOUN","NNS","Number=Plur","2","obj",NA,NA
"doc156",1,1,"to integrate all relevant elements impacting biodiversity in ABNJ in order to develop a regime that will cover these areas completely and broadly.",36,44,6,"6","impacting","impacte","VERB","VBG","VerbForm=Ger","5","acl",NA,NA
"doc156",1,1,"to integrate all relevant elements impacting biodiversity in ABNJ in order to develop a regime that will cover these areas completely and broadly.",46,57,7,"7","biodiversity","biodiversity","NOUN","NN","Number=Sing","6","obj",NA,NA
"doc156",1,1,"to integrate all relevant elements impacting biodiversity in ABNJ in order to develop a regime that will cover these areas completely and broadly.",59,60,8,"8","in","in","ADP","IN",NA,"9","case",NA,NA
"doc156",1,1,"to integrate all relevant elements impacting biodiversity in ABNJ in order to develop a regime that will cover these areas completely and broadly.",62,65,9,"9","ABNJ","ABNJ","PROPN","NNP","Number=Sing","2","obl",NA,NA
"doc156",1,1,"to integrate all relevant elements impacting biodiversity in ABNJ in order to develop a regime that will cover these areas completely and broadly.",67,68,10,"10","in","in","ADP","IN",NA,"13","mark",NA,NA
"doc156",1,1,"to integrate all relevant elements impacting biodiversity in ABNJ in order to develop a regime that will cover these areas completely and broadly.",70,74,11,"11","order","order","NOUN","NN","Number=Sing","10","fixed",NA,NA
"doc156",1,1,"to integrate all relevant elements impacting biodiversity in ABNJ in order to develop a regime that will cover these areas completely and broadly.",76,77,12,"12","to","to","PART","TO",NA,"13","mark",NA,NA
"doc156",1,1,"to integrate all relevant elements impacting biodiversity in ABNJ in order to develop a regime that will cover these areas completely and broadly.",79,85,13,"13","develop","develop","VERB","VB","VerbForm=Inf","2","advcl",NA,NA
"doc156",1,1,"to integrate all relevant elements impacting biodiversity in ABNJ in order to develop a regime that will cover these areas completely and broadly.",87,87,14,"14","a","a","DET","DT","Definite=Ind|PronType=Art","15","det",NA,NA
"doc156",1,1,"to integrate all relevant elements impacting biodiversity in ABNJ in order to develop a regime that will cover these areas completely and broadly.",89,94,15,"15","regime","regime","NOUN","NN","Number=Sing","13","obj",NA,NA
"doc156",1,1,"to integrate all relevant elements impacting biodiversity in ABNJ in order to develop a regime that will cover these areas completely and broadly.",96,99,16,"16","that","that","PRON","WDT","PronType=Rel","18","nsubj",NA,NA
"doc156",1,1,"to integrate all relevant elements impacting biodiversity in ABNJ in order to develop a regime that will cover these areas completely and broadly.",101,104,17,"17","will","will","AUX","MD","VerbForm=Fin","18","aux",NA,NA
"doc156",1,1,"to integrate all relevant elements impacting biodiversity in ABNJ in order to develop a regime that will cover these areas completely and broadly.",106,110,18,"18","cover","cover","VERB","VB","VerbForm=Inf","15","acl:relcl",NA,NA
"doc156",1,1,"to integrate all relevant elements impacting biodiversity in ABNJ in order to develop a regime that will cover these areas completely and broadly.",112,116,19,"19","these","these","DET","DT","Number=Plur|PronType=Dem","20","det",NA,NA
"doc156",1,1,"to integrate all relevant elements impacting biodiversity in ABNJ in order to develop a regime that will cover these areas completely and broadly.",118,122,20,"20","areas","area","NOUN","NNS","Number=Plur","18","obj",NA,NA
"doc156",1,1,"to integrate all relevant elements impacting biodiversity in ABNJ in order to develop a regime that will cover these areas completely and broadly.",124,133,21,"21","completely","completely","ADV","RB",NA,"18","advmod",NA,NA
"doc156",1,1,"to integrate all relevant elements impacting biodiversity in ABNJ in order to develop a regime that will cover these areas completely and broadly.",135,137,22,"22","and","and","CCONJ","CC",NA,"23","cc",NA,NA
"doc156",1,1,"to integrate all relevant elements impacting biodiversity in ABNJ in order to develop a regime that will cover these areas completely and broadly.",139,145,23,"23","broadly","broadly","ADV","RB",NA,"21","conj",NA,"SpaceAfter=No"
"doc156",1,1,"to integrate all relevant elements impacting biodiversity in ABNJ in order to develop a regime that will cover these areas completely and broadly.",146,146,24,"24",".",".","PUNCT",".",NA,"2","punct",NA,"SpacesAfter=\n"
"doc157",1,1,"to form constructive links with the existing cohesive ocean governance instruments and institutions in the South West Pacific.",1,2,1,"1","to","to","PART","TO",NA,"2","mark",NA,NA
"doc157",1,1,"to form constructive links with the existing cohesive ocean governance instruments and institutions in the South West Pacific.",4,7,2,"2","form","form","VERB","VB","VerbForm=Inf","0","root",NA,NA
"doc157",1,1,"to form constructive links with the existing cohesive ocean governance instruments and institutions in the South West Pacific.",9,20,3,"3","constructive","constructive","ADJ","JJ","Degree=Pos","4","amod",NA,NA
"doc157",1,1,"to form constructive links with the existing cohesive ocean governance instruments and institutions in the South West Pacific.",22,26,4,"4","links","link","NOUN","NNS","Number=Plur","2","obj",NA,NA
"doc157",1,1,"to form constructive links with the existing cohesive ocean governance instruments and institutions in the South West Pacific.",28,31,5,"5","with","with","ADP","IN",NA,"11","case",NA,NA
"doc157",1,1,"to form constructive links with the existing cohesive ocean governance instruments and institutions in the South West Pacific.",33,35,6,"6","the","the","DET","DT","Definite=Def|PronType=Art","11","det",NA,NA
"doc157",1,1,"to form constructive links with the existing cohesive ocean governance instruments and institutions in the South West Pacific.",37,44,7,"7","existing","exist","VERB","VBG","VerbForm=Ger","11","amod",NA,NA
"doc157",1,1,"to form constructive links with the existing cohesive ocean governance instruments and institutions in the South West Pacific.",46,53,8,"8","cohesive","cohesive","ADJ","JJ","Degree=Pos","11","amod",NA,NA
"doc157",1,1,"to form constructive links with the existing cohesive ocean governance instruments and institutions in the South West Pacific.",55,59,9,"9","ocean","ocean","NOUN","NN","Number=Sing","10","compound",NA,NA
"doc157",1,1,"to form constructive links with the existing cohesive ocean governance instruments and institutions in the South West Pacific.",61,70,10,"10","governance","governance","NOUN","NN","Number=Sing","11","compound",NA,NA
"doc157",1,1,"to form constructive links with the existing cohesive ocean governance instruments and institutions in the South West Pacific.",72,82,11,"11","instruments","instrument","NOUN","NNS","Number=Plur","4","nmod",NA,NA
"doc157",1,1,"to form constructive links with the existing cohesive ocean governance instruments and institutions in the South West Pacific.",84,86,12,"12","and","and","CCONJ","CC",NA,"13","cc",NA,NA
"doc157",1,1,"to form constructive links with the existing cohesive ocean governance instruments and institutions in the South West Pacific.",88,99,13,"13","institutions","institution","NOUN","NNS","Number=Plur","11","conj",NA,NA
"doc157",1,1,"to form constructive links with the existing cohesive ocean governance instruments and institutions in the South West Pacific.",101,102,14,"14","in","in","ADP","IN",NA,"18","case",NA,NA
"doc157",1,1,"to form constructive links with the existing cohesive ocean governance instruments and institutions in the South West Pacific.",104,106,15,"15","the","the","DET","DT","Definite=Def|PronType=Art","18","det",NA,NA
"doc157",1,1,"to form constructive links with the existing cohesive ocean governance instruments and institutions in the South West Pacific.",108,112,16,"16","South","South","PROPN","NNP","Number=Sing","18","compound",NA,NA
"doc157",1,1,"to form constructive links with the existing cohesive ocean governance instruments and institutions in the South West Pacific.",114,117,17,"17","West","West","PROPN","NNP","Number=Sing","18","compound",NA,NA
"doc157",1,1,"to form constructive links with the existing cohesive ocean governance instruments and institutions in the South West Pacific.",119,125,18,"18","Pacific","Pacific","PROPN","NNP","Number=Sing","13","nmod",NA,"SpaceAfter=No"
"doc157",1,1,"to form constructive links with the existing cohesive ocean governance instruments and institutions in the South West Pacific.",126,126,19,"19",".",".","PUNCT",".",NA,"2","punct",NA,"SpacesAfter=\n"
"doc158",1,1,"Different perspectives on capacity-building and the transfer of technology remain among Developed and Developing States.",1,9,1,"1","Different","different","ADJ","JJ","Degree=Pos","2","amod",NA,NA
"doc158",1,1,"Different perspectives on capacity-building and the transfer of technology remain among Developed and Developing States.",11,22,2,"2","perspectives","perspective","NOUN","NNS","Number=Plur","12","nsubj",NA,NA
"doc158",1,1,"Different perspectives on capacity-building and the transfer of technology remain among Developed and Developing States.",24,25,3,"3","on","on","ADP","IN",NA,"6","case",NA,NA
"doc158",1,1,"Different perspectives on capacity-building and the transfer of technology remain among Developed and Developing States.",27,34,4,"4","capacity","capacity","NOUN","NN","Number=Sing","6","compound",NA,"SpaceAfter=No"
"doc158",1,1,"Different perspectives on capacity-building and the transfer of technology remain among Developed and Developing States.",35,35,5,"5","-","-","PUNCT","HYPH",NA,"6","punct",NA,"SpaceAfter=No"
"doc158",1,1,"Different perspectives on capacity-building and the transfer of technology remain among Developed and Developing States.",36,43,6,"6","building","building","NOUN","NN","Number=Sing","2","nmod",NA,NA
"doc158",1,1,"Different perspectives on capacity-building and the transfer of technology remain among Developed and Developing States.",45,47,7,"7","and","and","CCONJ","CC",NA,"9","cc",NA,NA
"doc158",1,1,"Different perspectives on capacity-building and the transfer of technology remain among Developed and Developing States.",49,51,8,"8","the","the","DET","DT","Definite=Def|PronType=Art","9","det",NA,NA
"doc158",1,1,"Different perspectives on capacity-building and the transfer of technology remain among Developed and Developing States.",53,60,9,"9","transfer","transfer","NOUN","NN","Number=Sing","2","conj",NA,NA
"doc158",1,1,"Different perspectives on capacity-building and the transfer of technology remain among Developed and Developing States.",62,63,10,"10","of","of","ADP","IN",NA,"11","case",NA,NA
"doc158",1,1,"Different perspectives on capacity-building and the transfer of technology remain among Developed and Developing States.",65,74,11,"11","technology","technology","NOUN","NN","Number=Sing","9","nmod",NA,NA
"doc158",1,1,"Different perspectives on capacity-building and the transfer of technology remain among Developed and Developing States.",76,81,12,"12","remain","remain","VERB","VBP","Mood=Ind|Tense=Pres|VerbForm=Fin","0","root",NA,NA
"doc158",1,1,"Different perspectives on capacity-building and the transfer of technology remain among Developed and Developing States.",83,87,13,"13","among","among","ADP","IN",NA,"14","case",NA,NA
"doc158",1,1,"Different perspectives on capacity-building and the transfer of technology remain among Developed and Developing States.",89,97,14,"14","Developed","developed","PROPN","NNP","Number=Sing","12","obl",NA,NA
"doc158",1,1,"Different perspectives on capacity-building and the transfer of technology remain among Developed and Developing States.",99,101,15,"15","and","and","CCONJ","CC",NA,"17","cc",NA,NA
"doc158",1,1,"Different perspectives on capacity-building and the transfer of technology remain among Developed and Developing States.",103,112,16,"16","Developing","develope","PROPN","NNP","Number=Sing","17","compound",NA,NA
"doc158",1,1,"Different perspectives on capacity-building and the transfer of technology remain among Developed and Developing States.",114,119,17,"17","States","States","PROPN","NNP","Number=Sing","14","conj",NA,"SpaceAfter=No"
"doc158",1,1,"Different perspectives on capacity-building and the transfer of technology remain among Developed and Developing States.",120,120,18,"18",".",".","PUNCT",".",NA,"12","punct",NA,"SpacesAfter=\n"
"doc159",1,1,"to use UNCLOs as a keystone for rules on Marine Spatial Planning both within and beyond national jurisdiction",1,2,1,"1","to","to","PART","TO",NA,"2","mark",NA,NA
"doc159",1,1,"to use UNCLOs as a keystone for rules on Marine Spatial Planning both within and beyond national jurisdiction",4,6,2,"2","use","use","VERB","VB","VerbForm=Inf","0","root",NA,NA
"doc159",1,1,"to use UNCLOs as a keystone for rules on Marine Spatial Planning both within and beyond national jurisdiction",8,13,3,"3","UNCLOs","UNCLOs","NOUN","NNS","Number=Plur","2","obj",NA,NA
"doc159",1,1,"to use UNCLOs as a keystone for rules on Marine Spatial Planning both within and beyond national jurisdiction",15,16,4,"4","as","as","ADP","IN",NA,"6","case",NA,NA
"doc159",1,1,"to use UNCLOs as a keystone for rules on Marine Spatial Planning both within and beyond national jurisdiction",18,18,5,"5","a","a","DET","DT","Definite=Ind|PronType=Art","6","det",NA,NA
"doc159",1,1,"to use UNCLOs as a keystone for rules on Marine Spatial Planning both within and beyond national jurisdiction",20,27,6,"6","keystone","keystone","NOUN","NN","Number=Sing","2","obl",NA,NA
"doc159",1,1,"to use UNCLOs as a keystone for rules on Marine Spatial Planning both within and beyond national jurisdiction",29,31,7,"7","for","for","ADP","IN",NA,"8","case",NA,NA
"doc159",1,1,"to use UNCLOs as a keystone for rules on Marine Spatial Planning both within and beyond national jurisdiction",33,37,8,"8","rules","rule","NOUN","NNS","Number=Plur","2","obl",NA,NA
"doc159",1,1,"to use UNCLOs as a keystone for rules on Marine Spatial Planning both within and beyond national jurisdiction",39,40,9,"9","on","on","ADP","IN",NA,"12","case",NA,NA
"doc159",1,1,"to use UNCLOs as a keystone for rules on Marine Spatial Planning both within and beyond national jurisdiction",42,47,10,"10","Marine","Marine","PROPN","NNP","Number=Sing","12","compound",NA,NA
"doc159",1,1,"to use UNCLOs as a keystone for rules on Marine Spatial Planning both within and beyond national jurisdiction",49,55,11,"11","Spatial","spatial","PROPN","NNP","Number=Sing","12","compound",NA,NA
"doc159",1,1,"to use UNCLOs as a keystone for rules on Marine Spatial Planning both within and beyond national jurisdiction",57,64,12,"12","Planning","Planning","PROPN","NNP","Number=Sing","8","nmod",NA,NA
"doc159",1,1,"to use UNCLOs as a keystone for rules on Marine Spatial Planning both within and beyond national jurisdiction",66,69,13,"13","both","both","CCONJ","CC",NA,"14","cc:preconj",NA,NA
"doc159",1,1,"to use UNCLOs as a keystone for rules on Marine Spatial Planning both within and beyond national jurisdiction",71,76,14,"14","within","within","ADP","IN",NA,"18","case",NA,NA
"doc159",1,1,"to use UNCLOs as a keystone for rules on Marine Spatial Planning both within and beyond national jurisdiction",78,80,15,"15","and","and","CCONJ","CC",NA,"16","cc",NA,NA
"doc159",1,1,"to use UNCLOs as a keystone for rules on Marine Spatial Planning both within and beyond national jurisdiction",82,87,16,"16","beyond","beyond","ADP","IN",NA,"14","conj",NA,NA
"doc159",1,1,"to use UNCLOs as a keystone for rules on Marine Spatial Planning both within and beyond national jurisdiction",89,96,17,"17","national","national","ADJ","JJ","Degree=Pos","18","amod",NA,NA
"doc159",1,1,"to use UNCLOs as a keystone for rules on Marine Spatial Planning both within and beyond national jurisdiction",98,109,18,"18","jurisdiction","jurisdiction","NOUN","NN","Number=Sing","2","obl",NA,"SpacesAfter=\n"
"doc160",1,1,"to include a carefully drafted conflicts clause to ensure complementarity with existing fisheries agreements",1,2,1,"1","to","to","PART","TO",NA,"2","mark",NA,NA
"doc160",1,1,"to include a carefully drafted conflicts clause to ensure complementarity with existing fisheries agreements",4,10,2,"2","include","include","VERB","VB","VerbForm=Inf","0","root",NA,NA
"doc160",1,1,"to include a carefully drafted conflicts clause to ensure complementarity with existing fisheries agreements",12,12,3,"3","a","a","DET","DT","Definite=Ind|PronType=Art","7","det",NA,NA
"doc160",1,1,"to include a carefully drafted conflicts clause to ensure complementarity with existing fisheries agreements",14,22,4,"4","carefully","carefully","ADV","RB",NA,"5","advmod",NA,NA
"doc160",1,1,"to include a carefully drafted conflicts clause to ensure complementarity with existing fisheries agreements",24,30,5,"5","drafted","draft","VERB","VBN","Tense=Past|VerbForm=Part","7","amod",NA,NA
"doc160",1,1,"to include a carefully drafted conflicts clause to ensure complementarity with existing fisheries agreements",32,40,6,"6","conflicts","conflict","NOUN","NNS","Number=Plur","7","compound",NA,NA
"doc160",1,1,"to include a carefully drafted conflicts clause to ensure complementarity with existing fisheries agreements",42,47,7,"7","clause","clause","NOUN","NN","Number=Sing","2","obj",NA,NA
"doc160",1,1,"to include a carefully drafted conflicts clause to ensure complementarity with existing fisheries agreements",49,50,8,"8","to","to","PART","TO",NA,"9","mark",NA,NA
"doc160",1,1,"to include a carefully drafted conflicts clause to ensure complementarity with existing fisheries agreements",52,57,9,"9","ensure","ensure","VERB","VB","VerbForm=Inf","7","acl",NA,NA
"doc160",1,1,"to include a carefully drafted conflicts clause to ensure complementarity with existing fisheries agreements",59,73,10,"10","complementarity","complementarity","NOUN","NN","Number=Sing","9","obj",NA,NA
"doc160",1,1,"to include a carefully drafted conflicts clause to ensure complementarity with existing fisheries agreements",75,78,11,"11","with","with","SCONJ","IN",NA,"12","mark",NA,NA
"doc160",1,1,"to include a carefully drafted conflicts clause to ensure complementarity with existing fisheries agreements",80,87,12,"12","existing","exist","VERB","VBG","VerbForm=Ger","10","acl",NA,NA
"doc160",1,1,"to include a carefully drafted conflicts clause to ensure complementarity with existing fisheries agreements",89,97,13,"13","fisheries","fishery","NOUN","NNS","Number=Plur","14","compound",NA,NA
"doc160",1,1,"to include a carefully drafted conflicts clause to ensure complementarity with existing fisheries agreements",99,108,14,"14","agreements","agreement","NOUN","NNS","Number=Plur","12","obj",NA,"SpacesAfter=\n"
"doc161",1,1,"to establish an effective institutional framework.",1,2,1,"1","to","to","PART","TO",NA,"2","mark",NA,NA
"doc161",1,1,"to establish an effective institutional framework.",4,12,2,"2","establish","establish","VERB","VB","VerbForm=Inf","0","root",NA,NA
"doc161",1,1,"to establish an effective institutional framework.",14,15,3,"3","an","a","DET","DT","Definite=Ind|PronType=Art","6","det",NA,NA
"doc161",1,1,"to establish an effective institutional framework.",17,25,4,"4","effective","effective","ADJ","JJ","Degree=Pos","6","amod",NA,NA
"doc161",1,1,"to establish an effective institutional framework.",27,39,5,"5","institutional","institutional","ADJ","JJ","Degree=Pos","6","amod",NA,NA
"doc161",1,1,"to establish an effective institutional framework.",41,49,6,"6","framework","framework","NOUN","NN","Number=Sing","2","obj",NA,"SpaceAfter=No"
"doc161",1,1,"to establish an effective institutional framework.",50,50,7,"7",".",".","PUNCT",".",NA,"2","punct",NA,"SpacesAfter=\n"
"doc162",1,1,"to achieve the Aichi target 11 of the Convention on Biological Diversity.",1,2,1,"1","to","to","PART","TO",NA,"2","mark",NA,NA
"doc162",1,1,"to achieve the Aichi target 11 of the Convention on Biological Diversity.",4,10,2,"2","achieve","achieve","VERB","VB","VerbForm=Inf","0","root",NA,NA
"doc162",1,1,"to achieve the Aichi target 11 of the Convention on Biological Diversity.",12,14,3,"3","the","the","DET","DT","Definite=Def|PronType=Art","5","det",NA,NA
"doc162",1,1,"to achieve the Aichi target 11 of the Convention on Biological Diversity.",16,20,4,"4","Aichi","Aichi","PROPN","NNP","Number=Sing","5","compound",NA,NA
"doc162",1,1,"to achieve the Aichi target 11 of the Convention on Biological Diversity.",22,27,5,"5","target","target","NOUN","NN","Number=Sing","2","obj",NA,NA
"doc162",1,1,"to achieve the Aichi target 11 of the Convention on Biological Diversity.",29,30,6,"6","11","11","NUM","CD","NumType=Card","5","appos",NA,NA
"doc162",1,1,"to achieve the Aichi target 11 of the Convention on Biological Diversity.",32,33,7,"7","of","of","ADP","IN",NA,"9","case",NA,NA
"doc162",1,1,"to achieve the Aichi target 11 of the Convention on Biological Diversity.",35,37,8,"8","the","the","DET","DT","Definite=Def|PronType=Art","9","det",NA,NA
"doc162",1,1,"to achieve the Aichi target 11 of the Convention on Biological Diversity.",39,48,9,"9","Convention","convention","NOUN","NN","Number=Sing","6","nmod",NA,NA
"doc162",1,1,"to achieve the Aichi target 11 of the Convention on Biological Diversity.",50,51,10,"10","on","on","ADP","IN",NA,"12","case",NA,NA
"doc162",1,1,"to achieve the Aichi target 11 of the Convention on Biological Diversity.",53,62,11,"11","Biological","biological","ADJ","JJ","Degree=Pos","12","amod",NA,NA
"doc162",1,1,"to achieve the Aichi target 11 of the Convention on Biological Diversity.",64,72,12,"12","Diversity","diversity","NOUN","NN","Number=Sing","9","nmod",NA,"SpaceAfter=No"
"doc162",1,1,"to achieve the Aichi target 11 of the Convention on Biological Diversity.",73,73,13,"13",".",".","PUNCT",".",NA,"2","punct",NA,"SpacesAfter=\n"
"doc163",1,1,"Public health in low-income food-deficit countries could be impacted if changes occur in their access to fish.",1,6,1,"1","Public","public","ADJ","JJ","Degree=Pos","2","amod",NA,NA
"doc163",1,1,"Public health in low-income food-deficit countries could be impacted if changes occur in their access to fish.",8,13,2,"2","health","health","NOUN","NN","Number=Sing","13","nsubj:pass",NA,NA
"doc163",1,1,"Public health in low-income food-deficit countries could be impacted if changes occur in their access to fish.",15,16,3,"3","in","in","ADP","IN",NA,"10","case",NA,NA
"doc163",1,1,"Public health in low-income food-deficit countries could be impacted if changes occur in their access to fish.",18,20,4,"4","low","low","ADJ","JJ","Degree=Pos","6","amod",NA,"SpaceAfter=No"
"doc163",1,1,"Public health in low-income food-deficit countries could be impacted if changes occur in their access to fish.",21,21,5,"5","-","-","PUNCT","HYPH",NA,"6","punct",NA,"SpaceAfter=No"
"doc163",1,1,"Public health in low-income food-deficit countries could be impacted if changes occur in their access to fish.",22,27,6,"6","income","income","NOUN","NN","Number=Sing","10","compound",NA,NA
"doc163",1,1,"Public health in low-income food-deficit countries could be impacted if changes occur in their access to fish.",29,32,7,"7","food","food","NOUN","NN","Number=Sing","9","compound",NA,"SpaceAfter=No"
"doc163",1,1,"Public health in low-income food-deficit countries could be impacted if changes occur in their access to fish.",33,33,8,"8","-","-","PUNCT","HYPH",NA,"9","punct",NA,"SpaceAfter=No"
"doc163",1,1,"Public health in low-income food-deficit countries could be impacted if changes occur in their access to fish.",34,40,9,"9","deficit","deficit","NOUN","NN","Number=Sing","10","compound",NA,NA
"doc163",1,1,"Public health in low-income food-deficit countries could be impacted if changes occur in their access to fish.",42,50,10,"10","countries","country","NOUN","NNS","Number=Plur","2","nmod",NA,NA
"doc163",1,1,"Public health in low-income food-deficit countries could be impacted if changes occur in their access to fish.",52,56,11,"11","could","could","AUX","MD","VerbForm=Fin","13","aux",NA,NA
"doc163",1,1,"Public health in low-income food-deficit countries could be impacted if changes occur in their access to fish.",58,59,12,"12","be","be","AUX","VB","VerbForm=Inf","13","aux:pass",NA,NA
"doc163",1,1,"Public health in low-income food-deficit countries could be impacted if changes occur in their access to fish.",61,68,13,"13","impacted","impacte","VERB","VBN","Tense=Past|VerbForm=Part|Voice=Pass","0","root",NA,NA
"doc163",1,1,"Public health in low-income food-deficit countries could be impacted if changes occur in their access to fish.",70,71,14,"14","if","if","SCONJ","IN",NA,"16","mark",NA,NA
"doc163",1,1,"Public health in low-income food-deficit countries could be impacted if changes occur in their access to fish.",73,79,15,"15","changes","change","NOUN","NNS","Number=Plur","16","nsubj",NA,NA
"doc163",1,1,"Public health in low-income food-deficit countries could be impacted if changes occur in their access to fish.",81,85,16,"16","occur","occur","VERB","VBP","Mood=Ind|Tense=Pres|VerbForm=Fin","13","advcl",NA,NA
"doc163",1,1,"Public health in low-income food-deficit countries could be impacted if changes occur in their access to fish.",87,88,17,"17","in","in","ADP","IN",NA,"19","case",NA,NA
"doc163",1,1,"Public health in low-income food-deficit countries could be impacted if changes occur in their access to fish.",90,94,18,"18","their","they","PRON","PRP$","Number=Plur|Person=3|Poss=Yes|PronType=Prs","19","nmod:poss",NA,NA
"doc163",1,1,"Public health in low-income food-deficit countries could be impacted if changes occur in their access to fish.",96,101,19,"19","access","access","NOUN","NN","Number=Sing","16","obl",NA,NA
"doc163",1,1,"Public health in low-income food-deficit countries could be impacted if changes occur in their access to fish.",103,104,20,"20","to","to","ADP","IN",NA,"21","case",NA,NA
"doc163",1,1,"Public health in low-income food-deficit countries could be impacted if changes occur in their access to fish.",106,109,21,"21","fish","fish","NOUN","NNS","Number=Plur","19","nmod",NA,"SpaceAfter=No"
"doc163",1,1,"Public health in low-income food-deficit countries could be impacted if changes occur in their access to fish.",110,110,22,"22",".",".","PUNCT",".",NA,"13","punct",NA,"SpacesAfter=\n"
"doc164",1,1,"to identify clearer pathways for science advice, ensuring the evidence-base for closures is sound, adequate, and precautionary in nature.",1,2,1,"1","to","to","PART","TO",NA,"2","mark",NA,NA
"doc164",1,1,"to identify clearer pathways for science advice, ensuring the evidence-base for closures is sound, adequate, and precautionary in nature.",4,11,2,"2","identify","identify","VERB","VB","VerbForm=Inf","0","root",NA,NA
"doc164",1,1,"to identify clearer pathways for science advice, ensuring the evidence-base for closures is sound, adequate, and precautionary in nature.",13,19,3,"3","clearer","clearer","ADJ","JJR","Degree=Cmp","4","amod",NA,NA
"doc164",1,1,"to identify clearer pathways for science advice, ensuring the evidence-base for closures is sound, adequate, and precautionary in nature.",21,28,4,"4","pathways","pathway","NOUN","NNS","Number=Plur","2","obj",NA,NA
"doc164",1,1,"to identify clearer pathways for science advice, ensuring the evidence-base for closures is sound, adequate, and precautionary in nature.",30,32,5,"5","for","for","ADP","IN",NA,"7","case",NA,NA
"doc164",1,1,"to identify clearer pathways for science advice, ensuring the evidence-base for closures is sound, adequate, and precautionary in nature.",34,40,6,"6","science","science","NOUN","NN","Number=Sing","7","compound",NA,NA
"doc164",1,1,"to identify clearer pathways for science advice, ensuring the evidence-base for closures is sound, adequate, and precautionary in nature.",42,47,7,"7","advice","advice","NOUN","NN","Number=Sing","4","nmod",NA,"SpaceAfter=No"
"doc164",1,1,"to identify clearer pathways for science advice, ensuring the evidence-base for closures is sound, adequate, and precautionary in nature.",48,48,8,"8",",",",","PUNCT",",",NA,"2","punct",NA,NA
"doc164",1,1,"to identify clearer pathways for science advice, ensuring the evidence-base for closures is sound, adequate, and precautionary in nature.",50,57,9,"9","ensuring","ensure","VERB","VBG","VerbForm=Ger","2","advcl",NA,NA
"doc164",1,1,"to identify clearer pathways for science advice, ensuring the evidence-base for closures is sound, adequate, and precautionary in nature.",59,61,10,"10","the","the","DET","DT","Definite=Def|PronType=Art","13","det",NA,NA
"doc164",1,1,"to identify clearer pathways for science advice, ensuring the evidence-base for closures is sound, adequate, and precautionary in nature.",63,70,11,"11","evidence","evidence","NOUN","NN","Number=Sing","13","compound",NA,"SpaceAfter=No"
"doc164",1,1,"to identify clearer pathways for science advice, ensuring the evidence-base for closures is sound, adequate, and precautionary in nature.",71,71,12,"12","-","-","PUNCT","HYPH",NA,"13","punct",NA,"SpaceAfter=No"
"doc164",1,1,"to identify clearer pathways for science advice, ensuring the evidence-base for closures is sound, adequate, and precautionary in nature.",72,75,13,"13","base","base","NOUN","NN","Number=Sing","17","nsubj:pass",NA,NA
"doc164",1,1,"to identify clearer pathways for science advice, ensuring the evidence-base for closures is sound, adequate, and precautionary in nature.",77,79,14,"14","for","for","ADP","IN",NA,"15","case",NA,NA
"doc164",1,1,"to identify clearer pathways for science advice, ensuring the evidence-base for closures is sound, adequate, and precautionary in nature.",81,88,15,"15","closures","closure","NOUN","NNS","Number=Plur","13","nmod",NA,NA
"doc164",1,1,"to identify clearer pathways for science advice, ensuring the evidence-base for closures is sound, adequate, and precautionary in nature.",90,91,16,"16","is","be","AUX","VBZ","Mood=Ind|Number=Sing|Person=3|Tense=Pres|VerbForm=Fin","17","aux:pass",NA,NA
"doc164",1,1,"to identify clearer pathways for science advice, ensuring the evidence-base for closures is sound, adequate, and precautionary in nature.",93,97,17,"17","sound","sound","VERB","VBN","Tense=Past|VerbForm=Part|Voice=Pass","9","ccomp",NA,"SpaceAfter=No"
"doc164",1,1,"to identify clearer pathways for science advice, ensuring the evidence-base for closures is sound, adequate, and precautionary in nature.",98,98,18,"18",",",",","PUNCT",",",NA,"19","punct",NA,NA
"doc164",1,1,"to identify clearer pathways for science advice, ensuring the evidence-base for closures is sound, adequate, and precautionary in nature.",100,107,19,"19","adequate","adequate","ADJ","JJ","Degree=Pos","17","conj",NA,"SpaceAfter=No"
"doc164",1,1,"to identify clearer pathways for science advice, ensuring the evidence-base for closures is sound, adequate, and precautionary in nature.",108,108,20,"20",",",",","PUNCT",",",NA,"22","punct",NA,NA
"doc164",1,1,"to identify clearer pathways for science advice, ensuring the evidence-base for closures is sound, adequate, and precautionary in nature.",110,112,21,"21","and","and","CCONJ","CC",NA,"22","cc",NA,NA
"doc164",1,1,"to identify clearer pathways for science advice, ensuring the evidence-base for closures is sound, adequate, and precautionary in nature.",114,126,22,"22","precautionary","precautionary","ADJ","JJ","Degree=Pos","17","conj",NA,NA
"doc164",1,1,"to identify clearer pathways for science advice, ensuring the evidence-base for closures is sound, adequate, and precautionary in nature.",128,129,23,"23","in","in","ADP","IN",NA,"24","case",NA,NA
"doc164",1,1,"to identify clearer pathways for science advice, ensuring the evidence-base for closures is sound, adequate, and precautionary in nature.",131,136,24,"24","nature","nature","NOUN","NN","Number=Sing","22","obl",NA,"SpaceAfter=No"
"doc164",1,1,"to identify clearer pathways for science advice, ensuring the evidence-base for closures is sound, adequate, and precautionary in nature.",137,137,25,"25",".",".","PUNCT",".",NA,"2","punct",NA,"SpacesAfter=\n"
"doc165",1,1,"To adapt the concept of range state, from the Conservation of Migratory Species of Wild Animals, to reflect oceanographic and ecological connectivity.",1,2,1,"1","To","to","PART","TO",NA,"2","mark",NA,NA
"doc165",1,1,"To adapt the concept of range state, from the Conservation of Migratory Species of Wild Animals, to reflect oceanographic and ecological connectivity.",4,8,2,"2","adapt","adapt","VERB","VB","VerbForm=Inf","20","advcl",NA,NA
"doc165",1,1,"To adapt the concept of range state, from the Conservation of Migratory Species of Wild Animals, to reflect oceanographic and ecological connectivity.",10,12,3,"3","the","the","DET","DT","Definite=Def|PronType=Art","4","det",NA,NA
"doc165",1,1,"To adapt the concept of range state, from the Conservation of Migratory Species of Wild Animals, to reflect oceanographic and ecological connectivity.",14,20,4,"4","concept","concept","NOUN","NN","Number=Sing","2","obj",NA,NA
"doc165",1,1,"To adapt the concept of range state, from the Conservation of Migratory Species of Wild Animals, to reflect oceanographic and ecological connectivity.",22,23,5,"5","of","of","ADP","IN",NA,"7","case",NA,NA
"doc165",1,1,"To adapt the concept of range state, from the Conservation of Migratory Species of Wild Animals, to reflect oceanographic and ecological connectivity.",25,29,6,"6","range","range","NOUN","NN","Number=Sing","7","compound",NA,NA
"doc165",1,1,"To adapt the concept of range state, from the Conservation of Migratory Species of Wild Animals, to reflect oceanographic and ecological connectivity.",31,35,7,"7","state","state","NOUN","NN","Number=Sing","4","nmod",NA,"SpaceAfter=No"
"doc165",1,1,"To adapt the concept of range state, from the Conservation of Migratory Species of Wild Animals, to reflect oceanographic and ecological connectivity.",36,36,8,"8",",",",","PUNCT",",",NA,"20","punct",NA,NA
"doc165",1,1,"To adapt the concept of range state, from the Conservation of Migratory Species of Wild Animals, to reflect oceanographic and ecological connectivity.",38,41,9,"9","from","from","ADP","IN",NA,"11","case",NA,NA
"doc165",1,1,"To adapt the concept of range state, from the Conservation of Migratory Species of Wild Animals, to reflect oceanographic and ecological connectivity.",43,45,10,"10","the","the","DET","DT","Definite=Def|PronType=Art","11","det",NA,NA
"doc165",1,1,"To adapt the concept of range state, from the Conservation of Migratory Species of Wild Animals, to reflect oceanographic and ecological connectivity.",47,58,11,"11","Conservation","conservation","NOUN","NN","Number=Sing","20","obl",NA,NA
"doc165",1,1,"To adapt the concept of range state, from the Conservation of Migratory Species of Wild Animals, to reflect oceanographic and ecological connectivity.",60,61,12,"12","of","of","ADP","IN",NA,"14","case",NA,NA
"doc165",1,1,"To adapt the concept of range state, from the Conservation of Migratory Species of Wild Animals, to reflect oceanographic and ecological connectivity.",63,71,13,"13","Migratory","Migratory","ADJ","JJ","Degree=Pos","14","amod",NA,NA
"doc165",1,1,"To adapt the concept of range state, from the Conservation of Migratory Species of Wild Animals, to reflect oceanographic and ecological connectivity.",73,79,14,"14","Species","species","NOUN","NNS","Number=Plur","11","nmod",NA,NA
"doc165",1,1,"To adapt the concept of range state, from the Conservation of Migratory Species of Wild Animals, to reflect oceanographic and ecological connectivity.",81,82,15,"15","of","of","ADP","IN",NA,"17","case",NA,NA
"doc165",1,1,"To adapt the concept of range state, from the Conservation of Migratory Species of Wild Animals, to reflect oceanographic and ecological connectivity.",84,87,16,"16","Wild","Wild","ADJ","JJ","Degree=Pos","17","amod",NA,NA
"doc165",1,1,"To adapt the concept of range state, from the Conservation of Migratory Species of Wild Animals, to reflect oceanographic and ecological connectivity.",89,95,17,"17","Animals","Animals","NOUN","NNS","Number=Plur","14","nmod",NA,"SpaceAfter=No"
"doc165",1,1,"To adapt the concept of range state, from the Conservation of Migratory Species of Wild Animals, to reflect oceanographic and ecological connectivity.",96,96,18,"18",",",",","PUNCT",",",NA,"20","punct",NA,NA
"doc165",1,1,"To adapt the concept of range state, from the Conservation of Migratory Species of Wild Animals, to reflect oceanographic and ecological connectivity.",98,99,19,"19","to","to","PART","TO",NA,"20","mark",NA,NA
"doc165",1,1,"To adapt the concept of range state, from the Conservation of Migratory Species of Wild Animals, to reflect oceanographic and ecological connectivity.",101,107,20,"20","reflect","reflect","VERB","VB","VerbForm=Inf","0","root",NA,NA
"doc165",1,1,"To adapt the concept of range state, from the Conservation of Migratory Species of Wild Animals, to reflect oceanographic and ecological connectivity.",109,121,21,"21","oceanographic","oceanographic","ADJ","JJ","Degree=Pos","24","amod",NA,NA
"doc165",1,1,"To adapt the concept of range state, from the Conservation of Migratory Species of Wild Animals, to reflect oceanographic and ecological connectivity.",123,125,22,"22","and","and","CCONJ","CC",NA,"23","cc",NA,NA
"doc165",1,1,"To adapt the concept of range state, from the Conservation of Migratory Species of Wild Animals, to reflect oceanographic and ecological connectivity.",127,136,23,"23","ecological","ecological","ADJ","JJ","Degree=Pos","21","conj",NA,NA
"doc165",1,1,"To adapt the concept of range state, from the Conservation of Migratory Species of Wild Animals, to reflect oceanographic and ecological connectivity.",138,149,24,"24","connectivity","connectivity","NOUN","NN","Number=Sing","20","obj",NA,"SpaceAfter=No"
"doc165",1,1,"To adapt the concept of range state, from the Conservation of Migratory Species of Wild Animals, to reflect oceanographic and ecological connectivity.",150,150,25,"25",".",".","PUNCT",".",NA,"20","punct",NA,"SpacesAfter=\n"
"doc166",1,1,"allows a coastal state to initiate a discussion about using ABMTs to support coastal state objectives.",1,6,1,"1","allows","allow","VERB","VBZ","Mood=Ind|Number=Sing|Person=3|Tense=Pres|VerbForm=Fin","0","root",NA,NA
"doc166",1,1,"allows a coastal state to initiate a discussion about using ABMTs to support coastal state objectives.",8,8,2,"2","a","a","DET","DT","Definite=Ind|PronType=Art","4","det",NA,NA
"doc166",1,1,"allows a coastal state to initiate a discussion about using ABMTs to support coastal state objectives.",10,16,3,"3","coastal","coastal","ADJ","JJ","Degree=Pos","4","amod",NA,NA
"doc166",1,1,"allows a coastal state to initiate a discussion about using ABMTs to support coastal state objectives.",18,22,4,"4","state","state","NOUN","NN","Number=Sing","1","obj",NA,NA
"doc166",1,1,"allows a coastal state to initiate a discussion about using ABMTs to support coastal state objectives.",24,25,5,"5","to","to","PART","TO",NA,"6","mark",NA,NA
"doc166",1,1,"allows a coastal state to initiate a discussion about using ABMTs to support coastal state objectives.",27,34,6,"6","initiate","initiate","VERB","VB","VerbForm=Inf","1","xcomp",NA,NA
"doc166",1,1,"allows a coastal state to initiate a discussion about using ABMTs to support coastal state objectives.",36,36,7,"7","a","a","DET","DT","Definite=Ind|PronType=Art","8","det",NA,NA
"doc166",1,1,"allows a coastal state to initiate a discussion about using ABMTs to support coastal state objectives.",38,47,8,"8","discussion","discussion","NOUN","NN","Number=Sing","6","obj",NA,NA
"doc166",1,1,"allows a coastal state to initiate a discussion about using ABMTs to support coastal state objectives.",49,53,9,"9","about","about","SCONJ","IN",NA,"10","mark",NA,NA
"doc166",1,1,"allows a coastal state to initiate a discussion about using ABMTs to support coastal state objectives.",55,59,10,"10","using","use","VERB","VBG","VerbForm=Ger","8","acl",NA,NA
"doc166",1,1,"allows a coastal state to initiate a discussion about using ABMTs to support coastal state objectives.",61,65,11,"11","ABMTs","ABMTs","NOUN","NNS","Number=Plur","10","obj",NA,NA
"doc166",1,1,"allows a coastal state to initiate a discussion about using ABMTs to support coastal state objectives.",67,68,12,"12","to","to","PART","TO",NA,"13","mark",NA,NA
"doc166",1,1,"allows a coastal state to initiate a discussion about using ABMTs to support coastal state objectives.",70,76,13,"13","support","support","VERB","VB","VerbForm=Inf","10","xcomp",NA,NA
"doc166",1,1,"allows a coastal state to initiate a discussion about using ABMTs to support coastal state objectives.",78,84,14,"14","coastal","coastal","ADJ","JJ","Degree=Pos","16","amod",NA,NA
"doc166",1,1,"allows a coastal state to initiate a discussion about using ABMTs to support coastal state objectives.",86,90,15,"15","state","state","NOUN","NN","Number=Sing","16","compound",NA,NA
"doc166",1,1,"allows a coastal state to initiate a discussion about using ABMTs to support coastal state objectives.",92,101,16,"16","objectives","objective","NOUN","NNS","Number=Plur","13","obj",NA,"SpaceAfter=No"
"doc166",1,1,"allows a coastal state to initiate a discussion about using ABMTs to support coastal state objectives.",102,102,17,"17",".",".","PUNCT",".",NA,"1","punct",NA,"SpacesAfter=\n"
"doc167",1,1,"to overcome problems related with the legal relationships between UNCLOS and treaties on the basis of which RFMOs were constituted",1,2,1,"1","to","to","PART","TO",NA,"2","mark",NA,NA
"doc167",1,1,"to overcome problems related with the legal relationships between UNCLOS and treaties on the basis of which RFMOs were constituted",4,11,2,"2","overcome","overcome","VERB","VB","VerbForm=Inf","0","root",NA,NA
"doc167",1,1,"to overcome problems related with the legal relationships between UNCLOS and treaties on the basis of which RFMOs were constituted",13,20,3,"3","problems","problem","NOUN","NNS","Number=Plur","2","obj",NA,NA
"doc167",1,1,"to overcome problems related with the legal relationships between UNCLOS and treaties on the basis of which RFMOs were constituted",22,28,4,"4","related","related","ADJ","JJ","Degree=Pos","3","amod",NA,NA
"doc167",1,1,"to overcome problems related with the legal relationships between UNCLOS and treaties on the basis of which RFMOs were constituted",30,33,5,"5","with","with","ADP","IN",NA,"8","case",NA,NA
"doc167",1,1,"to overcome problems related with the legal relationships between UNCLOS and treaties on the basis of which RFMOs were constituted",35,37,6,"6","the","the","DET","DT","Definite=Def|PronType=Art","8","det",NA,NA
"doc167",1,1,"to overcome problems related with the legal relationships between UNCLOS and treaties on the basis of which RFMOs were constituted",39,43,7,"7","legal","legal","ADJ","JJ","Degree=Pos","8","amod",NA,NA
"doc167",1,1,"to overcome problems related with the legal relationships between UNCLOS and treaties on the basis of which RFMOs were constituted",45,57,8,"8","relationships","relationship","NOUN","NNS","Number=Plur","2","obl",NA,NA
"doc167",1,1,"to overcome problems related with the legal relationships between UNCLOS and treaties on the basis of which RFMOs were constituted",59,65,9,"9","between","between","ADP","IN",NA,"10","case",NA,NA
"doc167",1,1,"to overcome problems related with the legal relationships between UNCLOS and treaties on the basis of which RFMOs were constituted",67,72,10,"10","UNCLOS","Unclo","NOUN","NNS","Number=Plur","8","nmod",NA,NA
"doc167",1,1,"to overcome problems related with the legal relationships between UNCLOS and treaties on the basis of which RFMOs were constituted",74,76,11,"11","and","and","CCONJ","CC",NA,"12","cc",NA,NA
"doc167",1,1,"to overcome problems related with the legal relationships between UNCLOS and treaties on the basis of which RFMOs were constituted",78,85,12,"12","treaties","treaty","NOUN","NNS","Number=Plur","10","conj",NA,NA
"doc167",1,1,"to overcome problems related with the legal relationships between UNCLOS and treaties on the basis of which RFMOs were constituted",87,88,13,"13","on","on","ADP","IN",NA,"15","case",NA,NA
"doc167",1,1,"to overcome problems related with the legal relationships between UNCLOS and treaties on the basis of which RFMOs were constituted",90,92,14,"14","the","the","DET","DT","Definite=Def|PronType=Art","15","det",NA,NA
"doc167",1,1,"to overcome problems related with the legal relationships between UNCLOS and treaties on the basis of which RFMOs were constituted",94,98,15,"15","basis","basis","NOUN","NN","Number=Sing","2","obl",NA,NA
"doc167",1,1,"to overcome problems related with the legal relationships between UNCLOS and treaties on the basis of which RFMOs were constituted",100,101,16,"16","of","of","ADP","IN",NA,"17","case",NA,NA
"doc167",1,1,"to overcome problems related with the legal relationships between UNCLOS and treaties on the basis of which RFMOs were constituted",103,107,17,"17","which","which","PRON","WDT","PronType=Rel","20","obl",NA,NA
"doc167",1,1,"to overcome problems related with the legal relationships between UNCLOS and treaties on the basis of which RFMOs were constituted",109,113,18,"18","RFMOs","RFMOs","NOUN","NNS","Number=Plur","20","nsubj:pass",NA,NA
"doc167",1,1,"to overcome problems related with the legal relationships between UNCLOS and treaties on the basis of which RFMOs were constituted",115,118,19,"19","were","be","AUX","VBD","Mood=Ind|Tense=Past|VerbForm=Fin","20","aux:pass",NA,NA
"doc167",1,1,"to overcome problems related with the legal relationships between UNCLOS and treaties on the basis of which RFMOs were constituted",120,130,20,"20","constituted","constitute","VERB","VBN","Tense=Past|VerbForm=Part|Voice=Pass","15","acl:relcl",NA,"SpacesAfter=\n"
"doc168",1,1,"ABNJ remain politically and jurisdictionally defined spaces that do not necessarily follow ecosystems, and do not represent the essential geophysical unity of the oceans.",1,4,1,"1","ABNJ","ABNJ","PROPN","NNP","Number=Sing","2","nsubj",NA,NA
"doc168",1,1,"ABNJ remain politically and jurisdictionally defined spaces that do not necessarily follow ecosystems, and do not represent the essential geophysical unity of the oceans.",6,11,2,"2","remain","remain","VERB","VBP","Mood=Ind|Tense=Pres|VerbForm=Fin","0","root",NA,NA
"doc168",1,1,"ABNJ remain politically and jurisdictionally defined spaces that do not necessarily follow ecosystems, and do not represent the essential geophysical unity of the oceans.",13,23,3,"3","politically","politically","ADV","RB",NA,"2","advmod",NA,NA
"doc168",1,1,"ABNJ remain politically and jurisdictionally defined spaces that do not necessarily follow ecosystems, and do not represent the essential geophysical unity of the oceans.",25,27,4,"4","and","and","CCONJ","CC",NA,"7","cc",NA,NA
"doc168",1,1,"ABNJ remain politically and jurisdictionally defined spaces that do not necessarily follow ecosystems, and do not represent the essential geophysical unity of the oceans.",29,44,5,"5","jurisdictionally","jurisdictionally","ADV","RB",NA,"6","advmod",NA,NA
"doc168",1,1,"ABNJ remain politically and jurisdictionally defined spaces that do not necessarily follow ecosystems, and do not represent the essential geophysical unity of the oceans.",46,52,6,"6","defined","define","VERB","VBN","Tense=Past|VerbForm=Part","7","amod",NA,NA
"doc168",1,1,"ABNJ remain politically and jurisdictionally defined spaces that do not necessarily follow ecosystems, and do not represent the essential geophysical unity of the oceans.",54,59,7,"7","spaces","space","NOUN","NNS","Number=Plur","2","conj",NA,NA
"doc168",1,1,"ABNJ remain politically and jurisdictionally defined spaces that do not necessarily follow ecosystems, and do not represent the essential geophysical unity of the oceans.",61,64,8,"8","that","that","PRON","WDT","PronType=Rel","12","nsubj",NA,NA
"doc168",1,1,"ABNJ remain politically and jurisdictionally defined spaces that do not necessarily follow ecosystems, and do not represent the essential geophysical unity of the oceans.",66,67,9,"9","do","do","AUX","VBP","Mood=Ind|Tense=Pres|VerbForm=Fin","12","aux",NA,NA
"doc168",1,1,"ABNJ remain politically and jurisdictionally defined spaces that do not necessarily follow ecosystems, and do not represent the essential geophysical unity of the oceans.",69,71,10,"10","not","not","PART","RB",NA,"12","advmod",NA,NA
"doc168",1,1,"ABNJ remain politically and jurisdictionally defined spaces that do not necessarily follow ecosystems, and do not represent the essential geophysical unity of the oceans.",73,83,11,"11","necessarily","necessarily","ADV","RB",NA,"12","advmod",NA,NA
"doc168",1,1,"ABNJ remain politically and jurisdictionally defined spaces that do not necessarily follow ecosystems, and do not represent the essential geophysical unity of the oceans.",85,90,12,"12","follow","follow","VERB","VB","VerbForm=Inf","7","acl:relcl",NA,NA
"doc168",1,1,"ABNJ remain politically and jurisdictionally defined spaces that do not necessarily follow ecosystems, and do not represent the essential geophysical unity of the oceans.",92,101,13,"13","ecosystems","ecosystem","NOUN","NNS","Number=Plur","12","obj",NA,"SpaceAfter=No"
"doc168",1,1,"ABNJ remain politically and jurisdictionally defined spaces that do not necessarily follow ecosystems, and do not represent the essential geophysical unity of the oceans.",102,102,14,"14",",",",","PUNCT",",",NA,"18","punct",NA,NA
"doc168",1,1,"ABNJ remain politically and jurisdictionally defined spaces that do not necessarily follow ecosystems, and do not represent the essential geophysical unity of the oceans.",104,106,15,"15","and","and","CCONJ","CC",NA,"18","cc",NA,NA
"doc168",1,1,"ABNJ remain politically and jurisdictionally defined spaces that do not necessarily follow ecosystems, and do not represent the essential geophysical unity of the oceans.",108,109,16,"16","do","do","AUX","VBP","Mood=Ind|Tense=Pres|VerbForm=Fin","18","aux",NA,NA
"doc168",1,1,"ABNJ remain politically and jurisdictionally defined spaces that do not necessarily follow ecosystems, and do not represent the essential geophysical unity of the oceans.",111,113,17,"17","not","not","PART","RB",NA,"18","advmod",NA,NA
"doc168",1,1,"ABNJ remain politically and jurisdictionally defined spaces that do not necessarily follow ecosystems, and do not represent the essential geophysical unity of the oceans.",115,123,18,"18","represent","represent","VERB","VB","VerbForm=Inf","12","conj",NA,NA
"doc168",1,1,"ABNJ remain politically and jurisdictionally defined spaces that do not necessarily follow ecosystems, and do not represent the essential geophysical unity of the oceans.",125,127,19,"19","the","the","DET","DT","Definite=Def|PronType=Art","22","det",NA,NA
"doc168",1,1,"ABNJ remain politically and jurisdictionally defined spaces that do not necessarily follow ecosystems, and do not represent the essential geophysical unity of the oceans.",129,137,20,"20","essential","essential","ADJ","JJ","Degree=Pos","22","amod",NA,NA
"doc168",1,1,"ABNJ remain politically and jurisdictionally defined spaces that do not necessarily follow ecosystems, and do not represent the essential geophysical unity of the oceans.",139,149,21,"21","geophysical","geophysical","ADJ","JJ","Degree=Pos","22","amod",NA,NA
"doc168",1,1,"ABNJ remain politically and jurisdictionally defined spaces that do not necessarily follow ecosystems, and do not represent the essential geophysical unity of the oceans.",151,155,22,"22","unity","unity","NOUN","NN","Number=Sing","18","obj",NA,NA
"doc168",1,1,"ABNJ remain politically and jurisdictionally defined spaces that do not necessarily follow ecosystems, and do not represent the essential geophysical unity of the oceans.",157,158,23,"23","of","of","ADP","IN",NA,"25","case",NA,NA
"doc168",1,1,"ABNJ remain politically and jurisdictionally defined spaces that do not necessarily follow ecosystems, and do not represent the essential geophysical unity of the oceans.",160,162,24,"24","the","the","DET","DT","Definite=Def|PronType=Art","25","det",NA,NA
"doc168",1,1,"ABNJ remain politically and jurisdictionally defined spaces that do not necessarily follow ecosystems, and do not represent the essential geophysical unity of the oceans.",164,169,25,"25","oceans","oceans","NOUN","NNS","Number=Plur","22","nmod",NA,"SpaceAfter=No"
"doc168",1,1,"ABNJ remain politically and jurisdictionally defined spaces that do not necessarily follow ecosystems, and do not represent the essential geophysical unity of the oceans.",170,170,26,"26",".",".","PUNCT",".",NA,"2","punct",NA,"SpacesAfter=\n"
"doc169",1,1,"to include IUCN-recommended high seas principles to create a strong link between the South West Pacific regional ocean governance system and the agreement.",1,2,1,"1","to","to","PART","TO",NA,"2","mark",NA,NA
"doc169",1,1,"to include IUCN-recommended high seas principles to create a strong link between the South West Pacific regional ocean governance system and the agreement.",4,10,2,"2","include","include","VERB","VB","VerbForm=Inf","0","root",NA,NA
"doc169",1,1,"to include IUCN-recommended high seas principles to create a strong link between the South West Pacific regional ocean governance system and the agreement.",12,15,3,"3","IUCN","IUCN","ADV","RB",NA,"5","advmod",NA,"SpaceAfter=No"
"doc169",1,1,"to include IUCN-recommended high seas principles to create a strong link between the South West Pacific regional ocean governance system and the agreement.",16,16,4,"4","-","-","PUNCT","HYPH",NA,"5","punct",NA,"SpaceAfter=No"
"doc169",1,1,"to include IUCN-recommended high seas principles to create a strong link between the South West Pacific regional ocean governance system and the agreement.",17,27,5,"5","recommended","recommend","VERB","VBN","Tense=Past|VerbForm=Part","8","amod",NA,NA
"doc169",1,1,"to include IUCN-recommended high seas principles to create a strong link between the South West Pacific regional ocean governance system and the agreement.",29,32,6,"6","high","high","ADJ","JJ","Degree=Pos","8","amod",NA,NA
"doc169",1,1,"to include IUCN-recommended high seas principles to create a strong link between the South West Pacific regional ocean governance system and the agreement.",34,37,7,"7","seas","seas","NOUN","NN","Number=Sing","8","compound",NA,NA
"doc169",1,1,"to include IUCN-recommended high seas principles to create a strong link between the South West Pacific regional ocean governance system and the agreement.",39,48,8,"8","principles","principle","NOUN","NNS","Number=Plur","2","obj",NA,NA
"doc169",1,1,"to include IUCN-recommended high seas principles to create a strong link between the South West Pacific regional ocean governance system and the agreement.",50,51,9,"9","to","to","PART","TO",NA,"10","mark",NA,NA
"doc169",1,1,"to include IUCN-recommended high seas principles to create a strong link between the South West Pacific regional ocean governance system and the agreement.",53,58,10,"10","create","create","VERB","VB","VerbForm=Inf","2","xcomp",NA,NA
"doc169",1,1,"to include IUCN-recommended high seas principles to create a strong link between the South West Pacific regional ocean governance system and the agreement.",60,60,11,"11","a","a","DET","DT","Definite=Ind|PronType=Art","13","det",NA,NA
"doc169",1,1,"to include IUCN-recommended high seas principles to create a strong link between the South West Pacific regional ocean governance system and the agreement.",62,67,12,"12","strong","strong","ADJ","JJ","Degree=Pos","13","amod",NA,NA
"doc169",1,1,"to include IUCN-recommended high seas principles to create a strong link between the South West Pacific regional ocean governance system and the agreement.",69,72,13,"13","link","link","NOUN","NN","Number=Sing","10","obj",NA,NA
"doc169",1,1,"to include IUCN-recommended high seas principles to create a strong link between the South West Pacific regional ocean governance system and the agreement.",74,80,14,"14","between","between","ADP","IN",NA,"22","case",NA,NA
"doc169",1,1,"to include IUCN-recommended high seas principles to create a strong link between the South West Pacific regional ocean governance system and the agreement.",82,84,15,"15","the","the","DET","DT","Definite=Def|PronType=Art","22","det",NA,NA
"doc169",1,1,"to include IUCN-recommended high seas principles to create a strong link between the South West Pacific regional ocean governance system and the agreement.",86,90,16,"16","South","south","PROPN","NNP","Number=Sing","18","compound",NA,NA
"doc169",1,1,"to include IUCN-recommended high seas principles to create a strong link between the South West Pacific regional ocean governance system and the agreement.",92,95,17,"17","West","West","PROPN","NNP","Number=Sing","18","compound",NA,NA
"doc169",1,1,"to include IUCN-recommended high seas principles to create a strong link between the South West Pacific regional ocean governance system and the agreement.",97,103,18,"18","Pacific","Pacific","PROPN","NNP","Number=Sing","22","compound",NA,NA
"doc169",1,1,"to include IUCN-recommended high seas principles to create a strong link between the South West Pacific regional ocean governance system and the agreement.",105,112,19,"19","regional","regional","ADJ","JJ","Degree=Pos","22","amod",NA,NA
"doc169",1,1,"to include IUCN-recommended high seas principles to create a strong link between the South West Pacific regional ocean governance system and the agreement.",114,118,20,"20","ocean","ocean","ADJ","JJ","Degree=Pos","22","amod",NA,NA
"doc169",1,1,"to include IUCN-recommended high seas principles to create a strong link between the South West Pacific regional ocean governance system and the agreement.",120,129,21,"21","governance","governance","NOUN","NN","Number=Sing","22","compound",NA,NA
"doc169",1,1,"to include IUCN-recommended high seas principles to create a strong link between the South West Pacific regional ocean governance system and the agreement.",131,136,22,"22","system","system","NOUN","NN","Number=Sing","13","nmod",NA,NA
"doc169",1,1,"to include IUCN-recommended high seas principles to create a strong link between the South West Pacific regional ocean governance system and the agreement.",138,140,23,"23","and","and","CCONJ","CC",NA,"25","cc",NA,NA
"doc169",1,1,"to include IUCN-recommended high seas principles to create a strong link between the South West Pacific regional ocean governance system and the agreement.",142,144,24,"24","the","the","DET","DT","Definite=Def|PronType=Art","25","det",NA,NA
"doc169",1,1,"to include IUCN-recommended high seas principles to create a strong link between the South West Pacific regional ocean governance system and the agreement.",146,154,25,"25","agreement","agreement","NOUN","NN","Number=Sing","22","conj",NA,"SpaceAfter=No"
"doc169",1,1,"to include IUCN-recommended high seas principles to create a strong link between the South West Pacific regional ocean governance system and the agreement.",155,155,26,"26",".",".","PUNCT",".",NA,"2","punct",NA,"SpacesAfter=\n"
"doc170",1,1,"To include provisions on the freedom to lay submarine cables and pipelines",1,2,1,"1","To","to","PART","TO",NA,"2","mark",NA,NA
"doc170",1,1,"To include provisions on the freedom to lay submarine cables and pipelines",4,10,2,"2","include","include","VERB","VB","VerbForm=Inf","0","root",NA,NA
"doc170",1,1,"To include provisions on the freedom to lay submarine cables and pipelines",12,21,3,"3","provisions","provision","NOUN","NNS","Number=Plur","2","obj",NA,NA
"doc170",1,1,"To include provisions on the freedom to lay submarine cables and pipelines",23,24,4,"4","on","on","ADP","IN",NA,"6","case",NA,NA
"doc170",1,1,"To include provisions on the freedom to lay submarine cables and pipelines",26,28,5,"5","the","the","DET","DT","Definite=Def|PronType=Art","6","det",NA,NA
"doc170",1,1,"To include provisions on the freedom to lay submarine cables and pipelines",30,36,6,"6","freedom","freedom","NOUN","NN","Number=Sing","3","nmod",NA,NA
"doc170",1,1,"To include provisions on the freedom to lay submarine cables and pipelines",38,39,7,"7","to","to","PART","TO",NA,"8","mark",NA,NA
"doc170",1,1,"To include provisions on the freedom to lay submarine cables and pipelines",41,43,8,"8","lay","lay","VERB","VB","VerbForm=Inf","2","advcl",NA,NA
"doc170",1,1,"To include provisions on the freedom to lay submarine cables and pipelines",45,53,9,"9","submarine","submarine","NOUN","NN","Number=Sing","10","compound",NA,NA
"doc170",1,1,"To include provisions on the freedom to lay submarine cables and pipelines",55,60,10,"10","cables","cable","NOUN","NNS","Number=Plur","8","obj",NA,NA
"doc170",1,1,"To include provisions on the freedom to lay submarine cables and pipelines",62,64,11,"11","and","and","CCONJ","CC",NA,"12","cc",NA,NA
"doc170",1,1,"To include provisions on the freedom to lay submarine cables and pipelines",66,74,12,"12","pipelines","pipeline","NOUN","NNS","Number=Plur","10","conj",NA,"SpacesAfter=\n"
"doc171",1,1,"to impel RFMOs to respect principles similar to those of the Fish Stocks Agreement.",1,2,1,"1","to","to","PART","TO",NA,"2","mark",NA,NA
"doc171",1,1,"to impel RFMOs to respect principles similar to those of the Fish Stocks Agreement.",4,8,2,"2","impel","impel","VERB","VB","VerbForm=Inf","0","root",NA,NA
"doc171",1,1,"to impel RFMOs to respect principles similar to those of the Fish Stocks Agreement.",10,14,3,"3","RFMOs","RFMOs","NOUN","NNS","Number=Plur","2","obj",NA,NA
"doc171",1,1,"to impel RFMOs to respect principles similar to those of the Fish Stocks Agreement.",16,17,4,"4","to","to","PART","TO",NA,"5","mark",NA,NA
"doc171",1,1,"to impel RFMOs to respect principles similar to those of the Fish Stocks Agreement.",19,25,5,"5","respect","respect","VERB","VB","VerbForm=Inf","2","advcl",NA,NA
"doc171",1,1,"to impel RFMOs to respect principles similar to those of the Fish Stocks Agreement.",27,36,6,"6","principles","principle","NOUN","NNS","Number=Plur","5","obj",NA,NA
"doc171",1,1,"to impel RFMOs to respect principles similar to those of the Fish Stocks Agreement.",38,44,7,"7","similar","similar","ADJ","JJ","Degree=Pos","6","amod",NA,NA
"doc171",1,1,"to impel RFMOs to respect principles similar to those of the Fish Stocks Agreement.",46,47,8,"8","to","to","ADP","IN",NA,"9","case",NA,NA
"doc171",1,1,"to impel RFMOs to respect principles similar to those of the Fish Stocks Agreement.",49,53,9,"9","those","those","PRON","DT","Number=Plur|PronType=Dem","7","obl",NA,NA
"doc171",1,1,"to impel RFMOs to respect principles similar to those of the Fish Stocks Agreement.",55,56,10,"10","of","of","ADP","IN",NA,"14","case",NA,NA
"doc171",1,1,"to impel RFMOs to respect principles similar to those of the Fish Stocks Agreement.",58,60,11,"11","the","the","DET","DT","Definite=Def|PronType=Art","14","det",NA,NA
"doc171",1,1,"to impel RFMOs to respect principles similar to those of the Fish Stocks Agreement.",62,65,12,"12","Fish","Fish","PROPN","NNP","Number=Sing","13","compound",NA,NA
"doc171",1,1,"to impel RFMOs to respect principles similar to those of the Fish Stocks Agreement.",67,72,13,"13","Stocks","stock","PROPN","NNPS","Number=Plur","14","compound",NA,NA
"doc171",1,1,"to impel RFMOs to respect principles similar to those of the Fish Stocks Agreement.",74,82,14,"14","Agreement","agreement","NOUN","NN","Number=Sing","9","nmod",NA,"SpaceAfter=No"
"doc171",1,1,"to impel RFMOs to respect principles similar to those of the Fish Stocks Agreement.",83,83,15,"15",".",".","PUNCT",".",NA,"2","punct",NA,"SpacesAfter=\n"
"doc172",1,1,"to address the significant governance gaps in coverage under regional seas organizations",1,2,1,"1","to","to","PART","TO",NA,"2","mark",NA,NA
"doc172",1,1,"to address the significant governance gaps in coverage under regional seas organizations",4,10,2,"2","address","address","VERB","VB","VerbForm=Inf","0","root",NA,NA
"doc172",1,1,"to address the significant governance gaps in coverage under regional seas organizations",12,14,3,"3","the","the","DET","DT","Definite=Def|PronType=Art","6","det",NA,NA
"doc172",1,1,"to address the significant governance gaps in coverage under regional seas organizations",16,26,4,"4","significant","significant","ADJ","JJ","Degree=Pos","6","amod",NA,NA
"doc172",1,1,"to address the significant governance gaps in coverage under regional seas organizations",28,37,5,"5","governance","governance","NOUN","NN","Number=Sing","6","compound",NA,NA
"doc172",1,1,"to address the significant governance gaps in coverage under regional seas organizations",39,42,6,"6","gaps","gap","NOUN","NNS","Number=Plur","2","obj",NA,NA
"doc172",1,1,"to address the significant governance gaps in coverage under regional seas organizations",44,45,7,"7","in","in","ADP","IN",NA,"8","case",NA,NA
"doc172",1,1,"to address the significant governance gaps in coverage under regional seas organizations",47,54,8,"8","coverage","coverage","NOUN","NN","Number=Sing","6","nmod",NA,NA
"doc172",1,1,"to address the significant governance gaps in coverage under regional seas organizations",56,60,9,"9","under","under","ADP","IN",NA,"12","case",NA,NA
"doc172",1,1,"to address the significant governance gaps in coverage under regional seas organizations",62,69,10,"10","regional","regional","ADJ","JJ","Degree=Pos","11","amod",NA,NA
"doc172",1,1,"to address the significant governance gaps in coverage under regional seas organizations",71,74,11,"11","seas","seas","NOUN","NN","Number=Sing","12","compound",NA,NA
"doc172",1,1,"to address the significant governance gaps in coverage under regional seas organizations",76,88,12,"12","organizations","organizations","NOUN","NNS","Number=Plur","2","obl",NA,"SpacesAfter=\n"
"doc173",1,1,"to include practical provisions to ensure effective Monitoring Compliance and Surveillance.",1,2,1,"1","to","to","PART","TO",NA,"2","mark",NA,NA
"doc173",1,1,"to include practical provisions to ensure effective Monitoring Compliance and Surveillance.",4,10,2,"2","include","include","VERB","VB","VerbForm=Inf","0","root",NA,NA
"doc173",1,1,"to include practical provisions to ensure effective Monitoring Compliance and Surveillance.",12,20,3,"3","practical","practical","ADJ","JJ","Degree=Pos","4","amod",NA,NA
"doc173",1,1,"to include practical provisions to ensure effective Monitoring Compliance and Surveillance.",22,31,4,"4","provisions","provision","NOUN","NNS","Number=Plur","2","obj",NA,NA
"doc173",1,1,"to include practical provisions to ensure effective Monitoring Compliance and Surveillance.",33,34,5,"5","to","to","PART","TO",NA,"6","mark",NA,NA
"doc173",1,1,"to include practical provisions to ensure effective Monitoring Compliance and Surveillance.",36,41,6,"6","ensure","ensure","VERB","VB","VerbForm=Inf","4","acl",NA,NA
"doc173",1,1,"to include practical provisions to ensure effective Monitoring Compliance and Surveillance.",43,51,7,"7","effective","effective","ADJ","JJ","Degree=Pos","9","amod",NA,NA
"doc173",1,1,"to include practical provisions to ensure effective Monitoring Compliance and Surveillance.",53,62,8,"8","Monitoring","Monitoring","NOUN","NN","Number=Sing","9","compound",NA,NA
"doc173",1,1,"to include practical provisions to ensure effective Monitoring Compliance and Surveillance.",64,73,9,"9","Compliance","compliance","NOUN","NN","Number=Sing","6","obj",NA,NA
"doc173",1,1,"to include practical provisions to ensure effective Monitoring Compliance and Surveillance.",75,77,10,"10","and","and","CCONJ","CC",NA,"11","cc",NA,NA
"doc173",1,1,"to include practical provisions to ensure effective Monitoring Compliance and Surveillance.",79,90,11,"11","Surveillance","surveillance","NOUN","NN","Number=Sing","9","conj",NA,"SpaceAfter=No"
"doc173",1,1,"to include practical provisions to ensure effective Monitoring Compliance and Surveillance.",91,91,12,"12",".",".","PUNCT",".",NA,"2","punct",NA,"SpacesAfter=\n"
"doc174",1,1,"The interests of OECD member states differ substantially from LDCs and SIDS, suggesting that imbalanced representation has the potential to result in skewed negotiations.",1,3,1,"1","The","the","DET","DT","Definite=Def|PronType=Art","2","det",NA,NA
"doc174",1,1,"The interests of OECD member states differ substantially from LDCs and SIDS, suggesting that imbalanced representation has the potential to result in skewed negotiations.",5,13,2,"2","interests","interests","NOUN","NNS","Number=Plur","7","nsubj",NA,NA
"doc174",1,1,"The interests of OECD member states differ substantially from LDCs and SIDS, suggesting that imbalanced representation has the potential to result in skewed negotiations.",15,16,3,"3","of","of","ADP","IN",NA,"6","case",NA,NA
"doc174",1,1,"The interests of OECD member states differ substantially from LDCs and SIDS, suggesting that imbalanced representation has the potential to result in skewed negotiations.",18,21,4,"4","OECD","OECD","ADJ","JJ","Degree=Pos","6","amod",NA,NA
"doc174",1,1,"The interests of OECD member states differ substantially from LDCs and SIDS, suggesting that imbalanced representation has the potential to result in skewed negotiations.",23,28,5,"5","member","member","NOUN","NN","Number=Sing","6","compound",NA,NA
"doc174",1,1,"The interests of OECD member states differ substantially from LDCs and SIDS, suggesting that imbalanced representation has the potential to result in skewed negotiations.",30,35,6,"6","states","state","NOUN","NNS","Number=Plur","2","nmod",NA,NA
"doc174",1,1,"The interests of OECD member states differ substantially from LDCs and SIDS, suggesting that imbalanced representation has the potential to result in skewed negotiations.",37,42,7,"7","differ","differ","VERB","VBP","Mood=Ind|Tense=Pres|VerbForm=Fin","0","root",NA,NA
"doc174",1,1,"The interests of OECD member states differ substantially from LDCs and SIDS, suggesting that imbalanced representation has the potential to result in skewed negotiations.",44,56,8,"8","substantially","substantially","ADV","RB",NA,"7","advmod",NA,NA
"doc174",1,1,"The interests of OECD member states differ substantially from LDCs and SIDS, suggesting that imbalanced representation has the potential to result in skewed negotiations.",58,61,9,"9","from","from","ADP","IN",NA,"10","case",NA,NA
"doc174",1,1,"The interests of OECD member states differ substantially from LDCs and SIDS, suggesting that imbalanced representation has the potential to result in skewed negotiations.",63,66,10,"10","LDCs","LDCs","NOUN","NNS","Number=Plur","7","obl",NA,NA
"doc174",1,1,"The interests of OECD member states differ substantially from LDCs and SIDS, suggesting that imbalanced representation has the potential to result in skewed negotiations.",68,70,11,"11","and","and","CCONJ","CC",NA,"12","cc",NA,NA
"doc174",1,1,"The interests of OECD member states differ substantially from LDCs and SIDS, suggesting that imbalanced representation has the potential to result in skewed negotiations.",72,75,12,"12","SIDS","SIDS","NOUN","NNS","Number=Plur","10","conj",NA,"SpaceAfter=No"
"doc174",1,1,"The interests of OECD member states differ substantially from LDCs and SIDS, suggesting that imbalanced representation has the potential to result in skewed negotiations.",76,76,13,"13",",",",","PUNCT",",",NA,"7","punct",NA,NA
"doc174",1,1,"The interests of OECD member states differ substantially from LDCs and SIDS, suggesting that imbalanced representation has the potential to result in skewed negotiations.",78,87,14,"14","suggesting","suggest","VERB","VBG","VerbForm=Ger","7","advcl",NA,NA
"doc174",1,1,"The interests of OECD member states differ substantially from LDCs and SIDS, suggesting that imbalanced representation has the potential to result in skewed negotiations.",89,92,15,"15","that","that","SCONJ","IN",NA,"18","mark",NA,NA
"doc174",1,1,"The interests of OECD member states differ substantially from LDCs and SIDS, suggesting that imbalanced representation has the potential to result in skewed negotiations.",94,103,16,"16","imbalanced","imbalance","ADJ","JJ","Degree=Pos","17","amod",NA,NA
"doc174",1,1,"The interests of OECD member states differ substantially from LDCs and SIDS, suggesting that imbalanced representation has the potential to result in skewed negotiations.",105,118,17,"17","representation","representation","NOUN","NN","Number=Sing","18","nsubj",NA,NA
"doc174",1,1,"The interests of OECD member states differ substantially from LDCs and SIDS, suggesting that imbalanced representation has the potential to result in skewed negotiations.",120,122,18,"18","has","have","VERB","VBZ","Mood=Ind|Number=Sing|Person=3|Tense=Pres|VerbForm=Fin","14","ccomp",NA,NA
"doc174",1,1,"The interests of OECD member states differ substantially from LDCs and SIDS, suggesting that imbalanced representation has the potential to result in skewed negotiations.",124,126,19,"19","the","the","DET","DT","Definite=Def|PronType=Art","20","det",NA,NA
"doc174",1,1,"The interests of OECD member states differ substantially from LDCs and SIDS, suggesting that imbalanced representation has the potential to result in skewed negotiations.",128,136,20,"20","potential","potential","NOUN","NN","Number=Sing","18","obj",NA,NA
"doc174",1,1,"The interests of OECD member states differ substantially from LDCs and SIDS, suggesting that imbalanced representation has the potential to result in skewed negotiations.",138,139,21,"21","to","to","PART","TO",NA,"22","mark",NA,NA
"doc174",1,1,"The interests of OECD member states differ substantially from LDCs and SIDS, suggesting that imbalanced representation has the potential to result in skewed negotiations.",141,146,22,"22","result","result","VERB","VB","VerbForm=Inf","20","acl",NA,NA
"doc174",1,1,"The interests of OECD member states differ substantially from LDCs and SIDS, suggesting that imbalanced representation has the potential to result in skewed negotiations.",148,149,23,"23","in","in","ADP","IN",NA,"25","case",NA,NA
"doc174",1,1,"The interests of OECD member states differ substantially from LDCs and SIDS, suggesting that imbalanced representation has the potential to result in skewed negotiations.",151,156,24,"24","skewed","skewed","VERB","VBN","Tense=Past|VerbForm=Part","25","amod",NA,NA
"doc174",1,1,"The interests of OECD member states differ substantially from LDCs and SIDS, suggesting that imbalanced representation has the potential to result in skewed negotiations.",158,169,25,"25","negotiations","negotiation","NOUN","NNS","Number=Plur","22","obl",NA,"SpaceAfter=No"
"doc174",1,1,"The interests of OECD member states differ substantially from LDCs and SIDS, suggesting that imbalanced representation has the potential to result in skewed negotiations.",170,170,26,"26",".",".","PUNCT",".",NA,"7","punct",NA,"SpacesAfter=\n"
"doc175",1,1,"to include social science in the science advisory process from the start.",1,2,1,"1","to","to","PART","TO",NA,"2","mark",NA,NA
"doc175",1,1,"to include social science in the science advisory process from the start.",4,10,2,"2","include","include","VERB","VB","VerbForm=Inf","0","root",NA,NA
"doc175",1,1,"to include social science in the science advisory process from the start.",12,17,3,"3","social","social","ADJ","JJ","Degree=Pos","4","amod",NA,NA
"doc175",1,1,"to include social science in the science advisory process from the start.",19,25,4,"4","science","science","NOUN","NN","Number=Sing","2","obj",NA,NA
"doc175",1,1,"to include social science in the science advisory process from the start.",27,28,5,"5","in","in","ADP","IN",NA,"9","case",NA,NA
"doc175",1,1,"to include social science in the science advisory process from the start.",30,32,6,"6","the","the","DET","DT","Definite=Def|PronType=Art","9","det",NA,NA
"doc175",1,1,"to include social science in the science advisory process from the start.",34,40,7,"7","science","science","NOUN","NN","Number=Sing","9","compound",NA,NA
"doc175",1,1,"to include social science in the science advisory process from the start.",42,49,8,"8","advisory","advisory","ADJ","JJ","Degree=Pos","9","amod",NA,NA
"doc175",1,1,"to include social science in the science advisory process from the start.",51,57,9,"9","process","process","NOUN","NN","Number=Sing","2","obl",NA,NA
"doc175",1,1,"to include social science in the science advisory process from the start.",59,62,10,"10","from","from","ADP","IN",NA,"12","case",NA,NA
"doc175",1,1,"to include social science in the science advisory process from the start.",64,66,11,"11","the","the","DET","DT","Definite=Def|PronType=Art","12","det",NA,NA
"doc175",1,1,"to include social science in the science advisory process from the start.",68,72,12,"12","start","start","NOUN","NN","Number=Sing","9","nmod",NA,"SpaceAfter=No"
"doc175",1,1,"to include social science in the science advisory process from the start.",73,73,13,"13",".",".","PUNCT",".",NA,"2","punct",NA,"SpacesAfter=\n"
"doc176",1,1,"to explicitly provide that one aspect of due regard should be to achieve proportionate burden-sharing between developed and developing States.",1,2,1,"1","to","to","PART","TO",NA,"3","mark",NA,NA
"doc176",1,1,"to explicitly provide that one aspect of due regard should be to achieve proportionate burden-sharing between developed and developing States.",4,13,2,"2","explicitly","explicitly","ADV","RB",NA,"3","advmod",NA,NA
"doc176",1,1,"to explicitly provide that one aspect of due regard should be to achieve proportionate burden-sharing between developed and developing States.",15,21,3,"3","provide","provide","VERB","VB","VerbForm=Inf","0","root",NA,NA
"doc176",1,1,"to explicitly provide that one aspect of due regard should be to achieve proportionate burden-sharing between developed and developing States.",23,26,4,"4","that","that","SCONJ","IN",NA,"11","mark",NA,NA
"doc176",1,1,"to explicitly provide that one aspect of due regard should be to achieve proportionate burden-sharing between developed and developing States.",28,30,5,"5","one","one","NUM","CD","NumType=Card","6","nummod",NA,NA
"doc176",1,1,"to explicitly provide that one aspect of due regard should be to achieve proportionate burden-sharing between developed and developing States.",32,37,6,"6","aspect","aspect","NOUN","NN","Number=Sing","11","nsubj",NA,NA
"doc176",1,1,"to explicitly provide that one aspect of due regard should be to achieve proportionate burden-sharing between developed and developing States.",39,40,7,"7","of","of","ADP","IN",NA,"9","case",NA,NA
"doc176",1,1,"to explicitly provide that one aspect of due regard should be to achieve proportionate burden-sharing between developed and developing States.",42,44,8,"8","due","due","ADJ","JJ","Degree=Pos","9","amod",NA,NA
"doc176",1,1,"to explicitly provide that one aspect of due regard should be to achieve proportionate burden-sharing between developed and developing States.",46,51,9,"9","regard","regard","NOUN","NN","Number=Sing","6","nmod",NA,NA
"doc176",1,1,"to explicitly provide that one aspect of due regard should be to achieve proportionate burden-sharing between developed and developing States.",53,58,10,"10","should","should","AUX","MD","VerbForm=Fin","11","aux",NA,NA
"doc176",1,1,"to explicitly provide that one aspect of due regard should be to achieve proportionate burden-sharing between developed and developing States.",60,61,11,"11","be","be","VERB","VB","VerbForm=Inf","3","ccomp",NA,NA
"doc176",1,1,"to explicitly provide that one aspect of due regard should be to achieve proportionate burden-sharing between developed and developing States.",63,64,12,"12","to","to","PART","TO",NA,"13","mark",NA,NA
"doc176",1,1,"to explicitly provide that one aspect of due regard should be to achieve proportionate burden-sharing between developed and developing States.",66,72,13,"13","achieve","achieve","VERB","VB","VerbForm=Inf","11","advcl",NA,NA
"doc176",1,1,"to explicitly provide that one aspect of due regard should be to achieve proportionate burden-sharing between developed and developing States.",74,86,14,"14","proportionate","proportionate","ADJ","JJ","Degree=Pos","15","amod",NA,NA
"doc176",1,1,"to explicitly provide that one aspect of due regard should be to achieve proportionate burden-sharing between developed and developing States.",88,93,15,"15","burden","burden","NOUN","NN","Number=Sing","13","obj",NA,"SpaceAfter=No"
"doc176",1,1,"to explicitly provide that one aspect of due regard should be to achieve proportionate burden-sharing between developed and developing States.",94,94,16,"16","-","-","PUNCT",",",NA,"3","punct",NA,"SpaceAfter=No"
"doc176",1,1,"to explicitly provide that one aspect of due regard should be to achieve proportionate burden-sharing between developed and developing States.",95,101,17,"17","sharing","share","VERB","VBG","VerbForm=Ger","3","advcl",NA,NA
"doc176",1,1,"to explicitly provide that one aspect of due regard should be to achieve proportionate burden-sharing between developed and developing States.",103,109,18,"18","between","between","ADP","IN",NA,"19","mark",NA,NA
"doc176",1,1,"to explicitly provide that one aspect of due regard should be to achieve proportionate burden-sharing between developed and developing States.",111,119,19,"19","developed","develope","VERB","VBN","Tense=Past|VerbForm=Part","17","ccomp",NA,NA
"doc176",1,1,"to explicitly provide that one aspect of due regard should be to achieve proportionate burden-sharing between developed and developing States.",121,123,20,"20","and","and","CCONJ","CC",NA,"21","cc",NA,NA
"doc176",1,1,"to explicitly provide that one aspect of due regard should be to achieve proportionate burden-sharing between developed and developing States.",125,134,21,"21","developing","develope","VERB","VBG","VerbForm=Ger","19","conj",NA,NA
"doc176",1,1,"to explicitly provide that one aspect of due regard should be to achieve proportionate burden-sharing between developed and developing States.",136,141,22,"22","States","States","PROPN","NNP","Number=Sing","21","obj",NA,"SpaceAfter=No"
"doc176",1,1,"to explicitly provide that one aspect of due regard should be to achieve proportionate burden-sharing between developed and developing States.",142,142,23,"23",".",".","PUNCT",".",NA,"3","punct",NA,"SpacesAfter=\n"
"doc177",1,1,"to go beyond repeating the content of UNCLOS in relation to the continental shelf by creating a more workable system and avoid unnecessary conflicts.",1,2,1,"1","to","to","PART","TO",NA,"2","mark",NA,NA
"doc177",1,1,"to go beyond repeating the content of UNCLOS in relation to the continental shelf by creating a more workable system and avoid unnecessary conflicts.",4,5,2,"2","go","go","VERB","VB","VerbForm=Inf","0","root",NA,NA
"doc177",1,1,"to go beyond repeating the content of UNCLOS in relation to the continental shelf by creating a more workable system and avoid unnecessary conflicts.",7,12,3,"3","beyond","beyond","SCONJ","IN",NA,"4","mark",NA,NA
"doc177",1,1,"to go beyond repeating the content of UNCLOS in relation to the continental shelf by creating a more workable system and avoid unnecessary conflicts.",14,22,4,"4","repeating","repeat","VERB","VBG","VerbForm=Ger","2","advcl",NA,NA
"doc177",1,1,"to go beyond repeating the content of UNCLOS in relation to the continental shelf by creating a more workable system and avoid unnecessary conflicts.",24,26,5,"5","the","the","DET","DT","Definite=Def|PronType=Art","6","det",NA,NA
"doc177",1,1,"to go beyond repeating the content of UNCLOS in relation to the continental shelf by creating a more workable system and avoid unnecessary conflicts.",28,34,6,"6","content","content","NOUN","NN","Number=Sing","4","obj",NA,NA
"doc177",1,1,"to go beyond repeating the content of UNCLOS in relation to the continental shelf by creating a more workable system and avoid unnecessary conflicts.",36,37,7,"7","of","of","ADP","IN",NA,"8","case",NA,NA
"doc177",1,1,"to go beyond repeating the content of UNCLOS in relation to the continental shelf by creating a more workable system and avoid unnecessary conflicts.",39,44,8,"8","UNCLOS","Unclo","NOUN","NNS","Number=Plur","6","nmod",NA,NA
"doc177",1,1,"to go beyond repeating the content of UNCLOS in relation to the continental shelf by creating a more workable system and avoid unnecessary conflicts.",46,47,9,"9","in","in","ADP","IN",NA,"10","case",NA,NA
"doc177",1,1,"to go beyond repeating the content of UNCLOS in relation to the continental shelf by creating a more workable system and avoid unnecessary conflicts.",49,56,10,"10","relation","relation","NOUN","NN","Number=Sing","4","obl",NA,NA
"doc177",1,1,"to go beyond repeating the content of UNCLOS in relation to the continental shelf by creating a more workable system and avoid unnecessary conflicts.",58,59,11,"11","to","to","ADP","IN",NA,"14","case",NA,NA
"doc177",1,1,"to go beyond repeating the content of UNCLOS in relation to the continental shelf by creating a more workable system and avoid unnecessary conflicts.",61,63,12,"12","the","the","DET","DT","Definite=Def|PronType=Art","14","det",NA,NA
"doc177",1,1,"to go beyond repeating the content of UNCLOS in relation to the continental shelf by creating a more workable system and avoid unnecessary conflicts.",65,75,13,"13","continental","continental","ADJ","JJ","Degree=Pos","14","amod",NA,NA
"doc177",1,1,"to go beyond repeating the content of UNCLOS in relation to the continental shelf by creating a more workable system and avoid unnecessary conflicts.",77,81,14,"14","shelf","shelf","NOUN","NN","Number=Sing","10","nmod",NA,NA
"doc177",1,1,"to go beyond repeating the content of UNCLOS in relation to the continental shelf by creating a more workable system and avoid unnecessary conflicts.",83,84,15,"15","by","by","SCONJ","IN",NA,"16","mark",NA,NA
"doc177",1,1,"to go beyond repeating the content of UNCLOS in relation to the continental shelf by creating a more workable system and avoid unnecessary conflicts.",86,93,16,"16","creating","create","VERB","VBG","VerbForm=Ger","4","advcl",NA,NA
"doc177",1,1,"to go beyond repeating the content of UNCLOS in relation to the continental shelf by creating a more workable system and avoid unnecessary conflicts.",95,95,17,"17","a","a","DET","DT","Definite=Ind|PronType=Art","20","det",NA,NA
"doc177",1,1,"to go beyond repeating the content of UNCLOS in relation to the continental shelf by creating a more workable system and avoid unnecessary conflicts.",97,100,18,"18","more","more","ADV","RBR",NA,"19","advmod",NA,NA
"doc177",1,1,"to go beyond repeating the content of UNCLOS in relation to the continental shelf by creating a more workable system and avoid unnecessary conflicts.",102,109,19,"19","workable","workable","ADJ","JJ","Degree=Pos","20","amod",NA,NA
"doc177",1,1,"to go beyond repeating the content of UNCLOS in relation to the continental shelf by creating a more workable system and avoid unnecessary conflicts.",111,116,20,"20","system","system","NOUN","NN","Number=Sing","16","obj",NA,NA
"doc177",1,1,"to go beyond repeating the content of UNCLOS in relation to the continental shelf by creating a more workable system and avoid unnecessary conflicts.",118,120,21,"21","and","and","CCONJ","CC",NA,"22","cc",NA,NA
"doc177",1,1,"to go beyond repeating the content of UNCLOS in relation to the continental shelf by creating a more workable system and avoid unnecessary conflicts.",122,126,22,"22","avoid","avoid","VERB","VB","VerbForm=Inf","4","conj",NA,NA
"doc177",1,1,"to go beyond repeating the content of UNCLOS in relation to the continental shelf by creating a more workable system and avoid unnecessary conflicts.",128,138,23,"23","unnecessary","unnecessary","ADJ","JJ","Degree=Pos","24","amod",NA,NA
"doc177",1,1,"to go beyond repeating the content of UNCLOS in relation to the continental shelf by creating a more workable system and avoid unnecessary conflicts.",140,148,24,"24","conflicts","conflict","NOUN","NNS","Number=Plur","22","obj",NA,"SpaceAfter=No"
"doc177",1,1,"to go beyond repeating the content of UNCLOS in relation to the continental shelf by creating a more workable system and avoid unnecessary conflicts.",149,149,25,"25",".",".","PUNCT",".",NA,"2","punct",NA,"SpacesAfter=\n"
"doc178",1,1,"A subsidiary mechanism could be put in place to empower a global body to take decision on ABMTs, including MPAs, where there is no competent RFMO.",1,1,1,"1","A","a","DET","DT","Definite=Ind|PronType=Art","3","det",NA,NA
"doc178",1,1,"A subsidiary mechanism could be put in place to empower a global body to take decision on ABMTs, including MPAs, where there is no competent RFMO.",3,12,2,"2","subsidiary","subsidiary","ADJ","JJ","Degree=Pos","3","amod",NA,NA
"doc178",1,1,"A subsidiary mechanism could be put in place to empower a global body to take decision on ABMTs, including MPAs, where there is no competent RFMO.",14,22,3,"3","mechanism","mechanism","NOUN","NN","Number=Sing","6","nsubj:pass",NA,NA
"doc178",1,1,"A subsidiary mechanism could be put in place to empower a global body to take decision on ABMTs, including MPAs, where there is no competent RFMO.",24,28,4,"4","could","could","AUX","MD","VerbForm=Fin","6","aux",NA,NA
"doc178",1,1,"A subsidiary mechanism could be put in place to empower a global body to take decision on ABMTs, including MPAs, where there is no competent RFMO.",30,31,5,"5","be","be","AUX","VB","VerbForm=Inf","6","aux:pass",NA,NA
"doc178",1,1,"A subsidiary mechanism could be put in place to empower a global body to take decision on ABMTs, including MPAs, where there is no competent RFMO.",33,35,6,"6","put","put","VERB","VBN","Tense=Past|VerbForm=Part|Voice=Pass","0","root",NA,NA
"doc178",1,1,"A subsidiary mechanism could be put in place to empower a global body to take decision on ABMTs, including MPAs, where there is no competent RFMO.",37,38,7,"7","in","in","ADP","IN",NA,"8","case",NA,NA
"doc178",1,1,"A subsidiary mechanism could be put in place to empower a global body to take decision on ABMTs, including MPAs, where there is no competent RFMO.",40,44,8,"8","place","place","NOUN","NN","Number=Sing","6","obl",NA,NA
"doc178",1,1,"A subsidiary mechanism could be put in place to empower a global body to take decision on ABMTs, including MPAs, where there is no competent RFMO.",46,47,9,"9","to","to","PART","TO",NA,"10","mark",NA,NA
"doc178",1,1,"A subsidiary mechanism could be put in place to empower a global body to take decision on ABMTs, including MPAs, where there is no competent RFMO.",49,55,10,"10","empower","empower","VERB","VB","VerbForm=Inf","6","advcl",NA,NA
"doc178",1,1,"A subsidiary mechanism could be put in place to empower a global body to take decision on ABMTs, including MPAs, where there is no competent RFMO.",57,57,11,"11","a","a","DET","DT","Definite=Ind|PronType=Art","13","det",NA,NA
"doc178",1,1,"A subsidiary mechanism could be put in place to empower a global body to take decision on ABMTs, including MPAs, where there is no competent RFMO.",59,64,12,"12","global","global","ADJ","JJ","Degree=Pos","13","amod",NA,NA
"doc178",1,1,"A subsidiary mechanism could be put in place to empower a global body to take decision on ABMTs, including MPAs, where there is no competent RFMO.",66,69,13,"13","body","body","NOUN","NN","Number=Sing","10","obj",NA,NA
"doc178",1,1,"A subsidiary mechanism could be put in place to empower a global body to take decision on ABMTs, including MPAs, where there is no competent RFMO.",71,72,14,"14","to","to","PART","TO",NA,"15","mark",NA,NA
"doc178",1,1,"A subsidiary mechanism could be put in place to empower a global body to take decision on ABMTs, including MPAs, where there is no competent RFMO.",74,77,15,"15","take","take","VERB","VB","VerbForm=Inf","10","advcl",NA,NA
"doc178",1,1,"A subsidiary mechanism could be put in place to empower a global body to take decision on ABMTs, including MPAs, where there is no competent RFMO.",79,86,16,"16","decision","decision","NOUN","NN","Number=Sing","18","obj",NA,NA
"doc178",1,1,"A subsidiary mechanism could be put in place to empower a global body to take decision on ABMTs, including MPAs, where there is no competent RFMO.",88,89,17,"17","on","on","ADP","IN",NA,"18","case",NA,NA
"doc178",1,1,"A subsidiary mechanism could be put in place to empower a global body to take decision on ABMTs, including MPAs, where there is no competent RFMO.",91,95,18,"18","ABMTs","ABMTs","NOUN","NNS","Number=Plur","15","obl",NA,"SpaceAfter=No"
"doc178",1,1,"A subsidiary mechanism could be put in place to empower a global body to take decision on ABMTs, including MPAs, where there is no competent RFMO.",96,96,19,"19",",",",","PUNCT",",",NA,"18","punct",NA,NA
"doc178",1,1,"A subsidiary mechanism could be put in place to empower a global body to take decision on ABMTs, including MPAs, where there is no competent RFMO.",98,106,20,"20","including","include","VERB","VBG","VerbForm=Ger","21","case",NA,NA
"doc178",1,1,"A subsidiary mechanism could be put in place to empower a global body to take decision on ABMTs, including MPAs, where there is no competent RFMO.",108,111,21,"21","MPAs","MPAs","PROPN","NNPS","Number=Plur","18","nmod",NA,"SpaceAfter=No"
"doc178",1,1,"A subsidiary mechanism could be put in place to empower a global body to take decision on ABMTs, including MPAs, where there is no competent RFMO.",112,112,22,"22",",",",","PUNCT",",",NA,"21","punct",NA,NA
"doc178",1,1,"A subsidiary mechanism could be put in place to empower a global body to take decision on ABMTs, including MPAs, where there is no competent RFMO.",114,118,23,"23","where","where","ADV","WRB","PronType=Rel","25","advmod",NA,NA
"doc178",1,1,"A subsidiary mechanism could be put in place to empower a global body to take decision on ABMTs, including MPAs, where there is no competent RFMO.",120,124,24,"24","there","there","PRON","EX",NA,"25","expl",NA,NA
"doc178",1,1,"A subsidiary mechanism could be put in place to empower a global body to take decision on ABMTs, including MPAs, where there is no competent RFMO.",126,127,25,"25","is","be","VERB","VBZ","Mood=Ind|Number=Sing|Person=3|Tense=Pres|VerbForm=Fin","21","acl:relcl",NA,NA
"doc178",1,1,"A subsidiary mechanism could be put in place to empower a global body to take decision on ABMTs, including MPAs, where there is no competent RFMO.",129,130,26,"26","no","no","DET","DT",NA,"28","det",NA,NA
"doc178",1,1,"A subsidiary mechanism could be put in place to empower a global body to take decision on ABMTs, including MPAs, where there is no competent RFMO.",132,140,27,"27","competent","competent","ADJ","JJ","Degree=Pos","28","amod",NA,NA
"doc178",1,1,"A subsidiary mechanism could be put in place to empower a global body to take decision on ABMTs, including MPAs, where there is no competent RFMO.",142,145,28,"28","RFMO","Rfmo","NOUN","NN","Number=Sing","25","nsubj",NA,"SpaceAfter=No"
"doc178",1,1,"A subsidiary mechanism could be put in place to empower a global body to take decision on ABMTs, including MPAs, where there is no competent RFMO.",146,146,29,"29",".",".","PUNCT",".",NA,"6","punct",NA,"SpacesAfter=\n"
"doc179",1,1,"A wide range of activities take place in ABNJ and it is difficult to identify and accommodate the interests of all relevant stakeholders.",1,1,1,"1","A","a","DET","DT","Definite=Ind|PronType=Art","3","det",NA,NA
"doc179",1,1,"A wide range of activities take place in ABNJ and it is difficult to identify and accommodate the interests of all relevant stakeholders.",3,6,2,"2","wide","wide","ADJ","JJ","Degree=Pos","3","amod",NA,NA
"doc179",1,1,"A wide range of activities take place in ABNJ and it is difficult to identify and accommodate the interests of all relevant stakeholders.",8,12,3,"3","range","range","NOUN","NN","Number=Sing","6","nsubj",NA,NA
"doc179",1,1,"A wide range of activities take place in ABNJ and it is difficult to identify and accommodate the interests of all relevant stakeholders.",14,15,4,"4","of","of","ADP","IN",NA,"5","case",NA,NA
"doc179",1,1,"A wide range of activities take place in ABNJ and it is difficult to identify and accommodate the interests of all relevant stakeholders.",17,26,5,"5","activities","activity","NOUN","NNS","Number=Plur","3","nmod",NA,NA
"doc179",1,1,"A wide range of activities take place in ABNJ and it is difficult to identify and accommodate the interests of all relevant stakeholders.",28,31,6,"6","take","take","VERB","VBP","Mood=Ind|Tense=Pres|VerbForm=Fin","0","root",NA,NA
"doc179",1,1,"A wide range of activities take place in ABNJ and it is difficult to identify and accommodate the interests of all relevant stakeholders.",33,37,7,"7","place","place","NOUN","NN","Number=Sing","6","obj",NA,NA
"doc179",1,1,"A wide range of activities take place in ABNJ and it is difficult to identify and accommodate the interests of all relevant stakeholders.",39,40,8,"8","in","in","ADP","IN",NA,"9","case",NA,NA
"doc179",1,1,"A wide range of activities take place in ABNJ and it is difficult to identify and accommodate the interests of all relevant stakeholders.",42,45,9,"9","ABNJ","ABNJ","PROPN","NNP","Number=Sing","7","nmod",NA,NA
"doc179",1,1,"A wide range of activities take place in ABNJ and it is difficult to identify and accommodate the interests of all relevant stakeholders.",47,49,10,"10","and","and","CCONJ","CC",NA,"13","cc",NA,NA
"doc179",1,1,"A wide range of activities take place in ABNJ and it is difficult to identify and accommodate the interests of all relevant stakeholders.",51,52,11,"11","it","it","PRON","PRP","Case=Nom|Gender=Neut|Number=Sing|Person=3|PronType=Prs","13","expl",NA,NA
"doc179",1,1,"A wide range of activities take place in ABNJ and it is difficult to identify and accommodate the interests of all relevant stakeholders.",54,55,12,"12","is","be","AUX","VBZ","Mood=Ind|Number=Sing|Person=3|Tense=Pres|VerbForm=Fin","13","cop",NA,NA
"doc179",1,1,"A wide range of activities take place in ABNJ and it is difficult to identify and accommodate the interests of all relevant stakeholders.",57,65,13,"13","difficult","difficult","ADJ","JJ","Degree=Pos","6","conj",NA,NA
"doc179",1,1,"A wide range of activities take place in ABNJ and it is difficult to identify and accommodate the interests of all relevant stakeholders.",67,68,14,"14","to","to","PART","TO",NA,"15","mark",NA,NA
"doc179",1,1,"A wide range of activities take place in ABNJ and it is difficult to identify and accommodate the interests of all relevant stakeholders.",70,77,15,"15","identify","identify","VERB","VB","VerbForm=Inf","13","csubj",NA,NA
"doc179",1,1,"A wide range of activities take place in ABNJ and it is difficult to identify and accommodate the interests of all relevant stakeholders.",79,81,16,"16","and","and","CCONJ","CC",NA,"17","cc",NA,NA
"doc179",1,1,"A wide range of activities take place in ABNJ and it is difficult to identify and accommodate the interests of all relevant stakeholders.",83,93,17,"17","accommodate","accommodate","VERB","VB","VerbForm=Inf","15","conj",NA,NA
"doc179",1,1,"A wide range of activities take place in ABNJ and it is difficult to identify and accommodate the interests of all relevant stakeholders.",95,97,18,"18","the","the","DET","DT","Definite=Def|PronType=Art","19","det",NA,NA
"doc179",1,1,"A wide range of activities take place in ABNJ and it is difficult to identify and accommodate the interests of all relevant stakeholders.",99,107,19,"19","interests","interest","NOUN","NNS","Number=Plur","15","obj",NA,NA
"doc179",1,1,"A wide range of activities take place in ABNJ and it is difficult to identify and accommodate the interests of all relevant stakeholders.",109,110,20,"20","of","of","ADP","IN",NA,"23","case",NA,NA
"doc179",1,1,"A wide range of activities take place in ABNJ and it is difficult to identify and accommodate the interests of all relevant stakeholders.",112,114,21,"21","all","all","DET","DT",NA,"23","det",NA,NA
"doc179",1,1,"A wide range of activities take place in ABNJ and it is difficult to identify and accommodate the interests of all relevant stakeholders.",116,123,22,"22","relevant","relevant","ADJ","JJ","Degree=Pos","23","amod",NA,NA
"doc179",1,1,"A wide range of activities take place in ABNJ and it is difficult to identify and accommodate the interests of all relevant stakeholders.",125,136,23,"23","stakeholders","stakeholder","NOUN","NNS","Number=Plur","19","nmod",NA,"SpaceAfter=No"
"doc179",1,1,"A wide range of activities take place in ABNJ and it is difficult to identify and accommodate the interests of all relevant stakeholders.",137,137,24,"24",".",".","PUNCT",".",NA,"6","punct",NA,"SpacesAfter=\n"
"doc180",1,1,"to create compatibility of the new measures and Pacific Island Countries’ interests to achieve a balance between their interests and biodiversity conservation.",1,2,1,"1","to","to","PART","TO",NA,"2","mark",NA,NA
"doc180",1,1,"to create compatibility of the new measures and Pacific Island Countries’ interests to achieve a balance between their interests and biodiversity conservation.",4,9,2,"2","create","create","VERB","VB","VerbForm=Inf","0","root",NA,NA
"doc180",1,1,"to create compatibility of the new measures and Pacific Island Countries’ interests to achieve a balance between their interests and biodiversity conservation.",11,23,3,"3","compatibility","compatibility","NOUN","NN","Number=Sing","13","nmod:poss",NA,NA
"doc180",1,1,"to create compatibility of the new measures and Pacific Island Countries’ interests to achieve a balance between their interests and biodiversity conservation.",25,26,4,"4","of","of","ADP","IN",NA,"7","case",NA,NA
"doc180",1,1,"to create compatibility of the new measures and Pacific Island Countries’ interests to achieve a balance between their interests and biodiversity conservation.",28,30,5,"5","the","the","DET","DT","Definite=Def|PronType=Art","7","det",NA,NA
"doc180",1,1,"to create compatibility of the new measures and Pacific Island Countries’ interests to achieve a balance between their interests and biodiversity conservation.",32,34,6,"6","new","new","ADJ","JJ","Degree=Pos","7","amod",NA,NA
"doc180",1,1,"to create compatibility of the new measures and Pacific Island Countries’ interests to achieve a balance between their interests and biodiversity conservation.",36,43,7,"7","measures","measure","NOUN","NNS","Number=Plur","3","nmod",NA,NA
"doc180",1,1,"to create compatibility of the new measures and Pacific Island Countries’ interests to achieve a balance between their interests and biodiversity conservation.",45,47,8,"8","and","and","CCONJ","CC",NA,"11","cc",NA,NA
"doc180",1,1,"to create compatibility of the new measures and Pacific Island Countries’ interests to achieve a balance between their interests and biodiversity conservation.",49,55,9,"9","Pacific","Pacific","PROPN","NNP","Number=Sing","10","compound",NA,NA
"doc180",1,1,"to create compatibility of the new measures and Pacific Island Countries’ interests to achieve a balance between their interests and biodiversity conservation.",57,62,10,"10","Island","Island","PROPN","NNP","Number=Sing","11","compound",NA,NA
"doc180",1,1,"to create compatibility of the new measures and Pacific Island Countries’ interests to achieve a balance between their interests and biodiversity conservation.",64,72,11,"11","Countries","countries","PROPN","NNPS","Number=Plur","7","conj",NA,"SpaceAfter=No"
"doc180",1,1,"to create compatibility of the new measures and Pacific Island Countries’ interests to achieve a balance between their interests and biodiversity conservation.",73,73,12,"12","’","'s","PART","POS",NA,"3","case",NA,NA
"doc180",1,1,"to create compatibility of the new measures and Pacific Island Countries’ interests to achieve a balance between their interests and biodiversity conservation.",75,83,13,"13","interests","interest","NOUN","NNS","Number=Plur","2","obj",NA,NA
"doc180",1,1,"to create compatibility of the new measures and Pacific Island Countries’ interests to achieve a balance between their interests and biodiversity conservation.",85,86,14,"14","to","to","PART","TO",NA,"15","mark",NA,NA
"doc180",1,1,"to create compatibility of the new measures and Pacific Island Countries’ interests to achieve a balance between their interests and biodiversity conservation.",88,94,15,"15","achieve","achieve","VERB","VB","VerbForm=Inf","2","advcl",NA,NA
"doc180",1,1,"to create compatibility of the new measures and Pacific Island Countries’ interests to achieve a balance between their interests and biodiversity conservation.",96,96,16,"16","a","a","DET","DT","Definite=Ind|PronType=Art","17","det",NA,NA
"doc180",1,1,"to create compatibility of the new measures and Pacific Island Countries’ interests to achieve a balance between their interests and biodiversity conservation.",98,104,17,"17","balance","balance","NOUN","NN","Number=Sing","15","obj",NA,NA
"doc180",1,1,"to create compatibility of the new measures and Pacific Island Countries’ interests to achieve a balance between their interests and biodiversity conservation.",106,112,18,"18","between","between","ADP","IN",NA,"20","case",NA,NA
"doc180",1,1,"to create compatibility of the new measures and Pacific Island Countries’ interests to achieve a balance between their interests and biodiversity conservation.",114,118,19,"19","their","they","PRON","PRP$","Number=Plur|Person=3|Poss=Yes|PronType=Prs","20","nmod:poss",NA,NA
"doc180",1,1,"to create compatibility of the new measures and Pacific Island Countries’ interests to achieve a balance between their interests and biodiversity conservation.",120,128,20,"20","interests","interest","NOUN","NNS","Number=Plur","17","nmod",NA,NA
"doc180",1,1,"to create compatibility of the new measures and Pacific Island Countries’ interests to achieve a balance between their interests and biodiversity conservation.",130,132,21,"21","and","and","CCONJ","CC",NA,"23","cc",NA,NA
"doc180",1,1,"to create compatibility of the new measures and Pacific Island Countries’ interests to achieve a balance between their interests and biodiversity conservation.",134,145,22,"22","biodiversity","biodiversity","NOUN","NN","Number=Sing","23","compound",NA,NA
"doc180",1,1,"to create compatibility of the new measures and Pacific Island Countries’ interests to achieve a balance between their interests and biodiversity conservation.",147,158,23,"23","conservation","conservation","NOUN","NN","Number=Sing","20","conj",NA,"SpaceAfter=No"
"doc180",1,1,"to create compatibility of the new measures and Pacific Island Countries’ interests to achieve a balance between their interests and biodiversity conservation.",159,159,24,"24",".",".","PUNCT",".",NA,"2","punct",NA,"SpacesAfter=\n"
"doc181",1,1,"Consensus is lacking on whether the principle of the common heritage of the mankind or freedom of the high seas should be applied to the water column.",1,9,1,"1","Consensus","consensus","PROPN","NNP","Number=Sing","3","nsubj",NA,NA
"doc181",1,1,"Consensus is lacking on whether the principle of the common heritage of the mankind or freedom of the high seas should be applied to the water column.",11,12,2,"2","is","be","AUX","VBZ","Mood=Ind|Number=Sing|Person=3|Tense=Pres|VerbForm=Fin","3","aux",NA,NA
"doc181",1,1,"Consensus is lacking on whether the principle of the common heritage of the mankind or freedom of the high seas should be applied to the water column.",14,20,3,"3","lacking","lack","VERB","VBG","Tense=Pres|VerbForm=Part","0","root",NA,NA
"doc181",1,1,"Consensus is lacking on whether the principle of the common heritage of the mankind or freedom of the high seas should be applied to the water column.",22,23,4,"4","on","on","SCONJ","IN",NA,"23","mark",NA,NA
"doc181",1,1,"Consensus is lacking on whether the principle of the common heritage of the mankind or freedom of the high seas should be applied to the water column.",25,31,5,"5","whether","whether","SCONJ","IN",NA,"23","mark",NA,NA
"doc181",1,1,"Consensus is lacking on whether the principle of the common heritage of the mankind or freedom of the high seas should be applied to the water column.",33,35,6,"6","the","the","DET","DT","Definite=Def|PronType=Art","7","det",NA,NA
"doc181",1,1,"Consensus is lacking on whether the principle of the common heritage of the mankind or freedom of the high seas should be applied to the water column.",37,45,7,"7","principle","principle","NOUN","NN","Number=Sing","23","nsubj:pass",NA,NA
"doc181",1,1,"Consensus is lacking on whether the principle of the common heritage of the mankind or freedom of the high seas should be applied to the water column.",47,48,8,"8","of","of","ADP","IN",NA,"11","case",NA,NA
"doc181",1,1,"Consensus is lacking on whether the principle of the common heritage of the mankind or freedom of the high seas should be applied to the water column.",50,52,9,"9","the","the","DET","DT","Definite=Def|PronType=Art","11","det",NA,NA
"doc181",1,1,"Consensus is lacking on whether the principle of the common heritage of the mankind or freedom of the high seas should be applied to the water column.",54,59,10,"10","common","common","ADJ","JJ","Degree=Pos","11","amod",NA,NA
"doc181",1,1,"Consensus is lacking on whether the principle of the common heritage of the mankind or freedom of the high seas should be applied to the water column.",61,68,11,"11","heritage","heritage","NOUN","NN","Number=Sing","7","nmod",NA,NA
"doc181",1,1,"Consensus is lacking on whether the principle of the common heritage of the mankind or freedom of the high seas should be applied to the water column.",70,71,12,"12","of","of","ADP","IN",NA,"14","case",NA,NA
"doc181",1,1,"Consensus is lacking on whether the principle of the common heritage of the mankind or freedom of the high seas should be applied to the water column.",73,75,13,"13","the","the","DET","DT","Definite=Def|PronType=Art","14","det",NA,NA
"doc181",1,1,"Consensus is lacking on whether the principle of the common heritage of the mankind or freedom of the high seas should be applied to the water column.",77,83,14,"14","mankind","mankind","NOUN","NN","Number=Sing","11","nmod",NA,NA
"doc181",1,1,"Consensus is lacking on whether the principle of the common heritage of the mankind or freedom of the high seas should be applied to the water column.",85,86,15,"15","or","or","CCONJ","CC",NA,"16","cc",NA,NA
"doc181",1,1,"Consensus is lacking on whether the principle of the common heritage of the mankind or freedom of the high seas should be applied to the water column.",88,94,16,"16","freedom","freedom","NOUN","NN","Number=Sing","14","conj",NA,NA
"doc181",1,1,"Consensus is lacking on whether the principle of the common heritage of the mankind or freedom of the high seas should be applied to the water column.",96,97,17,"17","of","of","ADP","IN",NA,"20","case",NA,NA
"doc181",1,1,"Consensus is lacking on whether the principle of the common heritage of the mankind or freedom of the high seas should be applied to the water column.",99,101,18,"18","the","the","DET","DT","Definite=Def|PronType=Art","20","det",NA,NA
"doc181",1,1,"Consensus is lacking on whether the principle of the common heritage of the mankind or freedom of the high seas should be applied to the water column.",103,106,19,"19","high","high","ADJ","JJ","Degree=Pos","20","amod",NA,NA
"doc181",1,1,"Consensus is lacking on whether the principle of the common heritage of the mankind or freedom of the high seas should be applied to the water column.",108,111,20,"20","seas","seas","NOUN","NN","Number=Sing","14","nmod",NA,NA
"doc181",1,1,"Consensus is lacking on whether the principle of the common heritage of the mankind or freedom of the high seas should be applied to the water column.",113,118,21,"21","should","should","AUX","MD","VerbForm=Fin","23","aux",NA,NA
"doc181",1,1,"Consensus is lacking on whether the principle of the common heritage of the mankind or freedom of the high seas should be applied to the water column.",120,121,22,"22","be","be","AUX","VB","VerbForm=Inf","23","aux:pass",NA,NA
"doc181",1,1,"Consensus is lacking on whether the principle of the common heritage of the mankind or freedom of the high seas should be applied to the water column.",123,129,23,"23","applied","apply","VERB","VBN","Tense=Past|VerbForm=Part|Voice=Pass","3","advcl",NA,NA
"doc181",1,1,"Consensus is lacking on whether the principle of the common heritage of the mankind or freedom of the high seas should be applied to the water column.",131,132,24,"24","to","to","ADP","IN",NA,"27","case",NA,NA
"doc181",1,1,"Consensus is lacking on whether the principle of the common heritage of the mankind or freedom of the high seas should be applied to the water column.",134,136,25,"25","the","the","DET","DT","Definite=Def|PronType=Art","27","det",NA,NA
"doc181",1,1,"Consensus is lacking on whether the principle of the common heritage of the mankind or freedom of the high seas should be applied to the water column.",138,142,26,"26","water","water","NOUN","NN","Number=Sing","27","compound",NA,NA
"doc181",1,1,"Consensus is lacking on whether the principle of the common heritage of the mankind or freedom of the high seas should be applied to the water column.",144,149,27,"27","column","column","NOUN","NN","Number=Sing","23","obl",NA,"SpaceAfter=No"
"doc181",1,1,"Consensus is lacking on whether the principle of the common heritage of the mankind or freedom of the high seas should be applied to the water column.",150,150,28,"28",".",".","PUNCT",".",NA,"3","punct",NA,"SpacesAfter=\n"
"doc182",1,1,"to adopt guidelines to promote the use of ABMTs in vulnerable marine ecosystems",1,2,1,"1","to","to","PART","TO",NA,"2","mark",NA,NA
"doc182",1,1,"to adopt guidelines to promote the use of ABMTs in vulnerable marine ecosystems",4,8,2,"2","adopt","adopt","VERB","VB","VerbForm=Inf","0","root",NA,NA
"doc182",1,1,"to adopt guidelines to promote the use of ABMTs in vulnerable marine ecosystems",10,19,3,"3","guidelines","guideline","NOUN","NNS","Number=Plur","2","obj",NA,NA
"doc182",1,1,"to adopt guidelines to promote the use of ABMTs in vulnerable marine ecosystems",21,22,4,"4","to","to","PART","TO",NA,"5","mark",NA,NA
"doc182",1,1,"to adopt guidelines to promote the use of ABMTs in vulnerable marine ecosystems",24,30,5,"5","promote","promote","VERB","VB","VerbForm=Inf","3","acl",NA,NA
"doc182",1,1,"to adopt guidelines to promote the use of ABMTs in vulnerable marine ecosystems",32,34,6,"6","the","the","DET","DT","Definite=Def|PronType=Art","7","det",NA,NA
"doc182",1,1,"to adopt guidelines to promote the use of ABMTs in vulnerable marine ecosystems",36,38,7,"7","use","use","NOUN","NN","Number=Sing","5","obj",NA,NA
"doc182",1,1,"to adopt guidelines to promote the use of ABMTs in vulnerable marine ecosystems",40,41,8,"8","of","of","ADP","IN",NA,"9","case",NA,NA
"doc182",1,1,"to adopt guidelines to promote the use of ABMTs in vulnerable marine ecosystems",43,47,9,"9","ABMTs","ABMTs","NOUN","NNS","Number=Plur","7","nmod",NA,NA
"doc182",1,1,"to adopt guidelines to promote the use of ABMTs in vulnerable marine ecosystems",49,50,10,"10","in","in","ADP","IN",NA,"13","case",NA,NA
"doc182",1,1,"to adopt guidelines to promote the use of ABMTs in vulnerable marine ecosystems",52,61,11,"11","vulnerable","vulnerable","ADJ","JJ","Degree=Pos","13","amod",NA,NA
"doc182",1,1,"to adopt guidelines to promote the use of ABMTs in vulnerable marine ecosystems",63,68,12,"12","marine","marine","NOUN","NN","Number=Sing","13","compound",NA,NA
"doc182",1,1,"to adopt guidelines to promote the use of ABMTs in vulnerable marine ecosystems",70,79,13,"13","ecosystems","ecosystem","NOUN","NNS","Number=Plur","7","nmod",NA,"SpacesAfter=\n"
"doc183",1,1,"to expand the mandate of existing sectoral organizations to adopt ABMT measures.",1,2,1,"1","to","to","PART","TO",NA,"2","mark",NA,NA
"doc183",1,1,"to expand the mandate of existing sectoral organizations to adopt ABMT measures.",4,9,2,"2","expand","expand","VERB","VB","VerbForm=Inf","0","root",NA,NA
"doc183",1,1,"to expand the mandate of existing sectoral organizations to adopt ABMT measures.",11,13,3,"3","the","the","DET","DT","Definite=Def|PronType=Art","4","det",NA,NA
"doc183",1,1,"to expand the mandate of existing sectoral organizations to adopt ABMT measures.",15,21,4,"4","mandate","mandate","NOUN","NN","Number=Sing","2","obj",NA,NA
"doc183",1,1,"to expand the mandate of existing sectoral organizations to adopt ABMT measures.",23,24,5,"5","of","of","SCONJ","IN",NA,"6","mark",NA,NA
"doc183",1,1,"to expand the mandate of existing sectoral organizations to adopt ABMT measures.",26,33,6,"6","existing","exist","VERB","VBG","VerbForm=Ger","4","acl",NA,NA
"doc183",1,1,"to expand the mandate of existing sectoral organizations to adopt ABMT measures.",35,42,7,"7","sectoral","sectoral","ADJ","JJ","Degree=Pos","8","amod",NA,NA
"doc183",1,1,"to expand the mandate of existing sectoral organizations to adopt ABMT measures.",44,56,8,"8","organizations","organization","NOUN","NNS","Number=Plur","6","obj",NA,NA
"doc183",1,1,"to expand the mandate of existing sectoral organizations to adopt ABMT measures.",58,59,9,"9","to","to","PART","TO",NA,"10","mark",NA,NA
"doc183",1,1,"to expand the mandate of existing sectoral organizations to adopt ABMT measures.",61,65,10,"10","adopt","adopt","VERB","VB","VerbForm=Inf","6","advcl",NA,NA
"doc183",1,1,"to expand the mandate of existing sectoral organizations to adopt ABMT measures.",67,70,11,"11","ABMT","Abmt","ADP","IN",NA,"12","case",NA,NA
"doc183",1,1,"to expand the mandate of existing sectoral organizations to adopt ABMT measures.",72,79,12,"12","measures","measure","NOUN","NNS","Number=Plur","10","obl",NA,"SpaceAfter=No"
"doc183",1,1,"to expand the mandate of existing sectoral organizations to adopt ABMT measures.",80,80,13,"13",".",".","PUNCT",".",NA,"2","punct",NA,"SpacesAfter=\n"
"doc184",1,1,"to enhance the capacity of RFMOs.",1,2,1,"1","to","to","PART","TO",NA,"2","mark",NA,NA
"doc184",1,1,"to enhance the capacity of RFMOs.",4,10,2,"2","enhance","enhance","VERB","VB","VerbForm=Inf","0","root",NA,NA
"doc184",1,1,"to enhance the capacity of RFMOs.",12,14,3,"3","the","the","DET","DT","Definite=Def|PronType=Art","4","det",NA,NA
"doc184",1,1,"to enhance the capacity of RFMOs.",16,23,4,"4","capacity","capacity","NOUN","NN","Number=Sing","2","obj",NA,NA
"doc184",1,1,"to enhance the capacity of RFMOs.",25,26,5,"5","of","of","ADP","IN",NA,"6","case",NA,NA
"doc184",1,1,"to enhance the capacity of RFMOs.",28,32,6,"6","RFMOs","RFMOs","NOUN","NNS","Number=Plur","4","nmod",NA,"SpaceAfter=No"
"doc184",1,1,"to enhance the capacity of RFMOs.",33,33,7,"7",".",".","PUNCT",".",NA,"2","punct",NA,"SpacesAfter=\n"
"doc185",1,1,"Capacity building and the transfer of marine technology seems to be a relatively low priority.",1,8,1,"1","Capacity","capacity","NOUN","NN","Number=Sing","2","compound",NA,NA
"doc185",1,1,"Capacity building and the transfer of marine technology seems to be a relatively low priority.",10,17,2,"2","building","building","NOUN","NN","Number=Sing","9","nsubj",NA,NA
"doc185",1,1,"Capacity building and the transfer of marine technology seems to be a relatively low priority.",19,21,3,"3","and","and","CCONJ","CC",NA,"5","cc",NA,NA
"doc185",1,1,"Capacity building and the transfer of marine technology seems to be a relatively low priority.",23,25,4,"4","the","the","DET","DT","Definite=Def|PronType=Art","5","det",NA,NA
"doc185",1,1,"Capacity building and the transfer of marine technology seems to be a relatively low priority.",27,34,5,"5","transfer","transfer","NOUN","NN","Number=Sing","2","conj",NA,NA
"doc185",1,1,"Capacity building and the transfer of marine technology seems to be a relatively low priority.",36,37,6,"6","of","of","ADP","IN",NA,"8","case",NA,NA
"doc185",1,1,"Capacity building and the transfer of marine technology seems to be a relatively low priority.",39,44,7,"7","marine","marine","NOUN","NN","Number=Sing","8","compound",NA,NA
"doc185",1,1,"Capacity building and the transfer of marine technology seems to be a relatively low priority.",46,55,8,"8","technology","technology","NOUN","NN","Number=Sing","5","nmod",NA,NA
"doc185",1,1,"Capacity building and the transfer of marine technology seems to be a relatively low priority.",57,61,9,"9","seems","seem","VERB","VBZ","Mood=Ind|Number=Sing|Person=3|Tense=Pres|VerbForm=Fin","0","root",NA,NA
"doc185",1,1,"Capacity building and the transfer of marine technology seems to be a relatively low priority.",63,64,10,"10","to","to","PART","TO",NA,"15","mark",NA,NA
"doc185",1,1,"Capacity building and the transfer of marine technology seems to be a relatively low priority.",66,67,11,"11","be","be","AUX","VB","VerbForm=Inf","15","cop",NA,NA
"doc185",1,1,"Capacity building and the transfer of marine technology seems to be a relatively low priority.",69,69,12,"12","a","a","DET","DT","Definite=Ind|PronType=Art","15","det",NA,NA
"doc185",1,1,"Capacity building and the transfer of marine technology seems to be a relatively low priority.",71,80,13,"13","relatively","relatively","ADV","RB",NA,"14","advmod",NA,NA
"doc185",1,1,"Capacity building and the transfer of marine technology seems to be a relatively low priority.",82,84,14,"14","low","low","ADJ","JJ","Degree=Pos","15","amod",NA,NA
"doc185",1,1,"Capacity building and the transfer of marine technology seems to be a relatively low priority.",86,93,15,"15","priority","priority","NOUN","NN","Number=Sing","9","xcomp",NA,"SpaceAfter=No"
"doc185",1,1,"Capacity building and the transfer of marine technology seems to be a relatively low priority.",94,94,16,"16",".",".","PUNCT",".",NA,"9","punct",NA,"SpacesAfter=\n"
"doc186",1,1,"to include management plans in ABMT and MPA planning from the start, including clear monitoring and enforcement plans, linked to new technologies, and with greater transparency.",1,2,1,"1","to","to","PART","TO",NA,"2","mark",NA,NA
"doc186",1,1,"to include management plans in ABMT and MPA planning from the start, including clear monitoring and enforcement plans, linked to new technologies, and with greater transparency.",4,10,2,"2","include","include","VERB","VB","VerbForm=Inf","0","root",NA,NA
"doc186",1,1,"to include management plans in ABMT and MPA planning from the start, including clear monitoring and enforcement plans, linked to new technologies, and with greater transparency.",12,21,3,"3","management","management","NOUN","NN","Number=Sing","4","compound",NA,NA
"doc186",1,1,"to include management plans in ABMT and MPA planning from the start, including clear monitoring and enforcement plans, linked to new technologies, and with greater transparency.",23,27,4,"4","plans","plan","NOUN","NNS","Number=Plur","2","obj",NA,NA
"doc186",1,1,"to include management plans in ABMT and MPA planning from the start, including clear monitoring and enforcement plans, linked to new technologies, and with greater transparency.",29,30,5,"5","in","in","ADP","IN",NA,"6","case",NA,NA
"doc186",1,1,"to include management plans in ABMT and MPA planning from the start, including clear monitoring and enforcement plans, linked to new technologies, and with greater transparency.",32,35,6,"6","ABMT","ABMT","PROPN","NNP","Number=Sing","4","nmod",NA,NA
"doc186",1,1,"to include management plans in ABMT and MPA planning from the start, including clear monitoring and enforcement plans, linked to new technologies, and with greater transparency.",37,39,7,"7","and","and","CCONJ","CC",NA,"8","cc",NA,NA
"doc186",1,1,"to include management plans in ABMT and MPA planning from the start, including clear monitoring and enforcement plans, linked to new technologies, and with greater transparency.",41,43,8,"8","MPA","MPA","PROPN","NNP","Number=Sing","6","conj",NA,NA
"doc186",1,1,"to include management plans in ABMT and MPA planning from the start, including clear monitoring and enforcement plans, linked to new technologies, and with greater transparency.",45,52,9,"9","planning","plan","VERB","VBG","VerbForm=Ger","2","acl",NA,NA
"doc186",1,1,"to include management plans in ABMT and MPA planning from the start, including clear monitoring and enforcement plans, linked to new technologies, and with greater transparency.",54,57,10,"10","from","from","ADP","IN",NA,"12","case",NA,NA
"doc186",1,1,"to include management plans in ABMT and MPA planning from the start, including clear monitoring and enforcement plans, linked to new technologies, and with greater transparency.",59,61,11,"11","the","the","DET","DT","Definite=Def|PronType=Art","12","det",NA,NA
"doc186",1,1,"to include management plans in ABMT and MPA planning from the start, including clear monitoring and enforcement plans, linked to new technologies, and with greater transparency.",63,67,12,"12","start","start","NOUN","NN","Number=Sing","9","obl",NA,"SpaceAfter=No"
"doc186",1,1,"to include management plans in ABMT and MPA planning from the start, including clear monitoring and enforcement plans, linked to new technologies, and with greater transparency.",68,68,13,"13",",",",","PUNCT",",",NA,"9","punct",NA,NA
"doc186",1,1,"to include management plans in ABMT and MPA planning from the start, including clear monitoring and enforcement plans, linked to new technologies, and with greater transparency.",70,78,14,"14","including","include","VERB","VBG","VerbForm=Ger","16","case",NA,NA
"doc186",1,1,"to include management plans in ABMT and MPA planning from the start, including clear monitoring and enforcement plans, linked to new technologies, and with greater transparency.",80,84,15,"15","clear","clear","ADJ","JJ","Degree=Pos","16","amod",NA,NA
"doc186",1,1,"to include management plans in ABMT and MPA planning from the start, including clear monitoring and enforcement plans, linked to new technologies, and with greater transparency.",86,95,16,"16","monitoring","monitoring","NOUN","NN","Number=Sing","2","obl",NA,NA
"doc186",1,1,"to include management plans in ABMT and MPA planning from the start, including clear monitoring and enforcement plans, linked to new technologies, and with greater transparency.",97,99,17,"17","and","and","CCONJ","CC",NA,"19","cc",NA,NA
"doc186",1,1,"to include management plans in ABMT and MPA planning from the start, including clear monitoring and enforcement plans, linked to new technologies, and with greater transparency.",101,111,18,"18","enforcement","enforcement","NOUN","NN","Number=Sing","19","compound",NA,NA
"doc186",1,1,"to include management plans in ABMT and MPA planning from the start, including clear monitoring and enforcement plans, linked to new technologies, and with greater transparency.",113,117,19,"19","plans","plan","NOUN","NNS","Number=Plur","16","conj",NA,"SpaceAfter=No"
"doc186",1,1,"to include management plans in ABMT and MPA planning from the start, including clear monitoring and enforcement plans, linked to new technologies, and with greater transparency.",118,118,20,"20",",",",","PUNCT",",",NA,"16","punct",NA,NA
"doc186",1,1,"to include management plans in ABMT and MPA planning from the start, including clear monitoring and enforcement plans, linked to new technologies, and with greater transparency.",120,125,21,"21","linked","link","VERB","VBN","Tense=Past|VerbForm=Part","16","acl",NA,NA
"doc186",1,1,"to include management plans in ABMT and MPA planning from the start, including clear monitoring and enforcement plans, linked to new technologies, and with greater transparency.",127,128,22,"22","to","to","ADP","IN",NA,"24","case",NA,NA
"doc186",1,1,"to include management plans in ABMT and MPA planning from the start, including clear monitoring and enforcement plans, linked to new technologies, and with greater transparency.",130,132,23,"23","new","new","ADJ","JJ","Degree=Pos","24","amod",NA,NA
"doc186",1,1,"to include management plans in ABMT and MPA planning from the start, including clear monitoring and enforcement plans, linked to new technologies, and with greater transparency.",134,145,24,"24","technologies","technology","NOUN","NNS","Number=Plur","21","obl",NA,"SpaceAfter=No"
"doc186",1,1,"to include management plans in ABMT and MPA planning from the start, including clear monitoring and enforcement plans, linked to new technologies, and with greater transparency.",146,146,25,"25",",",",","PUNCT",",",NA,"29","punct",NA,NA
"doc186",1,1,"to include management plans in ABMT and MPA planning from the start, including clear monitoring and enforcement plans, linked to new technologies, and with greater transparency.",148,150,26,"26","and","and","CCONJ","CC",NA,"29","cc",NA,NA
"doc186",1,1,"to include management plans in ABMT and MPA planning from the start, including clear monitoring and enforcement plans, linked to new technologies, and with greater transparency.",152,155,27,"27","with","with","ADP","IN",NA,"29","case",NA,NA
"doc186",1,1,"to include management plans in ABMT and MPA planning from the start, including clear monitoring and enforcement plans, linked to new technologies, and with greater transparency.",157,163,28,"28","greater","greater","ADJ","JJR","Degree=Cmp","29","amod",NA,NA
"doc186",1,1,"to include management plans in ABMT and MPA planning from the start, including clear monitoring and enforcement plans, linked to new technologies, and with greater transparency.",165,176,29,"29","transparency","transparency","NOUN","NN","Number=Sing","16","conj",NA,"SpaceAfter=No"
"doc186",1,1,"to include management plans in ABMT and MPA planning from the start, including clear monitoring and enforcement plans, linked to new technologies, and with greater transparency.",177,177,30,"30",".",".","PUNCT",".",NA,"2","punct",NA,"SpacesAfter=\n"
"doc187",1,1,"The concept of adjacency is only employed in the context of fisheries and has been elaborated through the concept of compatibility in the context of the Fish Stocks Agreement.",1,3,1,"1","The","the","DET","DT","Definite=Def|PronType=Art","2","det",NA,NA
"doc187",1,1,"The concept of adjacency is only employed in the context of fisheries and has been elaborated through the concept of compatibility in the context of the Fish Stocks Agreement.",5,11,2,"2","concept","concept","NOUN","NN","Number=Sing","7","nsubj:pass",NA,NA
"doc187",1,1,"The concept of adjacency is only employed in the context of fisheries and has been elaborated through the concept of compatibility in the context of the Fish Stocks Agreement.",13,14,3,"3","of","of","ADP","IN",NA,"4","case",NA,NA
"doc187",1,1,"The concept of adjacency is only employed in the context of fisheries and has been elaborated through the concept of compatibility in the context of the Fish Stocks Agreement.",16,24,4,"4","adjacency","adjacency","NOUN","NN","Number=Sing","2","nmod",NA,NA
"doc187",1,1,"The concept of adjacency is only employed in the context of fisheries and has been elaborated through the concept of compatibility in the context of the Fish Stocks Agreement.",26,27,5,"5","is","be","AUX","VBZ","Mood=Ind|Number=Sing|Person=3|Tense=Pres|VerbForm=Fin","7","aux:pass",NA,NA
"doc187",1,1,"The concept of adjacency is only employed in the context of fisheries and has been elaborated through the concept of compatibility in the context of the Fish Stocks Agreement.",29,32,6,"6","only","only","ADV","RB",NA,"7","advmod",NA,NA
"doc187",1,1,"The concept of adjacency is only employed in the context of fisheries and has been elaborated through the concept of compatibility in the context of the Fish Stocks Agreement.",34,41,7,"7","employed","employ","VERB","VBN","Tense=Past|VerbForm=Part|Voice=Pass","0","root",NA,NA
"doc187",1,1,"The concept of adjacency is only employed in the context of fisheries and has been elaborated through the concept of compatibility in the context of the Fish Stocks Agreement.",43,44,8,"8","in","in","ADP","IN",NA,"10","case",NA,NA
"doc187",1,1,"The concept of adjacency is only employed in the context of fisheries and has been elaborated through the concept of compatibility in the context of the Fish Stocks Agreement.",46,48,9,"9","the","the","DET","DT","Definite=Def|PronType=Art","10","det",NA,NA
"doc187",1,1,"The concept of adjacency is only employed in the context of fisheries and has been elaborated through the concept of compatibility in the context of the Fish Stocks Agreement.",50,56,10,"10","context","context","NOUN","NN","Number=Sing","7","obl",NA,NA
"doc187",1,1,"The concept of adjacency is only employed in the context of fisheries and has been elaborated through the concept of compatibility in the context of the Fish Stocks Agreement.",58,59,11,"11","of","of","ADP","IN",NA,"12","case",NA,NA
"doc187",1,1,"The concept of adjacency is only employed in the context of fisheries and has been elaborated through the concept of compatibility in the context of the Fish Stocks Agreement.",61,69,12,"12","fisheries","fishery","NOUN","NNS","Number=Plur","10","nmod",NA,NA
"doc187",1,1,"The concept of adjacency is only employed in the context of fisheries and has been elaborated through the concept of compatibility in the context of the Fish Stocks Agreement.",71,73,13,"13","and","and","CCONJ","CC",NA,"16","cc",NA,NA
"doc187",1,1,"The concept of adjacency is only employed in the context of fisheries and has been elaborated through the concept of compatibility in the context of the Fish Stocks Agreement.",75,77,14,"14","has","have","AUX","VBZ","Mood=Ind|Number=Sing|Person=3|Tense=Pres|VerbForm=Fin","16","aux",NA,NA
"doc187",1,1,"The concept of adjacency is only employed in the context of fisheries and has been elaborated through the concept of compatibility in the context of the Fish Stocks Agreement.",79,82,15,"15","been","be","AUX","VBN","Tense=Past|VerbForm=Part","16","aux:pass",NA,NA
"doc187",1,1,"The concept of adjacency is only employed in the context of fisheries and has been elaborated through the concept of compatibility in the context of the Fish Stocks Agreement.",84,93,16,"16","elaborated","elaborate","VERB","VBN","Tense=Past|VerbForm=Part|Voice=Pass","7","conj",NA,NA
"doc187",1,1,"The concept of adjacency is only employed in the context of fisheries and has been elaborated through the concept of compatibility in the context of the Fish Stocks Agreement.",95,101,17,"17","through","through","ADP","IN",NA,"19","case",NA,NA
"doc187",1,1,"The concept of adjacency is only employed in the context of fisheries and has been elaborated through the concept of compatibility in the context of the Fish Stocks Agreement.",103,105,18,"18","the","the","DET","DT","Definite=Def|PronType=Art","19","det",NA,NA
"doc187",1,1,"The concept of adjacency is only employed in the context of fisheries and has been elaborated through the concept of compatibility in the context of the Fish Stocks Agreement.",107,113,19,"19","concept","concept","NOUN","NN","Number=Sing","16","obl",NA,NA
"doc187",1,1,"The concept of adjacency is only employed in the context of fisheries and has been elaborated through the concept of compatibility in the context of the Fish Stocks Agreement.",115,116,20,"20","of","of","ADP","IN",NA,"21","case",NA,NA
"doc187",1,1,"The concept of adjacency is only employed in the context of fisheries and has been elaborated through the concept of compatibility in the context of the Fish Stocks Agreement.",118,130,21,"21","compatibility","compatibility","NOUN","NN","Number=Sing","19","nmod",NA,NA
"doc187",1,1,"The concept of adjacency is only employed in the context of fisheries and has been elaborated through the concept of compatibility in the context of the Fish Stocks Agreement.",132,133,22,"22","in","in","ADP","IN",NA,"24","case",NA,NA
"doc187",1,1,"The concept of adjacency is only employed in the context of fisheries and has been elaborated through the concept of compatibility in the context of the Fish Stocks Agreement.",135,137,23,"23","the","the","DET","DT","Definite=Def|PronType=Art","24","det",NA,NA
"doc187",1,1,"The concept of adjacency is only employed in the context of fisheries and has been elaborated through the concept of compatibility in the context of the Fish Stocks Agreement.",139,145,24,"24","context","context","NOUN","NN","Number=Sing","19","nmod",NA,NA
"doc187",1,1,"The concept of adjacency is only employed in the context of fisheries and has been elaborated through the concept of compatibility in the context of the Fish Stocks Agreement.",147,148,25,"25","of","of","ADP","IN",NA,"29","case",NA,NA
"doc187",1,1,"The concept of adjacency is only employed in the context of fisheries and has been elaborated through the concept of compatibility in the context of the Fish Stocks Agreement.",150,152,26,"26","the","the","DET","DT","Definite=Def|PronType=Art","29","det",NA,NA
"doc187",1,1,"The concept of adjacency is only employed in the context of fisheries and has been elaborated through the concept of compatibility in the context of the Fish Stocks Agreement.",154,157,27,"27","Fish","Fish","PROPN","NNP","Number=Sing","28","compound",NA,NA
"doc187",1,1,"The concept of adjacency is only employed in the context of fisheries and has been elaborated through the concept of compatibility in the context of the Fish Stocks Agreement.",159,164,28,"28","Stocks","stock","PROPN","NNPS","Number=Plur","29","compound",NA,NA
"doc187",1,1,"The concept of adjacency is only employed in the context of fisheries and has been elaborated through the concept of compatibility in the context of the Fish Stocks Agreement.",166,174,29,"29","Agreement","agreement","NOUN","NN","Number=Sing","24","nmod",NA,"SpaceAfter=No"
"doc187",1,1,"The concept of adjacency is only employed in the context of fisheries and has been elaborated through the concept of compatibility in the context of the Fish Stocks Agreement.",175,175,30,"30",".",".","PUNCT",".",NA,"7","punct",NA,"SpacesAfter=\n"
"doc188",1,1,"To elucidate expectations on both coastal and flag states operating on and near the continental shelf.",1,2,1,"1","To","to","PART","TO",NA,"2","mark",NA,NA
"doc188",1,1,"To elucidate expectations on both coastal and flag states operating on and near the continental shelf.",4,12,2,"2","elucidate","elucidate","VERB","VB","VerbForm=Inf","0","root",NA,NA
"doc188",1,1,"To elucidate expectations on both coastal and flag states operating on and near the continental shelf.",14,25,3,"3","expectations","expectation","NOUN","NNS","Number=Plur","2","obj",NA,NA
"doc188",1,1,"To elucidate expectations on both coastal and flag states operating on and near the continental shelf.",27,28,4,"4","on","on","ADP","IN",NA,"6","case",NA,NA
"doc188",1,1,"To elucidate expectations on both coastal and flag states operating on and near the continental shelf.",30,33,5,"5","both","both","CCONJ","CC",NA,"6","cc:preconj",NA,NA
"doc188",1,1,"To elucidate expectations on both coastal and flag states operating on and near the continental shelf.",35,41,6,"6","coastal","coastal","NOUN","NN","Number=Sing","2","obl",NA,NA
"doc188",1,1,"To elucidate expectations on both coastal and flag states operating on and near the continental shelf.",43,45,7,"7","and","and","CCONJ","CC",NA,"8","cc",NA,NA
"doc188",1,1,"To elucidate expectations on both coastal and flag states operating on and near the continental shelf.",47,50,8,"8","flag","flag","NOUN","NN","Number=Sing","6","conj",NA,NA
"doc188",1,1,"To elucidate expectations on both coastal and flag states operating on and near the continental shelf.",52,57,9,"9","states","state","NOUN","NNS","Number=Plur","6","conj",NA,NA
"doc188",1,1,"To elucidate expectations on both coastal and flag states operating on and near the continental shelf.",59,67,10,"10","operating","operate","VERB","VBG","VerbForm=Ger","9","acl",NA,NA
"doc188",1,1,"To elucidate expectations on both coastal and flag states operating on and near the continental shelf.",69,70,11,"11","on","on","ADP","IN",NA,"16","case",NA,NA
"doc188",1,1,"To elucidate expectations on both coastal and flag states operating on and near the continental shelf.",72,74,12,"12","and","and","CCONJ","CC",NA,"16","cc",NA,NA
"doc188",1,1,"To elucidate expectations on both coastal and flag states operating on and near the continental shelf.",76,79,13,"13","near","near","ADP","IN",NA,"16","case",NA,NA
"doc188",1,1,"To elucidate expectations on both coastal and flag states operating on and near the continental shelf.",81,83,14,"14","the","the","DET","DT","Definite=Def|PronType=Art","16","det",NA,NA
"doc188",1,1,"To elucidate expectations on both coastal and flag states operating on and near the continental shelf.",85,95,15,"15","continental","continental","ADJ","JJ","Degree=Pos","16","amod",NA,NA
"doc188",1,1,"To elucidate expectations on both coastal and flag states operating on and near the continental shelf.",97,101,16,"16","shelf","shelf","NOUN","NN","Number=Sing","10","obl",NA,"SpaceAfter=No"
"doc188",1,1,"To elucidate expectations on both coastal and flag states operating on and near the continental shelf.",102,102,17,"17",".",".","PUNCT",".",NA,"2","punct",NA,"SpacesAfter=\n"
"doc189",1,1,"The more environmentally oriented the proposed approach of the BBNJ agreement would be, the more likely it would become that RFMOs would be unwilling to negotiate and agree such treaty provisions.",1,3,1,"1","The","the","DET","DT","Definite=Def|PronType=Art","7","det",NA,NA
"doc189",1,1,"The more environmentally oriented the proposed approach of the BBNJ agreement would be, the more likely it would become that RFMOs would be unwilling to negotiate and agree such treaty provisions.",5,8,2,"2","more","more","ADV","RBR",NA,"3","advmod",NA,NA
"doc189",1,1,"The more environmentally oriented the proposed approach of the BBNJ agreement would be, the more likely it would become that RFMOs would be unwilling to negotiate and agree such treaty provisions.",10,24,3,"3","environmentally","environmentally","ADV","RB",NA,"4","advmod",NA,NA
"doc189",1,1,"The more environmentally oriented the proposed approach of the BBNJ agreement would be, the more likely it would become that RFMOs would be unwilling to negotiate and agree such treaty provisions.",26,33,4,"4","oriented","oriente","VERB","VBN","Tense=Past|VerbForm=Part","7","amod",NA,NA
"doc189",1,1,"The more environmentally oriented the proposed approach of the BBNJ agreement would be, the more likely it would become that RFMOs would be unwilling to negotiate and agree such treaty provisions.",35,37,5,"5","the","the","DET","DT","Definite=Def|PronType=Art","7","det",NA,NA
"doc189",1,1,"The more environmentally oriented the proposed approach of the BBNJ agreement would be, the more likely it would become that RFMOs would be unwilling to negotiate and agree such treaty provisions.",39,46,6,"6","proposed","propose","VERB","VBN","Tense=Past|VerbForm=Part","7","amod",NA,NA
"doc189",1,1,"The more environmentally oriented the proposed approach of the BBNJ agreement would be, the more likely it would become that RFMOs would be unwilling to negotiate and agree such treaty provisions.",48,55,7,"7","approach","approach","NOUN","NN","Number=Sing","17","nsubj",NA,NA
"doc189",1,1,"The more environmentally oriented the proposed approach of the BBNJ agreement would be, the more likely it would become that RFMOs would be unwilling to negotiate and agree such treaty provisions.",57,58,8,"8","of","of","ADP","IN",NA,"11","case",NA,NA
"doc189",1,1,"The more environmentally oriented the proposed approach of the BBNJ agreement would be, the more likely it would become that RFMOs would be unwilling to negotiate and agree such treaty provisions.",60,62,9,"9","the","the","DET","DT","Definite=Def|PronType=Art","11","det",NA,NA
"doc189",1,1,"The more environmentally oriented the proposed approach of the BBNJ agreement would be, the more likely it would become that RFMOs would be unwilling to negotiate and agree such treaty provisions.",64,67,10,"10","BBNJ","Bbnj","NOUN","NN","Number=Sing","11","compound",NA,NA
"doc189",1,1,"The more environmentally oriented the proposed approach of the BBNJ agreement would be, the more likely it would become that RFMOs would be unwilling to negotiate and agree such treaty provisions.",69,77,11,"11","agreement","agreement","NOUN","NN","Number=Sing","7","nmod",NA,NA
"doc189",1,1,"The more environmentally oriented the proposed approach of the BBNJ agreement would be, the more likely it would become that RFMOs would be unwilling to negotiate and agree such treaty provisions.",79,83,12,"12","would","would","AUX","MD","VerbForm=Fin","17","aux",NA,NA
"doc189",1,1,"The more environmentally oriented the proposed approach of the BBNJ agreement would be, the more likely it would become that RFMOs would be unwilling to negotiate and agree such treaty provisions.",85,86,13,"13","be","be","AUX","VB","VerbForm=Inf","17","cop",NA,"SpaceAfter=No"
"doc189",1,1,"The more environmentally oriented the proposed approach of the BBNJ agreement would be, the more likely it would become that RFMOs would be unwilling to negotiate and agree such treaty provisions.",87,87,14,"14",",",",","PUNCT",",",NA,"17","punct",NA,NA
"doc189",1,1,"The more environmentally oriented the proposed approach of the BBNJ agreement would be, the more likely it would become that RFMOs would be unwilling to negotiate and agree such treaty provisions.",89,91,15,"15","the","the","DET","DT","Definite=Def|PronType=Art","17","mark",NA,NA
"doc189",1,1,"The more environmentally oriented the proposed approach of the BBNJ agreement would be, the more likely it would become that RFMOs would be unwilling to negotiate and agree such treaty provisions.",93,96,16,"16","more","more","ADV","RBR",NA,"17","advmod",NA,NA
"doc189",1,1,"The more environmentally oriented the proposed approach of the BBNJ agreement would be, the more likely it would become that RFMOs would be unwilling to negotiate and agree such treaty provisions.",98,103,17,"17","likely","likely","ADJ","JJ","Degree=Pos","0","root",NA,NA
"doc189",1,1,"The more environmentally oriented the proposed approach of the BBNJ agreement would be, the more likely it would become that RFMOs would be unwilling to negotiate and agree such treaty provisions.",105,106,18,"18","it","it","PRON","PRP","Case=Nom|Gender=Neut|Number=Sing|Person=3|PronType=Prs","20","nsubj",NA,NA
"doc189",1,1,"The more environmentally oriented the proposed approach of the BBNJ agreement would be, the more likely it would become that RFMOs would be unwilling to negotiate and agree such treaty provisions.",108,112,19,"19","would","would","AUX","MD","VerbForm=Fin","20","aux",NA,NA
"doc189",1,1,"The more environmentally oriented the proposed approach of the BBNJ agreement would be, the more likely it would become that RFMOs would be unwilling to negotiate and agree such treaty provisions.",114,119,20,"20","become","become","VERB","VB","VerbForm=Inf","17","ccomp",NA,NA
"doc189",1,1,"The more environmentally oriented the proposed approach of the BBNJ agreement would be, the more likely it would become that RFMOs would be unwilling to negotiate and agree such treaty provisions.",121,124,21,"21","that","that","SCONJ","IN",NA,"25","mark",NA,NA
"doc189",1,1,"The more environmentally oriented the proposed approach of the BBNJ agreement would be, the more likely it would become that RFMOs would be unwilling to negotiate and agree such treaty provisions.",126,130,22,"22","RFMOs","RFMOs","NOUN","NNS","Number=Plur","25","nsubj",NA,NA
"doc189",1,1,"The more environmentally oriented the proposed approach of the BBNJ agreement would be, the more likely it would become that RFMOs would be unwilling to negotiate and agree such treaty provisions.",132,136,23,"23","would","would","AUX","MD","VerbForm=Fin","25","aux",NA,NA
"doc189",1,1,"The more environmentally oriented the proposed approach of the BBNJ agreement would be, the more likely it would become that RFMOs would be unwilling to negotiate and agree such treaty provisions.",138,139,24,"24","be","be","AUX","VB","VerbForm=Inf","25","cop",NA,NA
"doc189",1,1,"The more environmentally oriented the proposed approach of the BBNJ agreement would be, the more likely it would become that RFMOs would be unwilling to negotiate and agree such treaty provisions.",141,149,25,"25","unwilling","unwilling","ADJ","JJ","Degree=Pos","20","ccomp",NA,NA
"doc189",1,1,"The more environmentally oriented the proposed approach of the BBNJ agreement would be, the more likely it would become that RFMOs would be unwilling to negotiate and agree such treaty provisions.",151,152,26,"26","to","to","PART","TO",NA,"27","mark",NA,NA
"doc189",1,1,"The more environmentally oriented the proposed approach of the BBNJ agreement would be, the more likely it would become that RFMOs would be unwilling to negotiate and agree such treaty provisions.",154,162,27,"27","negotiate","negotiate","VERB","VB","VerbForm=Inf","25","advcl",NA,NA
"doc189",1,1,"The more environmentally oriented the proposed approach of the BBNJ agreement would be, the more likely it would become that RFMOs would be unwilling to negotiate and agree such treaty provisions.",164,166,28,"28","and","and","CCONJ","CC",NA,"29","cc",NA,NA
"doc189",1,1,"The more environmentally oriented the proposed approach of the BBNJ agreement would be, the more likely it would become that RFMOs would be unwilling to negotiate and agree such treaty provisions.",168,172,29,"29","agree","agree","VERB","VB","VerbForm=Inf","27","conj",NA,NA
"doc189",1,1,"The more environmentally oriented the proposed approach of the BBNJ agreement would be, the more likely it would become that RFMOs would be unwilling to negotiate and agree such treaty provisions.",174,177,30,"30","such","such","ADJ","JJ","Degree=Pos","32","amod",NA,NA
"doc189",1,1,"The more environmentally oriented the proposed approach of the BBNJ agreement would be, the more likely it would become that RFMOs would be unwilling to negotiate and agree such treaty provisions.",179,184,31,"31","treaty","treaty","NOUN","NN","Number=Sing","32","compound",NA,NA
"doc189",1,1,"The more environmentally oriented the proposed approach of the BBNJ agreement would be, the more likely it would become that RFMOs would be unwilling to negotiate and agree such treaty provisions.",186,195,32,"32","provisions","provision","NOUN","NNS","Number=Plur","27","obj",NA,"SpaceAfter=No"
"doc189",1,1,"The more environmentally oriented the proposed approach of the BBNJ agreement would be, the more likely it would become that RFMOs would be unwilling to negotiate and agree such treaty provisions.",196,196,33,"33",".",".","PUNCT",".",NA,"17","punct",NA,"SpacesAfter=\n"
"doc190",1,1,"not undermining existing structures may slow down the BBNJ process.",1,3,1,"1","not","not","PART","RB",NA,"2","advmod",NA,NA
"doc190",1,1,"not undermining existing structures may slow down the BBNJ process.",5,15,2,"2","undermining","undermine","VERB","VBG","Tense=Pres|VerbForm=Part","0","root",NA,NA
"doc190",1,1,"not undermining existing structures may slow down the BBNJ process.",17,24,3,"3","existing","exist","VERB","VBG","VerbForm=Ger","4","amod",NA,NA
"doc190",1,1,"not undermining existing structures may slow down the BBNJ process.",26,35,4,"4","structures","structure","NOUN","NNS","Number=Plur","2","obj",NA,NA
"doc190",1,1,"not undermining existing structures may slow down the BBNJ process.",37,39,5,"5","may","may","AUX","MD","VerbForm=Fin","6","aux",NA,NA
"doc190",1,1,"not undermining existing structures may slow down the BBNJ process.",41,44,6,"6","slow","slow","VERB","VB","VerbForm=Inf","2","ccomp",NA,NA
"doc190",1,1,"not undermining existing structures may slow down the BBNJ process.",46,49,7,"7","down","down","ADP","RP",NA,"10","case",NA,NA
"doc190",1,1,"not undermining existing structures may slow down the BBNJ process.",51,53,8,"8","the","the","DET","DT","Definite=Def|PronType=Art","10","det",NA,NA
"doc190",1,1,"not undermining existing structures may slow down the BBNJ process.",55,58,9,"9","BBNJ","BBNJ","PROPN","NNP","Number=Sing","10","compound",NA,NA
"doc190",1,1,"not undermining existing structures may slow down the BBNJ process.",60,66,10,"10","process","process","NOUN","NN","Number=Sing","6","obl",NA,"SpaceAfter=No"
"doc190",1,1,"not undermining existing structures may slow down the BBNJ process.",67,67,11,"11",".",".","PUNCT",".",NA,"2","punct",NA,"SpacesAfter=\n"
"doc191",1,1,"to strengthen systems for global scientific capacity development and technology transfer.",1,2,1,"1","to","to","PART","TO",NA,"2","mark",NA,NA
"doc191",1,1,"to strengthen systems for global scientific capacity development and technology transfer.",4,13,2,"2","strengthen","strengthen","VERB","VB","VerbForm=Inf","0","root",NA,NA
"doc191",1,1,"to strengthen systems for global scientific capacity development and technology transfer.",15,21,3,"3","systems","system","NOUN","NNS","Number=Plur","2","obj",NA,NA
"doc191",1,1,"to strengthen systems for global scientific capacity development and technology transfer.",23,25,4,"4","for","for","ADP","IN",NA,"8","case",NA,NA
"doc191",1,1,"to strengthen systems for global scientific capacity development and technology transfer.",27,32,5,"5","global","global","ADJ","JJ","Degree=Pos","8","amod",NA,NA
"doc191",1,1,"to strengthen systems for global scientific capacity development and technology transfer.",34,43,6,"6","scientific","scientific","ADJ","JJ","Degree=Pos","8","amod",NA,NA
"doc191",1,1,"to strengthen systems for global scientific capacity development and technology transfer.",45,52,7,"7","capacity","capacity","NOUN","NN","Number=Sing","8","compound",NA,NA
"doc191",1,1,"to strengthen systems for global scientific capacity development and technology transfer.",54,64,8,"8","development","development","NOUN","NN","Number=Sing","3","nmod",NA,NA
"doc191",1,1,"to strengthen systems for global scientific capacity development and technology transfer.",66,68,9,"9","and","and","CCONJ","CC",NA,"11","cc",NA,NA
"doc191",1,1,"to strengthen systems for global scientific capacity development and technology transfer.",70,79,10,"10","technology","technology","NOUN","NN","Number=Sing","11","compound",NA,NA
"doc191",1,1,"to strengthen systems for global scientific capacity development and technology transfer.",81,88,11,"11","transfer","transfer","NOUN","NN","Number=Sing","8","conj",NA,"SpaceAfter=No"
"doc191",1,1,"to strengthen systems for global scientific capacity development and technology transfer.",89,89,12,"12",".",".","PUNCT",".",NA,"2","punct",NA,"SpacesAfter=\n"
"doc192",1,1,"to integrate questions related with the regulation of international fisheries.",1,2,1,"1","to","to","ADP","IN",NA,"3","case",NA,NA
"doc192",1,1,"to integrate questions related with the regulation of international fisheries.",4,12,2,"2","integrate","integrate","ADJ","JJ","Degree=Pos","3","amod",NA,NA
"doc192",1,1,"to integrate questions related with the regulation of international fisheries.",14,22,3,"3","questions","question","NOUN","NNS","Number=Plur","0","root",NA,NA
"doc192",1,1,"to integrate questions related with the regulation of international fisheries.",24,30,4,"4","related","related","ADJ","JJ","Degree=Pos","3","amod",NA,NA
"doc192",1,1,"to integrate questions related with the regulation of international fisheries.",32,35,5,"5","with","with","ADP","IN",NA,"7","case",NA,NA
"doc192",1,1,"to integrate questions related with the regulation of international fisheries.",37,39,6,"6","the","the","DET","DT","Definite=Def|PronType=Art","7","det",NA,NA
"doc192",1,1,"to integrate questions related with the regulation of international fisheries.",41,50,7,"7","regulation","regulation","NOUN","NN","Number=Sing","4","obl",NA,NA
"doc192",1,1,"to integrate questions related with the regulation of international fisheries.",52,53,8,"8","of","of","ADP","IN",NA,"10","case",NA,NA
"doc192",1,1,"to integrate questions related with the regulation of international fisheries.",55,67,9,"9","international","international","ADJ","JJ","Degree=Pos","10","amod",NA,NA
"doc192",1,1,"to integrate questions related with the regulation of international fisheries.",69,77,10,"10","fisheries","fishery","NOUN","NNS","Number=Plur","7","nmod",NA,"SpaceAfter=No"
"doc192",1,1,"to integrate questions related with the regulation of international fisheries.",78,78,11,"11",".",".","PUNCT",".",NA,"3","punct",NA,"SpacesAfter=\n"
"doc193",1,1,"to enable and expand regional seas organizations.",1,2,1,"1","to","to","PART","TO",NA,"2","mark",NA,NA
"doc193",1,1,"to enable and expand regional seas organizations.",4,9,2,"2","enable","enable","VERB","VB","VerbForm=Inf","0","root",NA,NA
"doc193",1,1,"to enable and expand regional seas organizations.",11,13,3,"3","and","and","CCONJ","CC",NA,"4","cc",NA,NA
"doc193",1,1,"to enable and expand regional seas organizations.",15,20,4,"4","expand","expand","VERB","VB","VerbForm=Inf","2","conj",NA,NA
"doc193",1,1,"to enable and expand regional seas organizations.",22,29,5,"5","regional","regional","ADJ","JJ","Degree=Pos","7","amod",NA,NA
"doc193",1,1,"to enable and expand regional seas organizations.",31,34,6,"6","seas","seas","NOUN","NN","Number=Sing","7","compound",NA,NA
"doc193",1,1,"to enable and expand regional seas organizations.",36,48,7,"7","organizations","organizations","NOUN","NNS","Number=Plur","2","obj",NA,"SpaceAfter=No"
"doc193",1,1,"to enable and expand regional seas organizations.",49,49,8,"8",".",".","PUNCT",".",NA,"2","punct",NA,"SpacesAfter=\n"
"doc194",1,1,"to promote sharing of best practices and exchange among different RFMOs to identify pathways to the conservation and sustainable use of BBNJ as well as ensuring timely and cooperative responses to international pressures.",1,2,1,"1","to","to","PART","TO",NA,"2","mark",NA,NA
"doc194",1,1,"to promote sharing of best practices and exchange among different RFMOs to identify pathways to the conservation and sustainable use of BBNJ as well as ensuring timely and cooperative responses to international pressures.",4,10,2,"2","promote","promote","VERB","VB","VerbForm=Inf","0","root",NA,NA
"doc194",1,1,"to promote sharing of best practices and exchange among different RFMOs to identify pathways to the conservation and sustainable use of BBNJ as well as ensuring timely and cooperative responses to international pressures.",12,18,3,"3","sharing","sharing","NOUN","NN","Number=Sing","2","obj",NA,NA
"doc194",1,1,"to promote sharing of best practices and exchange among different RFMOs to identify pathways to the conservation and sustainable use of BBNJ as well as ensuring timely and cooperative responses to international pressures.",20,21,4,"4","of","of","ADP","IN",NA,"6","case",NA,NA
"doc194",1,1,"to promote sharing of best practices and exchange among different RFMOs to identify pathways to the conservation and sustainable use of BBNJ as well as ensuring timely and cooperative responses to international pressures.",23,26,5,"5","best","best","ADJ","JJS","Degree=Sup","6","amod",NA,NA
"doc194",1,1,"to promote sharing of best practices and exchange among different RFMOs to identify pathways to the conservation and sustainable use of BBNJ as well as ensuring timely and cooperative responses to international pressures.",28,36,6,"6","practices","practice","NOUN","NNS","Number=Plur","3","nmod",NA,NA
"doc194",1,1,"to promote sharing of best practices and exchange among different RFMOs to identify pathways to the conservation and sustainable use of BBNJ as well as ensuring timely and cooperative responses to international pressures.",38,40,7,"7","and","and","CCONJ","CC",NA,"8","cc",NA,NA
"doc194",1,1,"to promote sharing of best practices and exchange among different RFMOs to identify pathways to the conservation and sustainable use of BBNJ as well as ensuring timely and cooperative responses to international pressures.",42,49,8,"8","exchange","exchange","NOUN","NN","Number=Sing","6","conj",NA,NA
"doc194",1,1,"to promote sharing of best practices and exchange among different RFMOs to identify pathways to the conservation and sustainable use of BBNJ as well as ensuring timely and cooperative responses to international pressures.",51,55,9,"9","among","among","ADP","IN",NA,"11","case",NA,NA
"doc194",1,1,"to promote sharing of best practices and exchange among different RFMOs to identify pathways to the conservation and sustainable use of BBNJ as well as ensuring timely and cooperative responses to international pressures.",57,65,10,"10","different","different","ADJ","JJ","Degree=Pos","11","amod",NA,NA
"doc194",1,1,"to promote sharing of best practices and exchange among different RFMOs to identify pathways to the conservation and sustainable use of BBNJ as well as ensuring timely and cooperative responses to international pressures.",67,71,11,"11","RFMOs","RFMO","NOUN","NNS","Number=Plur","2","obl",NA,NA
"doc194",1,1,"to promote sharing of best practices and exchange among different RFMOs to identify pathways to the conservation and sustainable use of BBNJ as well as ensuring timely and cooperative responses to international pressures.",73,74,12,"12","to","to","PART","TO",NA,"13","mark",NA,NA
"doc194",1,1,"to promote sharing of best practices and exchange among different RFMOs to identify pathways to the conservation and sustainable use of BBNJ as well as ensuring timely and cooperative responses to international pressures.",76,83,13,"13","identify","identify","VERB","VB","VerbForm=Inf","2","advcl",NA,NA
"doc194",1,1,"to promote sharing of best practices and exchange among different RFMOs to identify pathways to the conservation and sustainable use of BBNJ as well as ensuring timely and cooperative responses to international pressures.",85,92,14,"14","pathways","pathway","NOUN","NNS","Number=Plur","13","obj",NA,NA
"doc194",1,1,"to promote sharing of best practices and exchange among different RFMOs to identify pathways to the conservation and sustainable use of BBNJ as well as ensuring timely and cooperative responses to international pressures.",94,95,15,"15","to","to","ADP","IN",NA,"17","case",NA,NA
"doc194",1,1,"to promote sharing of best practices and exchange among different RFMOs to identify pathways to the conservation and sustainable use of BBNJ as well as ensuring timely and cooperative responses to international pressures.",97,99,16,"16","the","the","DET","DT","Definite=Def|PronType=Art","17","det",NA,NA
"doc194",1,1,"to promote sharing of best practices and exchange among different RFMOs to identify pathways to the conservation and sustainable use of BBNJ as well as ensuring timely and cooperative responses to international pressures.",101,112,17,"17","conservation","conservation","NOUN","NN","Number=Sing","13","obl",NA,NA
"doc194",1,1,"to promote sharing of best practices and exchange among different RFMOs to identify pathways to the conservation and sustainable use of BBNJ as well as ensuring timely and cooperative responses to international pressures.",114,116,18,"18","and","and","CCONJ","CC",NA,"20","cc",NA,NA
"doc194",1,1,"to promote sharing of best practices and exchange among different RFMOs to identify pathways to the conservation and sustainable use of BBNJ as well as ensuring timely and cooperative responses to international pressures.",118,128,19,"19","sustainable","sustainable","ADJ","JJ","Degree=Pos","20","amod",NA,NA
"doc194",1,1,"to promote sharing of best practices and exchange among different RFMOs to identify pathways to the conservation and sustainable use of BBNJ as well as ensuring timely and cooperative responses to international pressures.",130,132,20,"20","use","use","NOUN","NN","Number=Sing","17","conj",NA,NA
"doc194",1,1,"to promote sharing of best practices and exchange among different RFMOs to identify pathways to the conservation and sustainable use of BBNJ as well as ensuring timely and cooperative responses to international pressures.",134,135,21,"21","of","of","ADP","IN",NA,"22","case",NA,NA
"doc194",1,1,"to promote sharing of best practices and exchange among different RFMOs to identify pathways to the conservation and sustainable use of BBNJ as well as ensuring timely and cooperative responses to international pressures.",137,140,22,"22","BBNJ","BBNJ","PROPN","NNP","Number=Sing","20","nmod",NA,NA
"doc194",1,1,"to promote sharing of best practices and exchange among different RFMOs to identify pathways to the conservation and sustainable use of BBNJ as well as ensuring timely and cooperative responses to international pressures.",142,143,23,"23","as","as","ADV","RB",NA,"26","cc",NA,NA
"doc194",1,1,"to promote sharing of best practices and exchange among different RFMOs to identify pathways to the conservation and sustainable use of BBNJ as well as ensuring timely and cooperative responses to international pressures.",145,148,24,"24","well","well","ADV","RB","Degree=Pos","23","fixed",NA,NA
"doc194",1,1,"to promote sharing of best practices and exchange among different RFMOs to identify pathways to the conservation and sustainable use of BBNJ as well as ensuring timely and cooperative responses to international pressures.",150,151,25,"25","as","as","SCONJ","IN",NA,"23","fixed",NA,NA
"doc194",1,1,"to promote sharing of best practices and exchange among different RFMOs to identify pathways to the conservation and sustainable use of BBNJ as well as ensuring timely and cooperative responses to international pressures.",153,160,26,"26","ensuring","ensure","VERB","VBG","VerbForm=Ger","20","acl",NA,NA
"doc194",1,1,"to promote sharing of best practices and exchange among different RFMOs to identify pathways to the conservation and sustainable use of BBNJ as well as ensuring timely and cooperative responses to international pressures.",162,167,27,"27","timely","timely","ADJ","JJ","Degree=Pos","30","amod",NA,NA
"doc194",1,1,"to promote sharing of best practices and exchange among different RFMOs to identify pathways to the conservation and sustainable use of BBNJ as well as ensuring timely and cooperative responses to international pressures.",169,171,28,"28","and","and","CCONJ","CC",NA,"29","cc",NA,NA
"doc194",1,1,"to promote sharing of best practices and exchange among different RFMOs to identify pathways to the conservation and sustainable use of BBNJ as well as ensuring timely and cooperative responses to international pressures.",173,183,29,"29","cooperative","cooperative","ADJ","JJ","Degree=Pos","27","conj",NA,NA
"doc194",1,1,"to promote sharing of best practices and exchange among different RFMOs to identify pathways to the conservation and sustainable use of BBNJ as well as ensuring timely and cooperative responses to international pressures.",185,193,30,"30","responses","response","NOUN","NNS","Number=Plur","26","obj",NA,NA
"doc194",1,1,"to promote sharing of best practices and exchange among different RFMOs to identify pathways to the conservation and sustainable use of BBNJ as well as ensuring timely and cooperative responses to international pressures.",195,196,31,"31","to","to","ADP","IN",NA,"33","case",NA,NA
"doc194",1,1,"to promote sharing of best practices and exchange among different RFMOs to identify pathways to the conservation and sustainable use of BBNJ as well as ensuring timely and cooperative responses to international pressures.",198,210,32,"32","international","international","ADJ","JJ","Degree=Pos","33","amod",NA,NA
"doc194",1,1,"to promote sharing of best practices and exchange among different RFMOs to identify pathways to the conservation and sustainable use of BBNJ as well as ensuring timely and cooperative responses to international pressures.",212,220,33,"33","pressures","pressure","NOUN","NNS","Number=Plur","26","obl",NA,"SpaceAfter=No"
"doc194",1,1,"to promote sharing of best practices and exchange among different RFMOs to identify pathways to the conservation and sustainable use of BBNJ as well as ensuring timely and cooperative responses to international pressures.",221,221,34,"34",".",".","PUNCT",".",NA,"2","punct",NA,"SpacesAfter=\n"
"doc195",1,1,"The divergence across the OECD/SIDS/LDCs for MGRs and ABMTs package elements suggests a potential challenge to find consensus.",1,3,1,"1","The","the","DET","DT","Definite=Def|PronType=Art","2","det",NA,NA
"doc195",1,1,"The divergence across the OECD/SIDS/LDCs for MGRs and ABMTs package elements suggests a potential challenge to find consensus.",5,14,2,"2","divergence","divergence","NOUN","NN","Number=Sing","13","nsubj",NA,NA
"doc195",1,1,"The divergence across the OECD/SIDS/LDCs for MGRs and ABMTs package elements suggests a potential challenge to find consensus.",16,21,3,"3","across","across","ADP","IN",NA,"6","case",NA,NA
"doc195",1,1,"The divergence across the OECD/SIDS/LDCs for MGRs and ABMTs package elements suggests a potential challenge to find consensus.",23,25,4,"4","the","the","DET","DT","Definite=Def|PronType=Art","6","det",NA,NA
"doc195",1,1,"The divergence across the OECD/SIDS/LDCs for MGRs and ABMTs package elements suggests a potential challenge to find consensus.",27,35,5,"5","OECD/SIDS","OECD/SIDS","PROPN","NNP","Number=Sing","6","compound",NA,"SpaceAfter=No"
"doc195",1,1,"The divergence across the OECD/SIDS/LDCs for MGRs and ABMTs package elements suggests a potential challenge to find consensus.",36,40,6,"6","/LDCs","/LDCs","PROPN","NNP","Number=Sing","2","nmod",NA,NA
"doc195",1,1,"The divergence across the OECD/SIDS/LDCs for MGRs and ABMTs package elements suggests a potential challenge to find consensus.",42,44,7,"7","for","for","ADP","IN",NA,"12","case",NA,NA
"doc195",1,1,"The divergence across the OECD/SIDS/LDCs for MGRs and ABMTs package elements suggests a potential challenge to find consensus.",46,49,8,"8","MGRs","MGRs","PROPN","NNP","Number=Sing","12","compound",NA,NA
"doc195",1,1,"The divergence across the OECD/SIDS/LDCs for MGRs and ABMTs package elements suggests a potential challenge to find consensus.",51,53,9,"9","and","and","CCONJ","CC",NA,"12","cc",NA,NA
"doc195",1,1,"The divergence across the OECD/SIDS/LDCs for MGRs and ABMTs package elements suggests a potential challenge to find consensus.",55,59,10,"10","ABMTs","ABMTs","PROPN","NNP","Number=Sing","12","compound",NA,NA
"doc195",1,1,"The divergence across the OECD/SIDS/LDCs for MGRs and ABMTs package elements suggests a potential challenge to find consensus.",61,67,11,"11","package","package","NOUN","NN","Number=Sing","12","compound",NA,NA
"doc195",1,1,"The divergence across the OECD/SIDS/LDCs for MGRs and ABMTs package elements suggests a potential challenge to find consensus.",69,76,12,"12","elements","element","NOUN","NNS","Number=Plur","6","nmod",NA,NA
"doc195",1,1,"The divergence across the OECD/SIDS/LDCs for MGRs and ABMTs package elements suggests a potential challenge to find consensus.",78,85,13,"13","suggests","suggest","VERB","VBZ","Mood=Ind|Number=Sing|Person=3|Tense=Pres|VerbForm=Fin","0","root",NA,NA
"doc195",1,1,"The divergence across the OECD/SIDS/LDCs for MGRs and ABMTs package elements suggests a potential challenge to find consensus.",87,87,14,"14","a","a","DET","DT","Definite=Ind|PronType=Art","16","det",NA,NA
"doc195",1,1,"The divergence across the OECD/SIDS/LDCs for MGRs and ABMTs package elements suggests a potential challenge to find consensus.",89,97,15,"15","potential","potential","ADJ","JJ","Degree=Pos","16","amod",NA,NA
"doc195",1,1,"The divergence across the OECD/SIDS/LDCs for MGRs and ABMTs package elements suggests a potential challenge to find consensus.",99,107,16,"16","challenge","challenge","NOUN","NN","Number=Sing","13","obj",NA,NA
"doc195",1,1,"The divergence across the OECD/SIDS/LDCs for MGRs and ABMTs package elements suggests a potential challenge to find consensus.",109,110,17,"17","to","to","PART","TO",NA,"18","mark",NA,NA
"doc195",1,1,"The divergence across the OECD/SIDS/LDCs for MGRs and ABMTs package elements suggests a potential challenge to find consensus.",112,115,18,"18","find","find","VERB","VB","VerbForm=Inf","13","advcl",NA,NA
"doc195",1,1,"The divergence across the OECD/SIDS/LDCs for MGRs and ABMTs package elements suggests a potential challenge to find consensus.",117,125,19,"19","consensus","consensus","NOUN","NN","Number=Sing","18","obj",NA,"SpaceAfter=No"
"doc195",1,1,"The divergence across the OECD/SIDS/LDCs for MGRs and ABMTs package elements suggests a potential challenge to find consensus.",126,126,20,"20",".",".","PUNCT",".",NA,"13","punct",NA,"SpacesAfter=\n"
"doc196",1,1,"to implement equitable and transparent stakeholder engagement and participation in the design and designation of ABMTs and MPAs, including a wide range of user communities as well as the scientific community and general public.",1,2,1,"1","to","to","PART","TO",NA,"2","mark",NA,NA
"doc196",1,1,"to implement equitable and transparent stakeholder engagement and participation in the design and designation of ABMTs and MPAs, including a wide range of user communities as well as the scientific community and general public.",4,12,2,"2","implement","implement","VERB","VB","VerbForm=Inf","0","root",NA,NA
"doc196",1,1,"to implement equitable and transparent stakeholder engagement and participation in the design and designation of ABMTs and MPAs, including a wide range of user communities as well as the scientific community and general public.",14,22,3,"3","equitable","equitable","ADJ","JJ","Degree=Pos","7","amod",NA,NA
"doc196",1,1,"to implement equitable and transparent stakeholder engagement and participation in the design and designation of ABMTs and MPAs, including a wide range of user communities as well as the scientific community and general public.",24,26,4,"4","and","and","CCONJ","CC",NA,"5","cc",NA,NA
"doc196",1,1,"to implement equitable and transparent stakeholder engagement and participation in the design and designation of ABMTs and MPAs, including a wide range of user communities as well as the scientific community and general public.",28,38,5,"5","transparent","transparent","ADJ","JJ","Degree=Pos","3","conj",NA,NA
"doc196",1,1,"to implement equitable and transparent stakeholder engagement and participation in the design and designation of ABMTs and MPAs, including a wide range of user communities as well as the scientific community and general public.",40,50,6,"6","stakeholder","stakeholder","NOUN","NN","Number=Sing","7","compound",NA,NA
"doc196",1,1,"to implement equitable and transparent stakeholder engagement and participation in the design and designation of ABMTs and MPAs, including a wide range of user communities as well as the scientific community and general public.",52,61,7,"7","engagement","engagement","NOUN","NN","Number=Sing","2","obj",NA,NA
"doc196",1,1,"to implement equitable and transparent stakeholder engagement and participation in the design and designation of ABMTs and MPAs, including a wide range of user communities as well as the scientific community and general public.",63,65,8,"8","and","and","CCONJ","CC",NA,"9","cc",NA,NA
"doc196",1,1,"to implement equitable and transparent stakeholder engagement and participation in the design and designation of ABMTs and MPAs, including a wide range of user communities as well as the scientific community and general public.",67,79,9,"9","participation","participation","NOUN","NN","Number=Sing","7","conj",NA,NA
"doc196",1,1,"to implement equitable and transparent stakeholder engagement and participation in the design and designation of ABMTs and MPAs, including a wide range of user communities as well as the scientific community and general public.",81,82,10,"10","in","in","ADP","IN",NA,"12","case",NA,NA
"doc196",1,1,"to implement equitable and transparent stakeholder engagement and participation in the design and designation of ABMTs and MPAs, including a wide range of user communities as well as the scientific community and general public.",84,86,11,"11","the","the","DET","DT","Definite=Def|PronType=Art","12","det",NA,NA
"doc196",1,1,"to implement equitable and transparent stakeholder engagement and participation in the design and designation of ABMTs and MPAs, including a wide range of user communities as well as the scientific community and general public.",88,93,12,"12","design","design","NOUN","NN","Number=Sing","2","obl",NA,NA
"doc196",1,1,"to implement equitable and transparent stakeholder engagement and participation in the design and designation of ABMTs and MPAs, including a wide range of user communities as well as the scientific community and general public.",95,97,13,"13","and","and","CCONJ","CC",NA,"14","cc",NA,NA
"doc196",1,1,"to implement equitable and transparent stakeholder engagement and participation in the design and designation of ABMTs and MPAs, including a wide range of user communities as well as the scientific community and general public.",99,109,14,"14","designation","designation","NOUN","NN","Number=Sing","12","conj",NA,NA
"doc196",1,1,"to implement equitable and transparent stakeholder engagement and participation in the design and designation of ABMTs and MPAs, including a wide range of user communities as well as the scientific community and general public.",111,112,15,"15","of","of","ADP","IN",NA,"16","case",NA,NA
"doc196",1,1,"to implement equitable and transparent stakeholder engagement and participation in the design and designation of ABMTs and MPAs, including a wide range of user communities as well as the scientific community and general public.",114,118,16,"16","ABMTs","ABMTs","NOUN","NNS","Number=Plur","12","nmod",NA,NA
"doc196",1,1,"to implement equitable and transparent stakeholder engagement and participation in the design and designation of ABMTs and MPAs, including a wide range of user communities as well as the scientific community and general public.",120,122,17,"17","and","and","CCONJ","CC",NA,"18","cc",NA,NA
"doc196",1,1,"to implement equitable and transparent stakeholder engagement and participation in the design and designation of ABMTs and MPAs, including a wide range of user communities as well as the scientific community and general public.",124,127,18,"18","MPAs","MPAs","NOUN","NNS","Number=Plur","16","conj",NA,"SpaceAfter=No"
"doc196",1,1,"to implement equitable and transparent stakeholder engagement and participation in the design and designation of ABMTs and MPAs, including a wide range of user communities as well as the scientific community and general public.",128,128,19,"19",",",",","PUNCT",",",NA,"2","punct",NA,NA
"doc196",1,1,"to implement equitable and transparent stakeholder engagement and participation in the design and designation of ABMTs and MPAs, including a wide range of user communities as well as the scientific community and general public.",130,138,20,"20","including","include","VERB","VBG","VerbForm=Ger","23","case",NA,NA
"doc196",1,1,"to implement equitable and transparent stakeholder engagement and participation in the design and designation of ABMTs and MPAs, including a wide range of user communities as well as the scientific community and general public.",140,140,21,"21","a","a","DET","DT","Definite=Ind|PronType=Art","23","det",NA,NA
"doc196",1,1,"to implement equitable and transparent stakeholder engagement and participation in the design and designation of ABMTs and MPAs, including a wide range of user communities as well as the scientific community and general public.",142,145,22,"22","wide","wide","ADJ","JJ","Degree=Pos","23","amod",NA,NA
"doc196",1,1,"to implement equitable and transparent stakeholder engagement and participation in the design and designation of ABMTs and MPAs, including a wide range of user communities as well as the scientific community and general public.",147,151,23,"23","range","range","NOUN","NN","Number=Sing","2","obl",NA,NA
"doc196",1,1,"to implement equitable and transparent stakeholder engagement and participation in the design and designation of ABMTs and MPAs, including a wide range of user communities as well as the scientific community and general public.",153,154,24,"24","of","of","ADP","IN",NA,"26","case",NA,NA
"doc196",1,1,"to implement equitable and transparent stakeholder engagement and participation in the design and designation of ABMTs and MPAs, including a wide range of user communities as well as the scientific community and general public.",156,159,25,"25","user","user","ADJ","JJ","Degree=Pos","26","amod",NA,NA
"doc196",1,1,"to implement equitable and transparent stakeholder engagement and participation in the design and designation of ABMTs and MPAs, including a wide range of user communities as well as the scientific community and general public.",161,171,26,"26","communities","community","NOUN","NNS","Number=Plur","23","nmod",NA,NA
"doc196",1,1,"to implement equitable and transparent stakeholder engagement and participation in the design and designation of ABMTs and MPAs, including a wide range of user communities as well as the scientific community and general public.",173,174,27,"27","as","as","ADV","RB",NA,"32","cc",NA,NA
"doc196",1,1,"to implement equitable and transparent stakeholder engagement and participation in the design and designation of ABMTs and MPAs, including a wide range of user communities as well as the scientific community and general public.",176,179,28,"28","well","well","ADV","RB","Degree=Pos","27","fixed",NA,NA
"doc196",1,1,"to implement equitable and transparent stakeholder engagement and participation in the design and designation of ABMTs and MPAs, including a wide range of user communities as well as the scientific community and general public.",181,182,29,"29","as","as","ADP","IN",NA,"27","fixed",NA,NA
"doc196",1,1,"to implement equitable and transparent stakeholder engagement and participation in the design and designation of ABMTs and MPAs, including a wide range of user communities as well as the scientific community and general public.",184,186,30,"30","the","the","DET","DT","Definite=Def|PronType=Art","32","det",NA,NA
"doc196",1,1,"to implement equitable and transparent stakeholder engagement and participation in the design and designation of ABMTs and MPAs, including a wide range of user communities as well as the scientific community and general public.",188,197,31,"31","scientific","scientific","ADJ","JJ","Degree=Pos","32","amod",NA,NA
"doc196",1,1,"to implement equitable and transparent stakeholder engagement and participation in the design and designation of ABMTs and MPAs, including a wide range of user communities as well as the scientific community and general public.",199,207,32,"32","community","community","NOUN","NN","Number=Sing","23","conj",NA,NA
"doc196",1,1,"to implement equitable and transparent stakeholder engagement and participation in the design and designation of ABMTs and MPAs, including a wide range of user communities as well as the scientific community and general public.",209,211,33,"33","and","and","CCONJ","CC",NA,"35","cc",NA,NA
"doc196",1,1,"to implement equitable and transparent stakeholder engagement and participation in the design and designation of ABMTs and MPAs, including a wide range of user communities as well as the scientific community and general public.",213,219,34,"34","general","general","ADJ","JJ","Degree=Pos","35","amod",NA,NA
"doc196",1,1,"to implement equitable and transparent stakeholder engagement and participation in the design and designation of ABMTs and MPAs, including a wide range of user communities as well as the scientific community and general public.",221,226,35,"35","public","public","NOUN","NN","Number=Sing","32","conj",NA,"SpaceAfter=No"
"doc196",1,1,"to implement equitable and transparent stakeholder engagement and participation in the design and designation of ABMTs and MPAs, including a wide range of user communities as well as the scientific community and general public.",227,227,36,"36",".",".","PUNCT",".",NA,"2","punct",NA,"SpacesAfter=\n"
"doc197",1,1,"to set out clearly the environmental obligations that apply to activities, including obligations to assess the environmental impacts of the activities, and to notify and consult with affected states before undertaking activities that have a possibility of harm to the marine environment.",1,2,1,"1","to","to","PART","TO",NA,"2","mark",NA,NA
"doc197",1,1,"to set out clearly the environmental obligations that apply to activities, including obligations to assess the environmental impacts of the activities, and to notify and consult with affected states before undertaking activities that have a possibility of harm to the marine environment.",4,6,2,"2","set","set","VERB","VB","VerbForm=Inf","0","root",NA,NA
"doc197",1,1,"to set out clearly the environmental obligations that apply to activities, including obligations to assess the environmental impacts of the activities, and to notify and consult with affected states before undertaking activities that have a possibility of harm to the marine environment.",8,10,3,"3","out","out","ADP","RP",NA,"2","compound:prt",NA,NA
"doc197",1,1,"to set out clearly the environmental obligations that apply to activities, including obligations to assess the environmental impacts of the activities, and to notify and consult with affected states before undertaking activities that have a possibility of harm to the marine environment.",12,18,4,"4","clearly","clearly","ADV","RB",NA,"7","advmod",NA,NA
"doc197",1,1,"to set out clearly the environmental obligations that apply to activities, including obligations to assess the environmental impacts of the activities, and to notify and consult with affected states before undertaking activities that have a possibility of harm to the marine environment.",20,22,5,"5","the","the","DET","DT","Definite=Def|PronType=Art","7","det",NA,NA
"doc197",1,1,"to set out clearly the environmental obligations that apply to activities, including obligations to assess the environmental impacts of the activities, and to notify and consult with affected states before undertaking activities that have a possibility of harm to the marine environment.",24,36,6,"6","environmental","environmental","ADJ","JJ","Degree=Pos","7","amod",NA,NA
"doc197",1,1,"to set out clearly the environmental obligations that apply to activities, including obligations to assess the environmental impacts of the activities, and to notify and consult with affected states before undertaking activities that have a possibility of harm to the marine environment.",38,48,7,"7","obligations","obligation","NOUN","NNS","Number=Plur","2","obj",NA,NA
"doc197",1,1,"to set out clearly the environmental obligations that apply to activities, including obligations to assess the environmental impacts of the activities, and to notify and consult with affected states before undertaking activities that have a possibility of harm to the marine environment.",50,53,8,"8","that","that","PRON","WDT","PronType=Rel","9","nsubj",NA,NA
"doc197",1,1,"to set out clearly the environmental obligations that apply to activities, including obligations to assess the environmental impacts of the activities, and to notify and consult with affected states before undertaking activities that have a possibility of harm to the marine environment.",55,59,9,"9","apply","apply","VERB","VBP","Mood=Ind|Tense=Pres|VerbForm=Fin","7","acl:relcl",NA,NA
"doc197",1,1,"to set out clearly the environmental obligations that apply to activities, including obligations to assess the environmental impacts of the activities, and to notify and consult with affected states before undertaking activities that have a possibility of harm to the marine environment.",61,62,10,"10","to","to","ADP","IN",NA,"11","case",NA,NA
"doc197",1,1,"to set out clearly the environmental obligations that apply to activities, including obligations to assess the environmental impacts of the activities, and to notify and consult with affected states before undertaking activities that have a possibility of harm to the marine environment.",64,73,11,"11","activities","activity","NOUN","NNS","Number=Plur","9","obl",NA,"SpaceAfter=No"
"doc197",1,1,"to set out clearly the environmental obligations that apply to activities, including obligations to assess the environmental impacts of the activities, and to notify and consult with affected states before undertaking activities that have a possibility of harm to the marine environment.",74,74,12,"12",",",",","PUNCT",",",NA,"2","punct",NA,NA
"doc197",1,1,"to set out clearly the environmental obligations that apply to activities, including obligations to assess the environmental impacts of the activities, and to notify and consult with affected states before undertaking activities that have a possibility of harm to the marine environment.",76,84,13,"13","including","include","VERB","VBG","VerbForm=Ger","14","case",NA,NA
"doc197",1,1,"to set out clearly the environmental obligations that apply to activities, including obligations to assess the environmental impacts of the activities, and to notify and consult with affected states before undertaking activities that have a possibility of harm to the marine environment.",86,96,14,"14","obligations","obligation","NOUN","NNS","Number=Plur","2","obj",NA,NA
"doc197",1,1,"to set out clearly the environmental obligations that apply to activities, including obligations to assess the environmental impacts of the activities, and to notify and consult with affected states before undertaking activities that have a possibility of harm to the marine environment.",98,99,15,"15","to","to","PART","TO",NA,"16","mark",NA,NA
"doc197",1,1,"to set out clearly the environmental obligations that apply to activities, including obligations to assess the environmental impacts of the activities, and to notify and consult with affected states before undertaking activities that have a possibility of harm to the marine environment.",101,106,16,"16","assess","assess","VERB","VB","VerbForm=Inf","14","acl",NA,NA
"doc197",1,1,"to set out clearly the environmental obligations that apply to activities, including obligations to assess the environmental impacts of the activities, and to notify and consult with affected states before undertaking activities that have a possibility of harm to the marine environment.",108,110,17,"17","the","the","DET","DT","Definite=Def|PronType=Art","19","det",NA,NA
"doc197",1,1,"to set out clearly the environmental obligations that apply to activities, including obligations to assess the environmental impacts of the activities, and to notify and consult with affected states before undertaking activities that have a possibility of harm to the marine environment.",112,124,18,"18","environmental","environmental","ADJ","JJ","Degree=Pos","19","amod",NA,NA
"doc197",1,1,"to set out clearly the environmental obligations that apply to activities, including obligations to assess the environmental impacts of the activities, and to notify and consult with affected states before undertaking activities that have a possibility of harm to the marine environment.",126,132,19,"19","impacts","impact","NOUN","NNS","Number=Plur","16","obj",NA,NA
"doc197",1,1,"to set out clearly the environmental obligations that apply to activities, including obligations to assess the environmental impacts of the activities, and to notify and consult with affected states before undertaking activities that have a possibility of harm to the marine environment.",134,135,20,"20","of","of","ADP","IN",NA,"22","case",NA,NA
"doc197",1,1,"to set out clearly the environmental obligations that apply to activities, including obligations to assess the environmental impacts of the activities, and to notify and consult with affected states before undertaking activities that have a possibility of harm to the marine environment.",137,139,21,"21","the","the","DET","DT","Definite=Def|PronType=Art","22","det",NA,NA
"doc197",1,1,"to set out clearly the environmental obligations that apply to activities, including obligations to assess the environmental impacts of the activities, and to notify and consult with affected states before undertaking activities that have a possibility of harm to the marine environment.",141,150,22,"22","activities","activity","NOUN","NNS","Number=Plur","19","nmod",NA,"SpaceAfter=No"
"doc197",1,1,"to set out clearly the environmental obligations that apply to activities, including obligations to assess the environmental impacts of the activities, and to notify and consult with affected states before undertaking activities that have a possibility of harm to the marine environment.",151,151,23,"23",",",",","PUNCT",",",NA,"26","punct",NA,NA
"doc197",1,1,"to set out clearly the environmental obligations that apply to activities, including obligations to assess the environmental impacts of the activities, and to notify and consult with affected states before undertaking activities that have a possibility of harm to the marine environment.",153,155,24,"24","and","and","CCONJ","CC",NA,"26","cc",NA,NA
"doc197",1,1,"to set out clearly the environmental obligations that apply to activities, including obligations to assess the environmental impacts of the activities, and to notify and consult with affected states before undertaking activities that have a possibility of harm to the marine environment.",157,158,25,"25","to","to","PART","TO",NA,"26","mark",NA,NA
"doc197",1,1,"to set out clearly the environmental obligations that apply to activities, including obligations to assess the environmental impacts of the activities, and to notify and consult with affected states before undertaking activities that have a possibility of harm to the marine environment.",160,165,26,"26","notify","notify","VERB","VB","VerbForm=Inf","2","conj",NA,NA
"doc197",1,1,"to set out clearly the environmental obligations that apply to activities, including obligations to assess the environmental impacts of the activities, and to notify and consult with affected states before undertaking activities that have a possibility of harm to the marine environment.",167,169,27,"27","and","and","CCONJ","CC",NA,"28","cc",NA,NA
"doc197",1,1,"to set out clearly the environmental obligations that apply to activities, including obligations to assess the environmental impacts of the activities, and to notify and consult with affected states before undertaking activities that have a possibility of harm to the marine environment.",171,177,28,"28","consult","consult","VERB","VB","VerbForm=Inf","26","conj",NA,NA
"doc197",1,1,"to set out clearly the environmental obligations that apply to activities, including obligations to assess the environmental impacts of the activities, and to notify and consult with affected states before undertaking activities that have a possibility of harm to the marine environment.",179,182,29,"29","with","with","ADP","IN",NA,"31","case",NA,NA
"doc197",1,1,"to set out clearly the environmental obligations that apply to activities, including obligations to assess the environmental impacts of the activities, and to notify and consult with affected states before undertaking activities that have a possibility of harm to the marine environment.",184,191,30,"30","affected","affect","VERB","VBN","Tense=Past|VerbForm=Part","31","amod",NA,NA
"doc197",1,1,"to set out clearly the environmental obligations that apply to activities, including obligations to assess the environmental impacts of the activities, and to notify and consult with affected states before undertaking activities that have a possibility of harm to the marine environment.",193,198,31,"31","states","state","NOUN","NNS","Number=Plur","26","obl",NA,NA
"doc197",1,1,"to set out clearly the environmental obligations that apply to activities, including obligations to assess the environmental impacts of the activities, and to notify and consult with affected states before undertaking activities that have a possibility of harm to the marine environment.",200,205,32,"32","before","before","SCONJ","IN",NA,"33","mark",NA,NA
"doc197",1,1,"to set out clearly the environmental obligations that apply to activities, including obligations to assess the environmental impacts of the activities, and to notify and consult with affected states before undertaking activities that have a possibility of harm to the marine environment.",207,217,33,"33","undertaking","undertake","VERB","VBG","VerbForm=Ger","26","advcl",NA,NA
"doc197",1,1,"to set out clearly the environmental obligations that apply to activities, including obligations to assess the environmental impacts of the activities, and to notify and consult with affected states before undertaking activities that have a possibility of harm to the marine environment.",219,228,34,"34","activities","activity","NOUN","NNS","Number=Plur","33","obj",NA,NA
"doc197",1,1,"to set out clearly the environmental obligations that apply to activities, including obligations to assess the environmental impacts of the activities, and to notify and consult with affected states before undertaking activities that have a possibility of harm to the marine environment.",230,233,35,"35","that","that","PRON","WDT","PronType=Rel","36","nsubj",NA,NA
"doc197",1,1,"to set out clearly the environmental obligations that apply to activities, including obligations to assess the environmental impacts of the activities, and to notify and consult with affected states before undertaking activities that have a possibility of harm to the marine environment.",235,238,36,"36","have","have","VERB","VBP","Mood=Ind|Tense=Pres|VerbForm=Fin","34","acl:relcl",NA,NA
"doc197",1,1,"to set out clearly the environmental obligations that apply to activities, including obligations to assess the environmental impacts of the activities, and to notify and consult with affected states before undertaking activities that have a possibility of harm to the marine environment.",240,240,37,"37","a","a","DET","DT","Definite=Ind|PronType=Art","38","det",NA,NA
"doc197",1,1,"to set out clearly the environmental obligations that apply to activities, including obligations to assess the environmental impacts of the activities, and to notify and consult with affected states before undertaking activities that have a possibility of harm to the marine environment.",242,252,38,"38","possibility","possibility","NOUN","NN","Number=Sing","36","obj",NA,NA
"doc197",1,1,"to set out clearly the environmental obligations that apply to activities, including obligations to assess the environmental impacts of the activities, and to notify and consult with affected states before undertaking activities that have a possibility of harm to the marine environment.",254,255,39,"39","of","of","ADP","IN",NA,"40","case",NA,NA
"doc197",1,1,"to set out clearly the environmental obligations that apply to activities, including obligations to assess the environmental impacts of the activities, and to notify and consult with affected states before undertaking activities that have a possibility of harm to the marine environment.",257,260,40,"40","harm","harm","NOUN","NN","Number=Sing","38","nmod",NA,NA
"doc197",1,1,"to set out clearly the environmental obligations that apply to activities, including obligations to assess the environmental impacts of the activities, and to notify and consult with affected states before undertaking activities that have a possibility of harm to the marine environment.",262,263,41,"41","to","to","ADP","IN",NA,"44","case",NA,NA
"doc197",1,1,"to set out clearly the environmental obligations that apply to activities, including obligations to assess the environmental impacts of the activities, and to notify and consult with affected states before undertaking activities that have a possibility of harm to the marine environment.",265,267,42,"42","the","the","DET","DT","Definite=Def|PronType=Art","44","det",NA,NA
"doc197",1,1,"to set out clearly the environmental obligations that apply to activities, including obligations to assess the environmental impacts of the activities, and to notify and consult with affected states before undertaking activities that have a possibility of harm to the marine environment.",269,274,43,"43","marine","marine","NOUN","NN","Number=Sing","44","compound",NA,NA
"doc197",1,1,"to set out clearly the environmental obligations that apply to activities, including obligations to assess the environmental impacts of the activities, and to notify and consult with affected states before undertaking activities that have a possibility of harm to the marine environment.",276,286,44,"44","environment","environment","NOUN","NN","Number=Sing","40","nmod",NA,"SpaceAfter=No"
"doc197",1,1,"to set out clearly the environmental obligations that apply to activities, including obligations to assess the environmental impacts of the activities, and to notify and consult with affected states before undertaking activities that have a possibility of harm to the marine environment.",287,287,45,"45",".",".","PUNCT",".",NA,"2","punct",NA,"SpacesAfter=\n"
"doc198",1,1,"Consensus is difficult to achieve on the need and feasibility to establish a central mechanism.",1,9,1,"1","Consensus","consensus","NOUN","NN","Number=Sing","3","nsubj",NA,NA
"doc198",1,1,"Consensus is difficult to achieve on the need and feasibility to establish a central mechanism.",11,12,2,"2","is","be","AUX","VBZ","Mood=Ind|Number=Sing|Person=3|Tense=Pres|VerbForm=Fin","3","cop",NA,NA
"doc198",1,1,"Consensus is difficult to achieve on the need and feasibility to establish a central mechanism.",14,22,3,"3","difficult","difficult","ADJ","JJ","Degree=Pos","0","root",NA,NA
"doc198",1,1,"Consensus is difficult to achieve on the need and feasibility to establish a central mechanism.",24,25,4,"4","to","to","PART","TO",NA,"5","mark",NA,NA
"doc198",1,1,"Consensus is difficult to achieve on the need and feasibility to establish a central mechanism.",27,33,5,"5","achieve","achieve","VERB","VB","VerbForm=Inf","3","ccomp",NA,NA
"doc198",1,1,"Consensus is difficult to achieve on the need and feasibility to establish a central mechanism.",35,36,6,"6","on","on","ADP","IN",NA,"8","case",NA,NA
"doc198",1,1,"Consensus is difficult to achieve on the need and feasibility to establish a central mechanism.",38,40,7,"7","the","the","DET","DT","Definite=Def|PronType=Art","8","det",NA,NA
"doc198",1,1,"Consensus is difficult to achieve on the need and feasibility to establish a central mechanism.",42,45,8,"8","need","need","NOUN","NN","Number=Sing","5","obl",NA,NA
"doc198",1,1,"Consensus is difficult to achieve on the need and feasibility to establish a central mechanism.",47,49,9,"9","and","and","CCONJ","CC",NA,"10","cc",NA,NA
"doc198",1,1,"Consensus is difficult to achieve on the need and feasibility to establish a central mechanism.",51,61,10,"10","feasibility","feasibility","NOUN","NN","Number=Sing","8","conj",NA,NA
"doc198",1,1,"Consensus is difficult to achieve on the need and feasibility to establish a central mechanism.",63,64,11,"11","to","to","PART","TO",NA,"12","mark",NA,NA
"doc198",1,1,"Consensus is difficult to achieve on the need and feasibility to establish a central mechanism.",66,74,12,"12","establish","establish","VERB","VB","VerbForm=Inf","5","advcl",NA,NA
"doc198",1,1,"Consensus is difficult to achieve on the need and feasibility to establish a central mechanism.",76,76,13,"13","a","a","DET","DT","Definite=Ind|PronType=Art","15","det",NA,NA
"doc198",1,1,"Consensus is difficult to achieve on the need and feasibility to establish a central mechanism.",78,84,14,"14","central","central","ADJ","JJ","Degree=Pos","15","amod",NA,NA
"doc198",1,1,"Consensus is difficult to achieve on the need and feasibility to establish a central mechanism.",86,94,15,"15","mechanism","mechanism","NOUN","NN","Number=Sing","12","obj",NA,"SpaceAfter=No"
"doc198",1,1,"Consensus is difficult to achieve on the need and feasibility to establish a central mechanism.",95,95,16,"16",".",".","PUNCT",".",NA,"3","punct",NA,"SpacesAfter=\n"
"doc199",1,1,"the parameters of the governance principle of cooperation and the specifications of its applicability is not clear.",1,3,1,"1","the","the","DET","DT","Definite=Def|PronType=Art","2","det",NA,NA
"doc199",1,1,"the parameters of the governance principle of cooperation and the specifications of its applicability is not clear.",5,14,2,"2","parameters","parameter","NOUN","NNS","Number=Plur","17","nsubj",NA,NA
"doc199",1,1,"the parameters of the governance principle of cooperation and the specifications of its applicability is not clear.",16,17,3,"3","of","of","ADP","IN",NA,"6","case",NA,NA
"doc199",1,1,"the parameters of the governance principle of cooperation and the specifications of its applicability is not clear.",19,21,4,"4","the","the","DET","DT","Definite=Def|PronType=Art","6","det",NA,NA
"doc199",1,1,"the parameters of the governance principle of cooperation and the specifications of its applicability is not clear.",23,32,5,"5","governance","governance","NOUN","NN","Number=Sing","6","compound",NA,NA
"doc199",1,1,"the parameters of the governance principle of cooperation and the specifications of its applicability is not clear.",34,42,6,"6","principle","principle","NOUN","NN","Number=Sing","2","nmod",NA,NA
"doc199",1,1,"the parameters of the governance principle of cooperation and the specifications of its applicability is not clear.",44,45,7,"7","of","of","ADP","IN",NA,"8","case",NA,NA
"doc199",1,1,"the parameters of the governance principle of cooperation and the specifications of its applicability is not clear.",47,57,8,"8","cooperation","cooperation","NOUN","NN","Number=Sing","6","nmod",NA,NA
"doc199",1,1,"the parameters of the governance principle of cooperation and the specifications of its applicability is not clear.",59,61,9,"9","and","and","CCONJ","CC",NA,"11","cc",NA,NA
"doc199",1,1,"the parameters of the governance principle of cooperation and the specifications of its applicability is not clear.",63,65,10,"10","the","the","DET","DT","Definite=Def|PronType=Art","11","det",NA,NA
"doc199",1,1,"the parameters of the governance principle of cooperation and the specifications of its applicability is not clear.",67,80,11,"11","specifications","specification","NOUN","NNS","Number=Plur","2","conj",NA,NA
"doc199",1,1,"the parameters of the governance principle of cooperation and the specifications of its applicability is not clear.",82,83,12,"12","of","of","ADP","IN",NA,"14","case",NA,NA
"doc199",1,1,"the parameters of the governance principle of cooperation and the specifications of its applicability is not clear.",85,87,13,"13","its","its","PRON","PRP$","Gender=Neut|Number=Sing|Person=3|Poss=Yes|PronType=Prs","14","nmod:poss",NA,NA
"doc199",1,1,"the parameters of the governance principle of cooperation and the specifications of its applicability is not clear.",89,101,14,"14","applicability","applicability","NOUN","NN","Number=Sing","11","nmod",NA,NA
"doc199",1,1,"the parameters of the governance principle of cooperation and the specifications of its applicability is not clear.",103,104,15,"15","is","be","AUX","VBZ","Mood=Ind|Number=Sing|Person=3|Tense=Pres|VerbForm=Fin","17","cop",NA,NA
"doc199",1,1,"the parameters of the governance principle of cooperation and the specifications of its applicability is not clear.",106,108,16,"16","not","not","PART","RB",NA,"17","advmod",NA,NA
"doc199",1,1,"the parameters of the governance principle of cooperation and the specifications of its applicability is not clear.",110,114,17,"17","clear","clear","ADJ","JJ","Degree=Pos","0","root",NA,"SpaceAfter=No"
"doc199",1,1,"the parameters of the governance principle of cooperation and the specifications of its applicability is not clear.",115,115,18,"18",".",".","PUNCT",".",NA,"17","punct",NA,"SpacesAfter=\n"
"doc200",1,1,"to match existing marine technology resources to current needs in particular regions.",1,2,1,"1","to","to","PART","TO",NA,"2","mark",NA,NA
"doc200",1,1,"to match existing marine technology resources to current needs in particular regions.",4,8,2,"2","match","match","VERB","VB","VerbForm=Inf","0","root",NA,NA
"doc200",1,1,"to match existing marine technology resources to current needs in particular regions.",10,17,3,"3","existing","exist","VERB","VBG","VerbForm=Ger","6","amod",NA,NA
"doc200",1,1,"to match existing marine technology resources to current needs in particular regions.",19,24,4,"4","marine","marine","NUM","CD","NumType=Card","6","nummod",NA,NA
"doc200",1,1,"to match existing marine technology resources to current needs in particular regions.",26,35,5,"5","technology","technology","NOUN","NN","Number=Sing","6","compound",NA,NA
"doc200",1,1,"to match existing marine technology resources to current needs in particular regions.",37,45,6,"6","resources","resource","NOUN","NNS","Number=Plur","2","obj",NA,NA
"doc200",1,1,"to match existing marine technology resources to current needs in particular regions.",47,48,7,"7","to","to","ADP","IN",NA,"9","case",NA,NA
"doc200",1,1,"to match existing marine technology resources to current needs in particular regions.",50,56,8,"8","current","current","ADJ","JJ","Degree=Pos","9","amod",NA,NA
"doc200",1,1,"to match existing marine technology resources to current needs in particular regions.",58,62,9,"9","needs","need","NOUN","NNS","Number=Plur","2","obl",NA,NA
"doc200",1,1,"to match existing marine technology resources to current needs in particular regions.",64,65,10,"10","in","in","ADP","IN",NA,"12","case",NA,NA
"doc200",1,1,"to match existing marine technology resources to current needs in particular regions.",67,76,11,"11","particular","particular","ADJ","JJ","Degree=Pos","12","amod",NA,NA
"doc200",1,1,"to match existing marine technology resources to current needs in particular regions.",78,84,12,"12","regions","region","NOUN","NNS","Number=Plur","9","nmod",NA,"SpaceAfter=No"
"doc200",1,1,"to match existing marine technology resources to current needs in particular regions.",85,85,13,"13",".",".","PUNCT",".",NA,"2","punct",NA,"SpacesAfter=\n"
"doc201",1,1,"to develop collaborative institutional mechanisms to integrate fisheries with other environmental activities",1,2,1,"1","to","to","PART","TO",NA,"2","mark",NA,NA
"doc201",1,1,"to develop collaborative institutional mechanisms to integrate fisheries with other environmental activities",4,10,2,"2","develop","develop","VERB","VB","VerbForm=Inf","0","root",NA,NA
"doc201",1,1,"to develop collaborative institutional mechanisms to integrate fisheries with other environmental activities",12,24,3,"3","collaborative","collaborative","ADJ","JJ","Degree=Pos","5","amod",NA,NA
"doc201",1,1,"to develop collaborative institutional mechanisms to integrate fisheries with other environmental activities",26,38,4,"4","institutional","institutional","ADJ","JJ","Degree=Pos","5","amod",NA,NA
"doc201",1,1,"to develop collaborative institutional mechanisms to integrate fisheries with other environmental activities",40,49,5,"5","mechanisms","mechanism","NOUN","NNS","Number=Plur","2","obj",NA,NA
"doc201",1,1,"to develop collaborative institutional mechanisms to integrate fisheries with other environmental activities",51,52,6,"6","to","to","PART","TO",NA,"7","mark",NA,NA
"doc201",1,1,"to develop collaborative institutional mechanisms to integrate fisheries with other environmental activities",54,62,7,"7","integrate","integrate","VERB","VB","VerbForm=Inf","5","acl",NA,NA
"doc201",1,1,"to develop collaborative institutional mechanisms to integrate fisheries with other environmental activities",64,72,8,"8","fisheries","fishery","NOUN","NNS","Number=Plur","7","obj",NA,NA
"doc201",1,1,"to develop collaborative institutional mechanisms to integrate fisheries with other environmental activities",74,77,9,"9","with","with","ADP","IN",NA,"12","case",NA,NA
"doc201",1,1,"to develop collaborative institutional mechanisms to integrate fisheries with other environmental activities",79,83,10,"10","other","other","ADJ","JJ","Degree=Pos","12","amod",NA,NA
"doc201",1,1,"to develop collaborative institutional mechanisms to integrate fisheries with other environmental activities",85,97,11,"11","environmental","environmental","ADJ","JJ","Degree=Pos","12","amod",NA,NA
"doc201",1,1,"to develop collaborative institutional mechanisms to integrate fisheries with other environmental activities",99,108,12,"12","activities","activity","NOUN","NNS","Number=Plur","8","nmod",NA,"SpacesAfter=\n"
"doc202",1,1,"to clarify and elaborate the UNCLOS duty to cooperate.",1,2,1,"1","to","to","PART","TO",NA,"2","mark",NA,NA
"doc202",1,1,"to clarify and elaborate the UNCLOS duty to cooperate.",4,10,2,"2","clarify","clarify","VERB","VB","VerbForm=Inf","0","root",NA,NA
"doc202",1,1,"to clarify and elaborate the UNCLOS duty to cooperate.",12,14,3,"3","and","and","CCONJ","CC",NA,"4","cc",NA,NA
"doc202",1,1,"to clarify and elaborate the UNCLOS duty to cooperate.",16,24,4,"4","elaborate","elaborate","VERB","VB","VerbForm=Inf","2","conj",NA,NA
"doc202",1,1,"to clarify and elaborate the UNCLOS duty to cooperate.",26,28,5,"5","the","the","DET","DT","Definite=Def|PronType=Art","7","det",NA,NA
"doc202",1,1,"to clarify and elaborate the UNCLOS duty to cooperate.",30,35,6,"6","UNCLOS","UNCLOS","PROPN","NNP","Number=Sing","7","compound",NA,NA
"doc202",1,1,"to clarify and elaborate the UNCLOS duty to cooperate.",37,40,7,"7","duty","duty","NOUN","NN","Number=Sing","2","obj",NA,NA
"doc202",1,1,"to clarify and elaborate the UNCLOS duty to cooperate.",42,43,8,"8","to","to","PART","TO",NA,"9","mark",NA,NA
"doc202",1,1,"to clarify and elaborate the UNCLOS duty to cooperate.",45,53,9,"9","cooperate","cooperate","VERB","VB","VerbForm=Inf","2","xcomp",NA,"SpaceAfter=No"
"doc202",1,1,"to clarify and elaborate the UNCLOS duty to cooperate.",54,54,10,"10",".",".","PUNCT",".",NA,"2","punct",NA,"SpacesAfter=\n"
"doc203",1,1,"Side payments for balancing costs and benefits across stakeholder groups may ensure acceptance and compliance.",1,4,1,"1","Side","side","ADJ","JJ","Degree=Pos","2","amod",NA,NA
"doc203",1,1,"Side payments for balancing costs and benefits across stakeholder groups may ensure acceptance and compliance.",6,13,2,"2","payments","payment","NOUN","NNS","Number=Plur","12","nsubj",NA,NA
"doc203",1,1,"Side payments for balancing costs and benefits across stakeholder groups may ensure acceptance and compliance.",15,17,3,"3","for","for","SCONJ","IN",NA,"4","mark",NA,NA
"doc203",1,1,"Side payments for balancing costs and benefits across stakeholder groups may ensure acceptance and compliance.",19,27,4,"4","balancing","balancing","VERB","VBG","VerbForm=Ger","2","acl",NA,NA
"doc203",1,1,"Side payments for balancing costs and benefits across stakeholder groups may ensure acceptance and compliance.",29,33,5,"5","costs","cost","NOUN","NNS","Number=Plur","4","obj",NA,NA
"doc203",1,1,"Side payments for balancing costs and benefits across stakeholder groups may ensure acceptance and compliance.",35,37,6,"6","and","and","CCONJ","CC",NA,"7","cc",NA,NA
"doc203",1,1,"Side payments for balancing costs and benefits across stakeholder groups may ensure acceptance and compliance.",39,46,7,"7","benefits","benefit","NOUN","NNS","Number=Plur","5","conj",NA,NA
"doc203",1,1,"Side payments for balancing costs and benefits across stakeholder groups may ensure acceptance and compliance.",48,53,8,"8","across","across","ADP","IN",NA,"10","case",NA,NA
"doc203",1,1,"Side payments for balancing costs and benefits across stakeholder groups may ensure acceptance and compliance.",55,65,9,"9","stakeholder","stakeholder","NOUN","NN","Number=Sing","10","compound",NA,NA
"doc203",1,1,"Side payments for balancing costs and benefits across stakeholder groups may ensure acceptance and compliance.",67,72,10,"10","groups","group","NOUN","NNS","Number=Plur","4","obl",NA,NA
"doc203",1,1,"Side payments for balancing costs and benefits across stakeholder groups may ensure acceptance and compliance.",74,76,11,"11","may","may","AUX","MD","VerbForm=Fin","12","aux",NA,NA
"doc203",1,1,"Side payments for balancing costs and benefits across stakeholder groups may ensure acceptance and compliance.",78,83,12,"12","ensure","ensure","VERB","VB","VerbForm=Inf","0","root",NA,NA
"doc203",1,1,"Side payments for balancing costs and benefits across stakeholder groups may ensure acceptance and compliance.",85,94,13,"13","acceptance","acceptance","NOUN","NN","Number=Sing","12","obj",NA,NA
"doc203",1,1,"Side payments for balancing costs and benefits across stakeholder groups may ensure acceptance and compliance.",96,98,14,"14","and","and","CCONJ","CC",NA,"15","cc",NA,NA
"doc203",1,1,"Side payments for balancing costs and benefits across stakeholder groups may ensure acceptance and compliance.",100,109,15,"15","compliance","compliance","NOUN","NN","Number=Sing","13","conj",NA,"SpaceAfter=No"
"doc203",1,1,"Side payments for balancing costs and benefits across stakeholder groups may ensure acceptance and compliance.",110,110,16,"16",".",".","PUNCT",".",NA,"12","punct",NA,"SpacesAfter=\n"
"doc204",1,1,"Possible mismatch in timeframes when considering economic loss associated with MPAs implementation and the benefits from the exploitation of MGRs.",1,8,1,"1","Possible","Possible","ADJ","JJ","Degree=Pos","2","amod",NA,NA
"doc204",1,1,"Possible mismatch in timeframes when considering economic loss associated with MPAs implementation and the benefits from the exploitation of MGRs.",10,17,2,"2","mismatch","mismatch","NOUN","NN","Number=Sing","0","root",NA,NA
"doc204",1,1,"Possible mismatch in timeframes when considering economic loss associated with MPAs implementation and the benefits from the exploitation of MGRs.",19,20,3,"3","in","in","ADP","IN",NA,"4","case",NA,NA
"doc204",1,1,"Possible mismatch in timeframes when considering economic loss associated with MPAs implementation and the benefits from the exploitation of MGRs.",22,31,4,"4","timeframes","timeframe","NOUN","NNS","Number=Plur","2","nmod",NA,NA
"doc204",1,1,"Possible mismatch in timeframes when considering economic loss associated with MPAs implementation and the benefits from the exploitation of MGRs.",33,36,5,"5","when","when","ADV","WRB","PronType=Int","6","mark",NA,NA
"doc204",1,1,"Possible mismatch in timeframes when considering economic loss associated with MPAs implementation and the benefits from the exploitation of MGRs.",38,48,6,"6","considering","consider","VERB","VBG","VerbForm=Ger","2","acl",NA,NA
"doc204",1,1,"Possible mismatch in timeframes when considering economic loss associated with MPAs implementation and the benefits from the exploitation of MGRs.",50,57,7,"7","economic","economic","ADJ","JJ","Degree=Pos","8","amod",NA,NA
"doc204",1,1,"Possible mismatch in timeframes when considering economic loss associated with MPAs implementation and the benefits from the exploitation of MGRs.",59,62,8,"8","loss","loss","NOUN","NN","Number=Sing","6","obj",NA,NA
"doc204",1,1,"Possible mismatch in timeframes when considering economic loss associated with MPAs implementation and the benefits from the exploitation of MGRs.",64,73,9,"9","associated","associate","VERB","VBN","Tense=Past|VerbForm=Part","8","acl",NA,NA
"doc204",1,1,"Possible mismatch in timeframes when considering economic loss associated with MPAs implementation and the benefits from the exploitation of MGRs.",75,78,10,"10","with","with","ADP","IN",NA,"12","case",NA,NA
"doc204",1,1,"Possible mismatch in timeframes when considering economic loss associated with MPAs implementation and the benefits from the exploitation of MGRs.",80,83,11,"11","MPAs","MPAs","PROPN","NNP","Number=Sing","12","compound",NA,NA
"doc204",1,1,"Possible mismatch in timeframes when considering economic loss associated with MPAs implementation and the benefits from the exploitation of MGRs.",85,98,12,"12","implementation","implementation","NOUN","NN","Number=Sing","9","obl",NA,NA
"doc204",1,1,"Possible mismatch in timeframes when considering economic loss associated with MPAs implementation and the benefits from the exploitation of MGRs.",100,102,13,"13","and","and","CCONJ","CC",NA,"15","cc",NA,NA
"doc204",1,1,"Possible mismatch in timeframes when considering economic loss associated with MPAs implementation and the benefits from the exploitation of MGRs.",104,106,14,"14","the","the","DET","DT","Definite=Def|PronType=Art","15","det",NA,NA
"doc204",1,1,"Possible mismatch in timeframes when considering economic loss associated with MPAs implementation and the benefits from the exploitation of MGRs.",108,115,15,"15","benefits","benefit","NOUN","NNS","Number=Plur","6","conj",NA,NA
"doc204",1,1,"Possible mismatch in timeframes when considering economic loss associated with MPAs implementation and the benefits from the exploitation of MGRs.",117,120,16,"16","from","from","ADP","IN",NA,"18","case",NA,NA
"doc204",1,1,"Possible mismatch in timeframes when considering economic loss associated with MPAs implementation and the benefits from the exploitation of MGRs.",122,124,17,"17","the","the","DET","DT","Definite=Def|PronType=Art","18","det",NA,NA
"doc204",1,1,"Possible mismatch in timeframes when considering economic loss associated with MPAs implementation and the benefits from the exploitation of MGRs.",126,137,18,"18","exploitation","exploitation","NOUN","NN","Number=Sing","15","nmod",NA,NA
"doc204",1,1,"Possible mismatch in timeframes when considering economic loss associated with MPAs implementation and the benefits from the exploitation of MGRs.",139,140,19,"19","of","of","ADP","IN",NA,"20","case",NA,NA
"doc204",1,1,"Possible mismatch in timeframes when considering economic loss associated with MPAs implementation and the benefits from the exploitation of MGRs.",142,145,20,"20","MGRs","MGRs","NOUN","NNS","Number=Plur","18","nmod",NA,"SpaceAfter=No"
"doc204",1,1,"Possible mismatch in timeframes when considering economic loss associated with MPAs implementation and the benefits from the exploitation of MGRs.",146,146,21,"21",".",".","PUNCT",".",NA,"2","punct",NA,"SpacesAfter=\n"
"doc205",1,1,"the coastal state has sovereign rights over the resources of the continental shelf, while the resources found in the water column are beyond national jurisdiction.",1,3,1,"1","the","the","DET","DT","Definite=Def|PronType=Art","3","det",NA,NA
"doc205",1,1,"the coastal state has sovereign rights over the resources of the continental shelf, while the resources found in the water column are beyond national jurisdiction.",5,11,2,"2","coastal","coastal","ADJ","JJ","Degree=Pos","3","amod",NA,NA
"doc205",1,1,"the coastal state has sovereign rights over the resources of the continental shelf, while the resources found in the water column are beyond national jurisdiction.",13,17,3,"3","state","state","NOUN","NN","Number=Sing","4","nsubj",NA,NA
"doc205",1,1,"the coastal state has sovereign rights over the resources of the continental shelf, while the resources found in the water column are beyond national jurisdiction.",19,21,4,"4","has","have","VERB","VBZ","Mood=Ind|Number=Sing|Person=3|Tense=Pres|VerbForm=Fin","0","root",NA,NA
"doc205",1,1,"the coastal state has sovereign rights over the resources of the continental shelf, while the resources found in the water column are beyond national jurisdiction.",23,31,5,"5","sovereign","sovereign","ADJ","JJ","Degree=Pos","6","amod",NA,NA
"doc205",1,1,"the coastal state has sovereign rights over the resources of the continental shelf, while the resources found in the water column are beyond national jurisdiction.",33,38,6,"6","rights","rights","NOUN","NNS","Number=Plur","4","obj",NA,NA
"doc205",1,1,"the coastal state has sovereign rights over the resources of the continental shelf, while the resources found in the water column are beyond national jurisdiction.",40,43,7,"7","over","over","ADP","IN",NA,"9","case",NA,NA
"doc205",1,1,"the coastal state has sovereign rights over the resources of the continental shelf, while the resources found in the water column are beyond national jurisdiction.",45,47,8,"8","the","the","DET","DT","Definite=Def|PronType=Art","9","det",NA,NA
"doc205",1,1,"the coastal state has sovereign rights over the resources of the continental shelf, while the resources found in the water column are beyond national jurisdiction.",49,57,9,"9","resources","resource","NOUN","NNS","Number=Plur","6","nmod",NA,NA
"doc205",1,1,"the coastal state has sovereign rights over the resources of the continental shelf, while the resources found in the water column are beyond national jurisdiction.",59,60,10,"10","of","of","ADP","IN",NA,"13","case",NA,NA
"doc205",1,1,"the coastal state has sovereign rights over the resources of the continental shelf, while the resources found in the water column are beyond national jurisdiction.",62,64,11,"11","the","the","DET","DT","Definite=Def|PronType=Art","13","det",NA,NA
"doc205",1,1,"the coastal state has sovereign rights over the resources of the continental shelf, while the resources found in the water column are beyond national jurisdiction.",66,76,12,"12","continental","continental","ADJ","JJ","Degree=Pos","13","amod",NA,NA
"doc205",1,1,"the coastal state has sovereign rights over the resources of the continental shelf, while the resources found in the water column are beyond national jurisdiction.",78,82,13,"13","shelf","shelf","NOUN","NN","Number=Sing","9","nmod",NA,"SpaceAfter=No"
"doc205",1,1,"the coastal state has sovereign rights over the resources of the continental shelf, while the resources found in the water column are beyond national jurisdiction.",83,83,14,"14",",",",","PUNCT",",",NA,"4","punct",NA,NA
"doc205",1,1,"the coastal state has sovereign rights over the resources of the continental shelf, while the resources found in the water column are beyond national jurisdiction.",85,89,15,"15","while","while","SCONJ","IN",NA,"18","mark",NA,NA
"doc205",1,1,"the coastal state has sovereign rights over the resources of the continental shelf, while the resources found in the water column are beyond national jurisdiction.",91,93,16,"16","the","the","DET","DT","Definite=Def|PronType=Art","17","det",NA,NA
"doc205",1,1,"the coastal state has sovereign rights over the resources of the continental shelf, while the resources found in the water column are beyond national jurisdiction.",95,103,17,"17","resources","resource","NOUN","NNS","Number=Plur","18","nsubj",NA,NA
"doc205",1,1,"the coastal state has sovereign rights over the resources of the continental shelf, while the resources found in the water column are beyond national jurisdiction.",105,109,18,"18","found","find","VERB","VBD","Mood=Ind|Tense=Past|VerbForm=Fin","26","advcl",NA,NA
"doc205",1,1,"the coastal state has sovereign rights over the resources of the continental shelf, while the resources found in the water column are beyond national jurisdiction.",111,112,19,"19","in","in","ADP","IN",NA,"22","case",NA,NA
"doc205",1,1,"the coastal state has sovereign rights over the resources of the continental shelf, while the resources found in the water column are beyond national jurisdiction.",114,116,20,"20","the","the","DET","DT","Definite=Def|PronType=Art","22","det",NA,NA
"doc205",1,1,"the coastal state has sovereign rights over the resources of the continental shelf, while the resources found in the water column are beyond national jurisdiction.",118,122,21,"21","water","water","NOUN","NN","Number=Sing","22","compound",NA,NA
"doc205",1,1,"the coastal state has sovereign rights over the resources of the continental shelf, while the resources found in the water column are beyond national jurisdiction.",124,129,22,"22","column","column","NOUN","NN","Number=Sing","18","obl",NA,NA
"doc205",1,1,"the coastal state has sovereign rights over the resources of the continental shelf, while the resources found in the water column are beyond national jurisdiction.",131,133,23,"23","are","be","AUX","VBP","Mood=Ind|Tense=Pres|VerbForm=Fin","26","cop",NA,NA
"doc205",1,1,"the coastal state has sovereign rights over the resources of the continental shelf, while the resources found in the water column are beyond national jurisdiction.",135,140,24,"24","beyond","beyond","ADP","IN",NA,"26","case",NA,NA
"doc205",1,1,"the coastal state has sovereign rights over the resources of the continental shelf, while the resources found in the water column are beyond national jurisdiction.",142,149,25,"25","national","national","ADJ","JJ","Degree=Pos","26","amod",NA,NA
"doc205",1,1,"the coastal state has sovereign rights over the resources of the continental shelf, while the resources found in the water column are beyond national jurisdiction.",151,162,26,"26","jurisdiction","jurisdiction","NOUN","NN","Number=Sing","4","parataxis",NA,"SpaceAfter=No"
"doc205",1,1,"the coastal state has sovereign rights over the resources of the continental shelf, while the resources found in the water column are beyond national jurisdiction.",163,163,27,"27",".",".","PUNCT",".",NA,"4","punct",NA,NA
"doc205",1,2,"This legal separation of responsibility creates serious practical problems for the effectiveness and the conservation of ABNJ.",165,168,28,"1","This","this","DET","DT","Number=Sing|PronType=Dem","3","det",NA,NA
"doc205",1,2,"This legal separation of responsibility creates serious practical problems for the effectiveness and the conservation of ABNJ.",170,174,29,"2","legal","legal","ADJ","JJ","Degree=Pos","3","amod",NA,NA
"doc205",1,2,"This legal separation of responsibility creates serious practical problems for the effectiveness and the conservation of ABNJ.",176,185,30,"3","separation","separation","NOUN","NN","Number=Sing","6","nsubj",NA,NA
"doc205",1,2,"This legal separation of responsibility creates serious practical problems for the effectiveness and the conservation of ABNJ.",187,188,31,"4","of","of","ADP","IN",NA,"5","case",NA,NA
"doc205",1,2,"This legal separation of responsibility creates serious practical problems for the effectiveness and the conservation of ABNJ.",190,203,32,"5","responsibility","responsibility","NOUN","NN","Number=Sing","3","nmod",NA,NA
"doc205",1,2,"This legal separation of responsibility creates serious practical problems for the effectiveness and the conservation of ABNJ.",205,211,33,"6","creates","create","VERB","VBZ","Mood=Ind|Number=Sing|Person=3|Tense=Pres|VerbForm=Fin","0","root",NA,NA
"doc205",1,2,"This legal separation of responsibility creates serious practical problems for the effectiveness and the conservation of ABNJ.",213,219,34,"7","serious","serious","ADJ","JJ","Degree=Pos","9","amod",NA,NA
"doc205",1,2,"This legal separation of responsibility creates serious practical problems for the effectiveness and the conservation of ABNJ.",221,229,35,"8","practical","practical","ADJ","JJ","Degree=Pos","9","amod",NA,NA
"doc205",1,2,"This legal separation of responsibility creates serious practical problems for the effectiveness and the conservation of ABNJ.",231,238,36,"9","problems","problem","NOUN","NNS","Number=Plur","6","obj",NA,NA
"doc205",1,2,"This legal separation of responsibility creates serious practical problems for the effectiveness and the conservation of ABNJ.",240,242,37,"10","for","for","ADP","IN",NA,"12","case",NA,NA
"doc205",1,2,"This legal separation of responsibility creates serious practical problems for the effectiveness and the conservation of ABNJ.",244,246,38,"11","the","the","DET","DT","Definite=Def|PronType=Art","12","det",NA,NA
"doc205",1,2,"This legal separation of responsibility creates serious practical problems for the effectiveness and the conservation of ABNJ.",248,260,39,"12","effectiveness","effectiveness","NOUN","NN","Number=Sing","9","nmod",NA,NA
"doc205",1,2,"This legal separation of responsibility creates serious practical problems for the effectiveness and the conservation of ABNJ.",262,264,40,"13","and","and","CCONJ","CC",NA,"15","cc",NA,NA
"doc205",1,2,"This legal separation of responsibility creates serious practical problems for the effectiveness and the conservation of ABNJ.",266,268,41,"14","the","the","DET","DT","Definite=Def|PronType=Art","15","det",NA,NA
"doc205",1,2,"This legal separation of responsibility creates serious practical problems for the effectiveness and the conservation of ABNJ.",270,281,42,"15","conservation","conservation","NOUN","NN","Number=Sing","6","conj",NA,NA
"doc205",1,2,"This legal separation of responsibility creates serious practical problems for the effectiveness and the conservation of ABNJ.",283,284,43,"16","of","of","ADP","IN",NA,"17","case",NA,NA
"doc205",1,2,"This legal separation of responsibility creates serious practical problems for the effectiveness and the conservation of ABNJ.",286,289,44,"17","ABNJ","ABNJ","PROPN","NNP","Number=Sing","15","nmod",NA,"SpaceAfter=No"
"doc205",1,2,"This legal separation of responsibility creates serious practical problems for the effectiveness and the conservation of ABNJ.",290,290,45,"18",".",".","PUNCT",".",NA,"6","punct",NA,"SpacesAfter=\n"
"doc206",1,1,"Fisheries were not directly included.",1,9,1,"1","Fisheries","fishery","NOUN","NNS","Number=Plur","5","nsubj",NA,NA
"doc206",1,1,"Fisheries were not directly included.",11,14,2,"2","were","be","AUX","VBD","Mood=Ind|Tense=Past|VerbForm=Fin","5","aux",NA,NA
"doc206",1,1,"Fisheries were not directly included.",16,18,3,"3","not","not","PART","RB",NA,"5","advmod",NA,NA
"doc206",1,1,"Fisheries were not directly included.",20,27,4,"4","directly","directly","ADV","RB",NA,"5","advmod",NA,NA
"doc206",1,1,"Fisheries were not directly included.",29,36,5,"5","included","include","VERB","VBD","Mood=Ind|Tense=Past|VerbForm=Fin","0","root",NA,"SpaceAfter=No"
"doc206",1,1,"Fisheries were not directly included.",37,37,6,"6",".",".","PUNCT",".",NA,"5","punct",NA,"SpacesAfter=\n"
"doc207",1,1,"to create a more integrated and cross-sectoral system of oceans governance in ABNJ globally and in the southern hemisphere.",1,2,1,"1","to","to","PART","TO",NA,"2","mark",NA,NA
"doc207",1,1,"to create a more integrated and cross-sectoral system of oceans governance in ABNJ globally and in the southern hemisphere.",4,9,2,"2","create","create","VERB","VB","VerbForm=Inf","0","root",NA,NA
"doc207",1,1,"to create a more integrated and cross-sectoral system of oceans governance in ABNJ globally and in the southern hemisphere.",11,11,3,"3","a","a","DET","DT","Definite=Ind|PronType=Art","8","det",NA,NA
"doc207",1,1,"to create a more integrated and cross-sectoral system of oceans governance in ABNJ globally and in the southern hemisphere.",13,16,4,"4","more","more","ADV","RBR",NA,"5","advmod",NA,NA
"doc207",1,1,"to create a more integrated and cross-sectoral system of oceans governance in ABNJ globally and in the southern hemisphere.",18,27,5,"5","integrated","integrated","ADJ","JJ","Degree=Pos","8","amod",NA,NA
"doc207",1,1,"to create a more integrated and cross-sectoral system of oceans governance in ABNJ globally and in the southern hemisphere.",29,31,6,"6","and","and","CCONJ","CC",NA,"7","cc",NA,NA
"doc207",1,1,"to create a more integrated and cross-sectoral system of oceans governance in ABNJ globally and in the southern hemisphere.",33,46,7,"7","cross-sectoral","cross-sectoral","ADJ","JJ","Degree=Pos","5","conj",NA,NA
"doc207",1,1,"to create a more integrated and cross-sectoral system of oceans governance in ABNJ globally and in the southern hemisphere.",48,53,8,"8","system","system","NOUN","NN","Number=Sing","2","obj",NA,NA
"doc207",1,1,"to create a more integrated and cross-sectoral system of oceans governance in ABNJ globally and in the southern hemisphere.",55,56,9,"9","of","of","ADP","IN",NA,"11","case",NA,NA
"doc207",1,1,"to create a more integrated and cross-sectoral system of oceans governance in ABNJ globally and in the southern hemisphere.",58,63,10,"10","oceans","oceans","NOUN","NNS","Number=Plur","11","compound",NA,NA
"doc207",1,1,"to create a more integrated and cross-sectoral system of oceans governance in ABNJ globally and in the southern hemisphere.",65,74,11,"11","governance","governance","NOUN","NN","Number=Sing","8","nmod",NA,NA
"doc207",1,1,"to create a more integrated and cross-sectoral system of oceans governance in ABNJ globally and in the southern hemisphere.",76,77,12,"12","in","in","ADP","IN",NA,"13","case",NA,NA
"doc207",1,1,"to create a more integrated and cross-sectoral system of oceans governance in ABNJ globally and in the southern hemisphere.",79,82,13,"13","ABNJ","ABNJ","PROPN","NNP","Number=Sing","11","nmod",NA,NA
"doc207",1,1,"to create a more integrated and cross-sectoral system of oceans governance in ABNJ globally and in the southern hemisphere.",84,91,14,"14","globally","globally","ADV","RB",NA,"2","advmod",NA,NA
"doc207",1,1,"to create a more integrated and cross-sectoral system of oceans governance in ABNJ globally and in the southern hemisphere.",93,95,15,"15","and","and","CCONJ","CC",NA,"19","cc",NA,NA
"doc207",1,1,"to create a more integrated and cross-sectoral system of oceans governance in ABNJ globally and in the southern hemisphere.",97,98,16,"16","in","in","ADP","IN",NA,"19","case",NA,NA
"doc207",1,1,"to create a more integrated and cross-sectoral system of oceans governance in ABNJ globally and in the southern hemisphere.",100,102,17,"17","the","the","DET","DT","Definite=Def|PronType=Art","19","det",NA,NA
"doc207",1,1,"to create a more integrated and cross-sectoral system of oceans governance in ABNJ globally and in the southern hemisphere.",104,111,18,"18","southern","southern","ADJ","JJ","Degree=Pos","19","amod",NA,NA
"doc207",1,1,"to create a more integrated and cross-sectoral system of oceans governance in ABNJ globally and in the southern hemisphere.",113,122,19,"19","hemisphere","hemisphere","NOUN","NN","Number=Sing","2","conj",NA,"SpaceAfter=No"
"doc207",1,1,"to create a more integrated and cross-sectoral system of oceans governance in ABNJ globally and in the southern hemisphere.",123,123,20,"20",".",".","PUNCT",".",NA,"2","punct",NA,"SpacesAfter=\n"
"doc208",1,1,"to advance a set of cross-cutting governance principles that can promote integration by shaping the conduct of States, RFMOs and other institutions.",1,2,1,"1","to","to","PART","TO",NA,"2","mark",NA,NA
"doc208",1,1,"to advance a set of cross-cutting governance principles that can promote integration by shaping the conduct of States, RFMOs and other institutions.",4,10,2,"2","advance","advance","VERB","VB","VerbForm=Inf","0","root",NA,NA
"doc208",1,1,"to advance a set of cross-cutting governance principles that can promote integration by shaping the conduct of States, RFMOs and other institutions.",12,12,3,"3","a","a","DET","DT","Definite=Ind|PronType=Art","4","det",NA,NA
"doc208",1,1,"to advance a set of cross-cutting governance principles that can promote integration by shaping the conduct of States, RFMOs and other institutions.",14,16,4,"4","set","set","NOUN","NN","Number=Sing","2","obj",NA,NA
"doc208",1,1,"to advance a set of cross-cutting governance principles that can promote integration by shaping the conduct of States, RFMOs and other institutions.",18,19,5,"5","of","of","ADP","IN",NA,"9","case",NA,NA
"doc208",1,1,"to advance a set of cross-cutting governance principles that can promote integration by shaping the conduct of States, RFMOs and other institutions.",21,25,6,"6","cross","cross","SCONJ","IN",NA,"9","advmod",NA,"SpaceAfter=No"
"doc208",1,1,"to advance a set of cross-cutting governance principles that can promote integration by shaping the conduct of States, RFMOs and other institutions.",26,33,7,"7","-cutting","-cutt","VERB","VBG","VerbForm=Ger","9","amod",NA,NA
"doc208",1,1,"to advance a set of cross-cutting governance principles that can promote integration by shaping the conduct of States, RFMOs and other institutions.",35,44,8,"8","governance","governance","NOUN","NN","Number=Sing","9","compound",NA,NA
"doc208",1,1,"to advance a set of cross-cutting governance principles that can promote integration by shaping the conduct of States, RFMOs and other institutions.",46,55,9,"9","principles","principle","NOUN","NNS","Number=Plur","4","nmod",NA,NA
"doc208",1,1,"to advance a set of cross-cutting governance principles that can promote integration by shaping the conduct of States, RFMOs and other institutions.",57,60,10,"10","that","that","PRON","WDT","PronType=Rel","12","nsubj",NA,NA
"doc208",1,1,"to advance a set of cross-cutting governance principles that can promote integration by shaping the conduct of States, RFMOs and other institutions.",62,64,11,"11","can","can","AUX","MD","VerbForm=Fin","12","aux",NA,NA
"doc208",1,1,"to advance a set of cross-cutting governance principles that can promote integration by shaping the conduct of States, RFMOs and other institutions.",66,72,12,"12","promote","promote","VERB","VB","VerbForm=Inf","9","acl:relcl",NA,NA
"doc208",1,1,"to advance a set of cross-cutting governance principles that can promote integration by shaping the conduct of States, RFMOs and other institutions.",74,84,13,"13","integration","integration","NOUN","NN","Number=Sing","12","obj",NA,NA
"doc208",1,1,"to advance a set of cross-cutting governance principles that can promote integration by shaping the conduct of States, RFMOs and other institutions.",86,87,14,"14","by","by","SCONJ","IN",NA,"15","mark",NA,NA
"doc208",1,1,"to advance a set of cross-cutting governance principles that can promote integration by shaping the conduct of States, RFMOs and other institutions.",89,95,15,"15","shaping","shape","VERB","VBG","VerbForm=Ger","12","advcl",NA,NA
"doc208",1,1,"to advance a set of cross-cutting governance principles that can promote integration by shaping the conduct of States, RFMOs and other institutions.",97,99,16,"16","the","the","DET","DT","Definite=Def|PronType=Art","17","det",NA,NA
"doc208",1,1,"to advance a set of cross-cutting governance principles that can promote integration by shaping the conduct of States, RFMOs and other institutions.",101,107,17,"17","conduct","conduct","NOUN","NN","Number=Sing","15","obj",NA,NA
"doc208",1,1,"to advance a set of cross-cutting governance principles that can promote integration by shaping the conduct of States, RFMOs and other institutions.",109,110,18,"18","of","of","ADP","IN",NA,"19","case",NA,NA
"doc208",1,1,"to advance a set of cross-cutting governance principles that can promote integration by shaping the conduct of States, RFMOs and other institutions.",112,117,19,"19","States","States","PROPN","NNP","Number=Sing","17","nmod",NA,"SpaceAfter=No"
"doc208",1,1,"to advance a set of cross-cutting governance principles that can promote integration by shaping the conduct of States, RFMOs and other institutions.",118,118,20,"20",",",",","PUNCT",",",NA,"21","punct",NA,NA
"doc208",1,1,"to advance a set of cross-cutting governance principles that can promote integration by shaping the conduct of States, RFMOs and other institutions.",120,124,21,"21","RFMOs","RFMOs","PROPN","NNP","Number=Sing","19","conj",NA,NA
"doc208",1,1,"to advance a set of cross-cutting governance principles that can promote integration by shaping the conduct of States, RFMOs and other institutions.",126,128,22,"22","and","and","CCONJ","CC",NA,"24","cc",NA,NA
"doc208",1,1,"to advance a set of cross-cutting governance principles that can promote integration by shaping the conduct of States, RFMOs and other institutions.",130,134,23,"23","other","other","ADJ","JJ","Degree=Pos","24","amod",NA,NA
"doc208",1,1,"to advance a set of cross-cutting governance principles that can promote integration by shaping the conduct of States, RFMOs and other institutions.",136,147,24,"24","institutions","institution","NOUN","NNS","Number=Plur","19","conj",NA,"SpaceAfter=No"
"doc208",1,1,"to advance a set of cross-cutting governance principles that can promote integration by shaping the conduct of States, RFMOs and other institutions.",148,148,25,"25",".",".","PUNCT",".",NA,"2","punct",NA,"SpacesAfter=\n"
"doc209",1,1,"To establish clear conservation and governance principles.",1,2,1,"1","To","to","PART","TO",NA,"2","mark",NA,NA
"doc209",1,1,"To establish clear conservation and governance principles.",4,12,2,"2","establish","establish","VERB","VB","VerbForm=Inf","0","root",NA,NA
"doc209",1,1,"To establish clear conservation and governance principles.",14,18,3,"3","clear","clear","ADJ","JJ","Degree=Pos","4","amod",NA,NA
"doc209",1,1,"To establish clear conservation and governance principles.",20,31,4,"4","conservation","conservation","NOUN","NN","Number=Sing","7","compound",NA,NA
"doc209",1,1,"To establish clear conservation and governance principles.",33,35,5,"5","and","and","CCONJ","CC",NA,"6","cc",NA,NA
"doc209",1,1,"To establish clear conservation and governance principles.",37,46,6,"6","governance","governance","NOUN","NN","Number=Sing","4","conj",NA,NA
"doc209",1,1,"To establish clear conservation and governance principles.",48,57,7,"7","principles","principle","NOUN","NNS","Number=Plur","2","obj",NA,"SpaceAfter=No"
"doc209",1,1,"To establish clear conservation and governance principles.",58,58,8,"8",".",".","PUNCT",".",NA,"2","punct",NA,"SpacesAfter=\n"
"doc210",1,1,"information asymmetries or a lack of monitoring or enforcement can be exploited by self-interested parties for short-term gains.",1,11,1,"1","information","information","NOUN","NN","Number=Sing","2","compound",NA,NA
"doc210",1,1,"information asymmetries or a lack of monitoring or enforcement can be exploited by self-interested parties for short-term gains.",13,23,2,"2","asymmetries","asymmetry","NOUN","NNS","Number=Plur","12","nsubj:pass",NA,NA
"doc210",1,1,"information asymmetries or a lack of monitoring or enforcement can be exploited by self-interested parties for short-term gains.",25,26,3,"3","or","or","CCONJ","CC",NA,"5","cc",NA,NA
"doc210",1,1,"information asymmetries or a lack of monitoring or enforcement can be exploited by self-interested parties for short-term gains.",28,28,4,"4","a","a","DET","DT","Definite=Ind|PronType=Art","5","det",NA,NA
"doc210",1,1,"information asymmetries or a lack of monitoring or enforcement can be exploited by self-interested parties for short-term gains.",30,33,5,"5","lack","lack","NOUN","NN","Number=Sing","2","conj",NA,NA
"doc210",1,1,"information asymmetries or a lack of monitoring or enforcement can be exploited by self-interested parties for short-term gains.",35,36,6,"6","of","of","ADP","IN",NA,"7","case",NA,NA
"doc210",1,1,"information asymmetries or a lack of monitoring or enforcement can be exploited by self-interested parties for short-term gains.",38,47,7,"7","monitoring","monitoring","NOUN","NN","Number=Sing","5","nmod",NA,NA
"doc210",1,1,"information asymmetries or a lack of monitoring or enforcement can be exploited by self-interested parties for short-term gains.",49,50,8,"8","or","or","CCONJ","CC",NA,"9","cc",NA,NA
"doc210",1,1,"information asymmetries or a lack of monitoring or enforcement can be exploited by self-interested parties for short-term gains.",52,62,9,"9","enforcement","enforcement","NOUN","NN","Number=Sing","7","conj",NA,NA
"doc210",1,1,"information asymmetries or a lack of monitoring or enforcement can be exploited by self-interested parties for short-term gains.",64,66,10,"10","can","can","AUX","MD","VerbForm=Fin","12","aux",NA,NA
"doc210",1,1,"information asymmetries or a lack of monitoring or enforcement can be exploited by self-interested parties for short-term gains.",68,69,11,"11","be","be","AUX","VB","VerbForm=Inf","12","aux:pass",NA,NA
"doc210",1,1,"information asymmetries or a lack of monitoring or enforcement can be exploited by self-interested parties for short-term gains.",71,79,12,"12","exploited","exploit","VERB","VBN","Tense=Past|VerbForm=Part|Voice=Pass","0","root",NA,NA
"doc210",1,1,"information asymmetries or a lack of monitoring or enforcement can be exploited by self-interested parties for short-term gains.",81,82,13,"13","by","by","ADP","IN",NA,"17","case",NA,NA
"doc210",1,1,"information asymmetries or a lack of monitoring or enforcement can be exploited by self-interested parties for short-term gains.",84,87,14,"14","self","self","NOUN","NN","Number=Sing","16","obl:npmod",NA,"SpaceAfter=No"
"doc210",1,1,"information asymmetries or a lack of monitoring or enforcement can be exploited by self-interested parties for short-term gains.",88,88,15,"15","-","-","PUNCT","HYPH",NA,"16","punct",NA,"SpaceAfter=No"
"doc210",1,1,"information asymmetries or a lack of monitoring or enforcement can be exploited by self-interested parties for short-term gains.",89,98,16,"16","interested","interested","ADJ","JJ","Degree=Pos","17","amod",NA,NA
"doc210",1,1,"information asymmetries or a lack of monitoring or enforcement can be exploited by self-interested parties for short-term gains.",100,106,17,"17","parties","party","NOUN","NNS","Number=Plur","12","obl",NA,NA
"doc210",1,1,"information asymmetries or a lack of monitoring or enforcement can be exploited by self-interested parties for short-term gains.",108,110,18,"18","for","for","ADP","IN",NA,"22","case",NA,NA
"doc210",1,1,"information asymmetries or a lack of monitoring or enforcement can be exploited by self-interested parties for short-term gains.",112,116,19,"19","short","short","ADJ","JJ","Degree=Pos","21","amod",NA,"SpaceAfter=No"
"doc210",1,1,"information asymmetries or a lack of monitoring or enforcement can be exploited by self-interested parties for short-term gains.",117,117,20,"20","-","-","PUNCT","HYPH",NA,"21","punct",NA,"SpaceAfter=No"
"doc210",1,1,"information asymmetries or a lack of monitoring or enforcement can be exploited by self-interested parties for short-term gains.",118,121,21,"21","term","term","NOUN","NN","Number=Sing","22","compound",NA,NA
"doc210",1,1,"information asymmetries or a lack of monitoring or enforcement can be exploited by self-interested parties for short-term gains.",123,127,22,"22","gains","gains","NOUN","NNS","Number=Plur","17","nmod",NA,"SpaceAfter=No"
"doc210",1,1,"information asymmetries or a lack of monitoring or enforcement can be exploited by self-interested parties for short-term gains.",128,128,23,"23",".",".","PUNCT",".",NA,"12","punct",NA,"SpacesAfter=\n"
"doc211",1,1,"lack of scientific capacity in LDCs and SIDS to advise delegations or governments",1,4,1,"1","lack","lack","NOUN","NN","Number=Sing","0","root",NA,NA
"doc211",1,1,"lack of scientific capacity in LDCs and SIDS to advise delegations or governments",6,7,2,"2","of","of","ADP","IN",NA,"4","case",NA,NA
"doc211",1,1,"lack of scientific capacity in LDCs and SIDS to advise delegations or governments",9,18,3,"3","scientific","scientific","ADJ","JJ","Degree=Pos","4","amod",NA,NA
"doc211",1,1,"lack of scientific capacity in LDCs and SIDS to advise delegations or governments",20,27,4,"4","capacity","capacity","NOUN","NN","Number=Sing","1","nmod",NA,NA
"doc211",1,1,"lack of scientific capacity in LDCs and SIDS to advise delegations or governments",29,30,5,"5","in","in","ADP","IN",NA,"6","case",NA,NA
"doc211",1,1,"lack of scientific capacity in LDCs and SIDS to advise delegations or governments",32,35,6,"6","LDCs","LDCs","PROPN","NNP","Number=Sing","4","nmod",NA,NA
"doc211",1,1,"lack of scientific capacity in LDCs and SIDS to advise delegations or governments",37,39,7,"7","and","and","CCONJ","CC",NA,"8","cc",NA,NA
"doc211",1,1,"lack of scientific capacity in LDCs and SIDS to advise delegations or governments",41,44,8,"8","SIDS","SIDS","PROPN","NNP","Number=Sing","6","conj",NA,NA
"doc211",1,1,"lack of scientific capacity in LDCs and SIDS to advise delegations or governments",46,47,9,"9","to","to","PART","TO",NA,"10","mark",NA,NA
"doc211",1,1,"lack of scientific capacity in LDCs and SIDS to advise delegations or governments",49,54,10,"10","advise","advise","VERB","VB","VerbForm=Inf","1","acl",NA,NA
"doc211",1,1,"lack of scientific capacity in LDCs and SIDS to advise delegations or governments",56,66,11,"11","delegations","delegation","NOUN","NNS","Number=Plur","10","obj",NA,NA
"doc211",1,1,"lack of scientific capacity in LDCs and SIDS to advise delegations or governments",68,69,12,"12","or","or","CCONJ","CC",NA,"13","cc",NA,NA
"doc211",1,1,"lack of scientific capacity in LDCs and SIDS to advise delegations or governments",71,81,13,"13","governments","government","NOUN","NNS","Number=Plur","11","conj",NA,"SpacesAfter=\n"
"doc212",1,1,"the agreement may overlap with the existing mandate of the RFMOs.",1,3,1,"1","the","the","DET","DT","Definite=Def|PronType=Art","2","det",NA,NA
"doc212",1,1,"the agreement may overlap with the existing mandate of the RFMOs.",5,13,2,"2","agreement","agreement","NOUN","NN","Number=Sing","4","nsubj",NA,NA
"doc212",1,1,"the agreement may overlap with the existing mandate of the RFMOs.",15,17,3,"3","may","may","AUX","MD","VerbForm=Fin","4","aux",NA,NA
"doc212",1,1,"the agreement may overlap with the existing mandate of the RFMOs.",19,25,4,"4","overlap","overlap","VERB","VB","VerbForm=Inf","0","root",NA,NA
"doc212",1,1,"the agreement may overlap with the existing mandate of the RFMOs.",27,30,5,"5","with","with","ADP","IN",NA,"8","case",NA,NA
"doc212",1,1,"the agreement may overlap with the existing mandate of the RFMOs.",32,34,6,"6","the","the","DET","DT","Definite=Def|PronType=Art","8","det",NA,NA
"doc212",1,1,"the agreement may overlap with the existing mandate of the RFMOs.",36,43,7,"7","existing","exist","VERB","VBG","VerbForm=Ger","8","amod",NA,NA
"doc212",1,1,"the agreement may overlap with the existing mandate of the RFMOs.",45,51,8,"8","mandate","mandate","NOUN","NN","Number=Sing","4","obl",NA,NA
"doc212",1,1,"the agreement may overlap with the existing mandate of the RFMOs.",53,54,9,"9","of","of","ADP","IN",NA,"11","case",NA,NA
"doc212",1,1,"the agreement may overlap with the existing mandate of the RFMOs.",56,58,10,"10","the","the","DET","DT","Definite=Def|PronType=Art","11","det",NA,NA
"doc212",1,1,"the agreement may overlap with the existing mandate of the RFMOs.",60,64,11,"11","RFMOs","RFMO","NOUN","NNS","Number=Plur","8","nmod",NA,"SpaceAfter=No"
"doc212",1,1,"the agreement may overlap with the existing mandate of the RFMOs.",65,65,12,"12",".",".","PUNCT",".",NA,"4","punct",NA,"SpacesAfter=\n"
"doc213",1,1,"A decentralized approach leaves no answer on how fisheries should be integrated within any future regime.",1,1,1,"1","A","a","DET","DT","Definite=Ind|PronType=Art","3","det",NA,NA
"doc213",1,1,"A decentralized approach leaves no answer on how fisheries should be integrated within any future regime.",3,15,2,"2","decentralized","decentralized","ADJ","JJ","Degree=Pos","3","amod",NA,NA
"doc213",1,1,"A decentralized approach leaves no answer on how fisheries should be integrated within any future regime.",17,24,3,"3","approach","approach","NOUN","NN","Number=Sing","4","nsubj",NA,NA
"doc213",1,1,"A decentralized approach leaves no answer on how fisheries should be integrated within any future regime.",26,31,4,"4","leaves","leave","VERB","VBZ","Mood=Ind|Number=Sing|Person=3|Tense=Pres|VerbForm=Fin","0","root",NA,NA
"doc213",1,1,"A decentralized approach leaves no answer on how fisheries should be integrated within any future regime.",33,34,5,"5","no","no","DET","DT",NA,"6","det",NA,NA
"doc213",1,1,"A decentralized approach leaves no answer on how fisheries should be integrated within any future regime.",36,41,6,"6","answer","answer","NOUN","NN","Number=Sing","4","obj",NA,NA
"doc213",1,1,"A decentralized approach leaves no answer on how fisheries should be integrated within any future regime.",43,44,7,"7","on","on","SCONJ","IN",NA,"12","mark",NA,NA
"doc213",1,1,"A decentralized approach leaves no answer on how fisheries should be integrated within any future regime.",46,48,8,"8","how","how","ADV","WRB","PronType=Int","12","advmod",NA,NA
"doc213",1,1,"A decentralized approach leaves no answer on how fisheries should be integrated within any future regime.",50,58,9,"9","fisheries","fishery","NOUN","NNS","Number=Plur","12","nsubj:pass",NA,NA
"doc213",1,1,"A decentralized approach leaves no answer on how fisheries should be integrated within any future regime.",60,65,10,"10","should","should","AUX","MD","VerbForm=Fin","12","aux",NA,NA
"doc213",1,1,"A decentralized approach leaves no answer on how fisheries should be integrated within any future regime.",67,68,11,"11","be","be","AUX","VB","VerbForm=Inf","12","aux:pass",NA,NA
"doc213",1,1,"A decentralized approach leaves no answer on how fisheries should be integrated within any future regime.",70,79,12,"12","integrated","integrate","VERB","VBN","Tense=Past|VerbForm=Part|Voice=Pass","6","acl",NA,NA
"doc213",1,1,"A decentralized approach leaves no answer on how fisheries should be integrated within any future regime.",81,86,13,"13","within","within","ADP","IN",NA,"16","case",NA,NA
"doc213",1,1,"A decentralized approach leaves no answer on how fisheries should be integrated within any future regime.",88,90,14,"14","any","any","DET","DT",NA,"16","det",NA,NA
"doc213",1,1,"A decentralized approach leaves no answer on how fisheries should be integrated within any future regime.",92,97,15,"15","future","future","ADJ","JJ","Degree=Pos","16","amod",NA,NA
"doc213",1,1,"A decentralized approach leaves no answer on how fisheries should be integrated within any future regime.",99,104,16,"16","regime","regime","NOUN","NN","Number=Sing","12","obl",NA,"SpaceAfter=No"
"doc213",1,1,"A decentralized approach leaves no answer on how fisheries should be integrated within any future regime.",105,105,17,"17",".",".","PUNCT",".",NA,"4","punct",NA,"SpacesAfter=\n"
"doc214",1,1,"To establish a systematic approach to MPA network creation.",1,2,1,"1","To","to","PART","TO",NA,"2","mark",NA,NA
"doc214",1,1,"To establish a systematic approach to MPA network creation.",4,12,2,"2","establish","establish","VERB","VB","VerbForm=Inf","0","root",NA,NA
"doc214",1,1,"To establish a systematic approach to MPA network creation.",14,14,3,"3","a","a","DET","DT","Definite=Ind|PronType=Art","5","det",NA,NA
"doc214",1,1,"To establish a systematic approach to MPA network creation.",16,25,4,"4","systematic","systematic","ADJ","JJ","Degree=Pos","5","amod",NA,NA
"doc214",1,1,"To establish a systematic approach to MPA network creation.",27,34,5,"5","approach","approach","NOUN","NN","Number=Sing","2","obj",NA,NA
"doc214",1,1,"To establish a systematic approach to MPA network creation.",36,37,6,"6","to","to","ADP","IN",NA,"9","case",NA,NA
"doc214",1,1,"To establish a systematic approach to MPA network creation.",39,41,7,"7","MPA","MPA","PROPN","NNP","Number=Sing","9","compound",NA,NA
"doc214",1,1,"To establish a systematic approach to MPA network creation.",43,49,8,"8","network","network","NOUN","NN","Number=Sing","9","compound",NA,NA
"doc214",1,1,"To establish a systematic approach to MPA network creation.",51,58,9,"9","creation","creation","NOUN","NN","Number=Sing","5","nmod",NA,"SpaceAfter=No"
"doc214",1,1,"To establish a systematic approach to MPA network creation.",59,59,10,"10",".",".","PUNCT",".",NA,"2","punct",NA,"SpacesAfter=\n"
"doc215",1,1,"A weak BBNJ implementing agreement could result in a continuation of the status quo with negligible net gains or losses for any of the stakeholder groups.",1,1,1,"1","A","a","DET","DT","Definite=Ind|PronType=Art","3","det",NA,NA
"doc215",1,1,"A weak BBNJ implementing agreement could result in a continuation of the status quo with negligible net gains or losses for any of the stakeholder groups.",3,6,2,"2","weak","weak","ADJ","JJ","Degree=Pos","3","amod",NA,NA
"doc215",1,1,"A weak BBNJ implementing agreement could result in a continuation of the status quo with negligible net gains or losses for any of the stakeholder groups.",8,11,3,"3","BBNJ","Bbnj","NOUN","NN","Number=Sing","7","nsubj",NA,NA
"doc215",1,1,"A weak BBNJ implementing agreement could result in a continuation of the status quo with negligible net gains or losses for any of the stakeholder groups.",13,24,4,"4","implementing","implementing","VERB","VBG","VerbForm=Ger","3","acl",NA,NA
"doc215",1,1,"A weak BBNJ implementing agreement could result in a continuation of the status quo with negligible net gains or losses for any of the stakeholder groups.",26,34,5,"5","agreement","agreement","NOUN","NN","Number=Sing","4","obj",NA,NA
"doc215",1,1,"A weak BBNJ implementing agreement could result in a continuation of the status quo with negligible net gains or losses for any of the stakeholder groups.",36,40,6,"6","could","could","AUX","MD","VerbForm=Fin","7","aux",NA,NA
"doc215",1,1,"A weak BBNJ implementing agreement could result in a continuation of the status quo with negligible net gains or losses for any of the stakeholder groups.",42,47,7,"7","result","result","VERB","VB","VerbForm=Inf","0","root",NA,NA
"doc215",1,1,"A weak BBNJ implementing agreement could result in a continuation of the status quo with negligible net gains or losses for any of the stakeholder groups.",49,50,8,"8","in","in","ADP","IN",NA,"10","case",NA,NA
"doc215",1,1,"A weak BBNJ implementing agreement could result in a continuation of the status quo with negligible net gains or losses for any of the stakeholder groups.",52,52,9,"9","a","a","DET","DT","Definite=Ind|PronType=Art","10","det",NA,NA
"doc215",1,1,"A weak BBNJ implementing agreement could result in a continuation of the status quo with negligible net gains or losses for any of the stakeholder groups.",54,65,10,"10","continuation","continuation","NOUN","NN","Number=Sing","7","obl",NA,NA
"doc215",1,1,"A weak BBNJ implementing agreement could result in a continuation of the status quo with negligible net gains or losses for any of the stakeholder groups.",67,68,11,"11","of","of","ADP","IN",NA,"14","case",NA,NA
"doc215",1,1,"A weak BBNJ implementing agreement could result in a continuation of the status quo with negligible net gains or losses for any of the stakeholder groups.",70,72,12,"12","the","the","DET","DT","Definite=Def|PronType=Art","14","det",NA,NA
"doc215",1,1,"A weak BBNJ implementing agreement could result in a continuation of the status quo with negligible net gains or losses for any of the stakeholder groups.",74,79,13,"13","status","status","NOUN","NN","Number=Sing","14","compound",NA,NA
"doc215",1,1,"A weak BBNJ implementing agreement could result in a continuation of the status quo with negligible net gains or losses for any of the stakeholder groups.",81,83,14,"14","quo","quo","NOUN","NN","Number=Sing","10","nmod",NA,NA
"doc215",1,1,"A weak BBNJ implementing agreement could result in a continuation of the status quo with negligible net gains or losses for any of the stakeholder groups.",85,88,15,"15","with","with","ADP","IN",NA,"18","case",NA,NA
"doc215",1,1,"A weak BBNJ implementing agreement could result in a continuation of the status quo with negligible net gains or losses for any of the stakeholder groups.",90,99,16,"16","negligible","negligible","ADJ","JJ","Degree=Pos","18","amod",NA,NA
"doc215",1,1,"A weak BBNJ implementing agreement could result in a continuation of the status quo with negligible net gains or losses for any of the stakeholder groups.",101,103,17,"17","net","net","NOUN","NN","Number=Sing","18","compound",NA,NA
"doc215",1,1,"A weak BBNJ implementing agreement could result in a continuation of the status quo with negligible net gains or losses for any of the stakeholder groups.",105,109,18,"18","gains","gain","NOUN","NNS","Number=Plur","10","nmod",NA,NA
"doc215",1,1,"A weak BBNJ implementing agreement could result in a continuation of the status quo with negligible net gains or losses for any of the stakeholder groups.",111,112,19,"19","or","or","CCONJ","CC",NA,"20","cc",NA,NA
"doc215",1,1,"A weak BBNJ implementing agreement could result in a continuation of the status quo with negligible net gains or losses for any of the stakeholder groups.",114,119,20,"20","losses","loss","NOUN","NNS","Number=Plur","18","conj",NA,NA
"doc215",1,1,"A weak BBNJ implementing agreement could result in a continuation of the status quo with negligible net gains or losses for any of the stakeholder groups.",121,123,21,"21","for","for","ADP","IN",NA,"22","case",NA,NA
"doc215",1,1,"A weak BBNJ implementing agreement could result in a continuation of the status quo with negligible net gains or losses for any of the stakeholder groups.",125,127,22,"22","any","any","DET","DT",NA,"18","nmod",NA,NA
"doc215",1,1,"A weak BBNJ implementing agreement could result in a continuation of the status quo with negligible net gains or losses for any of the stakeholder groups.",129,130,23,"23","of","of","ADP","IN",NA,"26","case",NA,NA
"doc215",1,1,"A weak BBNJ implementing agreement could result in a continuation of the status quo with negligible net gains or losses for any of the stakeholder groups.",132,134,24,"24","the","the","DET","DT","Definite=Def|PronType=Art","26","det",NA,NA
"doc215",1,1,"A weak BBNJ implementing agreement could result in a continuation of the status quo with negligible net gains or losses for any of the stakeholder groups.",136,146,25,"25","stakeholder","stakeholder","NOUN","NN","Number=Sing","26","compound",NA,NA
"doc215",1,1,"A weak BBNJ implementing agreement could result in a continuation of the status quo with negligible net gains or losses for any of the stakeholder groups.",148,153,26,"26","groups","group","NOUN","NNS","Number=Plur","22","nmod",NA,"SpaceAfter=No"
"doc215",1,1,"A weak BBNJ implementing agreement could result in a continuation of the status quo with negligible net gains or losses for any of the stakeholder groups.",154,154,27,"27",".",".","PUNCT",".",NA,"7","punct",NA,"SpacesAfter=\n"
"doc216",1,1,"the connectivity of marine systems means that changes in the management of ABNJ will almost certainly have spillover effects on the Exclusive Economic Zones of sovereign States that maybe diverge from their own interests.",1,3,1,"1","the","the","DET","DT","Definite=Def|PronType=Art","2","det",NA,NA
"doc216",1,1,"the connectivity of marine systems means that changes in the management of ABNJ will almost certainly have spillover effects on the Exclusive Economic Zones of sovereign States that maybe diverge from their own interests.",5,16,2,"2","connectivity","connectivity","NOUN","NN","Number=Sing","6","nsubj",NA,NA
"doc216",1,1,"the connectivity of marine systems means that changes in the management of ABNJ will almost certainly have spillover effects on the Exclusive Economic Zones of sovereign States that maybe diverge from their own interests.",18,19,3,"3","of","of","ADP","IN",NA,"5","case",NA,NA
"doc216",1,1,"the connectivity of marine systems means that changes in the management of ABNJ will almost certainly have spillover effects on the Exclusive Economic Zones of sovereign States that maybe diverge from their own interests.",21,26,4,"4","marine","marine","ADJ","JJ","Degree=Pos","5","amod",NA,NA
"doc216",1,1,"the connectivity of marine systems means that changes in the management of ABNJ will almost certainly have spillover effects on the Exclusive Economic Zones of sovereign States that maybe diverge from their own interests.",28,34,5,"5","systems","system","NOUN","NNS","Number=Plur","2","nmod",NA,NA
"doc216",1,1,"the connectivity of marine systems means that changes in the management of ABNJ will almost certainly have spillover effects on the Exclusive Economic Zones of sovereign States that maybe diverge from their own interests.",36,40,6,"6","means","mean","VERB","VBZ","Mood=Ind|Number=Sing|Person=3|Tense=Pres|VerbForm=Fin","0","root",NA,NA
"doc216",1,1,"the connectivity of marine systems means that changes in the management of ABNJ will almost certainly have spillover effects on the Exclusive Economic Zones of sovereign States that maybe diverge from their own interests.",42,45,7,"7","that","that","SCONJ","IN",NA,"17","mark",NA,NA
"doc216",1,1,"the connectivity of marine systems means that changes in the management of ABNJ will almost certainly have spillover effects on the Exclusive Economic Zones of sovereign States that maybe diverge from their own interests.",47,53,8,"8","changes","change","NOUN","NNS","Number=Plur","17","nsubj",NA,NA
"doc216",1,1,"the connectivity of marine systems means that changes in the management of ABNJ will almost certainly have spillover effects on the Exclusive Economic Zones of sovereign States that maybe diverge from their own interests.",55,56,9,"9","in","in","ADP","IN",NA,"11","case",NA,NA
"doc216",1,1,"the connectivity of marine systems means that changes in the management of ABNJ will almost certainly have spillover effects on the Exclusive Economic Zones of sovereign States that maybe diverge from their own interests.",58,60,10,"10","the","the","DET","DT","Definite=Def|PronType=Art","11","det",NA,NA
"doc216",1,1,"the connectivity of marine systems means that changes in the management of ABNJ will almost certainly have spillover effects on the Exclusive Economic Zones of sovereign States that maybe diverge from their own interests.",62,71,11,"11","management","management","NOUN","NN","Number=Sing","8","nmod",NA,NA
"doc216",1,1,"the connectivity of marine systems means that changes in the management of ABNJ will almost certainly have spillover effects on the Exclusive Economic Zones of sovereign States that maybe diverge from their own interests.",73,74,12,"12","of","of","ADP","IN",NA,"13","case",NA,NA
"doc216",1,1,"the connectivity of marine systems means that changes in the management of ABNJ will almost certainly have spillover effects on the Exclusive Economic Zones of sovereign States that maybe diverge from their own interests.",76,79,13,"13","ABNJ","ABNJ","PROPN","NNP","Number=Sing","11","nmod",NA,NA
"doc216",1,1,"the connectivity of marine systems means that changes in the management of ABNJ will almost certainly have spillover effects on the Exclusive Economic Zones of sovereign States that maybe diverge from their own interests.",81,84,14,"14","will","will","AUX","MD","VerbForm=Fin","17","aux",NA,NA
"doc216",1,1,"the connectivity of marine systems means that changes in the management of ABNJ will almost certainly have spillover effects on the Exclusive Economic Zones of sovereign States that maybe diverge from their own interests.",86,91,15,"15","almost","almost","ADV","RB",NA,"16","advmod",NA,NA
"doc216",1,1,"the connectivity of marine systems means that changes in the management of ABNJ will almost certainly have spillover effects on the Exclusive Economic Zones of sovereign States that maybe diverge from their own interests.",93,101,16,"16","certainly","certainly","ADV","RB",NA,"17","advmod",NA,NA
"doc216",1,1,"the connectivity of marine systems means that changes in the management of ABNJ will almost certainly have spillover effects on the Exclusive Economic Zones of sovereign States that maybe diverge from their own interests.",103,106,17,"17","have","have","VERB","VBP","Mood=Ind|Tense=Pres|VerbForm=Fin","6","ccomp",NA,NA
"doc216",1,1,"the connectivity of marine systems means that changes in the management of ABNJ will almost certainly have spillover effects on the Exclusive Economic Zones of sovereign States that maybe diverge from their own interests.",108,116,18,"18","spillover","spillover","NOUN","NN","Number=Sing","19","compound",NA,NA
"doc216",1,1,"the connectivity of marine systems means that changes in the management of ABNJ will almost certainly have spillover effects on the Exclusive Economic Zones of sovereign States that maybe diverge from their own interests.",118,124,19,"19","effects","effect","NOUN","NNS","Number=Plur","17","obj",NA,NA
"doc216",1,1,"the connectivity of marine systems means that changes in the management of ABNJ will almost certainly have spillover effects on the Exclusive Economic Zones of sovereign States that maybe diverge from their own interests.",126,127,20,"20","on","on","ADP","IN",NA,"24","case",NA,NA
"doc216",1,1,"the connectivity of marine systems means that changes in the management of ABNJ will almost certainly have spillover effects on the Exclusive Economic Zones of sovereign States that maybe diverge from their own interests.",129,131,21,"21","the","the","DET","DT","Definite=Def|PronType=Art","24","det",NA,NA
"doc216",1,1,"the connectivity of marine systems means that changes in the management of ABNJ will almost certainly have spillover effects on the Exclusive Economic Zones of sovereign States that maybe diverge from their own interests.",133,141,22,"22","Exclusive","Exclusive","ADJ","JJ","Degree=Pos","24","amod",NA,NA
"doc216",1,1,"the connectivity of marine systems means that changes in the management of ABNJ will almost certainly have spillover effects on the Exclusive Economic Zones of sovereign States that maybe diverge from their own interests.",143,150,23,"23","Economic","economic","ADJ","JJ","Degree=Pos","24","amod",NA,NA
"doc216",1,1,"the connectivity of marine systems means that changes in the management of ABNJ will almost certainly have spillover effects on the Exclusive Economic Zones of sovereign States that maybe diverge from their own interests.",152,156,24,"24","Zones","Zones","NOUN","NNS","Number=Plur","17","obl",NA,NA
"doc216",1,1,"the connectivity of marine systems means that changes in the management of ABNJ will almost certainly have spillover effects on the Exclusive Economic Zones of sovereign States that maybe diverge from their own interests.",158,159,25,"25","of","of","ADP","IN",NA,"27","case",NA,NA
"doc216",1,1,"the connectivity of marine systems means that changes in the management of ABNJ will almost certainly have spillover effects on the Exclusive Economic Zones of sovereign States that maybe diverge from their own interests.",161,169,26,"26","sovereign","sovereign","ADJ","JJ","Degree=Pos","27","amod",NA,NA
"doc216",1,1,"the connectivity of marine systems means that changes in the management of ABNJ will almost certainly have spillover effects on the Exclusive Economic Zones of sovereign States that maybe diverge from their own interests.",171,176,27,"27","States","States","NOUN","NNS","Number=Plur","24","nmod",NA,NA
"doc216",1,1,"the connectivity of marine systems means that changes in the management of ABNJ will almost certainly have spillover effects on the Exclusive Economic Zones of sovereign States that maybe diverge from their own interests.",178,181,28,"28","that","that","PRON","WDT","PronType=Rel","30","nsubj",NA,NA
"doc216",1,1,"the connectivity of marine systems means that changes in the management of ABNJ will almost certainly have spillover effects on the Exclusive Economic Zones of sovereign States that maybe diverge from their own interests.",183,187,29,"29","maybe","maybe","ADV","RB",NA,"30","advmod",NA,NA
"doc216",1,1,"the connectivity of marine systems means that changes in the management of ABNJ will almost certainly have spillover effects on the Exclusive Economic Zones of sovereign States that maybe diverge from their own interests.",189,195,30,"30","diverge","diverge","ADJ","JJ","Degree=Pos","24","acl:relcl",NA,NA
"doc216",1,1,"the connectivity of marine systems means that changes in the management of ABNJ will almost certainly have spillover effects on the Exclusive Economic Zones of sovereign States that maybe diverge from their own interests.",197,200,31,"31","from","from","ADP","IN",NA,"34","case",NA,NA
"doc216",1,1,"the connectivity of marine systems means that changes in the management of ABNJ will almost certainly have spillover effects on the Exclusive Economic Zones of sovereign States that maybe diverge from their own interests.",202,206,32,"32","their","they","PRON","PRP$","Number=Plur|Person=3|Poss=Yes|PronType=Prs","34","nmod:poss",NA,NA
"doc216",1,1,"the connectivity of marine systems means that changes in the management of ABNJ will almost certainly have spillover effects on the Exclusive Economic Zones of sovereign States that maybe diverge from their own interests.",208,210,33,"33","own","own","ADJ","JJ","Degree=Pos","34","amod",NA,NA
"doc216",1,1,"the connectivity of marine systems means that changes in the management of ABNJ will almost certainly have spillover effects on the Exclusive Economic Zones of sovereign States that maybe diverge from their own interests.",212,220,34,"34","interests","interest","NOUN","NNS","Number=Plur","30","obl",NA,"SpaceAfter=No"
"doc216",1,1,"the connectivity of marine systems means that changes in the management of ABNJ will almost certainly have spillover effects on the Exclusive Economic Zones of sovereign States that maybe diverge from their own interests.",221,221,35,"35",".",".","PUNCT",".",NA,"6","punct",NA,"SpacesAfter=\n"
"doc217",1,1,"by not undermining existing relevant legal instruments and frameworks and relevant global, regional and sectoral bodies, the BBNJ agreement cannot solve issues related to fisheries.",1,2,1,"1","by","by","SCONJ","IN",NA,"3","mark",NA,NA
"doc217",1,1,"by not undermining existing relevant legal instruments and frameworks and relevant global, regional and sectoral bodies, the BBNJ agreement cannot solve issues related to fisheries.",4,6,2,"2","not","not","ADV","RB",NA,"3","advmod",NA,NA
"doc217",1,1,"by not undermining existing relevant legal instruments and frameworks and relevant global, regional and sectoral bodies, the BBNJ agreement cannot solve issues related to fisheries.",8,18,3,"3","undermining","undermine","VERB","VBG","VerbForm=Ger","24","advcl",NA,NA
"doc217",1,1,"by not undermining existing relevant legal instruments and frameworks and relevant global, regional and sectoral bodies, the BBNJ agreement cannot solve issues related to fisheries.",20,27,4,"4","existing","exist","VERB","VBG","VerbForm=Ger","7","amod",NA,NA
"doc217",1,1,"by not undermining existing relevant legal instruments and frameworks and relevant global, regional and sectoral bodies, the BBNJ agreement cannot solve issues related to fisheries.",29,36,5,"5","relevant","relevant","ADJ","JJ","Degree=Pos","7","amod",NA,NA
"doc217",1,1,"by not undermining existing relevant legal instruments and frameworks and relevant global, regional and sectoral bodies, the BBNJ agreement cannot solve issues related to fisheries.",38,42,6,"6","legal","legal","ADJ","JJ","Degree=Pos","7","amod",NA,NA
"doc217",1,1,"by not undermining existing relevant legal instruments and frameworks and relevant global, regional and sectoral bodies, the BBNJ agreement cannot solve issues related to fisheries.",44,54,7,"7","instruments","instrument","NOUN","NNS","Number=Plur","3","obj",NA,NA
"doc217",1,1,"by not undermining existing relevant legal instruments and frameworks and relevant global, regional and sectoral bodies, the BBNJ agreement cannot solve issues related to fisheries.",56,58,8,"8","and","and","CCONJ","CC",NA,"9","cc",NA,NA
"doc217",1,1,"by not undermining existing relevant legal instruments and frameworks and relevant global, regional and sectoral bodies, the BBNJ agreement cannot solve issues related to fisheries.",60,69,9,"9","frameworks","framework","NOUN","NNS","Number=Plur","7","conj",NA,NA
"doc217",1,1,"by not undermining existing relevant legal instruments and frameworks and relevant global, regional and sectoral bodies, the BBNJ agreement cannot solve issues related to fisheries.",71,73,10,"10","and","and","CCONJ","CC",NA,"17","cc",NA,NA
"doc217",1,1,"by not undermining existing relevant legal instruments and frameworks and relevant global, regional and sectoral bodies, the BBNJ agreement cannot solve issues related to fisheries.",75,82,11,"11","relevant","relevant","ADJ","JJ","Degree=Pos","17","amod",NA,NA
"doc217",1,1,"by not undermining existing relevant legal instruments and frameworks and relevant global, regional and sectoral bodies, the BBNJ agreement cannot solve issues related to fisheries.",84,89,12,"12","global","global","ADJ","JJ","Degree=Pos","17","amod",NA,"SpaceAfter=No"
"doc217",1,1,"by not undermining existing relevant legal instruments and frameworks and relevant global, regional and sectoral bodies, the BBNJ agreement cannot solve issues related to fisheries.",90,90,13,"13",",",",","PUNCT",",",NA,"14","punct",NA,NA
"doc217",1,1,"by not undermining existing relevant legal instruments and frameworks and relevant global, regional and sectoral bodies, the BBNJ agreement cannot solve issues related to fisheries.",92,99,14,"14","regional","regional","ADJ","JJ","Degree=Pos","12","conj",NA,NA
"doc217",1,1,"by not undermining existing relevant legal instruments and frameworks and relevant global, regional and sectoral bodies, the BBNJ agreement cannot solve issues related to fisheries.",101,103,15,"15","and","and","CCONJ","CC",NA,"16","cc",NA,NA
"doc217",1,1,"by not undermining existing relevant legal instruments and frameworks and relevant global, regional and sectoral bodies, the BBNJ agreement cannot solve issues related to fisheries.",105,112,16,"16","sectoral","sectoral","ADJ","JJ","Degree=Pos","12","conj",NA,NA
"doc217",1,1,"by not undermining existing relevant legal instruments and frameworks and relevant global, regional and sectoral bodies, the BBNJ agreement cannot solve issues related to fisheries.",114,119,17,"17","bodies","body","NOUN","NNS","Number=Plur","3","conj",NA,"SpaceAfter=No"
"doc217",1,1,"by not undermining existing relevant legal instruments and frameworks and relevant global, regional and sectoral bodies, the BBNJ agreement cannot solve issues related to fisheries.",120,120,18,"18",",",",","PUNCT",",",NA,"24","punct",NA,NA
"doc217",1,1,"by not undermining existing relevant legal instruments and frameworks and relevant global, regional and sectoral bodies, the BBNJ agreement cannot solve issues related to fisheries.",122,124,19,"19","the","the","DET","DT","Definite=Def|PronType=Art","21","det",NA,NA
"doc217",1,1,"by not undermining existing relevant legal instruments and frameworks and relevant global, regional and sectoral bodies, the BBNJ agreement cannot solve issues related to fisheries.",126,129,20,"20","BBNJ","Bbnj","NOUN","NN","Number=Sing","21","compound",NA,NA
"doc217",1,1,"by not undermining existing relevant legal instruments and frameworks and relevant global, regional and sectoral bodies, the BBNJ agreement cannot solve issues related to fisheries.",131,139,21,"21","agreement","agreement","NOUN","NN","Number=Sing","24","nsubj",NA,NA
"doc217",1,1,"by not undermining existing relevant legal instruments and frameworks and relevant global, regional and sectoral bodies, the BBNJ agreement cannot solve issues related to fisheries.",141,143,22,"22","can","can","AUX","MD","VerbForm=Fin","24","aux",NA,"SpaceAfter=No"
"doc217",1,1,"by not undermining existing relevant legal instruments and frameworks and relevant global, regional and sectoral bodies, the BBNJ agreement cannot solve issues related to fisheries.",144,146,23,"23","not","not","PART","RB",NA,"24","advmod",NA,NA
"doc217",1,1,"by not undermining existing relevant legal instruments and frameworks and relevant global, regional and sectoral bodies, the BBNJ agreement cannot solve issues related to fisheries.",148,152,24,"24","solve","solve","VERB","VB","VerbForm=Inf","0","root",NA,NA
"doc217",1,1,"by not undermining existing relevant legal instruments and frameworks and relevant global, regional and sectoral bodies, the BBNJ agreement cannot solve issues related to fisheries.",154,159,25,"25","issues","issue","NOUN","NNS","Number=Plur","24","obj",NA,NA
"doc217",1,1,"by not undermining existing relevant legal instruments and frameworks and relevant global, regional and sectoral bodies, the BBNJ agreement cannot solve issues related to fisheries.",161,167,26,"26","related","related","ADJ","JJ","Degree=Pos","25","amod",NA,NA
"doc217",1,1,"by not undermining existing relevant legal instruments and frameworks and relevant global, regional and sectoral bodies, the BBNJ agreement cannot solve issues related to fisheries.",169,170,27,"27","to","to","ADP","IN",NA,"28","case",NA,NA
"doc217",1,1,"by not undermining existing relevant legal instruments and frameworks and relevant global, regional and sectoral bodies, the BBNJ agreement cannot solve issues related to fisheries.",172,180,28,"28","fisheries","fishery","NOUN","NNS","Number=Plur","26","obl",NA,"SpaceAfter=No"
"doc217",1,1,"by not undermining existing relevant legal instruments and frameworks and relevant global, regional and sectoral bodies, the BBNJ agreement cannot solve issues related to fisheries.",181,181,29,"29",".",".","PUNCT",".",NA,"24","punct",NA,"SpacesAfter=\n"
"doc218",1,1,"Existing complexities of coordinating conservation efforts across national boundaries and ABNJ.",1,8,1,"1","Existing","exist","VERB","VBG","VerbForm=Ger","2","amod",NA,NA
"doc218",1,1,"Existing complexities of coordinating conservation efforts across national boundaries and ABNJ.",10,21,2,"2","complexities","complexity","NOUN","NNS","Number=Plur","0","root",NA,NA
"doc218",1,1,"Existing complexities of coordinating conservation efforts across national boundaries and ABNJ.",23,24,3,"3","of","of","SCONJ","IN",NA,"4","mark",NA,NA
"doc218",1,1,"Existing complexities of coordinating conservation efforts across national boundaries and ABNJ.",26,37,4,"4","coordinating","coordinate","VERB","VBG","VerbForm=Ger","2","acl",NA,NA
"doc218",1,1,"Existing complexities of coordinating conservation efforts across national boundaries and ABNJ.",39,50,5,"5","conservation","conservation","NOUN","NN","Number=Sing","6","compound",NA,NA
"doc218",1,1,"Existing complexities of coordinating conservation efforts across national boundaries and ABNJ.",52,58,6,"6","efforts","effort","NOUN","NNS","Number=Plur","4","obj",NA,NA
"doc218",1,1,"Existing complexities of coordinating conservation efforts across national boundaries and ABNJ.",60,65,7,"7","across","across","ADP","IN",NA,"9","case",NA,NA
"doc218",1,1,"Existing complexities of coordinating conservation efforts across national boundaries and ABNJ.",67,74,8,"8","national","national","ADJ","JJ","Degree=Pos","9","amod",NA,NA
"doc218",1,1,"Existing complexities of coordinating conservation efforts across national boundaries and ABNJ.",76,85,9,"9","boundaries","boundary","NOUN","NNS","Number=Plur","6","nmod",NA,NA
"doc218",1,1,"Existing complexities of coordinating conservation efforts across national boundaries and ABNJ.",87,89,10,"10","and","and","CCONJ","CC",NA,"11","cc",NA,NA
"doc218",1,1,"Existing complexities of coordinating conservation efforts across national boundaries and ABNJ.",91,94,11,"11","ABNJ","ABNJ","PROPN","NNP","Number=Sing","9","conj",NA,"SpaceAfter=No"
"doc218",1,1,"Existing complexities of coordinating conservation efforts across national boundaries and ABNJ.",95,95,12,"12",".",".","PUNCT",".",NA,"2","punct",NA,"SpacesAfter=\n"
"doc219",1,1,"Compliance maybe difficult to achieve, as biodiversity-related provisions under existing implementing agreements have not being satisfactorily met.",1,10,1,"1","Compliance","compliance","NOUN","NN","Number=Sing","3","nsubj",NA,NA
"doc219",1,1,"Compliance maybe difficult to achieve, as biodiversity-related provisions under existing implementing agreements have not being satisfactorily met.",12,16,2,"2","maybe","maybe","ADV","RB",NA,"3","advmod",NA,NA
"doc219",1,1,"Compliance maybe difficult to achieve, as biodiversity-related provisions under existing implementing agreements have not being satisfactorily met.",18,26,3,"3","difficult","difficult","ADJ","JJ","Degree=Pos","0","root",NA,NA
"doc219",1,1,"Compliance maybe difficult to achieve, as biodiversity-related provisions under existing implementing agreements have not being satisfactorily met.",28,29,4,"4","to","to","PART","TO",NA,"5","mark",NA,NA
"doc219",1,1,"Compliance maybe difficult to achieve, as biodiversity-related provisions under existing implementing agreements have not being satisfactorily met.",31,37,5,"5","achieve","achieve","VERB","VB","VerbForm=Inf","3","ccomp",NA,"SpaceAfter=No"
"doc219",1,1,"Compliance maybe difficult to achieve, as biodiversity-related provisions under existing implementing agreements have not being satisfactorily met.",38,38,6,"6",",",",","PUNCT",",",NA,"3","punct",NA,NA
"doc219",1,1,"Compliance maybe difficult to achieve, as biodiversity-related provisions under existing implementing agreements have not being satisfactorily met.",40,41,7,"7","as","as","SCONJ","IN",NA,"11","mark",NA,NA
"doc219",1,1,"Compliance maybe difficult to achieve, as biodiversity-related provisions under existing implementing agreements have not being satisfactorily met.",43,54,8,"8","biodiversity","biodiversity","NOUN","NN","Number=Sing","10","compound",NA,"SpaceAfter=No"
"doc219",1,1,"Compliance maybe difficult to achieve, as biodiversity-related provisions under existing implementing agreements have not being satisfactorily met.",55,55,9,"9","-","-","PUNCT","HYPH",NA,"10","punct",NA,"SpaceAfter=No"
"doc219",1,1,"Compliance maybe difficult to achieve, as biodiversity-related provisions under existing implementing agreements have not being satisfactorily met.",56,62,10,"10","related","related","ADJ","JJ","Degree=Pos","11","amod",NA,NA
"doc219",1,1,"Compliance maybe difficult to achieve, as biodiversity-related provisions under existing implementing agreements have not being satisfactorily met.",64,73,11,"11","provisions","provision","NOUN","NNS","Number=Plur","3","advcl",NA,NA
"doc219",1,1,"Compliance maybe difficult to achieve, as biodiversity-related provisions under existing implementing agreements have not being satisfactorily met.",75,79,12,"12","under","under","ADP","IN",NA,"13","mark",NA,NA
"doc219",1,1,"Compliance maybe difficult to achieve, as biodiversity-related provisions under existing implementing agreements have not being satisfactorily met.",81,88,13,"13","existing","exist","VERB","VBG","VerbForm=Ger","11","acl",NA,NA
"doc219",1,1,"Compliance maybe difficult to achieve, as biodiversity-related provisions under existing implementing agreements have not being satisfactorily met.",90,101,14,"14","implementing","implement","VERB","VBG","VerbForm=Ger","13","advcl",NA,NA
"doc219",1,1,"Compliance maybe difficult to achieve, as biodiversity-related provisions under existing implementing agreements have not being satisfactorily met.",103,112,15,"15","agreements","agreement","NOUN","NNS","Number=Plur","16","nsubj",NA,NA
"doc219",1,1,"Compliance maybe difficult to achieve, as biodiversity-related provisions under existing implementing agreements have not being satisfactorily met.",114,117,16,"16","have","have","VERB","VBP","Mood=Ind|Tense=Pres|VerbForm=Fin","14","ccomp",NA,NA
"doc219",1,1,"Compliance maybe difficult to achieve, as biodiversity-related provisions under existing implementing agreements have not being satisfactorily met.",119,121,17,"17","not","not","PART","RB",NA,"20","advmod",NA,NA
"doc219",1,1,"Compliance maybe difficult to achieve, as biodiversity-related provisions under existing implementing agreements have not being satisfactorily met.",123,127,18,"18","being","be","AUX","VBG","VerbForm=Ger","20","aux:pass",NA,NA
"doc219",1,1,"Compliance maybe difficult to achieve, as biodiversity-related provisions under existing implementing agreements have not being satisfactorily met.",129,142,19,"19","satisfactorily","satisfactorily","ADV","RB",NA,"20","advmod",NA,NA
"doc219",1,1,"Compliance maybe difficult to achieve, as biodiversity-related provisions under existing implementing agreements have not being satisfactorily met.",144,146,20,"20","met","meet","VERB","VBN","Tense=Past|VerbForm=Part","16","xcomp",NA,"SpaceAfter=No"
"doc219",1,1,"Compliance maybe difficult to achieve, as biodiversity-related provisions under existing implementing agreements have not being satisfactorily met.",147,147,21,"21",".",".","PUNCT",".",NA,"3","punct",NA,"SpacesAfter=\n"
"doc220",1,1,"Delegations expressed divergent views on fisheries issues.",1,11,1,"1","Delegations","Delegation","NOUN","NNS","Number=Plur","0","root",NA,NA
"doc220",1,1,"Delegations expressed divergent views on fisheries issues.",13,21,2,"2","expressed","express","VERB","VBN","Tense=Past|VerbForm=Part","1","acl",NA,NA
"doc220",1,1,"Delegations expressed divergent views on fisheries issues.",23,31,3,"3","divergent","divergent","ADJ","JJ","Degree=Pos","4","amod",NA,NA
"doc220",1,1,"Delegations expressed divergent views on fisheries issues.",33,37,4,"4","views","view","NOUN","NNS","Number=Plur","2","obj",NA,NA
"doc220",1,1,"Delegations expressed divergent views on fisheries issues.",39,40,5,"5","on","on","ADP","IN",NA,"7","case",NA,NA
"doc220",1,1,"Delegations expressed divergent views on fisheries issues.",42,50,6,"6","fisheries","fishery","NOUN","NNS","Number=Plur","7","compound",NA,NA
"doc220",1,1,"Delegations expressed divergent views on fisheries issues.",52,57,7,"7","issues","issue","NOUN","NNS","Number=Plur","2","obl",NA,"SpaceAfter=No"
"doc220",1,1,"Delegations expressed divergent views on fisheries issues.",58,58,8,"8",".",".","PUNCT",".",NA,"1","punct",NA,"SpacesAfter=\n"
"doc221",1,1,"No significant progress was made about fisheries.",1,2,1,"1","No","no","DET","DT",NA,"3","det",NA,NA
"doc221",1,1,"No significant progress was made about fisheries.",4,14,2,"2","significant","significant","ADJ","JJ","Degree=Pos","3","amod",NA,NA
"doc221",1,1,"No significant progress was made about fisheries.",16,23,3,"3","progress","progress","NOUN","NN","Number=Sing","5","nsubj:pass",NA,NA
"doc221",1,1,"No significant progress was made about fisheries.",25,27,4,"4","was","be","AUX","VBD","Mood=Ind|Number=Sing|Person=3|Tense=Past|VerbForm=Fin","5","aux:pass",NA,NA
"doc221",1,1,"No significant progress was made about fisheries.",29,32,5,"5","made","make","VERB","VBN","Tense=Past|VerbForm=Part|Voice=Pass","0","root",NA,NA
"doc221",1,1,"No significant progress was made about fisheries.",34,38,6,"6","about","about","ADP","IN",NA,"7","case",NA,NA
"doc221",1,1,"No significant progress was made about fisheries.",40,48,7,"7","fisheries","fishery","NOUN","NNS","Number=Plur","5","obl",NA,"SpaceAfter=No"
"doc221",1,1,"No significant progress was made about fisheries.",49,49,8,"8",".",".","PUNCT",".",NA,"5","punct",NA,"SpacesAfter=\n"
